user_id,umeta_id,meta_key,meta_value
1,1,nickname,admin
1,2,first_name,<blank>
1,3,last_name,<blank>
1,4,description,<blank>
1,5,rich_editing,true
1,6,syntax_highlighting,true
1,7,comment_shortcuts,false
1,8,admin_color,coffee
1,9,use_ssl,0
1,10,show_admin_bar_front,true
1,11,locale,<blank>
1,12,wp_capabilities,"a:1:{s:13:""administrator"";b:1;}"
1,13,wp_user_level,10
1,14,dismissed_wp_pointers,"wp496_privacy,theme_editor_notice,wpmudcs1,text_widget_paste_html"
1,15,show_welcome_panel,1
1,16,session_tokens,"a:1:{s:64:""5c0ff16f1df437cc4e390317a06ad54104ca68aac100fba92ccfa80388aea03d"";a:4:{s:10:""expiration"";i:1552516478;s:2:""ip"";s:15:""187.188.210.136"";s:2:""ua"";s:78:""Mozilla/5.0 (Windows NT 10.0; Win64; x64; rv:65.0) Gecko/20100101 Firefox/65.0"";s:5:""login"";i:1552343678;}}"
1,17,wp_dashboard_quick_press_last_post_id,4
1,18,wp_user-settings,libraryContent=browse&advImgDetails=show&widgets_access=off&editor=tinymce&hidetb=1
1,19,wp_user-settings-time,1551850595
1,20,nav_menu_recently_edited,2
1,21,managenav-menuscolumnshidden,"a:5:{i:0;s:11:""link-target"";i:1;s:11:""css-classes"";i:2;s:3:""xfn"";i:3;s:11:""description"";i:4;s:15:""title-attribute"";}"
1,22,metaboxhidden_nav-menus,"a:1:{i:0;s:12:""add-post_tag"";}"
1,23,manageedit-pagecolumnshidden,a:0:{}
1,24,closedpostboxes_page,a:0:{}
1,25,metaboxhidden_page,a:0:{}
2,26,nickname,mireya
2,27,first_name,Mireya
2,28,last_name,Pasillas
2,29,description,<blank>
2,30,rich_editing,true
2,31,syntax_highlighting,true
2,32,comment_shortcuts,false
2,33,admin_color,ocean
2,34,use_ssl,0
2,35,show_admin_bar_front,true
2,36,locale,<blank>
2,37,wp_capabilities,"a:1:{s:6:""editor"";b:1;}"
2,38,wp_user_level,7
2,39,dismissed_wp_pointers,wp496_privacy
2,41,wp_dashboard_quick_press_last_post_id,193
1,42,wp_media_library_mode,grid
2,44,community-events-location,"a:1:{s:2:""ip"";s:9:""127.0.0.0"";}"
1,45,community-events-location,"a:1:{s:2:""ip"";s:9:""127.0.0.0"";}"
2,47,meta-box-order_page,"a:3:{s:6:""normal"";s:23:""supermag_sidebar_layout"";s:4:""side"";s:0:"""";s:8:""advanced"";s:0:"""";}"
2,49,wp_user-settings,libraryContent=browse
2,50,wp_user-settings-time,1551596704
1,51,edit_page_per_page,25
1,54,wp_custom-sidebars-editor-advance,"a:1:{s:4:""cs-1"";b:0;}"
1,55,closedpostboxes_post,a:0:{}
1,56,metaboxhidden_post,a:0:{}
1,57,meta-box-order_page,"a:3:{s:6:""normal"";s:23:""supermag_sidebar_layout"";s:4:""side"";s:0:"""";s:8:""advanced"";s:0:"""";}"
1,58,tribe_setDefaultNavMenuBoxes,1
1,59,tribe-dismiss-notice,events-utc-timezone-2019-02-24
1,60,wp_booking_win_wpbc-panel-get-started,1
1,61,elementor_introduction,"a:1:{s:10:""rightClick"";b:1;}"

