id,userID,dir,date,name,document,fileType,mimeType,comment,orgFileName
2,16,129/,1414426010,M. en C. Mauro Alberto Flores Almonte ,129,.pdf,application/pdf,  Diagnostico Equipo GPS                                                                                                                 ,OFICIO.pdf
3,16,129/,1414426167,M. en C. Mauro Alberto Flores Almonte ,129,.pdf,application/pdf,  Diagnostico Equipo GPS                                                                                                                 ,OFICIO.pdf
4,74,40/,1414509034,Cotización,40,.pdf,application/pdf,Se adjunta la cotización correspondiente a la solicitud del usuario. ,COT 038 Oct 2014 Folio 296-Descuento(1).pdf
7,16,157/,1415725288,Anexos ,157,.zip,application/octet-stream,Planos ,ANEXOS.zip
12,16,166/,1416324757,Anexo ,166,.jpg,image/jpeg,Plano ,HP0024 (1).jpg
13,16,166/,1416324880,Anexo ,166,.jpg,image/jpeg,Plano ,HP0023.jpg
14,16,174/,1416851961,Anexo ,174,.pptx,application/vnd.openxmlformats-officedocument.presentationml.presentation,<blank>,Propuesta para fortalecer el empleo IIEG (1).pptx
15,16,175/,1416945420,Anexo ,175,.xls,application/vnd.ms-excel,<blank>,comercioexterior_Jalisco-EUA.xls
17,16,175/,1416945661,Anexo ,175,.xlsx,application/vnd.openxmlformats-officedocument.spreadsheetml.sheet,<blank>,IED Estados Unidos.xlsx
18,16,176/,1416946202,Anexo ,176,.docx,application/vnd.openxmlformats-officedocument.wordprocessingml.document,<blank>,iieg documento.docx
19,16,177/,1416947076,Anexo ,177,.xls,application/vnd.ms-excel,<blank>,Sector Aeroespacial_F.xls
20,16,179/,1417032049,Anexo ,179,.xlsx,application/vnd.openxmlformats-officedocument.spreadsheetml.sheet,Empleos y Servicios ,Empleo servicios.xlsx
21,16,181/,1417035492,Anexo ,181,.xls,application/vnd.ms-excel,<blank>,Comercio Exterior_Guadalajara.xls
22,16,181/,1417035511,Anexo ,181,.xls,application/vnd.ms-excel,<blank>,Trab_aseguradosZMG.xls
23,16,181/,1417035524,Anexo ,181,.xls,application/vnd.ms-excel,<blank>,Trabajadores_división.xls
25,16,182/,1417036879,Anexo ,182,.xls,application/vnd.ms-excel,<blank>,Comercio Exterior_Tlaquepaque.xls
26,16,182/,1417036898,Anexo ,182,.xls,application/vnd.ms-excel,<blank>,exportaciones_municipio.xls
27,16,182/,1417036912,Anexo ,182,.xls,application/vnd.ms-excel,<blank>,Exportaciones_ZMG.xls
28,16,182/,1417036928,Anexo ,182,.xls,application/vnd.ms-excel,<blank>,importaciones_municipio.xls
29,16,182/,1417036962,Anexo ,182,.xls,application/vnd.ms-excel,<blank>,Importaciones_ZMG.xls
30,16,182/,1417036981,Anexo ,182,.xls,application/vnd.ms-excel,<blank>,Trab_aseguradosZMG.xls
32,16,182/,1417037031,Anexo ,182,.xls,application/vnd.ms-excel,<blank>,Trabajadores_división.xls
33,16,182/,1417037045,Anexo ,182,.xls,application/vnd.ms-excel,<blank>,Trabajadores_división_ZMG.xls
34,16,182/,1417037693,Anexo ,182,.xls,application/vnd.ms-excel,<blank>,Trab_permanentes_eventuales_ZMG.xls
35,16,185/,1417116920,Anexo ,185,.xls,application/vnd.ms-excel,<blank>,exportacionesjalseccion.xls
36,16,185/,1417117155,Anexo ,185,.xls,application/vnd.ms-excel,<blank>,importacionesjalseccion.xls
37,16,187/,1417546348,Anexo ,187,.xlsx,application/vnd.openxmlformats-officedocument.spreadsheetml.sheet,<blank>,IED Alemania.xlsx
38,16,188/,1417547009,Anexo ,188,.tif,image/tiff,<blank>,Imagen1.tif
39,16,188/,1417547035,Anexo ,188,.tif,image/tiff,<blank>,Imagen2.tif
40,16,199/,1418062279,Anexo ,199,.xls,application/vnd.ms-excel,<blank>,Sector Aeroespacial.xls
41,16,205/,1418154241,Anexo ,205,.docx,application/vnd.openxmlformats-officedocument.wordprocessingml.document,<blank>,ANEXO SATELITAL PTAR LA MANZANILLA.docx
42,16,207/,1418159198,Anexo ,207,.xlsx,application/vnd.openxmlformats-officedocument.spreadsheetml.sheet,<blank>,Empresas muebleras.xlsx
43,16,210/,1418241648,Anexo,210,.xls,application/vnd.ms-excel,<blank>,comercioexterior_Jalisco_Rumania.xls
44,16,210/,1418241666,Anexo,210,.xls,application/vnd.ms-excel,<blank>,comercioexterior_México_Rumania.xls
45,16,219/,1418839758,Anexo,219,.zip,application/octet-stream,<blank>,SEMADET.zip
47,16,220/,1418922017,Correo electrónico ,220,.pdf,application/pdf,"Nota: por la urgencia de Benjamín entrego a oficiala de partes el oficio para su registro, antes de que contactos me enviara el correo, el cual anexo correo, como complemento de la solicitud. ",Correo eléctronico.pdf
48,16,228/,1420665519,Anexo,228,.xls,application/vnd.ms-excel,<blank>,Comercio Exterior_Guadalajara.xls
50,16,235/,1421080231,Anexo,235,.pptx,application/vnd.openxmlformats-officedocument.presentationml.presentation,<blank>,Propuesta para fortalecer el empleo IIEG (3) (1).pptx
51,16,238/,1421093345,Anexo,238,.xls,application/vnd.ms-excel,<blank>,Empleo Dic14_PorEntidad.xls
53,16,238/,1421093710,Anexo,238,.xls,application/vnd.ms-excel,<blank>,trab moda.xls
54,16,238/,1421093832,Anexo,238,.xlsx,application/vnd.openxmlformats-officedocument.spreadsheetml.sheet,<blank>,Jalisco_Sectores (3).xlsx
55,16,239/,1421094706,Anexo,239,.xls,application/vnd.ms-excel,<blank>,trab automotriz.xls
56,16,242/,1421174956,Anexo,242,.xlsx,application/vnd.openxmlformats-officedocument.spreadsheetml.sheet,<blank>,Exportaciones moda.xlsx
57,16,243/,1421175321,Anexo,243,.xls,application/vnd.ms-excel,<blank>,Exportaciones Jalisco ADMINISTRACIONES.xls
58,16,243/,1421175335,Anexo,243,.xlsx,application/vnd.openxmlformats-officedocument.spreadsheetml.sheet,<blank>,IED ADMINISTRACIONES.xlsx
59,16,243/,1421175359,Anexo,243,.xls,application/vnd.ms-excel,<blank>,Importaciones Jalisco ADMINISTRACIONES.xls
60,53,227/,1421175754,PROYECCIONES DE POBLACION MUNICIPAL.xlsx,227,.xlsx,application/vnd.openxmlformats-officedocument.spreadsheetml.sheet,Archivo con las proyecciones para 24 municipios de los años 2014 y 2015,PROYECCIONES DE POBLACION MUNICIPAL.xlsx
61,53,225/,1421181185,Colonias de la Normal,225,.jpg,image/jpeg,"Archivo JPG, Imagen con las colonias adyacentes a la colonias Colinas de la normal",Colonias La Normal.jpg
62,16,253/,1421349970,Anexo,253,.png,image/png,<blank>,jardines de tabachines.png
63,53,247/,1421352380,Población Municipios,247,.xlsx,application/vnd.openxmlformats-officedocument.spreadsheetml.sheet,Archivo de excel con la población a 2010 y proyección de población 2015 para los municipios de Jalisco,Población Municipios.xlsx
64,16,254/,1421354438,Curriculum,254,.doc,application/msword,<blank>,CURRICULUM VITAE practicas.doc
66,16,256/,1421355771,Cartografia iieg,256,.crdownloa,application/octet-stream,<blank>,Cartografia iieg (1).png.crdownload
67,55,226/,1421421354,Info_Sociodemografica_Colonia Del Fresno.xlsx,226,.xlsx,application/vnd.openxmlformats-officedocument.spreadsheetml.sheet,Cuadros estadístico con las variables del INEGI que contiene información Sociodemográfica ,Info_Sociodemografica_Colonia Del Fresno.xlsx
68,16,269/,1422039392,Santa Anita Tepatitlán ,269,.pdf,application/pdf,Plano ,Santa Ana Tepetitlan_Colonias.pdf
69,55,269/,1422042830,Colonias_Zapopan,269,.xlsx,application/vnd.openxmlformats-officedocument.spreadsheetml.sheet,Son las 31 colonias que integran Santa Ana Tepetitlán,COLONIAS_ZAPOPAN.xlsx
70,55,269/,1422042896,Colonias del IIEG,269,.jpg,image/jpeg,"Son las 31 colonias encontradas en la base del IIEG, georeferenciadas en un mapa",IIEG COLONIAS AMG.jpg
71,74,241/,1422553789,Entrega ,241,.zip,application/zip,Archivo de ortofotos digitales solicitada por el usuario ,Solicitud_000014-ColModerna(4).zip
72,16,275/,1422553977,Curriculum,275,.pdf,application/pdf,Archivo ,VITAE.pdf
73,74,274/,1422556650,Metadatos 2011 - 2012 ,274,.zip,application/zip,<blank>,Metadatos_2011.zip
74,74,274/,1422556668,Metadatos 2011 - 2012,274,.zip,application/zip,<blank>,Metadatos_2012.zip
75,74,270/,1422556974,Límites 2012 ,270,.rar,application/rar,<blank>,Limites municipales 2012 IITEJ.rar
76,74,260/,1422557505,Entrega,260,.pdf,application/pdf,<blank>,Areas_Verdes_GDL-entrega.pdf
77,74,260/,1422557810,Entrega,260,.zip,application/zip,<blank>,parques_gdl.zip
78,74,258/,1422977511,Cotización ,258,.PNG,image/png,"Mapa certificado, carta municipal de Pihuamo, Jalisco ",Cotizacion_folio_000031.PNG
80,16,290/,1423497388,CV,290,.docx,application/vnd.openxmlformats-officedocument.wordprocessingml.document,Archivo ,CV.docx
81,43,230/,1423507605,exportaciones,230,.xls,application/vnd.ms-excel,<blank>,comercioexteriordejalisco_China.xls
82,74,284/,1423789127,Metadatos 2011 - 2012,284,.zip,application/zip,<blank>,Metadatos_ACEJ-000056.zip
83,74,300/,1423790981,Mancha Urbana ZMG ,300,.zip,application/zip,<blank>,Mancha_Urbana-ZMG0809.zip
84,16,305/,1424121958,Mapa ,305,.jpg,image/jpeg,Plano ,mapa.jpg
85,55,288/,1424190567,Estadísticas regionales,288,.xlsx,application/vnd.openxmlformats-officedocument.spreadsheetml.sheet,"Se envia información de población, indicadores de migración, marginación y pobreza para el municipio de Zapopan y su región (CENTRO)",Estadisticas regionales y social.xlsx
86,55,288/,1424190647,Mapa de la región Centro,288,.jpg,image/jpeg,"Mapa de la región Centro, según nueva regionalización del estado.",Centro.jpg
87,55,288/,1424190674,Mapa de la Marginación de la región Centro,288,.jpg,image/jpeg,Mapa de la Marginación de la región Centro,Centro Marginacion.jpg
88,55,288/,1424190698,Mapa de la Migración de la región Centro,288,.jpg,image/jpeg,Mapa de la Migración de la región Centro,Centro Migracion.jpg
89,55,288/,1424190720,Mapa de la Pobreza de la región Centro,288,.jpg,image/jpeg,Mapa de la Pobreza de la región Centro,Centro Pobreza.jpg
90,55,292/,1424191629,Viviendas particulares habitadas con agua entubada y su distribución porcentual según dotación de agua por cada municipio,292,.XLS,application/vnd.ms-excel,Tabulado del INEGI,14_09B_MUNICIPAL_14.XLS
91,55,292/,1424191648," Viviendas particulares habitadas por municipio, disponibilidad de energía eléctrica y agua según disponibilidad de drenaje y lugar de desalojo.",292,.XLS,application/vnd.ms-excel,Tabulado del INEGI,14_10A_MUNICIPAL_14.XLS
93,16,309/,1424278174,Plano ,309,.pdf,application/pdf,Plano ,Plano.pdf
94,53,309/,1424289908,Información Parroquia,309,.xlsx,application/vnd.openxmlformats-officedocument.spreadsheetml.sheet,Archivo con información que se envió al usuario,Información Parroquia.xlsx
95,74,305/,1424360036,Shapes Pobreza ,305,.rar,application/rar,<blank>,Jalisco_pobreza-shp.rar
96,16,316/,1424361082,Plano ,316,.pdf,application/pdf,Plano ,lev-terreno-dif LOMA BONITA.pdf
97,16,316/,1424361240,Correo anexo plano,316,.pdf,application/pdf,Correo anexo plano ,Gmail - Rm_ ENVIO PLANO TOPOGRAFICO DE TERRENO EN LOMA BONITA DEL OFICIO 000088.pdf
98,74,306/,1424362420,Entregable ,306,.xlsx,application/vnd.openxmlformats-officedocument.spreadsheetml.sheet,<blank>,Relacion_Solicitud000078.xlsx
99,74,286/,1424445499,Cotización,286,.pdf,application/pdf,<blank>,COT-067-15.pdf
100,74,317/,1424445617,Entregable,317,.zip,application/zip,<blank>,Mezquitic.zip
101,74,316/,1424471014,Entregable,316,.zip,application/zip,Shape de Escurrimientos IITEJ 2009 ,Escurrimientos_Shape-000088.zip
102,74,192/,1424895967,Entregable,192,.zip,application/zip,<blank>,Folio_000415-Ixtahuacan.zip
103,74,328/,1424989980,Entregable,328,.rar,application/rar,<blank>,IITEJ_Limite-Estatal2012_50k.rar
104,16,335/,1425320831,Plano ,335,.jpg,image/jpeg,Plano ,plano de propiedad en ocotlan..jpg
105,55,334/,1425330752,Derechohabiencia de Tecolotlán,334,.xlsx,application/vnd.openxmlformats-officedocument.spreadsheetml.sheet,Es población con y sin Derechohabiencia del municipio de Tecolotlán,Derechohabiencia.xlsx
106,55,334/,1425330801,Población Económicamente Activa,334,.xlsx,application/vnd.openxmlformats-officedocument.spreadsheetml.sheet,Es la Población Económicamente Activa y la proporción de la PEA con salarios,PEA Tecolotlán.xlsx
107,55,334/,1425330833,Características Educativas de Tecolotlán,334,.xls,application/vnd.ms-excel,Características Educativas de Tecolotlán,EduCaracteristicas.xls
108,74,340/,1425935049,Entregable,340,.zip,application/zip,<blank>,Mapa_Jalisco-Limites_000110.zip
109,55,346/,1425938621,Información de las localidades de Jalisco,346,.rar,application/octet-stream,Se envió dos listados de las localidades urbanas mayores a 250 mil hab. y otro de las rurales (<250 mil hab),ITER Jalisco.rar
110,74,342/,1426117770,Entregable,342,.pdf,application/pdf,<blank>,IxtlahuacanRio_CartaMpal-000112.pdf
111,74,91/,1426194406,Entregable,91,.rar,application/rar,<blank>,TDR_PDU-POEL_032015.rar
112,74,91/,1426194426,Cotización,91,.rar,application/rar,<blank>,Cotizaciones_MEXSUS-032015.rar
113,74,348/,1426618718,Entregable,348,.zip,application/zip,<blank>,Demografia_ColoniasZMG.zip
114,74,353/,1426707079,Entregable,353,.jpg,image/jpeg,<blank>,Federalismo_MiguelBlanco_Mexicaltzingo.jpg
115,16,363/,1426708071,Cuestionario ,363,.docx,application/vnd.openxmlformats-officedocument.wordprocessingml.document,Archivo Word,Cuestionario Demanda estadistica_FINAL.docx
116,74,360/,1426781545,Entregable,360,.zip,application/zip,<blank>,000129-2015.zip
117,74,359/,1426801227,Entregable,359,.zip,application/zip,<blank>,Cosala_Alt-Folio_000128.zip
118,74,354/,1426899243,Entregable,354,.zip,application/zip,<blank>,Folio_000123-Entregable.zip
119,74,367/,1426902220,Entregable,367,.zip,application/zip,<blank>,Folio_000136-Entregable.zip
120,74,373/,1427220170,Entregable,373,.pdf,application/pdf,<blank>,Edafología Estado Jalisco.pdf
122,74,371/,1427248938,Entregable,371,.zip,application/zip,<blank>,SPRS_IxtlahuacanRio_27nov.zip
123,74,370/,1427249516,Entregable,370,.jpg,image/jpeg,<blank>,Federalismo_Libertad_GpeMontenegro.jpg
124,74,374/,1427254029,Entregable,374,.rar,application/rar,<blank>,Folo_000143.rar
125,16,379/,1427302415,tabla 1,379,.xlsx,application/vnd.openxmlformats-officedocument.spreadsheetml.sheet,Archivo Excel ,Tabla 1.xlsx
126,55,375/,1427401205,Ficha Sociodemografica de Tlajomulco de Zúñiga,375,.pdf,application/pdf,Es un archivo en pdf,097 Tlajomulco de Zúñiga.pdf
127,74,364/,1427403235,Recibo de Entrega ,364,.pdf,application/pdf,<blank>,Recibo_Entrega-26032015.pdf
128,16,384/,1427481777,Sitios,384,.zip,application/octet-stream,Sitios ,fwdrellenosanitarioatotonilcoelalto.zip
131,74,372/,1427577188,Entregable,372,.zip,application/x-zip-compressed,<blank>,Entregable_Folio000141.zip
132,74,383/,1427578174,Entregable,383,.zip,application/x-zip-compressed,<blank>,Folio_000150-Entregable.zip
133,74,386/,1428952040,Entregable,386,.zip,application/zip,<blank>,Imagenes_Solicitud000152.zip
134,74,313/,1429039028,Entregable,313,.zip,application/zip,<blank>,SPRS_JALOSTOTITLAN_Solicitud000087.zip
135,16,408/,1429108360,Archivo ,408,.,application/octet-stream,Mapas y Coordenadas ,MAPAS Y COORDENADAS
136,43,404/,1429124789,educación,404,.pdf,application/pdf,<blank>,Tepatitlán.pdf
137,43,403/,1429124935,Víctor Hugo,403,.pdf,application/pdf,<blank>,000155.pdf
138,43,388/,1429125126,Paola Castillo,388,.pdf,application/pdf,<blank>,000154.pdf
139,43,387/,1429125332,Israel Velázuez,387,.pdf,application/pdf,<blank>,000153.2.pdf
140,74,406/,1429126860,Entregable,406,.pdf,application/pdf,<blank>,Cambio de uso del suelo (13mar).pdf
141,55,418/,1429735044,Población grupos de edad de SanSEbastianOestePob,418,.xlsx,application/vnd.openxmlformats-officedocument.spreadsheetml.sheet,Es información de la cabecera municipal.,InfSanSEbastianOestePob.xlsx
142,43,416/,1430146932,000168,416,.pdf,application/pdf,<blank>,000168.pdf
143,74,422/,1430235930,Entregable,422,.rar,application/rar,<blank>,Limite-Estatal2012_50k-Folio00072.rar
144,16,424/,1430244932,Correo electrónico ,424,.pdf,application/pdf,<blank>,Correo de Max.pdf
145,74,432/,1430349410,Entregable,432,.rar,application/rar,<blank>,Firco_Microcuencas_50k.rar
146,55,433/,1430751534,Desnutrición en niños,433,.docx,application/vnd.openxmlformats-officedocument.wordprocessingml.document,Documento de Word con análisis de los datos,Desnutrición en niños.docx
147,55,433/,1430751579,Tablas del tema desnutrición,433,.xlsx,application/vnd.openxmlformats-officedocument.spreadsheetml.sheet,Es el sustento del documento de word sobre el tema de desnutrición,DesnutriciónJal2012.xlsx
148,55,433/,1430751636,Índice de marginación Municipal 2010,433,.xls,application/vnd.ms-excel,"Índice de marginación Municipal 2010, tabulado",IMargMun2010.xls
149,55,433/,1430751670,Índice de marginación Entidad 2010,433,.xls,application/vnd.ms-excel,Tabulado del Índice de marginación Municipal 2010,IMxEntidades2010.xls
150,55,433/,1430751706,Índice de marginación por localidad 2010,433,.xls,application/vnd.ms-excel,Tabulado Índice de marginación localidad 2010,IMxLoc2010.xls
151,55,433/,1430751766,Índice de marginación por AGEB 2010,433,.xlsx,application/vnd.openxmlformats-officedocument.spreadsheetml.sheet,Tabulados Índice de marginación por AGEB 2010,Ind_mar_AGEB_2010.xlsx
152,55,433/,1430751795,Índice de marginación AGEB 2005,433,.xls,application/vnd.ms-excel,Tabulados Índice de marginación AGEB 2005,IndIMporageb2005.xls
153,55,433/,1430751840,Pobreza Multidimensional 2010-2012,433,.xlsx,application/vnd.openxmlformats-officedocument.spreadsheetml.sheet,Tabulados Pobreza Multidimensional 2010-2012,PobrezaMultidimensionalJal2010-2012.xlsx
154,55,423/,1430753019,Colonias de Puerto Vallarta y Guadalajara,423,.zip,application/x-zip-compressed,Información variables económicas y de población. de las colonias solicitadas,COLONIAS-2015-05-04.zip
155,16,435/,1430941587,Plano ,435,.pdf,application/pdf,<blank>,Petición Arq. Fabian Medina (1).pdf
156,74,436/,1431117292,Entregable,436,.zip,application/zip,<blank>,Cartas_Folio_000185.zip
157,53,440/,1431358258,Pob.IndJalAlfab2010.xlsx,440,.xlsx,application/vnd.openxmlformats-officedocument.spreadsheetml.sheet,<blank>,Pob.IndJalAlfab2010.xlsx
158,16,441/,1431361338,Sol. de Inf. ,441,.pdf,application/pdf,Observación: se anexa la petición ya que llego primero la respuesta y posteriormente la petición ,SOL. DE INF..pdf
159,16,442/,1431361378,Sol. de Inf. ,442,.pdf,application/pdf,Observación: se anexa la petición ya que llego primero la respuesta y posteriormente la petición,SOL. DE INF..pdf
161,16,443/,1431450296,Plano ,443,.png,image/png,plano,terreno correo (3).png
165,43,441/,1431531510,Primer envío,441,.pdf,application/pdf,"Al ser muy pesada los archivos, se realizó el envío en 3 correos. ",1.pdf
166,43,441/,1431531527,Segundo envío,441,.pdf,application/pdf,"Al ser muy pesada los archivos, se realizó el envío en 3 correos",2.pdf
167,43,442/,1431531549,Tercer envío,442,.pdf,application/pdf,"Al ser muy pesada los archivos, se realizó el envío en 3 correos",3.pdf
168,43,368/,1431617586,000137,368,.pdf,application/pdf,Respuesta a Blancarte.,000137.pdf
169,43,355/,1431617770,Primer envío de archivos.,355,.pdf,application/pdf,Primer envío de archivos.,000124.pdf
170,43,355/,1431617785,Segundo envío de archivos.,355,.pdf,application/pdf,Segundo envío de archivos.,000124_2.pdf
171,43,314/,1431618698,Respuesta al usuario,314,.pdf,application/pdf,<blank>,000086.pdf
172,43,331/,1431618877,Respuesta al usuario,331,.pdf,application/pdf,<blank>,000103.pdf
173,43,307/,1431619456,Respuesta a usuario.,307,.pdf,application/pdf,<blank>,000079.pdf
174,43,252/,1431619997,Respuesta a usuario.,252,.pdf,application/pdf,<blank>,000025.pdf
175,43,252/,1431619997,Respuesta a usuario.,252,.pdf,application/pdf,<blank>,000025.pdf
176,43,248/,1431620171,Respuesta a usuario,248,.pdf,application/pdf,<blank>,000021.pdf
177,43,297/,1431620329,Respuesta a usuario,297,.pdf,application/pdf,<blank>,000069.pdf
178,43,447/,1431620676,Respuesta a usuario,447,.pdf,application/pdf,<blank>,000196.pdf
179,43,430/,1431621090,Respuesta al usuario,430,.pdf,application/pdf,<blank>,000179.pdf
180,43,444/,1431624517,Respuesta al usuario,444,.pdf,application/pdf,<blank>,000198.pdf
181,15,439/,1431631713,Colonias KMZ,439,.zip,application/x-zip-compressed,"Se anexa la información solicitada de las colonias en formato KMZ  de los municipios de El Salto, Guadalajara, San Pedro Tlaquepaque, Tonalá, Tlajomulco y Zapopan, la fuente de dicha información es IIEG, ",COLONIAS AMG EN KMZ.zip
182,55,453/,1431981850,Índice de Desarrollo Humano 2000-2010,453,.xlsx,application/vnd.openxmlformats-officedocument.spreadsheetml.sheet,Serie del indicador con metodología anterior,IDH2000-2010MetodologíaTradicional.xlsx
183,55,453/,1431981905,IDH2010 NuevaMetodología,453,.xls,application/vnd.ms-excel,Índice de Desarrollo Humano para 2010 con nueva metodología,IDH2010 NuevaMet.xls
184,55,453/,1431981950,Indice de Gini-Municipio 2010,453,.xlsx,application/vnd.openxmlformats-officedocument.spreadsheetml.sheet,Índice de Gini para municipios de estado 2010,Indice de Gini-Municipio.xlsx
185,43,454/,1432058062,Respuesta a usuario,454,.pdf,application/pdf,<blank>,000203.pdf
186,43,457/,1432061450,Respuesta a usuario,457,.pdf,application/pdf,<blank>,000206.pdf
187,16,459/,1432146985,CV,459,.docx,application/vnd.openxmlformats-officedocument.wordprocessingml.document,CV,CV_MEMO (1).docx
188,16,460/,1432152999,Correo electrónico ,460,.pdf,application/pdf,<blank>,Gmail - Fwd_ EXPEDIENTE-PFPA-PROFEPA.pdf
189,43,461/,1432243904,Respuesta a usuario,461,.pdf,application/pdf,<blank>,000210.pdf
190,55,462/,1432301192,Proyecciones de Población del AMG,462,.xlsx,application/vnd.openxmlformats-officedocument.spreadsheetml.sheet,Son las proyecciones de población por grupos de edad quinquenal del Área Metropolitana de Guadalajara,SustentoPiramides.xlsx
191,55,462/,1432301291,Respuesta de Folio 211,462,.pdf,application/pdf,Correo electrónico con la respuesta a la solicitud,Gmail - Respuesta Folio 000211.pdf
192,55,464/,1432310646,Madres Solteras 2010,464,.xlsx,application/vnd.openxmlformats-officedocument.spreadsheetml.sheet,Tabulado con la información de las madres solteras del estado,MadresSolterasJal2010.xlsx
193,55,464/,1432310673,Respuesta,464,.pdf,application/pdf,Correo de respuesta a la solicitud,Gmail - Respuesta Folio 000213.pdf
195,16,465/,1432323538,Plano ,465,.jpg,image/jpeg,<blank>,IMG-20150508-WA0004 (3).jpg
196,16,465/,1432324013,Plano ,465,.jpg,image/jpeg,<blank>,IMG-20150508-WA0003.jpg
197,43,491/,1432741228,Respuesta,491,.pdf,application/pdf,<blank>,000241.pdf
198,43,456/,1432742036,Respuesta,456,.pdf,application/pdf,<blank>,000205.pdf
199,43,514/,1433188551,Respuesta a usuario,514,.pdf,application/pdf,<blank>,000264.pdf
200,43,545/,1433347178,Respuesta a usuario,545,.pdf,application/pdf,<blank>,000294.pdf
201,43,448/,1433348026,Respuesta a usuario,448,.pdf,application/pdf,<blank>,000197.pdf
202,43,458/,1433348093,Respuesta a usuario,458,.pdf,application/pdf,<blank>,000207.pdf
203,43,507/,1433348165,Respuesta a usuario,507,.pdf,application/pdf,<blank>,000257.pdf
204,55,544/,1433351587,Madres adolescentes 2010 por municipio,544,.xlsx,application/vnd.openxmlformats-officedocument.spreadsheetml.sheet,Madres adolescentes 2010 por municipio.,MadresAdolescentesMpio2010.xlsx
205,55,544/,1433351623,Nacimientos de madres adolescentes,544,.xlsx,application/vnd.openxmlformats-officedocument.spreadsheetml.sheet,Por municipio 2000-2013,NacimientosMAdolesGruposMpio2000-2013.xlsx
206,55,544/,1433351699,Correo de respuesta,544,.pdf,application/pdf,Correo de respuesta,Gmail - Respuesta de solicitud Folio 000293.pdf
207,43,547/,1433359131,Respuesta usuario,547,.pdf,application/pdf,<blank>,000296.pdf
208,55,543/,1433360269,​Prevalencia de Diabetes en Jalisco (ENSANUT 2012),543,.docx,application/vnd.openxmlformats-officedocument.wordprocessingml.document,A nivel estatal 2012,DiabetesJalisco.docx
209,55,543/,1433360427,DAtos sobre porcentaje de personas con diabetes ,543,.xlsx,application/vnd.openxmlformats-officedocument.spreadsheetml.sheet,A 2012 a nivel estatal,DiabetesENSANUT2012.xlsx
210,55,543/,1433360485,Correo de respuesta,543,.pdf,application/pdf,Enviado por Coordinación de Demografia,Gmail - Respuesta solicitud de información FOLIO 292.pdf
211,43,455/,1433541492,Respuesta usuario,455,.pdf,application/pdf,<blank>,000204.pdf
212,16,563/,1434121481,Plano ,563,.png,image/png,<blank>,planos.png
215,16,641/,1434383143,Plano ,641,.PNG,image/png,<blank>,COORDENADAS (1).PNG
216,16,641/,1434383174,Cuadro de Construcción ,641,.pdf,application/pdf,<blank>,CUADRO DE CONSTRUCCION.pdf
217,16,562/,1434472688,respuesta del usuario,562,.pdf,application/pdf,seguimiento de la sol. folio 000310,Resp. del Usuario  folio 000310.pdf
218,74,598/,1434487834,Entregable,598,.kmz,application/vnd.google-earth.kmz,<blank>,Regiones_Limite2012.kmz
219,16,655/,1434641595,Convocatoria ,655,.docx,application/vnd.openxmlformats-officedocument.wordprocessingml.document,Convocatoria ,ANEXO.docx
220,16,655/,1434641621,correo ,655,.pdf,application/pdf,<blank>,Gmail - Fwd_ TDR.pdf
221,74,641/,1434655940,Cotización ,641,.pdf,application/pdf,<blank>,Cotizacion_Solicitud000760.pdf
222,74,562/,1434656266,Cotización,562,.pdf,application/pdf,<blank>,Cotizacion_Solicitud000310.pdf
223,16,683/,1434725238,Archivo ,683,.kml,application/octet-stream,<blank>,Relleno sanitario Teuchitlán (1).kml
224,55,643/,1434728237,Presentación con información de Jornaleros Agrícolas 2010,643,.pdf,application/pdf,Es una presentación con la información de los jornaleros agrícolas.,coepopdfdocumento_0.pdf
225,16,684/,1434731107,Correo electrónico ,684,.pdf,application/pdf,<blank>,Gmail - Rm_ OFICIO BOSQUE PRIMAVERA.pdf
226,55,643/,1434736562,Correo de respuesta,643,.pdf,application/pdf,Es la respuesta que se dio a la solicitud de información telefónica y después se asigno el folio,Gmail - Respuesta solicitud vía telefónica.pdf
227,74,641/,1435243663,Ficha de Depósito,641,.pdf,application/pdf,<blank>,pago carlos rmez IIEG JAL(1).pdf
229,43,704/,1435247493,Respuesta a usuario,704,.pdf,application/pdf,<blank>,000765.pdf
230,74,641/,1435685447,Plano certificado ,641,.pdf,application/pdf,<blank>,Plano_Certificado-000760.pdf
231,74,641/,1435685464,Recibo de Entrega,641,.pdf,application/pdf,<blank>,Recibo_Entrega-Recepcion.pdf
232,16,820/,1435773457,Correo electrónico ,820,.pdf,application/pdf,<blank>,Gmail - Rm_ Fwd_ Solicitud Catastro de Tepatitlán_.pdf
233,74,764/,1435784413,Entregable,764,.pdf,application/pdf,<blank>,Zonas_Metropolitanas-Mexico.pdf
234,74,683/,1435787427,Entregable,683,.zip,application/zip,<blank>,Entregable_Folio000763.zip
235,74,546/,1435787885,Entrega,546,.pdf,application/pdf,<blank>,Recibo_Entrega-Recepcion.pdf
236,16,821/,1435858317,Correo electrónico ,821,.pdf,application/pdf,<blank>,Gmail - Rm_ INFORMACIÓN.pdf
237,16,822/,1435859497,listado ,822,.docx,application/vnd.openxmlformats-officedocument.wordprocessingml.document,<blank>,Requerimientos productos e insumos La Primavera.docx
241,16,821/,1435860874,sol de inf. duplicada ,821,.pdf,application/pdf,<blank>,Gmail - Rm_ Fwd_ Rm_ Solicitud OrthoFoto duplicada.pdf
242,43,786/,1435862140,Respuesta a usuario,786,.pdf,application/pdf,<blank>,000769.pdf
243,16,824/,1435948793,Correo electrónico ,824,.pdf,application/pdf,<blank>,Gmail - Rm_ Solicitud de Información_ Favor de Ingresarla al Sistema.pdf
244,16,825/,1435951672,orden del día ,825,.pdf,application/pdf,<blank>,Orden del día (2).pdf
245,16,825/,1435951862,Correo electrónico ,825,.pdf,application/pdf,<blank>,Gmail - Rm_ CATASTRO DEL ESTADO.pdf
246,74,824/,1435953980,Entregable,824,.pdf,application/pdf,<blank>,Recibo_Entrega-03072015.pdf
247,74,821/,1436212416,Muestras Ortofoto ,821,.zip,application/zip,<blank>,respuestaasolicituddeinformacinfolio000772.zip
248,43,836/,1436222510,<blank>,836,.xlsx,application/vnd.openxmlformats-officedocument.spreadsheetml.sheet,<blank>,Educ_Sup_Tepatitlán.xlsx
249,43,833/,1436370305,Respuesta a usuario,833,.pdf,application/pdf,<blank>,000777.pdf
250,43,564/,1436372957,Respuesta a usuario,564,.pdf,application/pdf,<blank>,000758.pdf
251,16,850/,1436382679,Correo electrónico ,850,.pdf,application/pdf,<blank>,Gmail - Rm_ INFORMACION-COCULA.pdf
252,74,822/,1436385472,Entregable,822,.xlsx,application/vnd.openxmlformats-officedocument.spreadsheetml.sheet,<blank>,Cronograma_000773.xlsx
253,16,852/,1436386563,Correo electrónico ,852,.pdf,application/pdf,<blank>,correo electronico.pdf
255,74,851/,1436392825,Entregable 2,851,.zip,application/zip,<blank>,Colonias_ZAP-KML.zip
256,74,851/,1436392853,Entregable 2,851,.zip,application/zip,<blank>,Colonias_GDL-KML.zip
257,16,861/,1436538251,CV,861,.docx,application/vnd.openxmlformats-officedocument.wordprocessingml.document,<blank>,CURRICULUM VITAE FRANCISCO.docx
258,16,865/,1436541114,Correo electrónico ,865,.pdf,application/pdf,<blank>,Correo electronico.pdf
259,16,866/,1436803941,Correo electrónico ,866,.pdf,application/pdf,<blank>,Complemento de datos.pdf
260,16,875/,1436810718,Correo electrónico ,875,.pdf,application/pdf,<blank>,correo electronico.pdf
261,74,862/,1436888522,Entregable,862,.zip,application/x-zip-compressed,<blank>,Colonias_AMG-Folio_000783(1).zip
262,16,884/,1436895284,Correo electrónico datos ,884,.pdf,application/pdf,<blank>,Gmail - Rm_ RE_ Solicitud de datos.pdf
263,55,865/,1436970330,Solicitud de información,865,.pdf,application/pdf,Oficio de solicitud de información,FOLIO 000784.pdf
264,55,865/,1436970446,Información por colonia,865,.xls,application/vnd.ms-excel,Archivo con información de discapacidad por colonias,ColoniaCentro.xls
265,55,865/,1436970652,Información del municipio,865,.xlsx,application/vnd.openxmlformats-officedocument.spreadsheetml.sheet,Información de discapacidad del municipio,DiscapacitadosGdl2010.xlsx
267,74,893/,1437063629,Entregable,893,.zip,application/x-zip-compressed,<blank>,Folio_000788.zip
269,16,899/,1437407898,Correo electrónico ,899,.pdf,application/pdf,<blank>,correo eléctronico.pdf
270,43,895/,1437409132,Respuesta a usuario,895,.pdf,application/pdf,<blank>,000790.pdf
271,43,897/,1437409235,Respuesta usuario,897,.pdf,application/pdf,<blank>,000792.pdf
272,43,898/,1437409364,Respuesta a usuario,898,.pdf,application/pdf,<blank>,000793.pdf
273,43,884/,1437410967,Respuesta a usuario,884,.pdf,application/pdf,<blank>,000787.pdf
274,16,902/,1437491727,Correo electrónico ,902,.pdf,application/pdf,<blank>,Gmail - Rm_ RE_ Contacto IIEG datos.pdf
275,16,946/,1437580466,CV,946,.doc,application/msword,<blank>,Curriulum_Alejandra.doc
276,16,947/,1437663539,Plano ,947,.jpg,image/jpeg,<blank>,Fraccionamiento Campestre Villas 001.jpg
277,16,947/,1437663562,Plano ,947,.jpg,image/jpeg,<blank>,Fraccionamiento Campestre Villas 002.jpg
278,16,947/,1437663585,Plano ,947,.jpg,image/jpeg,<blank>,Fraccionamiento Campestre Villas 003.jpg
279,16,947/,1437663605,Plano ,947,.jpg,image/jpeg,<blank>,Fraccionamiento Campestre Villas 004.jpg
280,16,947/,1437663623,Plano ,947,.jpg,image/jpeg,<blank>,Fraccionamiento Campestre Villas 005.jpg
281,16,947/,1437663653,Plano ,947,.jpg,image/jpeg,<blank>,Fraccionamiento Campestre Villas.jpg
282,16,821/,1437765673,imagen ,821,.png,image/png,<blank>,Image._4_0C70DEE00C725118006D27D286257E74.png
283,74,919/,1438032976,Entregable ,919,.zip,application/zip,<blank>,Folio_000796.zip
284,74,947/,1438115468,Entregabe,947,.pdf,application/pdf,<blank>,Fracc_Campestre_Villas.pdf
285,74,992/,1438280567,Entregable,992,.zip,application/zip,<blank>,Solicitud_000800.zip
286,74,992/,1438280589,"Descriptores, Entregables",992,.zip,application/zip,<blank>,Descriptores.zip
287,16,992/,1438288501,respuesta del usuario a la información recibida ,992,.pdf,application/pdf,<blank>,complemento  Solicitud de Información Folio_000800.pdf
288,16,1065/,1438361041,imagen ,1065,.png,image/png,<blank>,image001.png
289,74,1062/,1438371897,entregable,1062,.xlsx,application/vnd.openxmlformats-officedocument.spreadsheetml.sheet,<blank>,Colonias_CP_ZMG-000804.xlsx
291,74,992/,1438376363,Entregable,992,.kmz,application/vnd.google-earth.kmz,Segunda entrega ,avu_areas_verdes11.kmz
293,74,992/,1438376466,Entregable,992,.xlsx,application/vnd.openxmlformats-officedocument.spreadsheetml.sheet,Segunda entrega ,Areas_Verdes-Habitante.xlsx
294,53,991/,1438628645,Estatuto Organico IIEG,991,.docx,application/vnd.openxmlformats-officedocument.wordprocessingml.document,<blank>,Estatuto Orgánico del IIEG.docx
295,53,991/,1438628662,Ley Orgánica IIEG,991,.doc,application/msword,<blank>,Ley Orgánica del Instituto de Información Estadística y Geográfica del Estado de Jalisco.doc
296,53,991/,1438628691,Reglamento IIEG,991,.pdf,application/pdf,<blank>,REGLAMENTO DE LA LEY ORGANICA DEL  IIEG.pdf
297,53,991/,1438628750,Acuerdo COEPO 84,991,.pdf,application/pdf,<blank>,Acuerdo 18_feb_1984.pdf
298,53,991/,1438628893,Ultimo Acuerdo COEPO,991,.pdf,application/pdf,<blank>,Acuerdo_que_crea_el_Consejo_Estatal_de_Poblacion.pdf
299,16,1067/,1438635310,orden del día ,1067,.pdf,application/pdf,<blank>,Orden del día.pdf
300,16,1067/,1438635326,Correo electrónico ,1067,.pdf,application/pdf,<blank>,Gmail - Rm_ CATASTRO DEL ESTADO.pdf
301,43,1064/,1438699537,Respuesta a usuario,1064,.pdf,application/pdf,<blank>,000805.pdf
302,43,1060/,1438699639,Respuesta a usuario,1060,.pdf,application/pdf,<blank>,000801.pdf
303,74,1066/,1438807984,Complementaria 000804  ,1066,.pdf,application/pdf,Esta es el complento de la solictud 000804 para el folio 000807 el cuál se esá registrando de dos vías diferentes  ,Rm_ Re_ Respuesta a Solicitud de Información Folio_000804 - edramirez.iieg@gmail.pdf
304,16,1068/,1438872213,Alcantarilla 2012,1068,.zip,application/octet-stream,<blank>,Alcantarilla_2012.zip

