id,date,name,parent,owner,sequence,comment,folderList,defaultAccess,inheritAccess
1,1402429956,IIEG,0,1,0,Carpeta de solicitudes principal del Instituto de Información Estadística y Geográfica ,<blank>,1,0
2,1402501542,Solicitudes Pendientes,1,1,0,Solicitudes pendientes,:1:,1,0
4,1402667931,Solicitudes Para Entrega,1,1,1,Solicitudes con estatus para entregar,:1:,2,1
8,1406651342,Socio Demográfica,2,1,1,<blank>,:1:2:,1,0
9,1406651361,Económico Financiera,2,1,2,<blank>,:1:2:,1,0
10,1406651378,Geográfica Ambiental,2,1,3,<blank>,:1:2:,1,0
11,1406651398,Gobierno Seguridad y Justicia,2,1,4,<blank>,:1:2:,1,1
12,1406651423,Tecnologías de la Información,2,1,5,<blank>,:1:2:,1,0
13,1406651457,Asuntos Jurídicos,2,1,6,<blank>,:1:2:,1,0
14,1406651471,Administración,2,1,7,<blank>,:1:2:,1,0
15,1406651481,Transparencia,2,1,8,<blank>,:1:2:,1,0
18,1406658568,Ana,10,1,1,<blank>,:1:2:10:,1,0
19,1406658577,Ivan,10,1,2,<blank>,:1:2:10:,1,0
20,1406658585,Mayra,10,1,3,<blank>,:1:2:10:,1,0
21,1406658604,Ale Blanco,10,1,4,<blank>,:1:2:10:,1,0
22,1406750328,Solicitudes Concluidas,1,1,2,Solicitudes concluidas de todas las unidades,:1:,1,0
23,1408386785,Proyectos Estrategicos,12,1,1,<blank>,:1:2:12:,2,1
24,1408386830,Proyectos Geomaticos,12,1,2,<blank>,:1:2:12:,2,1
25,1408386869,Redes y Telecomunicaciones,12,1,1,<blank>,:1:2:12:,2,1
26,1408386909,Desarrollo de Software,12,1,1,<blank>,:1:2:12:,2,1
27,1408386970,Solicitudes Rechazadas,1,4,3,Solicitudes rechazas porque el usuario no acepto la cotización o por otra causa,:1:,2,1
28,1409250306,Edgar,10,1,5,<blank>,:1:2:10:,1,0
29,1410285640,Jorge,10,4,6,<blank>,:1:2:10:,1,0
30,1410285649,Francisco,10,4,7,<blank>,:1:2:10:,1,0
31,1410291739,Vinculación,2,4,9,concluido... no hay archivo. carpeta vacía.,:1:2:,1,0
32,1410291763,Información complementaria,31,4,3,carpeta vacía no hay archivo,:1:2:31:,2,1
33,1410291776,Cotizaciones,31,4,4,carpeta vacía,:1:2:31:,2,1
35,1410372846,Vo.Bo.Max,10,4,8,<blank>,:1:2:10:,1,0
36,1410529661,Vo.Bo. Jurídico,13,4,1,<blank>,:1:2:13:,1,0
37,1410529672,Cotizar,13,4,2,<blank>,:1:2:13:,1,0
38,1414691011,Cotizaciones Pendientes,14,5,1,<blank>,:1:2:14:,2,1
39,1414691127,Pendientes de Pago,14,5,2,<blank>,:1:2:14:,2,1
40,1415736181,Atendidas_DGA,10,74,9,Solicitudes cerradas ,:1:2:10:,2,1
42,1424965979,Control y Vigilancia,2,1,11,CV,:1:2:,1,0

