id,name,comment
1,DTI,Dirección de Tecnologías de Información
2,Administración,<blank>
3,Vinculación,<blank>
4,Geográfica Ambiental,<blank>
5,Jurídico,<blank>
6,SocioDemográfica,<blank>
8,Económico-Finaciera,<blank>
9,Dirección General,<blank>
11,Planeación,<blank>
12,Directores,Encargados de revisar la solicitud y asingarle el trabajo al especialista
14,Registradores,Encargados de registrar una solicitud nueva
16,Gobierno Seguridad y Justicia,<blank>
17,Control y Vigilancia,<blank>

