id,pwd,email,login,quota,theme,role,hidden,disabled,fullName,comment,language,loginfailures,pwdExpiration
1,f6fdffe48c908deb0f4c3bd36c032e72,NULL,admin,0,bootstrap,1,0,0,Administrator,<blank>,es_ES,0,0000-00-00 00:00:00
2,NULL,NULL,guest,0,bootstrap,2,0,0,Guest User,<blank>,es_ES,0,0000-00-00 00:00:00
4,534cc93e2eaa2d396abe4d3eb7cd0728,NULL,corozco,NULL,bootstrap,1,0,1,Carmen Orozco,<blank>,es_ES,0,2014-07-30 11:43:22
5,bc3e8ad39d15f5379370c23079943958,benjamin.mariscal@gmail.com,bmariscal,NULL,bootstrap,1,0,0,Benjamín Mariscal,<blank>,es_ES,0,0000-00-00 00:00:00
6,81dc9bdb52d04dc20036dbd8313ed055,visitzacatlan@gmail.com,ddelgadillo,NULL,bootstrap,1,0,0,Dante Delgadillo,<blank>,es_ES,0,0000-00-00 00:00:00
7,c5a1a98649a7874de0def093eb136262,NULL,mlopez,NULL,bootstrap,1,0,1,Miguel Lopez,<blank>,es_ES,0,0000-00-00 00:00:00
8,5791a3fc9b1f69f41591d2948d7255be, scardenas61@gmail.com,scardenas,NULL,bootstrap,1,0,0,Ing. Salvador Cárdenas,<blank>,es_ES,0,2015-01-13 11:24:36
9,81dc9bdb52d04dc20036dbd8313ed055,NULL,jaltamirano,NULL,bootstrap,0,0,0,Juan Pablo Altamirano,<blank>,es_ES,0,0000-00-00 00:00:00
10,763b8741d9f1a6fb4e0b72865d993f33, coconuthelen@gmail.com,smachuca,NULL,bootstrap,0,0,1,Socorro Machuca,<blank>,es_ES,0,2014-09-15 10:59:50
11,3f63284766fa470c3042327f2feda582,bautista.maximiano@gmail.com,mbautista,NULL,bootstrap,0,0,0,Maximiano Bautista,<blank>,es_ES,0,0000-00-00 00:00:00
12,da6fa909f1c0188c539feb08d4496eb7,fisivangomez@gmail.com,igomez,NULL,bootstrap,0,0,1,Iván Gómez,<blank>,es_ES,0,0000-00-00 00:00:00
13,81dc9bdb52d04dc20036dbd8313ed055,ana.ortega.iieg@gmail.com,aortega,NULL,bootstrap,0,0,0,Ana Ortega,<blank>,es_ES,0,0000-00-00 00:00:00
14,6403558c0e945a72056d09ac3281f964,bio.alejandrablanco@gmail.com,ablanco,NULL,bootstrap,0,0,1,Alejandra Blanco,<blank>,es_ES,0,0000-00-00 00:00:00
15,81dc9bdb52d04dc20036dbd8313ed055,NULL,jgomez,NULL,bootstrap,0,0,0,Jorge Gómez,<blank>,es_ES,0,0000-00-00 00:00:00
16,e4c48c05e314fe75ef041c474bc5cdf3,lupis3926@gmail.com,glarios,NULL,bootstrap,0,0,0,Guadalupe Larios,<blank>,es_ES,0,2015-06-08 16:17:23
17,767691b654c3259873dc1ea7a799a185,slarciniega.iieg@gmail.com,slopez,NULL,bootstrap,0,0,0,Sergio López,<blank>,es_ES,0,0000-00-00 00:00:00
18,3229bf45cb9d7b517edc4327c6a64f34,glevineg@gmail.com,glevine,NULL,bootstrap,0,0,1,Guillermo Levine,<blank>,es_ES,0,0000-00-00 00:00:00
19,25950f4e6ed9cba426093df43219536d,benjamin.mariscal@gmail.com,rogelio.campos,NULL,bootstrap,1,0,0,Mto. Rogelio Campos,<blank>,es_ES,0,0000-00-00 00:00:00
20,0707a4a998376ae41d5ffc3d8f4ae667,mayrakarina1116@gmail.com,mfigueroa,NULL,bootstrap,0,0,1,Mayra Figueroa,<blank>,es_ES,0,0000-00-00 00:00:00
21,063f49f1ae74ec02ed2b924b5b99068b,NULL,fsaldaña,NULL,bootstrap,0,0,1,Francisco Saldaña,<blank>,es_ES,0,0000-00-00 00:00:00
22,2a54c96a018815eecba59519c81c6009,NULL,atorre,NULL,bootstrap,0,0,1,Alejandra de la Torre,<blank>,es_ES,0,0000-00-00 00:00:00
23,082dd3179733e3e716a58eb90f418a78,NULL,jchavez,NULL,bootstrap,0,0,1,Julián Chavez Balderrama,<blank>,es_ES,0,0000-00-00 00:00:00
24,021bd32a43cbd0a5326d1ed9464ebed9,NULL,rcampos,NULL,bootstrap,0,0,1,José Ramón Campos,<blank>,es_ES,0,0000-00-00 00:00:00
25,f28d03b926030c3b4eda2db5161b60fd, omare.soto.arteaga@gmail.com,osoto,NULL,bootstrap,0,0,0,Omar Eduardo Soto,<blank>,es_ES,0,0000-00-00 00:00:00
26,848ffd503f98d2368d47abceb4821465,NULL,wcastro,NULL,bootstrap,0,0,1,Willaldo Castro,<blank>,es_ES,0,0000-00-00 00:00:00
27,446d8da06145f77bcd92e626171a1577,NULL,jochoa,NULL,bootstrap,0,0,1,Jesús Ochoa,<blank>,es_ES,0,0000-00-00 00:00:00
28,a14c147048df7f5f4bc4c32762d32457,NULL,mguevara,NULL,bootstrap,0,0,1,Montserrat Guevara,<blank>,es_ES,0,0000-00-00 00:00:00
29,5a08912c83857eebd13aeef3904031fb, cegaribaldi@gmail.com,cgaribaldi,NULL,bootstrap,1,0,1,Carlos Garibaldi,<blank>,es_ES,0,2014-10-17 10:20:25
30,0b4a7db11aaab6d963f000655d26bf3f,NULL,asanchez,NULL,bootstrap,0,0,0,Alejandro Sanchez,<blank>,es_ES,0,0000-00-00 00:00:00
32,b50ac41ec20631c7b6be72f070d8ff67,NULL,storrres,NULL,bootstrap,0,0,1,Silvia Torres,<blank>,es_ES,0,0000-00-00 00:00:00
33,b50ac41ec20631c7b6be72f070d8ff67,NULL,htorres,NULL,bootstrap,0,0,1,Hermilio Torres,<blank>,es_ES,0,0000-00-00 00:00:00
34,ecba395727f462d8863ba6fab50b193b,NULL,jaguila,NULL,bootstrap,0,0,1,Javier Aguila,<blank>,es_ES,0,0000-00-00 00:00:00
35,b50ac41ec20631c7b6be72f070d8ff67,NULL,ftorres,NULL,bootstrap,0,0,1,Francisco Torres,<blank>,es_ES,0,0000-00-00 00:00:00
36,4c6aa22ff0ca8ef5faf7abe3e9716bdf,NULL,ralonso,NULL,bootstrap,0,0,1,José Raúl Alonso,<blank>,es_ES,0,0000-00-00 00:00:00
37,0858c0cf35f92e441a08f012761bbcf7,NULL,lcastellanos,NULL,bootstrap,0,0,1,Luis Daniel Castellanos,<blank>,es_ES,0,0000-00-00 00:00:00
38,292f5f5f7460fc943639ec9e3b0dbe7f,NULL,sfausto,NULL,bootstrap,0,0,1,Sandra Fausto,<blank>,es_ES,0,0000-00-00 00:00:00
39,0bdcf6ca059ce35e4b5d960661a99357,NULL,avallin,NULL,bootstrap,0,0,1,Adriana Vallin,<blank>,es_ES,0,0000-00-00 00:00:00
40,aff94b2d344cb850c9c456e02f555c64,NULL,pcontreras,NULL,bootstrap,0,0,1,Paulina Contreras,<blank>,es_ES,0,0000-00-00 00:00:00
41,bdc9ef585ae773815768b3d6db954c9f,NULL,ppatiño,NULL,bootstrap,0,0,1,Patricia Patiño,<blank>,es_ES,0,0000-00-00 00:00:00
42,a3fc832b0d0eac5136d34876b3652310, susana.galindo.zamora@gmail.com,sgalindo,NULL,bootstrap,0,0,1,Susana Galindo,<blank>,es_ES,0,0000-00-00 00:00:00
43,ca6de0f37985887dd49a0ac5caa47661,mafer.bringas@gmail.com,fbringas,NULL,bootstrap,0,0,0,María Fernanda Bringas,<blank>,es_ES,0,0000-00-00 00:00:00
44,0d9e0475d41bf9b44e07121aea8a0585,NULL,bpeña,NULL,bootstrap,0,0,1,Bertha Oliva Peña,<blank>,es_ES,0,0000-00-00 00:00:00
45,fccfc3769cb2caa6958c2d3a8af2d358,NULL,ivazquez,NULL,bootstrap,0,0,1,Inés Vazquez,<blank>,es_ES,0,0000-00-00 00:00:00
46,ec8225af0776b3ee5a28678986159226,NULL,jandrade,NULL,bootstrap,0,0,1,José Andrade,<blank>,es_ES,0,0000-00-00 00:00:00
47,21ec6379d30e841a77ab321787a4ee0e,NULL,tmolina,NULL,bootstrap,0,0,1,Thelma Molina,<blank>,es_ES,0,0000-00-00 00:00:00
48,ebb3fe6806bfdaed1b5b0afc6de528b2,NULL,eaguirre,NULL,bootstrap,0,0,1,Enrique Aguirre,<blank>,es_ES,0,0000-00-00 00:00:00
49,bb56fcb6308c6f368f851ae6a29319fd,NULL,mquijas,NULL,bootstrap,0,0,1,Miguel Quijas,<blank>,es_ES,0,0000-00-00 00:00:00
50,e796e897b03dfa33388c5e26154376de,NULL,rgonzalez,NULL,bootstrap,0,0,1,Rodrigo Gonzalez,<blank>,es_ES,0,0000-00-00 00:00:00
51,0b4a7db11aaab6d963f000655d26bf3f,NULL,gsanchez,NULL,bootstrap,0,0,1,Gerardo Sánchez,<blank>,es_ES,0,0000-00-00 00:00:00
52,3a8e845d9e38a363a1bb1ea81c518f40,NULL,uviramontes,NULL,bootstrap,0,0,1,Ulises Viramontes,<blank>,es_ES,0,0000-00-00 00:00:00
53,c5bb5b006f97c84058f9f64d1c6c39df, saruba73@gmail.com,sruiz,NULL,bootstrap,0,0,0,Santiago Ruíz,<blank>,es_ES,0,0000-00-00 00:00:00
54,f6e014747ba5b09b6eb76aafed3f0977,NULL,ktrujillo,NULL,bootstrap,0,0,1,Karina Trujillo,<blank>,es_ES,0,0000-00-00 00:00:00
55,0c836be97564457619349887cf51b3ba, galaga.iieg@gmail.com,glara,NULL,bootstrap,0,0,0,Gabriela Lara,<blank>,es_ES,0,2015-01-13 14:47:01
56,17a4bd3127e15a0fa8560e643ab54f88,NULL,vgama,NULL,bootstrap,0,0,1,Viviana Gama,<blank>,es_ES,0,0000-00-00 00:00:00
57,5e44852a0f2c5961bc84bbad151b7ace,francia.edith81@gmail.com,fjimenez,NULL,bootstrap,0,0,0,Francia Edith Jimenez,<blank>,es_ES,0,0000-00-00 00:00:00
58,d7180fd20069768f3de9cbec6300c7eb,NULL,dgomez,NULL,bootstrap,0,0,1,Dolores Gómez,<blank>,es_ES,0,0000-00-00 00:00:00
59,7788b2bb7183fc9829b23cfc41861e35,NULL,aibarran,NULL,bootstrap,0,0,1,Adriana Ibarrán,<blank>,es_ES,0,0000-00-00 00:00:00
60,81dc9bdb52d04dc20036dbd8313ed055,NULL,abarraza,NULL,bootstrap,0,0,0,Antonio Barraza,<blank>,es_ES,0,0000-00-00 00:00:00
61,bbb5ff6dc3826b999a5cf0c2e7b2c889,NULL,mgarcia,NULL,bootstrap,0,0,1,Mario Gerardo García,<blank>,es_ES,0,0000-00-00 00:00:00
62,a709534042dca4eb997ef6ab9064395b,kofrran@gmail.com,ecossio,NULL,bootstrap,1,0,0,Edgar Gonzalo Cossio,<blank>,es_ES,0,0000-00-00 00:00:00
63,e1d2e95ef2f26e2eb1c510b0dd11ac99,paloma.anayansi@gmail.com,psanz,NULL,bootstrap,1,0,0,Paloma Anayansi Sanz,<blank>,es_ES,0,0000-00-00 00:00:00
64,bbb5ff6dc3826b999a5cf0c2e7b2c889,NULL,ggarcia,NULL,bootstrap,0,0,0,Gabriela García,<blank>,es_ES,0,0000-00-00 00:00:00
65,3a3c8f74863a10048a7c322e73e0740e,NULL,nespinosa,NULL,bootstrap,0,0,0,Ninemi Espinosa,<blank>,es_ES,0,0000-00-00 00:00:00
66,c5a1a98649a7874de0def093eb136262,NULL,milopez,NULL,bootstrap,0,0,1,Minerva Lopez,<blank>,es_ES,0,0000-00-00 00:00:00
67,b50ac41ec20631c7b6be72f070d8ff67,NULL,rtorres,NULL,bootstrap,0,0,1,Roberto Torres,<blank>,es_ES,0,0000-00-00 00:00:00
68,5b4a3f6cf7b30a99fefec689038e247b,NULL,jmejia,NULL,bootstrap,0,0,1,Javier Mejia,<blank>,es_ES,0,0000-00-00 00:00:00
69,3dcaa51aabb5a6d253a717aa28866494,NULL,madame,NULL,bootstrap,0,0,1,adame,<blank>,es_ES,0,0000-00-00 00:00:00
70,9768711c6214e317288165a3f4e38876,NULL,rrobles,NULL,bootstrap,0,0,1,Raque Robles,<blank>,es_ES,0,0000-00-00 00:00:00
71,81dc9bdb52d04dc20036dbd8313ed055,NULL,lalvarez,NULL,bootstrap,0,0,0,Laura Susana Alvarez,<blank>,es_ES,0,0000-00-00 00:00:00
72,ca581fdbac455af6f3565d09351c2bb1,NULL,mpadilla,NULL,bootstrap,0,0,0,José Manuel Padilla,<blank>,es_ES,0,0000-00-00 00:00:00
73,14f7d2fb4d5d7a1e6dceca3302e1c78b,NULL,avillaseñor,NULL,bootstrap,0,0,1,Alma Villaseñor,<blank>,es_ES,0,0000-00-00 00:00:00
74,754e3eb07c18c9a71347c9a828f675b8,edramirez.iieg@gmail.com,eramirez,NULL,bootstrap,1,0,0,Edgar Ramirez,<blank>,es_ES,0,2015-06-25 14:37:51
75,9f5cbf232cd3b8667024266c6f895c8c,institutoraguilera@gmail.com,rramirez,NULL,bootstrap,0,0,0,Ricardo Ramírez Aguilera,<blank>,es_ES,0,0000-00-00 00:00:00
76,8215e48bd370871e71a61118277b6876,cristycoronagomez@gmail.com,ccorona,NULL,bootstrap,0,0,0,Cristina Corona Gómez,<blank>,es_ES,0,0000-00-00 00:00:00
77,81dc9bdb52d04dc20036dbd8313ed055,nestor.garcia.romero@gmail.com,ngarcia,NULL,bootstrap,0,0,0,Néstor Eduardo García Romero,<blank>,es_ES,0,0000-00-00 00:00:00
78,81dc9bdb52d04dc20036dbd8313ed055,manuelpadillas@gmail.com,jpadilla,NULL,bootstrap,0,0,0,José Manuel Padilla Sánchez,<blank>,es_ES,0,0000-00-00 00:00:00
79,81dc9bdb52d04dc20036dbd8313ed055,manuelpadillas@gmail.com,jmpadilla,NULL,bootstrap,0,0,0,Jose Manuel Padilla Sanchez,<blank>,es_ES,0,0000-00-00 00:00:00
80,81dc9bdb52d04dc20036dbd8313ed055,manuelpadillas@gmail.com,jm_padilla,NULL,bootstrap,0,0,0,José Manuel Padilla Sánchez,<blank>,es_ES,0,0000-00-00 00:00:00

