id,name,folder,maxtime,visibility,precondfunc,documentstatus
1,Registrado,2,0,0,NULL,0
2,En proceso Geográfica Ambiental,0,0,0,NULL,0
3,Concluido,22,0,0,NULL,2
5,Asignado Socio Demográfica,8,0,0,NULL,0
6,Asignado Ivan,19,0,0,NULL,0
8,Para entrega,4,0,0,NULL,0
10,Asignado Económico Financiera,9,0,0,NULL,0
11,Asignado Geográfica Ambiental,10,0,0,NULL,0
12,Asignado Gobierno Seguridad y Justicia,11,0,0,NULL,0
13,Asignado Tecnologías de la Información,12,0,0,NULL,0
14,Asignado Asuntos Jurídicos,13,0,0,NULL,0
15,Asignado Administración,14,0,0,NULL,0
16,Asignado Transparencia,15,0,0,NULL,0
17,Asignado Ana,18,0,0,NULL,0
18,Asignado Mayra,20,0,0,NULL,0
19,Asignado Ale Blanco,21,0,0,NULL,0
20,Para respuesta Geográfica,35,0,0,NULL,0
21,Validado por Jurídico,0,0,0,NULL,0
22,Asignado Edgar,28,0,0,NULL,0
23,Asignado Jorge,29,0,0,NULL,0
24,Asignado Francisco S.,30,0,0,NULL,0
25,Completando info. a Geográfica Ambiental,0,0,0,NULL,0
26,Información Geográfica completa,10,0,0,NULL,0
27,Cotización: Geográfica Ambiental,37,0,0,NULL,0
28,Cotización: Jurídica,33,0,0,NULL,0
29,Pagado,0,0,0,NULL,0
30,Vo.Bo. Jurídico,36,0,0,NULL,0
31,Cotización para usuario,0,0,0,NULL,0
32,Para respuesta Sociodemográfica,0,0,0,NULL,0
33,En proceso Sociodemográfica,0,0,0,NULL,0
34,Asignado Gabriela Lara,0,0,0,NULL,0
35,Completando info. a Sociodemografica,0,0,0,NULL,0
36,Información sociodemográfica completa,0,0,0,NULL,0
37,Cotización: Sociodemografica,0,0,0,NULL,0
38,Asignado Vinculación,0,0,0,NULL,0
39,Asignado Económico-Financiera,0,0,0,NULL,0
40,Asignado María Fernanda Bringas,0,0,0,NULL,0
41,Completando info. a Economico-Financiera,0,0,0,NULL,0
42,Información económico-financiera completa,0,0,0,NULL,0
43,Cotización: Economico-Financiera,0,0,0,NULL,0
44,En proceso Economico-Financiera,0,0,0,NULL,0
45,Asignado Paulina Contreras,0,0,0,NULL,0
46,Asignar: Paulina Contreras,0,0,0,NULL,0
47,Asignado Omar Soto,0,0,0,NULL,0
48,En proceso Vinculación,0,0,0,NULL,0
49,Completando info. a Vinculación,0,0,0,NULL,0
50,Información de vinculación completa,0,0,0,NULL,0
51,Cotización: Vinculación,0,0,0,NULL,0
52,Asignado Sistemas,0,0,0,NULL,0
53,Asignado Benjamin,0,0,0,NULL,0
54,En proceso Sistemas,0,0,0,NULL,0
55,Completando info. a Sistemas,0,0,0,NULL,0
56,Información de sistemas completa,0,0,0,NULL,0
57,Cotización: Sistemas,0,0,0,NULL,0
58,Asignado Dante,0,0,0,NULL,0
59,Asignado Antonio,0,0,0,NULL,0
60,Asignado Jurídico,0,0,0,NULL,0
61,Asignado Sergio López,0,0,0,NULL,0
62,En proceso Jurídico,0,0,0,NULL,0
63,Completando info. a Jurídico,0,0,0,NULL,0
64,Información Jurídico completa,0,0,0,NULL,0
65,Cotización: Jurídico,0,0,0,NULL,0
66,Asignado Administrativo,0,0,0,NULL,0
67,Asignado Cristina Corona,0,0,0,NULL,0
68,En proceso Administrativo,0,0,0,NULL,0
69,Completando info. a Administrativo,0,0,0,NULL,0
70,Información administrativo completa,0,0,0,NULL,0
71,Cotización: Administrativo,0,0,0,NULL,0
72,Asignado Ninemi Espinosa,0,0,0,NULL,0
73,Asignado Planeación,0,0,0,NULL,0
74,Asignado Montserrat,0,0,0,NULL,0
75,En proceso Planeación,0,0,0,NULL,0
76,Completando info. a Planeación,0,0,0,NULL,0
77,Información de planeación completa,0,0,0,NULL,0
78,Cotización: Planeación,0,0,0,NULL,0
79,Asignado Francia,0,0,0,NULL,0
80,Completando info. a Gobierno Seguridad y Justicia,0,0,0,NULL,0
81,Información de Gobierno Seguridad y Justicia completa,0,0,0,NULL,0
82,Cotización: Gobierno Seguridad y Justicia,0,0,0,NULL,0
83,En proceso Gobierno Seguridad y Justicia,0,0,0,NULL,0
84,Para respuesta Gobierno Seguridad y Justicia,0,0,0,NULL,0
85,Asignado Control y Vigilancia,0,0,0,NULL,0
86,Asignado Alvarez Barraza Laura Susana,0,0,0,NULL,0
87,En proceso Control y Vigilancia,0,0,0,NULL,0
88,Completando info. a Control y Vigilancia,0,0,0,NULL,0
89,Información de Control y Vigilancia completa,0,0,0,NULL,0
90,Cotización: Control y Vigilancia,0,0,0,NULL,0
91,En proceso Tecnologías de la Información,0,0,0,NULL,0
92,Completando info. a Tecnologías de la Información,0,0,0,NULL,0
93,Información de Tecnologías de la Información completa,0,0,0,NULL,0
94,Cotización: Tecnologías de la Información,0,0,0,NULL,0
95,Para respuesta Control y Vigilancia,0,0,0,NULL,0

