idAsk,detalles,pregunta,respuesta
1,Crear Tareas,\xbfPor qu\xe9 no puedo dar de alta una tarea o actividad?,"Debes saber que para poder dar de alta tareas, es necesario estar suscrito a un proyecto o crear el propio, para ello deber\xe1s acceder a Proyectos, Opciones de  Proyecto"
2,Crear Proyectos,\xbfDebo crear un proyecto para dar de alta tareas?,"No, puedes estar suscrita a un proyecto creado por otro usuario, para comprobar que tienes alg\xfan proyecto debes ir a: Proyectos, Mis Proyectos"
3,Generalidades a considerar antes de crear un proyecto,\xbfQu\xe9 debo considerar para crear un proyecto?,"Debes considerar que cuando creas un proyecto ser\xe1s el administrador del mismo, tendr\xe1s que crear sus sub tipos y etapas, adem\xe1s de agregar miembros a dicho proyecto para que puedas compartir tareas con ellos"
4,Opciones de suscripci\xf3n a proyectos,\xbfSi estoy dado de alta en otro proyecto puedo crear tareas?,"Si, cuando un usuario te da de alta en un proyecto, autom\xe1ticamente estas suscrito al mismo, esto te permitir\xe1 crear tareas y agregar usuarios que existan en dicho proyecto."
5,Opciones en tareas,\xbfPuedo avanzar y retroalimentar las todas las tareas?,"Puedes avanzar y retroalimentar cualquier tarea en la que te encuentres suscrito, la idea de la app es que se concentre toda la informaci\xf3n relevante de cada actividad."
6,Opciones para crear un proyecto.,\xbfQu\xe9 pasos debo seguir para crear un proyecto?,"Primero, debes ir a Proyectos, Opciones de Proyecto, llenar el formulario con la fecha final del proyecto, posteriormente debes ir a Participantes, agregar mediante el campo de texto los usuarios que previamente descargaron e instalaron la aplicaci\xf3n, y al final agregar los tipos y etapas del proyecto en el men\xfa: Proyectos - Tipos y Etapas del Proyecto"
7,Opciones de tareas,\xbfQu\xe9 pasos debo seguir para agregar una tarea?,"Debes previamente haber creado un proyecto, luego de ello suscribir a usuarios en el, posteriormente, agregar los tipos y etapas del proyecto, luego de realizar todas estas acciones por una \xfanica vez, puedes pulsar el bot\xf3n de + ubicado en la parte inferior de la aplicaci\xf3n, y completar el formulario de esta, no es necesario que te agregues a los usuarios que se inscriben en el proyecto, pues el sistema detecta quien crea la tarea y lo agrega autom\xe1ticamente, tambi\xe9n puedes agregar tareas sin ning\xfan participante dejando vac\xedo este campo"
8,Opciones de tareas,\xbfPuedo borrar tareas?,"Si, sin embargo solo si tu las creas, las tareas creadas por otros usuarios, no podr\xe1n ser borradas por ti y viceversa, as\xed mismo la edici\xf3n de las mismas est\xe1 condicionada a esta misma regla."
9,Opciones de tareas,\xbfPuedo retroalimentar cualquier tarea?,"Si, si ves la tarea es que est\xe1s inscrito en ella, podr\xe1s comentar e intercambiar informaci\xf3n a trav\xe9s de la herramienta de retroalimentaci\xf3n, los usuarios inscritos, podr\xe1n recibir una notificaci\xf3n en tiempo real de cada retroalimentaci\xf3n si tienen activa la opci\xf3n de ""Notificaciones"" en su dispositivo m\xf3vil."
10,Opciones de aplicaci\xf3n,\xbfPuedo abrir la aplicaci\xf3n en un equipo de escritorio?,"Si, puedes abrir la aplicaci\xf3n directamente en el navegador de tu computadora accediendo a https://tareas.deportesguadalajara.gob.mx adem\xe1s puedes instalar la app en tu escritorio desde el men\xfa superior de tu navegador, accediendo a la opci\xf3n ""Instalar aplicaci\xf3n"" esto crear\xe1 un \xedcono en tu escritorio de acceso directo."

