uid,idChat,idCommentChat,post,fecha,files,readComment
QRdO9ciMjdNlQS8pIPhtOI8TBqG2,1,1,"Buenas noches Moni, agregu\xe9 otras 3 actividades para seguimiento, est\xe1n relacionadas con el 21KGDL",2022-01-25 18:24:53,NULL,0
3mZNd5I4YUUIVBJtsET6lC8d2oz1,2,2,Holis.\n,2022-01-26 07:18:37,NULL,0
QRdO9ciMjdNlQS8pIPhtOI8TBqG2,2,3,Holis\n,2022-01-26 07:19:24,NULL,0
QRdO9ciMjdNlQS8pIPhtOI8TBqG2,3,4,Holis\n,2022-01-26 07:26:04,NULL,0
3mZNd5I4YUUIVBJtsET6lC8d2oz1,2,5,Me habl\xf3..?\n,2022-01-26 08:09:55,NULL,0
3mZNd5I4YUUIVBJtsET6lC8d2oz1,2,6,?\n,2022-01-26 08:10:59,NULL,0
3mZNd5I4YUUIVBJtsET6lC8d2oz1,2,7,Archivo,2022-01-26 08:17:25,exportalldata.xlsx,0
QRdO9ciMjdNlQS8pIPhtOI8TBqG2,2,8,Gracias\n,2022-01-26 09:52:35,NULL,0
N7vKJbcVdQMeGXnT3RI0yPvtAY63,4,9,hola\n,2022-01-30 19:58:53,NULL,0
N7vKJbcVdQMeGXnT3RI0yPvtAY63,4,10,probando\n,2022-01-30 19:58:57,NULL,0
N7vKJbcVdQMeGXnT3RI0yPvtAY63,5,11,probando chat\n,2022-01-30 19:59:22,NULL,0
QRdO9ciMjdNlQS8pIPhtOI8TBqG2,6,12,"Hola, buenos d\xedas, tendr\xe1s la oportunidad de realizar una reuni\xf3n con tu servidor para conocer tus necesidades\n",2022-02-04 09:55:28,NULL,0
N7vKJbcVdQMeGXnT3RI0yPvtAY63,7,13,hola \n,2022-02-04 15:40:33,NULL,0
QRdO9ciMjdNlQS8pIPhtOI8TBqG2,9,18,hola\n,2022-02-11 13:03:12,NULL,0
eC8sbYB3D4SwFFz9EjP6rweSZ3k2,4,19,Hoka,2022-02-14 11:53:51,NULL,0
RDOE3hekuqU4NWny6VLRHFcJnSj2,10,20,Hola ,2022-02-14 11:54:55,NULL,0
RDOE3hekuqU4NWny6VLRHFcJnSj2,11,21,Hola,2022-02-14 11:55:47,NULL,0
N7vKJbcVdQMeGXnT3RI0yPvtAY63,4,22,Hola,2022-02-16 12:07:58,NULL,0
N7vKJbcVdQMeGXnT3RI0yPvtAY63,4,23,Fuufjfu,2022-02-16 12:08:10,NULL,0
N7vKJbcVdQMeGXnT3RI0yPvtAY63,4,24,Nfkdkdk,2022-02-16 12:08:21,NULL,0
N7vKJbcVdQMeGXnT3RI0yPvtAY63,4,25,Hola,2022-02-16 12:08:25,NULL,0
N7vKJbcVdQMeGXnT3RI0yPvtAY63,4,26,Vidneifnkkk,2022-02-16 12:08:45,NULL,0
J2y9h2MqKvd1JTGbZBy0PtRmTZp2,5,27,Cual es el margen limitante respecto a las capacitaciones matutinas?,2022-02-21 11:48:34,NULL,0
N7vKJbcVdQMeGXnT3RI0yPvtAY63,5,28,La apertura de las capacitaciones es del 22 al 25 de Febrero\n,2022-02-21 11:49:52,NULL,0
N7vKJbcVdQMeGXnT3RI0yPvtAY63,5,29,La apertura de las capacitaciones es del 22 al 25 de Febrero\n\n,2022-02-21 11:49:52,NULL,0
N7vKJbcVdQMeGXnT3RI0yPvtAY63,5,30,\n,2022-02-21 11:49:52,NULL,0
uS3UQrx5GyVsuijSsUon5fmortm2,7,31,todo listo \n,2022-02-21 17:40:05,NULL,0
N7vKJbcVdQMeGXnT3RI0yPvtAY63,7,32,perfecto\n,2022-02-21 17:40:41,NULL,0
uS3UQrx5GyVsuijSsUon5fmortm2,7,33,gracias\n,2022-02-21 17:40:48,NULL,0
QRdO9ciMjdNlQS8pIPhtOI8TBqG2,12,34,https://seguimiento.deportesguadalajara.gob.mx/registro\n,2022-02-28 09:17:49,NULL,0
QRdO9ciMjdNlQS8pIPhtOI8TBqG2,6,35,Hola,2022-03-06 19:04:36,NULL,0
QRdO9ciMjdNlQS8pIPhtOI8TBqG2,2,36,Hellow,2022-03-07 05:33:46,NULL,0
qg6MZoLR9geVyWXcPm3scXrp1Qe2,13,37,A la orden jefe,2022-03-07 09:05:55,NULL,0
6dDxe1v4fRSAuh6AUItaS4sMo2x2,13,38,Hola,2022-03-07 09:07:11,NULL,0
n0D6TUmAiGMb0GuwpFmNWJvkKv72,14,39,Sergio buen d\xeda,2022-03-07 09:08:58,NULL,0
NkaVFmDaWac8RsrZ86djUMcKdYs2,14,40,Holis ,2022-03-07 09:09:01,NULL,0
PrARsohXdoSh5z6AVnO6zq8oaQG2,15,41,Beto ,2022-03-07 09:09:05,NULL,0
PrARsohXdoSh5z6AVnO6zq8oaQG2,16,42,Tachiro ,2022-03-07 09:09:51,NULL,0
qg6MZoLR9geVyWXcPm3scXrp1Qe2,17,43,??,2022-03-07 09:10:32,NULL,0
PrARsohXdoSh5z6AVnO6zq8oaQG2,18,44,Pompeyo ,2022-03-07 09:10:45,NULL,0
NkaVFmDaWac8RsrZ86djUMcKdYs2,17,45,Holis ,2022-03-07 09:10:58,NULL,0
NkaVFmDaWac8RsrZ86djUMcKdYs2,17,46,Tachi ,2022-03-07 09:12:40,NULL,0
NkaVFmDaWac8RsrZ86djUMcKdYs2,15,47,Pel\xf3n ,2022-03-07 09:12:53,NULL,0
wjEfzIno2QdPxLB2y7aAtzAKT9w2,19,48,Hola ?,2022-03-07 09:13:24,NULL,0
NkaVFmDaWac8RsrZ86djUMcKdYs2,20,49,Holis ,2022-03-07 09:38:38,NULL,0
7KfiJmLzdNYMkImWWQT1Igwu4yk1,21,50,Hola,2022-03-07 10:11:48,NULL,0
7KfiJmLzdNYMkImWWQT1Igwu4yk1,21,51,Pelame,2022-03-07 10:11:56,NULL,0
7KfiJmLzdNYMkImWWQT1Igwu4yk1,21,52,Activa tus notificaciones ,2022-03-07 10:12:05,NULL,0
hDaOeKhARQTejyMLqnuFOnjCs8Y2,22,53,Hola\n,2022-03-07 10:32:06,NULL,0
hDaOeKhARQTejyMLqnuFOnjCs8Y2,22,54,Contesta\n,2022-03-07 10:32:21,NULL,0
hDaOeKhARQTejyMLqnuFOnjCs8Y2,23,55,Hola,2022-03-07 10:33:49,NULL,0
hDaOeKhARQTejyMLqnuFOnjCs8Y2,23,56,Contesta ,2022-03-07 10:35:36,NULL,0
hDaOeKhARQTejyMLqnuFOnjCs8Y2,23,57,Contesta*,2022-03-07 10:35:46,NULL,0
vPm98zkJtkXOV84a3SugEslbtkO2,22,58,Mande,2022-03-07 10:35:57,NULL,0
8hCcNIMqBcboQ1La0oxoHpavmZB2,24,59,Hola !,2022-03-07 10:36:43,NULL,0
hDaOeKhARQTejyMLqnuFOnjCs8Y2,23,60,Contesta,2022-03-07 10:36:55,NULL,0
hDaOeKhARQTejyMLqnuFOnjCs8Y2,23,61,Contesta,2022-03-07 10:37:09,NULL,0
G8iag47dE2eF8cGv3aOc1xAKwfp2,25,62,Yaa,2022-03-07 10:37:15,NULL,0
hDaOeKhARQTejyMLqnuFOnjCs8Y2,23,63,Contesta,2022-03-07 10:37:24,NULL,0
hDaOeKhARQTejyMLqnuFOnjCs8Y2,23,64,Hola,2022-03-07 10:37:38,NULL,0
vPm98zkJtkXOV84a3SugEslbtkO2,24,65,?,2022-03-07 10:37:47,NULL,0
G8iag47dE2eF8cGv3aOc1xAKwfp2,25,66,Va,2022-03-07 10:37:51,20220307_094608.jpg,0
hDaOeKhARQTejyMLqnuFOnjCs8Y2,25,67,C\xf3mo les fue,2022-03-07 10:38:17,NULL,0
QRdO9ciMjdNlQS8pIPhtOI8TBqG2,6,68,Te amo,2022-03-07 12:58:26,NULL,0
jGN0dLDxv3acw56RW0k2ZzVE39f1,26,69,Hola,2022-03-11 09:17:56,NULL,0
iLHnxqoM3ZeqqdrCX0WClmPGxPq2,27,70,Holiiii,2022-03-11 09:18:36,NULL,0
iLHnxqoM3ZeqqdrCX0WClmPGxPq2,26,71,Holi,2022-03-11 09:18:50,NULL,0
xvrMi2pvtwQt7FX5XpJrddNwQnp2,28,72,Holis,2022-03-11 09:25:12,NULL,0
ZD9CsRQ1IUPZGrVqIz6R3KMjvWw2,29,73,Hola,2022-03-11 10:15:40,NULL,0
ZD9CsRQ1IUPZGrVqIz6R3KMjvWw2,30,74,Hola,2022-03-11 10:15:52,NULL,0
ZD9CsRQ1IUPZGrVqIz6R3KMjvWw2,31,75,Hola,2022-03-11 10:16:11,NULL,0
ZD9CsRQ1IUPZGrVqIz6R3KMjvWw2,31,76,Cheli\n\n,2022-03-11 10:17:12,NULL,0
ZD9CsRQ1IUPZGrVqIz6R3KMjvWw2,31,77,Cheli\n,2022-03-11 10:17:12,NULL,0
ZD9CsRQ1IUPZGrVqIz6R3KMjvWw2,31,78,Hello\n,2022-03-11 10:17:17,NULL,0
qGbMDCaZ08RmP7q0t6IiAjsmXT63,29,79,Hola ,2022-03-11 10:17:24,NULL,0
7c19WMieCsXklZJhZWFCSDbxGI42,32,80,Hola \n,2022-03-11 10:23:03,NULL,0
YyfbnvjiSEZ3HuKCj8M6AfQHVhq2,33,81,Hola Cinthia,2022-03-11 10:23:15,NULL,0
7c19WMieCsXklZJhZWFCSDbxGI42,30,82,Hola\n,2022-03-11 10:23:16,NULL,0
YyfbnvjiSEZ3HuKCj8M6AfQHVhq2,34,83,Hola Chely,2022-03-11 10:23:34,NULL,0
qGbMDCaZ08RmP7q0t6IiAjsmXT63,34,84,Hola ,2022-03-11 10:24:07,NULL,0
qGbMDCaZ08RmP7q0t6IiAjsmXT63,35,85,Hola Ara ,2022-03-11 10:24:47,NULL,0
YyfbnvjiSEZ3HuKCj8M6AfQHVhq2,34,86,Eres bien lista. Estrellita para ti,2022-03-11 10:24:54,NULL,0
qGbMDCaZ08RmP7q0t6IiAjsmXT63,34,87,??,2022-03-11 10:26:07,NULL,0
7c19WMieCsXklZJhZWFCSDbxGI42,36,88,hola\n,2022-03-11 12:41:16,NULL,0
7c19WMieCsXklZJhZWFCSDbxGI42,36,89,hola otra vez\n,2022-03-11 12:43:58,NULL,0
7c19WMieCsXklZJhZWFCSDbxGI42,36,90,hola otra vez\n,2022-03-11 12:43:58,NULL,0
QRdO9ciMjdNlQS8pIPhtOI8TBqG2,6,91,Hola\n,2022-03-14 19:36:59,NULL,0
QRdO9ciMjdNlQS8pIPhtOI8TBqG2,6,92,Hola amor mio\n,2022-03-16 12:32:47,NULL,0
xJMPojX2gQgVOJ4tiOXXW79SUi42,37,93,hello,2022-03-17 15:56:41,NULL,0
s0YN5VrdwtOqrUj0o4uVRSqBEAy1,37,94,Hola\n,2022-03-17 15:57:08,NULL,0
xJMPojX2gQgVOJ4tiOXXW79SUi42,37,95,que pex\n,2022-03-17 16:53:01,NULL,0
xJMPojX2gQgVOJ4tiOXXW79SUi42,37,96,que pex\n,2022-03-18 06:47:37,NULL,0
s0YN5VrdwtOqrUj0o4uVRSqBEAy1,37,97,What?\n,2022-03-18 13:00:22,NULL,0
xJMPojX2gQgVOJ4tiOXXW79SUi42,37,98,heu\n,2022-03-18 13:15:26,NULL,0
s0YN5VrdwtOqrUj0o4uVRSqBEAy1,37,99,\n,2022-03-18 13:29:14,NULL,0
s0YN5VrdwtOqrUj0o4uVRSqBEAy1,37,100,\n\n\n\n\n,2022-03-18 13:29:14,NULL,0
s0YN5VrdwtOqrUj0o4uVRSqBEAy1,37,101,\n\n\n,2022-03-18 13:29:14,NULL,0
s0YN5VrdwtOqrUj0o4uVRSqBEAy1,37,102,\n\n\n\n,2022-03-18 13:29:14,NULL,0
s0YN5VrdwtOqrUj0o4uVRSqBEAy1,37,103,\n\n,2022-03-18 13:29:14,NULL,0
s0YN5VrdwtOqrUj0o4uVRSqBEAy1,37,104,\n,2022-03-18 13:29:15,NULL,0
s0YN5VrdwtOqrUj0o4uVRSqBEAy1,37,105,\n\n,2022-03-18 13:29:15,NULL,0
s0YN5VrdwtOqrUj0o4uVRSqBEAy1,37,106,\n,2022-03-18 13:29:16,NULL,0
s0YN5VrdwtOqrUj0o4uVRSqBEAy1,37,107,\n,2022-03-18 13:29:17,NULL,0
s0YN5VrdwtOqrUj0o4uVRSqBEAy1,37,108,\n,2022-03-18 13:29:18,NULL,0
s0YN5VrdwtOqrUj0o4uVRSqBEAy1,37,109,\n\n,2022-03-18 13:29:18,NULL,0
s0YN5VrdwtOqrUj0o4uVRSqBEAy1,37,110,\n,2022-03-18 13:29:20,NULL,0
s0YN5VrdwtOqrUj0o4uVRSqBEAy1,37,111,\n\n,2022-03-18 13:29:20,NULL,0
s0YN5VrdwtOqrUj0o4uVRSqBEAy1,37,112,\n\n\n,2022-03-18 13:29:20,NULL,0
s0YN5VrdwtOqrUj0o4uVRSqBEAy1,37,113,\n\n,2022-03-18 13:29:21,NULL,0
s0YN5VrdwtOqrUj0o4uVRSqBEAy1,37,114,\n,2022-03-18 13:29:21,NULL,0
s0YN5VrdwtOqrUj0o4uVRSqBEAy1,37,115,\n\n\n,2022-03-18 13:29:21,NULL,0
s0YN5VrdwtOqrUj0o4uVRSqBEAy1,37,116,\n,2022-03-18 13:29:22,NULL,0
s0YN5VrdwtOqrUj0o4uVRSqBEAy1,37,117,\n,2022-03-18 13:29:22,NULL,0
s0YN5VrdwtOqrUj0o4uVRSqBEAy1,37,118,\n,2022-03-18 13:29:23,NULL,0
s0YN5VrdwtOqrUj0o4uVRSqBEAy1,37,119,\n,2022-03-18 13:29:24,NULL,0
s0YN5VrdwtOqrUj0o4uVRSqBEAy1,37,120,\n,2022-03-18 13:29:25,NULL,0
s0YN5VrdwtOqrUj0o4uVRSqBEAy1,37,121,\n,2022-03-18 13:29:28,NULL,0
s0YN5VrdwtOqrUj0o4uVRSqBEAy1,37,122,\n\n,2022-03-18 13:29:28,NULL,0
s0YN5VrdwtOqrUj0o4uVRSqBEAy1,37,123,\n\n\n,2022-03-18 13:29:28,NULL,0
s0YN5VrdwtOqrUj0o4uVRSqBEAy1,37,124,\n,2022-03-18 13:29:30,NULL,0
s0YN5VrdwtOqrUj0o4uVRSqBEAy1,37,125,\n,2022-03-18 13:29:31,NULL,0
s0YN5VrdwtOqrUj0o4uVRSqBEAy1,37,126,\n\n,2022-03-18 13:29:31,NULL,0
s0YN5VrdwtOqrUj0o4uVRSqBEAy1,37,127,\n,2022-03-18 13:29:31,NULL,0
s0YN5VrdwtOqrUj0o4uVRSqBEAy1,37,128,\n\n,2022-03-18 13:29:32,NULL,0
s0YN5VrdwtOqrUj0o4uVRSqBEAy1,37,129,\n\n,2022-03-18 13:29:32,NULL,0
Z1ESjo9VaxXXVQc5RuI1BmIxEyn1,38,130,Champi,2022-03-24 13:24:38,NULL,0
QRdO9ciMjdNlQS8pIPhtOI8TBqG2,6,131,Mi vida\n,2022-03-24 13:54:56,NULL,0

