uid,idTask,idComment,post,fecha,files,readComment
QRdO9ciMjdNlQS8pIPhtOI8TBqG2,1,1,Prueba,2022-01-05 19:51:31,NULL,0
QRdO9ciMjdNlQS8pIPhtOI8TBqG2,3,2,Excelente. iniciemos las pruebas\n,2022-01-06 08:33:32,NULL,0
J2y9h2MqKvd1JTGbZBy0PtRmTZp2,4,3,Oye amor,2022-01-06 08:46:45,NULL,0
N7vKJbcVdQMeGXnT3RI0yPvtAY63,4,4,burlesco ,2022-01-06 08:51:26,NULL,0
N7vKJbcVdQMeGXnT3RI0yPvtAY63,4,5,Probando\n,2022-01-06 10:39:13,NULL,0
N7vKJbcVdQMeGXnT3RI0yPvtAY63,3,7,probando\n,2022-01-06 11:09:34,NULL,0
N7vKJbcVdQMeGXnT3RI0yPvtAY63,10,8,holi\n,2022-01-06 11:36:08,NULL,0
uS3UQrx5GyVsuijSsUon5fmortm2,10,9,como estan\n,2022-01-06 11:36:32,NULL,0
N7vKJbcVdQMeGXnT3RI0yPvtAY63,10,10,bien\n,2022-01-06 11:37:04,NULL,0
J2y9h2MqKvd1JTGbZBy0PtRmTZp2,14,11,\xbfCuanto tiempo demora el restablecimiento?,2022-01-07 08:54:23,NULL,0
N7vKJbcVdQMeGXnT3RI0yPvtAY63,14,12,Se demorara diez minutos aproximadamente,2022-01-07 08:56:40,NULL,0
QRdO9ciMjdNlQS8pIPhtOI8TBqG2,15,13,"Iv\xe1n, buenos d\xedas, se te asign\xf3 un veh\xedculo por parte de Zonas, hay que recogerlo en veh\xedculos con tu tocayo a las 12:00 por favor para preparar la salida.",2022-01-07 09:15:25,NULL,0
N7vKJbcVdQMeGXnT3RI0yPvtAY63,29,14,Listo Chicos,2022-01-07 10:24:18,NULL,0
3mZNd5I4YUUIVBJtsET6lC8d2oz1,30,15,Ya qued\xf3 listo..\n,2022-01-07 12:40:46,NULL,0
3mZNd5I4YUUIVBJtsET6lC8d2oz1,30,16,:)\n,2022-01-07 12:40:56,NULL,0
QRdO9ciMjdNlQS8pIPhtOI8TBqG2,32,17,Hola,2022-01-08 12:10:47,NULL,0
QRdO9ciMjdNlQS8pIPhtOI8TBqG2,32,18,"Como quedaron los usuarios, te envi\xe9 un correo electr\xf3nico con algunos otros usuarios para migrar\n",2022-01-09 15:07:52,NULL,0
3mZNd5I4YUUIVBJtsET6lC8d2oz1,32,19,Solo faltan depurar a los usuarios que ya no laboran en Comude\n,2022-01-10 07:25:32,NULL,0
UFjoVzO6SLY5Akum3WFowdg2bWB3,33,20,Estaban apagadas las pastillas de la corriente el\xe9ctrica ,2022-01-10 08:39:30,NULL,0
UFjoVzO6SLY5Akum3WFowdg2bWB3,36,21,"Estaba apagado el AP de protocolo, ya se hablo con ellos para que no lo dejen apagado durante el fin de semana",2022-01-10 08:47:29,NULL,0
UFjoVzO6SLY5Akum3WFowdg2bWB3,39,22,se comenz\xf3 el respaldo 32 gb,2022-01-10 09:40:44,NULL,0
3mZNd5I4YUUIVBJtsET6lC8d2oz1,35,23,CAMBIOS DE USUARIOS PARA LA UNIDAD 12,2022-01-10 10:55:27,NULL,0
UFjoVzO6SLY5Akum3WFowdg2bWB3,42,24,Se le comento a Ivette que solicite recurso para comprar un nuevo switch base 1000,2022-01-10 12:13:57,NULL,0
UFjoVzO6SLY5Akum3WFowdg2bWB3,42,25,ya se puso el cable nuevo de red\n,2022-01-10 12:14:18,NULL,0
QRdO9ciMjdNlQS8pIPhtOI8TBqG2,42,26,"Excelente, gracias por la informaci\xf3n\n",2022-01-10 14:08:14,NULL,0
QRdO9ciMjdNlQS8pIPhtOI8TBqG2,43,27,JUEVES POR LA TARDE REVISI\xd3N DE PROPUESTA\n,2022-01-10 14:54:54,NULL,0
RDOE3hekuqU4NWny6VLRHFcJnSj2,41,28,En espera de un  reporte en el que me informen que reuqisiciones se presentaron y el seguimiento de las mismas ,2022-01-11 11:11:44,NULL,0
QRdO9ciMjdNlQS8pIPhtOI8TBqG2,43,29,SE SOLICIT\xd3 A GERARDO RIVERA SU PROYECTO PARA EL D\xcdA JUEVES\n,2022-01-11 11:31:28,NULL,0
RDOE3hekuqU4NWny6VLRHFcJnSj2,46,30,Las requisiciones de renovaci\xf3n de licencias ya est\xe1n hechas faltan los estudios de mercado quedaste en pasarme  el contacto del.proveedor para solicitarlo ,2022-01-11 12:33:31,NULL,0
QRdO9ciMjdNlQS8pIPhtOI8TBqG2,46,31,Gracias,2022-01-11 12:38:25,NULL,0
UFjoVzO6SLY5Akum3WFowdg2bWB3,52,32,Se le envio la informaci\xf3n a su correo.,2022-01-12 08:56:15,NULL,0
UFjoVzO6SLY5Akum3WFowdg2bWB3,53,33,Se le envi\xf3 la informaci\xf3n por correo electr\xf3nico y se realizaron llamadas para confirmar existencias en tienda. ,2022-01-12 10:28:24,NULL,0
QRdO9ciMjdNlQS8pIPhtOI8TBqG2,56,34,Se creo el calendario Agenda de Direcci\xf3n en la cuenta albino.galvan@comudeguadalajara.gob.mx y se comparti\xf3 con Sonia Karina para llevar la retroalimentaci\xf3n,2022-01-12 11:58:49,NULL,0
QRdO9ciMjdNlQS8pIPhtOI8TBqG2,57,35,"Se enviaron los mains correspondientes para su re dise\xf1o a: splash screen o pantalla de inicio, centros deportivos, ubicaciones pagos, se espera retroalimentaci\xf3n del \xe1rea de dise\xf1o",2022-01-12 14:35:56,NULL,0
QRdO9ciMjdNlQS8pIPhtOI8TBqG2,58,36,Dise\xf1o landingpage solicitado,2022-01-12 15:39:39,NULL,0
UFjoVzO6SLY5Akum3WFowdg2bWB3,59,37,Se puso cable de red y se verifico la velocidad del internet dando 400 Mb/s de bajada y 90 Mb/s de subida y se apoyo con el inicio de sesi\xf3n en zoom,2022-01-13 06:51:08,NULL,0
UFjoVzO6SLY5Akum3WFowdg2bWB3,60,38,Se reviso el equipo y no entraba a escritorio por que se estaba instalando una actualizaci\xf3n de Windows que duro unos 15 min en su ejecuci\xf3n. ,2022-01-13 06:53:06,NULL,0
QRdO9ciMjdNlQS8pIPhtOI8TBqG2,61,39,"Iv\xe1n buenos d\xedas, le podr\xedas pasar a Mony las caracter\xedsticas de un switch para la oficina de dise\xf1o, con el fin de crear una requisici\xf3n esta actividad?\n",2022-01-13 08:13:23,NULL,0
QRdO9ciMjdNlQS8pIPhtOI8TBqG2,58,40,Landing 1.0,2022-01-13 08:38:39,credencial_comude.ai,0
N7vKJbcVdQMeGXnT3RI0yPvtAY63,9,41,hola\n,2022-01-13 08:45:37,NULL,0
N7vKJbcVdQMeGXnT3RI0yPvtAY63,9,42,\n,2022-01-13 08:45:38,NULL,0
J2y9h2MqKvd1JTGbZBy0PtRmTZp2,9,43,Prueba 2,2022-01-13 08:45:56,NULL,0
J2y9h2MqKvd1JTGbZBy0PtRmTZp2,9,44,Prueba 3,2022-01-13 08:46:28,NULL,0
N7vKJbcVdQMeGXnT3RI0yPvtAY63,9,45,probando\n,2022-01-13 08:47:07,NULL,0
N7vKJbcVdQMeGXnT3RI0yPvtAY63,9,46,hola\n,2022-01-13 08:48:39,NULL,0
3mZNd5I4YUUIVBJtsET6lC8d2oz1,54,47,Lo empiezo..?\n,2022-01-13 09:35:53,NULL,0
3mZNd5I4YUUIVBJtsET6lC8d2oz1,54,48,Tiene el dise\xf1o?\n,2022-01-13 09:36:09,NULL,0
QRdO9ciMjdNlQS8pIPhtOI8TBqG2,54,49,Estoy trabajando en el dise\xf1o final\n,2022-01-13 09:42:13,NULL,0
QRdO9ciMjdNlQS8pIPhtOI8TBqG2,54,50,Yo lo trabajo\n,2022-01-13 09:58:46,NULL,0
3mZNd5I4YUUIVBJtsET6lC8d2oz1,54,51,Ok.\n,2022-01-13 09:59:50,NULL,0
3mZNd5I4YUUIVBJtsET6lC8d2oz1,54,52,Otro\n,2022-01-13 10:00:35,NULL,0
qyFa887PmIOW6Vcbj03BpICsmSt1,58,53,Te dejo el Landing del 21K falta una informaci\xf3n general por actualizar.,2022-01-13 10:06:53,21k_web_landing_cs6.ai,0
qyFa887PmIOW6Vcbj03BpICsmSt1,58,54,"Se reconoce a la mejor y el mejor jalisciense con premiaci\xf3n especial: $40,000.00 por rama. Se reconoce a la mejor y el mejor mexicano con premiaci\xf3n especial: $40,000.00 por rama.  econocemos a todos los atletas que recorren la ruta completa con una medalla hecha por un arBsta jalisciense reconocido.\n\x95 Sin cuota de recuperaci\xf3n las personas que presenten su predial pagado de Guadalajara.\n\x95 Sin cuota de recuperaci\xf3n, para las 200 parBcipantes mayores de 60 a\xf1os y m\xe1s cumplidos al d\xeda del evento.\n",2022-01-13 10:14:49,NULL,0
3mZNd5I4YUUIVBJtsET6lC8d2oz1,54,55,Ok.\n,2022-01-13 10:27:32,NULL,0
QRdO9ciMjdNlQS8pIPhtOI8TBqG2,58,56,"Excelente, mil gracias\n",2022-01-13 10:30:25,NULL,0
UFjoVzO6SLY5Akum3WFowdg2bWB3,66,57,Se desinstalo y volvi\xf3 a instalar el driver del esc\xe1ner epson v500,2022-01-13 11:33:29,NULL,0
UFjoVzO6SLY5Akum3WFowdg2bWB3,67,58,"Se ha detectado que el switch es de gama muy baja y seguido falla, se dieron instrucciones para que cuando falle la impresora cambien de puerto el cable de red",2022-01-13 11:35:27,NULL,0
UFjoVzO6SLY5Akum3WFowdg2bWB3,68,59,"Se detecto que solo el navegador de Chrome no esta funcionando, se desinstalo y volvi\xf3 a instalar ",2022-01-13 11:36:51,NULL,0
UFjoVzO6SLY5Akum3WFowdg2bWB3,69,60,"Se asesoro a Judith como quemar archivos desde una USB, as\xed como de DVD a DVD , as\xed mismo se instalo el programa ashampoo para quemador DVD.",2022-01-13 11:39:14,NULL,0
UFjoVzO6SLY5Akum3WFowdg2bWB3,61,61,"Buen dia, si de acuerdo.\n",2022-01-14 06:31:52,NULL,0
UFjoVzO6SLY5Akum3WFowdg2bWB3,71,62,Se realizo a trav\xe9s de anydesk,2022-01-14 06:34:35,NULL,0
UFjoVzO6SLY5Akum3WFowdg2bWB3,73,63,"se puso el cable, aunque algunas computadoras personales no tiene entrada de ethernet ",2022-01-14 06:56:13,NULL,0
qyFa887PmIOW6Vcbj03BpICsmSt1,61,64,Que sea de 1000 para poder PROVECHAR por fa!,2022-01-14 08:14:53,NULL,0
QRdO9ciMjdNlQS8pIPhtOI8TBqG2,61,65,"Enterados, ya estamos cotizando uno base 1000\n",2022-01-14 08:15:30,NULL,0
qyFa887PmIOW6Vcbj03BpICsmSt1,58,66,"Vuelvo a adjuntar el dise\xf1o de las credenciales con los ajustes que platicamos ayer, saludos.",2022-01-14 08:16:23,credencial_comude.ai,0
QRdO9ciMjdNlQS8pIPhtOI8TBqG2,58,67,"Carnal descargo el dise\xf1o de la credencial, solo un favor, pa la pr\xf3xima \xe9chalo en el topic correspondiente ya que nos podemos confundir\n",2022-01-14 08:31:20,NULL,0
QRdO9ciMjdNlQS8pIPhtOI8TBqG2,58,68,"Ya se encuentra publicada cuando menos la fecha, el dise\xf1o nuevo, el countdown y el v\xednculo de inscripci\xf3n\n",2022-01-14 08:31:55,NULL,0
QRdO9ciMjdNlQS8pIPhtOI8TBqG2,3,69,"Alejandro y Gina nos hicieron el favor de realizar dos manuales, adjunto en esta actividad cada uno de ellos",2022-01-14 08:34:28,manual_comude.pdf,0
QRdO9ciMjdNlQS8pIPhtOI8TBqG2,3,70,Manual 2,2022-01-14 08:34:38,manual_comude_paso_a_paso.pdf,0
qyFa887PmIOW6Vcbj03BpICsmSt1,58,71,"Sorry, todav\xeda no es com\xfan para mi el entorno y no supe d\xf3nde ponerlo.\n",2022-01-14 09:22:43,NULL,0
qyFa887PmIOW6Vcbj03BpICsmSt1,58,72,"Y c\xf3mo vi en el segundo reng\xf3n de este chat la credencial, por eso la dej\xe9 aqu\xed.\n",2022-01-14 09:23:21,NULL,0
QRdO9ciMjdNlQS8pIPhtOI8TBqG2,58,73,? sin bronca,2022-01-14 09:31:13,NULL,0
UFjoVzO6SLY5Akum3WFowdg2bWB3,76,74,Se env\xedo la informaci\xf3n por correo electr\xf3nico ,2022-01-14 11:20:34,NULL,0
UFjoVzO6SLY5Akum3WFowdg2bWB3,74,75,"Se va a tener que formatear o restablecer con windows 10, no se tiene acceso al correo de outlook por lo tanto no se puede iniciar sesion pero ya se saco la informacion\n",2022-01-17 07:18:23,NULL,0
QRdO9ciMjdNlQS8pIPhtOI8TBqG2,74,76,Como vamos con este tema?\n,2022-01-17 08:02:09,NULL,0
UFjoVzO6SLY5Akum3WFowdg2bWB3,83,77,se pedir\xe1 veh\xedculo\n para ir a reparar el cable con un cople ,2022-01-17 08:28:14,whatsapp_image_20220117_at_10.13.50_am.jpeg,0
QRdO9ciMjdNlQS8pIPhtOI8TBqG2,46,78,Solo se ha solicitado Kasperky\n,2022-01-17 08:31:15,NULL,0
QRdO9ciMjdNlQS8pIPhtOI8TBqG2,55,79,Adjunto Requisitos T\xe9cnicos para anexar a requisici\xf3n,2022-01-17 09:54:32,requisitos_tecnicos_servicio_de_alojamiento.docx,0
UFjoVzO6SLY5Akum3WFowdg2bWB3,85,80,"se reviso y estaba apagado el multicontactos del \xe1rea de logistica donde esta conectado, se le comento a los del area que no lo paguen aunque sea fin de semana.",2022-01-17 11:22:06,NULL,0
QRdO9ciMjdNlQS8pIPhtOI8TBqG2,83,81,"Gracias Iv\xe1n, si necesitas ma\xf1ana el taladro me avisas\n",2022-01-17 15:59:00,NULL,0
UFjoVzO6SLY5Akum3WFowdg2bWB3,91,82,Necesitamos los accesos al ap para poder cambiar la ip,2022-01-18 06:39:28,NULL,0
UFjoVzO6SLY5Akum3WFowdg2bWB3,74,83,"se tuvo re formatear la computadora, se instalan los programas y el res\npaldo hoy martes",2022-01-18 06:41:44,NULL,0
QRdO9ciMjdNlQS8pIPhtOI8TBqG2,93,84,"Adjunto el listado de correos actual, hay que eliminar los suspendidos",2022-01-18 07:04:56,lista_de_correos_2022.xlsx,0
QRdO9ciMjdNlQS8pIPhtOI8TBqG2,93,85,"Por ejemplo este, no debe ser anexado al listado de transparencia\n",2022-01-18 07:05:32,captura_de_pantalla_20220118_a_las_9.05.11.png,0
UFjoVzO6SLY5Akum3WFowdg2bWB3,93,86,Ya quedo listo y se env\xedo al correo del remitente,2022-01-18 11:25:53,NULL,0
UFjoVzO6SLY5Akum3WFowdg2bWB3,91,87,"Se instalo una ip fija en la mac nueva de dise\xf1o, estamos a la espera del switch\n",2022-01-18 11:26:36,NULL,0
UFjoVzO6SLY5Akum3WFowdg2bWB3,91,88,"Se instalo una ip fija en la mac nueva de dise\xf1o, estamos a la espera del switch\n\n",2022-01-18 11:26:36,NULL,0
UFjoVzO6SLY5Akum3WFowdg2bWB3,83,89,a la espera de que los de mantenimiento hagan el barreno,2022-01-18 11:27:07,NULL,0
UFjoVzO6SLY5Akum3WFowdg2bWB3,74,90,ya se le entrego el equipo junto con su informacion y se puso la impresora\n,2022-01-18 11:29:08,NULL,0
UFjoVzO6SLY5Akum3WFowdg2bWB3,94,91,Se volvio a poner la contrase\xf1a de wifi,2022-01-18 11:33:18,NULL,0
UFjoVzO6SLY5Akum3WFowdg2bWB3,94,92,tambien se solicito instalar la impresora en una laptop pero seguimos teniendo le problema con windows 10 y este modelo de impresora que no la reconoce\n,2022-01-18 11:34:06,NULL,0
UFjoVzO6SLY5Akum3WFowdg2bWB3,96,93,"las impresiones de credenciales est\xe1n saliendo en blanco, se reiniciaron todos los equipos para corregir ese error, parece que se satura la memoria ram de la impresora",2022-01-18 11:37:50,NULL,0
UFjoVzO6SLY5Akum3WFowdg2bWB3,97,94,Se realizo mediante Anydesk desactivando el windows defender en ambas computadoras para poder pasar el activador y no se reconozca como virus ,2022-01-18 11:47:16,NULL,0
QRdO9ciMjdNlQS8pIPhtOI8TBqG2,93,95,Gracias Iv\xe1n\n,2022-01-18 15:23:11,NULL,0
J2y9h2MqKvd1JTGbZBy0PtRmTZp2,8,96,\xbf\nque lugar respectivo tendra el sitio?,2022-01-18 19:39:56,NULL,0
UFjoVzO6SLY5Akum3WFowdg2bWB3,102,97,se reviso a trav\xe9s de anydesk y la fecha del reloj estaba atrasada,2022-01-20 06:22:52,NULL,0
UFjoVzO6SLY5Akum3WFowdg2bWB3,105,98,Se comenz\xf3 con el escaneo pero Saul el del servicio social se reporto enfermo hoy ,2022-01-20 08:47:13,NULL,0
UFjoVzO6SLY5Akum3WFowdg2bWB3,106,99,Se volvi\xf3 a ponchar el cable de red y se instalaron las impresoras de deportes y la epson m205,2022-01-20 08:49:12,NULL,0
QRdO9ciMjdNlQS8pIPhtOI8TBqG2,105,100,Enterado\n,2022-01-20 09:02:46,NULL,0
UFjoVzO6SLY5Akum3WFowdg2bWB3,112,101,Estaba apagado el no break,2022-01-21 12:07:47,NULL,0
UFjoVzO6SLY5Akum3WFowdg2bWB3,116,102,Le preste mi lap persona\xf1,2022-01-21 12:36:32,NULL,0
QRdO9ciMjdNlQS8pIPhtOI8TBqG2,120,103,https://docs.google.com/spreadsheets/d/1_B4clg7jjNKA5XNX0XfU1-o9WsXHQAQqX0xyo9pEsMo/edit\n,2022-01-24 11:16:57,NULL,0
QRdO9ciMjdNlQS8pIPhtOI8TBqG2,5,104,PILAR SOLICITA SERVICIO DE INTERNET PARA EXPO 21KGDL\n,2022-01-26 11:34:58,NULL,0
QRdO9ciMjdNlQS8pIPhtOI8TBqG2,5,105,"Marcos Hern\xe1ndez:\n\nBuen d\xeda, te env\xedo un saludo y a su vez deseo solicitarte seas tan amable de considerar para el \xe1rea de atenci\xf3n atletas elite en Expo Medio Marat\xf3n el siguiente equipo:\n\nLaptop con acceso a internet.- Se solicita el acceso a internet ya que es necesario acceder a los registros de World Athletics, Federaci\xf3n Mexicana de Asociaciones de Atletismo y descargar certificados de los atletas.\nMultifuncional para sacar copias e impresiones. (si el \xe1rea se encuentra en la misma \xe1rea de atletas clasificados, podr\xedamos compartir equipo sin problema).\n\nDe antemano agradezco tu apoyo.\n\nSaludos cordiales.\n\nBianca\n",2022-01-26 11:35:25,NULL,0
UFjoVzO6SLY5Akum3WFowdg2bWB3,105,106,Se continuo el d\xeda de hoy con el escaneo,2022-01-26 12:12:53,NULL,0
UFjoVzO6SLY5Akum3WFowdg2bWB3,143,107,aunque solo fueron 2 correos ven\xedan con bastante informaci\xf3n ,2022-01-26 12:15:48,NULL,0
UFjoVzO6SLY5Akum3WFowdg2bWB3,147,108,"Se cambio el puerto ip a la impresar por el 192.168.0.100, se recomienda urgente cambiar es impresora por una en red\n",2022-01-26 12:21:21,NULL,0
UFjoVzO6SLY5Akum3WFowdg2bWB3,148,109,"estaba mandando a otra impresora, aun as\xed tambi\xe9n se le apoyo para poner un cople y extender un poco mas su cable de red ",2022-01-26 12:23:06,NULL,0
QRdO9ciMjdNlQS8pIPhtOI8TBqG2,5,110,"Buen d\xeda Marcos, para hacerte la petici\xf3n de instalaci\xf3n y disponibilidad de internet inal\xe1mbrico en la expo del 21K Guadalajara los d\xedas viernes 18 y s\xe1bado 19 de febrero del presente a\xf1o.\n\nDicho servicio para atender la base de datos que se estar\xe1 llenando en tiempo real relacionando ""n\xfamero entregado - persona que recoge""\n\n\nSaludos, quedo al pendiente de tu amable respuesta.\n\n\nBenjam\xedn Monta\xf1o\nCoordinador Operativo V\xeda RecreActiva Guadalajara",2022-01-26 14:22:13,NULL,0
3mZNd5I4YUUIVBJtsET6lC8d2oz1,153,111,"No se pod\xeda por que n\xfamero de cuenta tenia un espacio despu\xe9s del dato, el c\xf3digo ya se hab\xeda modificado bien ayer.",2022-01-27 07:37:08,NULL,0
3mZNd5I4YUUIVBJtsET6lC8d2oz1,154,112,Ya qued\xf3 listo..\n,2022-01-27 08:00:30,NULL,0
3mZNd5I4YUUIVBJtsET6lC8d2oz1,154,113,adjunto los archivos editados\n,2022-01-27 08:00:38,NULL,0
3mZNd5I4YUUIVBJtsET6lC8d2oz1,154,114,"No se puede el php, se lo mando por whatsapp\n",2022-01-27 08:01:10,index.php,0
3mZNd5I4YUUIVBJtsET6lC8d2oz1,154,115,Si se pudo..\n,2022-01-27 08:01:25,NULL,0
3mZNd5I4YUUIVBJtsET6lC8d2oz1,154,116,la imagen,2022-01-27 08:01:45,tablaritmosdos.jpg,0
3mZNd5I4YUUIVBJtsET6lC8d2oz1,154,117,en imagenes\n,2022-01-27 08:01:55,NULL,0
3mZNd5I4YUUIVBJtsET6lC8d2oz1,154,118,y el estilo:\n,2022-01-27 08:02:03,NULL,0
3mZNd5I4YUUIVBJtsET6lC8d2oz1,154,119,el estilo\n,2022-01-27 08:02:19,estilo.css,0
3mZNd5I4YUUIVBJtsET6lC8d2oz1,154,120,"son los tres; El index, el estilo y la imagen en imagenes.\n",2022-01-27 08:02:50,NULL,0
3mZNd5I4YUUIVBJtsET6lC8d2oz1,154,121,Ya solo es s\nubirlo en l\xednea jefe..,2022-01-27 08:03:39,NULL,0
3mZNd5I4YUUIVBJtsET6lC8d2oz1,78,122,Ya qued\xf3 listo.\n,2022-01-27 11:30:56,NULL,0
QRdO9ciMjdNlQS8pIPhtOI8TBqG2,154,123,"Ok, gracias\n",2022-01-27 12:24:26,NULL,0
QRdO9ciMjdNlQS8pIPhtOI8TBqG2,5,124,Buen d\xeda\n\nSolicito por favor el apoyo para el \xe1rea de Jefatura de atenci\xf3n a Paratletas y Adulto Mayor\n\nConsistente en material de apoyo\n2 laptop\n1 impresora\n\nSi fuera posible del lunes 14 al s\xe1bado 19 de febrero de 2022 terminando la entrega de paquetes.\n\n\n\n\nDentro de la entrega de paquetes 18 y 19 de enero\n\nInternet disponible para ingresar \nConexi\xf3n a luz el\xe9ctrica y los cables necesarios para conectar los dispositivos\n\n\nAgradezco mucho su atenci\xf3n\n\n,2022-01-27 15:33:35,NULL,0
3mZNd5I4YUUIVBJtsET6lC8d2oz1,155,125,?\n,2022-01-28 10:15:04,NULL,0
QRdO9ciMjdNlQS8pIPhtOI8TBqG2,155,126,Adjunto la imagen que se tendr\xe1 que generar en el PDF\n,2022-01-28 11:57:39,reconocimiento_pdf.png,0
UFjoVzO6SLY5Akum3WFowdg2bWB3,161,127,"perfecto, me doy una vuelta para revisar la tarea\n",2022-01-31 06:47:14,NULL,0
3mZNd5I4YUUIVBJtsET6lC8d2oz1,155,128,en la matriz\n,2022-01-31 10:10:16,reconocimiento.php,0
3mZNd5I4YUUIVBJtsET6lC8d2oz1,155,129,javascript\n,2022-01-31 10:10:34,generareconocmiento.js,0
3mZNd5I4YUUIVBJtsET6lC8d2oz1,155,130,clases\n,2022-01-31 10:10:47,generarreconocimientomaraton.php,0
QRdO9ciMjdNlQS8pIPhtOI8TBqG2,162,131,Por este medio le saludo y al mismo tiempo le solicito el cambio de domicilio de la l\xednea telef\xf3nica e internet que estaba en monte parnaso 1451 al gimnasio de box que se ubica en calle monte everest sin n\xfamero esto para cubrir las necesidades del centro de informaci\xf3n que se encuentra en este espacio.\n\nSin m\xe1s por el momento me despido y quedo en espera de su amable respuesta\n,2022-01-31 10:48:28,NULL,0
UFjoVzO6SLY5Akum3WFowdg2bWB3,161,132,Se comparti\xf3 la carpeta en los 3 equipos y se volvi\xf3 a configurar la impresora,2022-01-31 12:20:24,NULL,0
QRdO9ciMjdNlQS8pIPhtOI8TBqG2,162,133,"Me lleg\xf3 este mensaje hoy, creo que es lo mismo, es para retroalimentaci\xf3n\n",2022-02-01 11:16:51,captura_de_pantalla_20220201_a_las_13.15.24.png,0
UFjoVzO6SLY5Akum3WFowdg2bWB3,162,134,"ya esta en proceso, le envie los datos al gestor de telmex\n",2022-02-01 11:44:04,NULL,0
QRdO9ciMjdNlQS8pIPhtOI8TBqG2,162,135,Gracias\n,2022-02-01 11:45:45,NULL,0
UFjoVzO6SLY5Akum3WFowdg2bWB3,170,136,"ya se reviso y por error reiniciaron de fabrica el router, se volvio a configurar con los datos de comudemantenimiento\n",2022-02-01 11:56:07,NULL,0
QRdO9ciMjdNlQS8pIPhtOI8TBqG2,5,137,"Buenas tardes!\n\nTe saludo Marcos y solicito el siguiente material que se requiere para la Jefatura de Protecci\xf3n Civil del Medio Marat\xf3n Guadalajara 2022:\n1 laptop\n1 impresora\n Servicio de internet en el centro de mando, ubicado en las oficinas superiores de los Arcos de Vallarta.\nEl material se requiere para operar el 20 de febrero a partir de las 05:00 horas. Por lo que busco la posibilidad de recibir dicho equipo el viernes o s\xe1bado anterior.\n\nAgradezco tu atenci\xf3n y quedo a la orden.\n",2022-02-01 14:36:35,NULL,0
QRdO9ciMjdNlQS8pIPhtOI8TBqG2,170,138,"Por error, si claro jajaja",2022-02-01 15:35:25,NULL,0
UFjoVzO6SLY5Akum3WFowdg2bWB3,174,139,"Se reviso y el cable estaba trozado, se puso cable nuevo desde el switch hasta su computadora con cinchos y grapas para cable",2022-02-02 10:39:32,NULL,0
UFjoVzO6SLY5Akum3WFowdg2bWB3,186,140,"ya se paso al disco duro, son como 15 gb, ma\xf1ana temprano lo dejo pasando.\n",2022-02-03 12:06:40,NULL,0
QRdO9ciMjdNlQS8pIPhtOI8TBqG2,186,141,Gracias\n,2022-02-03 12:07:13,NULL,0
UFjoVzO6SLY5Akum3WFowdg2bWB3,187,142,Estaba apagado el switch\n,2022-02-03 12:07:37,NULL,0
UFjoVzO6SLY5Akum3WFowdg2bWB3,186,143,"ya se esta pasando, lleva 40%\n",2022-02-04 07:34:13,NULL,0
UFjoVzO6SLY5Akum3WFowdg2bWB3,162,144,se ingresa con caso 15751667 si no existe ningun detalle se instala la siguiente semana.\n,2022-02-04 07:35:03,NULL,0
UFjoVzO6SLY5Akum3WFowdg2bWB3,193,145,Se comenz\xf3 con el procedimiento ,2022-02-04 11:35:25,NULL,0
QRdO9ciMjdNlQS8pIPhtOI8TBqG2,193,146,"Excelente, gracias",2022-02-04 11:53:46,NULL,0
QRdO9ciMjdNlQS8pIPhtOI8TBqG2,162,147,Enterado,2022-02-04 11:54:40,NULL,0
N7vKJbcVdQMeGXnT3RI0yPvtAY63,4,148,hola\n,2022-02-04 15:39:21,NULL,0
N7vKJbcVdQMeGXnT3RI0yPvtAY63,4,149,hola,2022-02-04 15:39:30,NULL,0
QRdO9ciMjdNlQS8pIPhtOI8TBqG2,195,150,Adjunto ambos archivos\n,2022-02-08 07:28:05,archivo.zip,0
UFjoVzO6SLY5Akum3WFowdg2bWB3,193,151,", se ingresa con caso 15756796\n",2022-02-08 07:35:30,NULL,0
UFjoVzO6SLY5Akum3WFowdg2bWB3,162,152,"me comento Armando que ya habian ido pero que no llevaban fibra \xf3ptica, as\xed que quedaron de regresar.",2022-02-08 07:36:15,NULL,0
UFjoVzO6SLY5Akum3WFowdg2bWB3,196,153,"No entend\xed\n muy bien la actividad, ya se hab\xeda llenado ese formato hace poco no?",2022-02-08 08:11:01,NULL,0
QRdO9ciMjdNlQS8pIPhtOI8TBqG2,5,154,- 1 Lap-top \n-  Acceso a internet para el 21k GDL 2022 el d\xeda 20 de febrero en el \xe1rea de Sistematizaci\xf3n de Experiencias ubicado en Salida y Meta de dicho evento. \nDicho internet ser\xe1 utilizado en 2 computadoras y 2 celulares. \nEsto para poder llevar a cabo las actividades relacionadas a dicha Jefatura. \n\nSin m\xe1s por el momento quedo atenta para cualquier duda o comentario. \nSaludos y excelente d\xeda. \n,2022-02-08 09:32:52,NULL,0
QRdO9ciMjdNlQS8pIPhtOI8TBqG2,197,155,"- [ ] Realizar 3 colores para el Check de para pilar\n- [ ] Verde, doc completa\n- [ ] Amarillo se hace la prueba Covid\n- [ ] Todos en Rojo hasta que pilar los habilite\n- [ ] Rojo No cuenta con la documentaci\xf3n completa para entrega\n- [ ] Le lectura del c\xf3digo con benjam\xedn arroja 2 variantes el color y si ya fue canjeado el numero\n- [ ] La lectura con Ivette solo es para entregar la playera, marca entregada o no entregada\n- [ ] Control de Re asignar o desmarcar paquetes err\xf3neos\n- [ ] Marcado Autom\xe1ticamente entregado cuando es verde\n- [ ] Marcar desde el momento que se lee el c\xf3digo\n- [ ] Estrategia de Cortesias con Adrian Soria\n",2022-02-08 12:08:03,NULL,0
RDOE3hekuqU4NWny6VLRHFcJnSj2,128,156,Por el costo se va a solicitar el pago por fondo revolvente,2022-02-08 12:23:08,NULL,0
UFjoVzO6SLY5Akum3WFowdg2bWB3,198,157,de que area es ella?\n,2022-02-09 07:26:10,NULL,0
UFjoVzO6SLY5Akum3WFowdg2bWB3,128,158,en cuanto tengas el recurso nos dices para gestionar un veh\xedculo\n e ir a comprarlo a digitalife. ,2022-02-09 07:27:46,NULL,0
RDOE3hekuqU4NWny6VLRHFcJnSj2,128,159,No se comprar\xe1 con fondo porque  requerimos una m\xe1s grande y cuesta m\xe1s cara gracias ,2022-02-09 07:37:51,NULL,0
UFjoVzO6SLY5Akum3WFowdg2bWB3,198,160,"se activo el office y se limpio el mouse y ya funciona, de hecho el mouse es de Chely Loera\n",2022-02-09 08:49:33,NULL,0
UFjoVzO6SLY5Akum3WFowdg2bWB3,201,161,"Ya se gestionaron y se tienen las cartas poder, asi como los documentos de acreditaci\xf3n del ingeniero Dagoberto, tambi\xe9n se fue a la sucursal de Megacable a dar de baja el servicio pero no se pudo por falta de pago del mes de febrero en su lugar los d\xedas correspondientes al mes ",2022-02-09 09:51:57,NULL,0
UFjoVzO6SLY5Akum3WFowdg2bWB3,202,162,"ya se tiene la carta poder, hace falta que se vea relejado el pago para comenzar el tramite\n",2022-02-09 11:57:27,NULL,0
QRdO9ciMjdNlQS8pIPhtOI8TBqG2,207,163,Adjunto la tabla de corredores para pruebas,2022-02-10 10:26:19,table_corredores.zip,0
UFjoVzO6SLY5Akum3WFowdg2bWB3,202,164,"el tema paso al \xe1rea de jur\xeddico\n debido a que el representante legal de ese tiempo era Luis Fernando Ortega y ellos tomaran cartas en el asunto, cierro tarea hasta nuevo aviso, peor de los casos solo se dejara de pagar.",2022-02-10 10:44:48,NULL,0
UFjoVzO6SLY5Akum3WFowdg2bWB3,202,165,"el tema paso al \xe1rea de jur\xeddico\n\n debido a que el representante legal de ese tiempo era Luis Fernando Ortega y ellos tomaran cartas en el asunto, cierro tarea hasta nuevo aviso, peor de los casos solo se dejara de pagar.",2022-02-10 10:44:49,NULL,0
UFjoVzO6SLY5Akum3WFowdg2bWB3,212,166,se pusieron cinchos nuevos as\xed como cintra gris para que no se vuelvan a caer ,2022-02-10 11:35:17,NULL,0
QRdO9ciMjdNlQS8pIPhtOI8TBqG2,196,167,Listado de deportes\n,2022-02-10 11:39:38,usuarios_comudeguadalajara.gob.mx.xlsx,0
QRdO9ciMjdNlQS8pIPhtOI8TBqG2,196,168,Listado 2 de deportes\n,2022-02-10 11:39:51,usuarios_deportesguadalajara.gob.mx.xlsx,0
UFjoVzO6SLY5Akum3WFowdg2bWB3,213,169,se recabaron las firmas de Junia y Gaby,2022-02-10 11:43:02,NULL,0
UFjoVzO6SLY5Akum3WFowdg2bWB3,214,170,se paso el cable y se volvio a ponchar,2022-02-10 11:45:50,NULL,0
UFjoVzO6SLY5Akum3WFowdg2bWB3,215,171,"esta en el almacen de baja, ma\xf1ana iremos a buscarla con ivette a las 9:30 am\n",2022-02-10 11:47:40,NULL,0
UFjoVzO6SLY5Akum3WFowdg2bWB3,196,172,"Listo ya se lo envi\xe9, se agregaron 4 personas al listado, cierro tarea\n",2022-02-10 12:26:57,NULL,0
UFjoVzO6SLY5Akum3WFowdg2bWB3,215,173,"ya fui al almac\xe9n y encontr\xe9 la impresora, cabe mencionar que tuve que pedir veh\xedculo, no encontr\xe9\n el cargador pero el de las impresoras que tenemos le sirve ",2022-02-11 09:43:01,NULL,0
UFjoVzO6SLY5Akum3WFowdg2bWB3,219,174,"se desactivo el micr\xf3fono desde la configuraci\xf3n del driver de instalaci\xf3n, algo poco com\xfan. los niveles de audio del micr\xf3fono\n, para futuras referencias ",2022-02-11 09:52:19,NULL,0
UFjoVzO6SLY5Akum3WFowdg2bWB3,222,175,"ya esta en git las actualizaciones, espero confirmaci\xf3n en linea\n para cerrar la tarea ",2022-02-11 09:57:04,NULL,0
UFjoVzO6SLY5Akum3WFowdg2bWB3,193,176,ya fueron los de Telmex pero Bere pidi\xf3 el d\xeda y reagendaron para el lunes 14,2022-02-11 09:57:55,NULL,0
UFjoVzO6SLY5Akum3WFowdg2bWB3,162,177,continua la espera por parte de Telmex a la cuadrilla que instala la fibra \xf3ptica\n ,2022-02-11 09:58:43,NULL,0
UFjoVzO6SLY5Akum3WFowdg2bWB3,162,178,segun arturo Leon se puso fecha para la proxima semana por que son de 3 a 7 dias \n,2022-02-11 09:59:08,NULL,0
QRdO9ciMjdNlQS8pIPhtOI8TBqG2,224,179,"Se llev\xf3 a cabo la comunicaci\xf3n con Elsa encargada del depto de comunicaci\xf3n, ya tiene presente la solicitud, adicionalmente se tiene el contacto de pablo amarillos de Megacanal para gestionar la sede del streaming el d\xeda del evento\n",2022-02-11 14:41:04,NULL,0
QRdO9ciMjdNlQS8pIPhtOI8TBqG2,222,180,"Publicadas, concluyo tarea\n",2022-02-11 14:43:33,NULL,0
QRdO9ciMjdNlQS8pIPhtOI8TBqG2,207,181,"Ya revis\xe9 el gestor de QR, favor de realizar un formulario de registro que solicite lo siguiente: Nombre, Numero y genere a la vez una cadena verificadora de 6 digitos para impresi\xf3n del QR, una vez generado el registro se pueda imprimir de inmediato\n",2022-02-11 14:44:49,NULL,0
QRdO9ciMjdNlQS8pIPhtOI8TBqG2,193,182,"Que tal, luego se queja de que su internet est\xe1 lento! \n",2022-02-11 14:45:27,NULL,0
QRdO9ciMjdNlQS8pIPhtOI8TBqG2,128,183,"Excelente a los dos, muchas gracias\n",2022-02-11 14:45:52,NULL,0
QRdO9ciMjdNlQS8pIPhtOI8TBqG2,61,184,Saben algo de este tema? ya se adquiri\xf3 el equipo para cablear el depto de imagen?\n,2022-02-11 14:46:29,NULL,0
QRdO9ciMjdNlQS8pIPhtOI8TBqG2,46,185,Ya se adquirieron las licencias de Kaspersky\n,2022-02-11 14:47:00,NULL,0
QRdO9ciMjdNlQS8pIPhtOI8TBqG2,225,186,      NCQ74-X1GBW-58Y8H-K6JDG\n\nFZRGW-1YZ6M-PMC3N-4AT2N\n9HSEJ-Y5MND-5VEK1-EC28Y\nCR73T-54J14-GM6BG-DT63P\n2SEXK-WGEMB-P3P6P-QQ4Z4\nJT5V9-J2S5T-P9RQS-NP55W\n77678-FF3NT-UK8SN-GEHGW\nD9824-Q8KD6-JV7F5-WY4HJ\n4MNX7-B16NE-K8417-9SK7Y\n8J4WT-XYJT4-SC7WA-PT2E4\n,2022-02-11 14:57:47,NULL,0
QRdO9ciMjdNlQS8pIPhtOI8TBqG2,225,187,Favor de ser discretos con el uso de las licencias y colocarlas en equipos oficiales \xfanicamente\n,2022-02-11 14:58:08,NULL,0
QRdO9ciMjdNlQS8pIPhtOI8TBqG2,5,188,"Buen d\xeda.\nSolicitamos el servicio de internet durante los dos d\xedas de la Expo Deportiva 21K Guadalajara en el Poliderpotiivo \xc1vila Camacho, ya que tenemos que realizar las siguientes actividades:\nEnv\xedo de materiales a los medios de comunicaci\xf3n de productos como:\nVideos memoria, fotograf\xedas, audios.\nAdem\xe1s de la publicaci\xf3n en nuestras redes sociales del material como videos y galer\xeda de fotos.\nEstas actividades se realizan todo el d\xeda, tambi\xe9n tomando en cuenta la llegada de personalidades que se deben de entrevistar, editar y enviar estos videos.\nGracias, quedamos a sus \xf3rdenes.\nComunicaci\xf3n Social Comude.\n",2022-02-14 07:52:52,NULL,0
UFjoVzO6SLY5Akum3WFowdg2bWB3,225,189,Es la de Karspersky?\n,2022-02-14 07:53:52,NULL,0
UFjoVzO6SLY5Akum3WFowdg2bWB3,225,190,no te mandaron el archivo llave?\n,2022-02-14 07:54:10,NULL,0
3mZNd5I4YUUIVBJtsET6lC8d2oz1,228,191,"Falta actualizar el otro equipo, solo estoy a la espera de la autorizaci\xf3n de la se\xf1orita que est\xe1 all\xed..\n",2022-02-14 09:16:25,NULL,0
UFjoVzO6SLY5Akum3WFowdg2bWB3,225,192,"ya cale todos los codigos para activar el producto y me marca error, no tendras el archivo llave? \n",2022-02-14 11:45:59,NULL,0
RDOE3hekuqU4NWny6VLRHFcJnSj2,137,193,Hoy es \xfaltimo d\xeda para presentarlas en f\xedsico ,2022-02-14 11:46:49,NULL,0
RDOE3hekuqU4NWny6VLRHFcJnSj2,129,194,Ya qued\xf3 cancelada ,2022-02-14 11:47:37,NULL,0
UFjoVzO6SLY5Akum3WFowdg2bWB3,233,195,"ya quedo lista la instalaci\xf3n\n de la fibra, falta poner la roseta y la entrega del jumper junto con datos de ip ",2022-02-14 11:54:02,NULL,0
QRdO9ciMjdNlQS8pIPhtOI8TBqG2,225,196,Adjunto la ficha t\xe9cnica,2022-02-14 16:21:59,certificado_licencias_kaspersky.png,0
RDOE3hekuqU4NWny6VLRHFcJnSj2,5,197,Se agrega 1 multifuncional para el \xe1rea de Hospedaje a partir del 16-20 Febrero se requiere en el Hotel Fiesta Americana ,2022-02-15 11:12:34,NULL,0
QRdO9ciMjdNlQS8pIPhtOI8TBqG2,207,198,"Tabla final, solo estructura",2022-02-16 07:44:20,table_corredores_2.sql.zip,0
qyFa887PmIOW6Vcbj03BpICsmSt1,57,199,"Hola, los MAINS correspondientes, a d\xf3nde se enviaron? Saludos, Tengo Splash Screen, Pantalla de bienvenida y paleta de feel and look de la plataforma. Solo para aprobaci\xf3n de paleta de colores y de la propuesta gr\xe1fica.\n",2022-02-16 10:11:39,NULL,0
N7vKJbcVdQMeGXnT3RI0yPvtAY63,4,200,Hola,2022-02-16 12:10:56,NULL,0
N7vKJbcVdQMeGXnT3RI0yPvtAY63,4,201,Bfofnfn,2022-02-16 12:11:02,NULL,0
UFjoVzO6SLY5Akum3WFowdg2bWB3,242,202,"ya esta en el git la informaci\xf3n\n, a la espera de que me confirmes para responder los correos. ",2022-02-17 07:11:11,NULL,0
QRdO9ciMjdNlQS8pIPhtOI8TBqG2,242,203,Actualizado,2022-02-17 08:25:24,NULL,0
RDOE3hekuqU4NWny6VLRHFcJnSj2,138,204,El veh\xedculo lo entregan a partir del viernes todav\xeda no saben ka hora exacta pero quedaron en avisar en cuanto lo tengan ,2022-02-17 11:44:37,NULL,0
N7vKJbcVdQMeGXnT3RI0yPvtAY63,243,205,Inicio de Capacitaciones\n,2022-02-21 16:35:15,NULL,0
uS3UQrx5GyVsuijSsUon5fmortm2,243,206,Lista con la presentaci\xf3n y el manual\n,2022-02-21 16:42:27,NULL,0
uS3UQrx5GyVsuijSsUon5fmortm2,243,207,Viendo los horarios de las Capacitaciones\n,2022-02-21 16:42:54,NULL,0
N7vKJbcVdQMeGXnT3RI0yPvtAY63,243,208,perfecto\n,2022-02-21 16:43:09,NULL,0
uS3UQrx5GyVsuijSsUon5fmortm2,243,209,ok\n,2022-02-21 17:30:49,NULL,0
UFjoVzO6SLY5Akum3WFowdg2bWB3,201,210,"el tema paso al area de administrativo, se debe pagar un acces point de 700 pesos que se contrato desde el inicio y no se puede dar de baja debido a que no facturan ese dinero\n",2022-02-22 07:28:46,NULL,0
UFjoVzO6SLY5Akum3WFowdg2bWB3,201,211,"cierro tarea hasta nuevo aviso de administrativo, lo mas seguro es que solo se deje de pagar\n",2022-02-22 07:29:05,NULL,0
QRdO9ciMjdNlQS8pIPhtOI8TBqG2,57,212,"Te los adjunto nuevamente por aqu\xed, saludos",2022-02-23 07:36:52,mainspropuesta.zip,0
UFjoVzO6SLY5Akum3WFowdg2bWB3,254,213,se instalado con ayuda del personal de mantenimiento el nuevo cable \n,2022-02-23 10:29:25,NULL,0
UFjoVzO6SLY5Akum3WFowdg2bWB3,260,214,"Nota me tomo mas de una hora y media la revision, estaba checando quien tomo un cargador turbo power de su lugar\n",2022-02-24 07:12:24,NULL,0
QRdO9ciMjdNlQS8pIPhtOI8TBqG2,265,215,Adjunto ejemplo,2022-02-25 09:07:32,captura_de_pantalla_20220225_a_las_11.07.12.png,0
QRdO9ciMjdNlQS8pIPhtOI8TBqG2,267,216,Adjunto listado,2022-02-25 09:12:29,horarios_liga_infantil.xlsx,0
UFjoVzO6SLY5Akum3WFowdg2bWB3,266,217,esta actividad hace referencia a los equipos nuevo que van a llegar?\n,2022-02-25 09:20:08,NULL,0
3mZNd5I4YUUIVBJtsET6lC8d2oz1,267,218,"Listo jefe, solo avisarle que los datos es de baloncesto...\n",2022-02-28 09:56:28,NULL,0
UFjoVzO6SLY5Akum3WFowdg2bWB3,270,219,se pagaron 2000 de la reposici\xf3n de un cable modem ,2022-03-01 06:24:06,NULL,0
UFjoVzO6SLY5Akum3WFowdg2bWB3,271,220,"Se descompuso el sistema operativo, aunque esa computadora tenia widnows xp\n",2022-03-01 06:31:58,NULL,0
UFjoVzO6SLY5Akum3WFowdg2bWB3,272,221,se pagaron 700 pesos de un acces point\n,2022-03-01 06:33:19,NULL,0
UFjoVzO6SLY5Akum3WFowdg2bWB3,273,222,se uso hiren`s\n,2022-03-01 06:35:10,NULL,0
UFjoVzO6SLY5Akum3WFowdg2bWB3,274,223,se solicito vehiculo y se entregaron las playeas a Jazhiel de Megacable\n,2022-03-01 06:48:31,NULL,0
UFjoVzO6SLY5Akum3WFowdg2bWB3,275,224,se desarmo el equipo para restear la bateria por que no detectaba el cargador \n,2022-03-01 06:55:59,NULL,0
UFjoVzO6SLY5Akum3WFowdg2bWB3,162,225,"Listo, ya quedo el cambio al 1 de marzo de 2022 cierro tarea\n",2022-03-01 10:30:11,NULL,0
QRdO9ciMjdNlQS8pIPhtOI8TBqG2,266,226,Afirma,2022-03-01 12:01:53,NULL,0
UFjoVzO6SLY5Akum3WFowdg2bWB3,283,227,numero de reporte 8882072\n,2022-03-02 10:18:35,NULL,0
UFjoVzO6SLY5Akum3WFowdg2bWB3,285,228,volvieron a dar el folio 8882072\n,2022-03-02 10:24:04,NULL,0
UFjoVzO6SLY5Akum3WFowdg2bWB3,287,229,"se entrego el respaldo a Mayra, quedamos a la espera de que revisen y autoricen su formateo\n",2022-03-02 10:40:21,NULL,0
UFjoVzO6SLY5Akum3WFowdg2bWB3,128,230,https://pcel.com/redes/ruteadores-para-cabledsl/TP-LINK-TL-ER7206-Ruteador-TP-LINK-TL-ER7206-4-puertos-Gigabit-Ethernet-1-SFP-Firewall-382872\n,2022-03-04 06:43:10,NULL,0
UFjoVzO6SLY5Akum3WFowdg2bWB3,128,231,"ese es router balanceador de carar, para que le des el visto bueno Marcos\n",2022-03-04 06:43:36,NULL,0
UFjoVzO6SLY5Akum3WFowdg2bWB3,291,232,se instalo en los equipos que estaban presentes y se retiro la epson m205 para reasignarse a Marcela Marchetti\n,2022-03-04 06:45:38,NULL,0
UFjoVzO6SLY5Akum3WFowdg2bWB3,294,233,"se saco el respaldo y ya firmo Jessy de conformidad, solo que no se ha podido poner el windows 7 debido a que solo soporta una version de 32 bits y lo estamos descargando\n",2022-03-04 06:56:35,NULL,0
UFjoVzO6SLY5Akum3WFowdg2bWB3,296,234,"Era el conector rj45 que va en la impresora, se cambio y listo\n",2022-03-04 07:22:51,NULL,0
UFjoVzO6SLY5Akum3WFowdg2bWB3,299,235,ya se instalo el windows\n,2022-03-04 07:27:08,NULL,0
QRdO9ciMjdNlQS8pIPhtOI8TBqG2,300,236, Crees que me puedas apoyar a prestar tu equipo personal?,2022-03-04 11:03:50,NULL,0
QRdO9ciMjdNlQS8pIPhtOI8TBqG2,300,237,Creo que en la semana nos entregar\xe1n equipo nuevo\n,2022-03-06 09:51:53,NULL,0
QRdO9ciMjdNlQS8pIPhtOI8TBqG2,300,238,"Bueno, ma\xf1ana nos organizamos\n",2022-03-06 09:53:18,NULL,0
QRdO9ciMjdNlQS8pIPhtOI8TBqG2,300,239,Gracias ,2022-03-06 13:07:12,NULL,0
QRdO9ciMjdNlQS8pIPhtOI8TBqG2,300,240,Doy por terminada esta actividad.\n,2022-03-07 07:17:35,NULL,0
QRdO9ciMjdNlQS8pIPhtOI8TBqG2,300,241,Finalizada\n,2022-03-07 07:20:36,NULL,0
UFjoVzO6SLY5Akum3WFowdg2bWB3,299,242,ya se instalo todo y se puso el equipo en su lugar con confirguracion de impresora\n,2022-03-07 08:43:44,NULL,0
UFjoVzO6SLY5Akum3WFowdg2bWB3,294,243,siguen instalandose las actualizaciones\n,2022-03-07 08:44:04,NULL,0
QRdO9ciMjdNlQS8pIPhtOI8TBqG2,302,244,??\n,2022-03-07 09:39:09,NULL,0
QRdO9ciMjdNlQS8pIPhtOI8TBqG2,302,245,Esta convocatoria es del T21?\n,2022-03-07 09:43:35,NULL,0
MvLtcrvd0lOUYkPR67q3Vri0h9x2,305,246,Revisi\xf3n de temperaturas ,2022-03-07 10:27:53,NULL,0
MvLtcrvd0lOUYkPR67q3Vri0h9x2,305,247,Revisi\xf3n de temperaturas ,2022-03-07 10:28:15,NULL,0
vPm98zkJtkXOV84a3SugEslbtkO2,306,248,Veroo,2022-03-07 10:33:40,NULL,0
L0mB1f6WkJhpUihSGNBMuveUQy92,305,249,Enterado ,2022-03-07 10:34:50,NULL,0
G8iag47dE2eF8cGv3aOc1xAKwfp2,305,250,Gracias ,2022-03-07 10:36:25,NULL,0
I8PsAjRWCIeM95Gwy0OozTcixbp1,305,251,28\xb0 y subiendo\n,2022-03-07 10:40:00,NULL,0
QRdO9ciMjdNlQS8pIPhtOI8TBqG2,302,258,..\n,2022-03-07 12:36:19,NULL,0
qFRhreByg2PHq8p8nPtGemHrS5v2,307,259,No manches\n,2022-03-07 12:40:07,NULL,0
QRdO9ciMjdNlQS8pIPhtOI8TBqG2,307,260,Quien?\n,2022-03-07 12:40:33,NULL,0
qFRhreByg2PHq8p8nPtGemHrS5v2,307,261,Quien que?\n,2022-03-07 12:41:40,NULL,0
QRdO9ciMjdNlQS8pIPhtOI8TBqG2,307,262,Wow\n,2022-03-07 12:42:04,NULL,0
qFRhreByg2PHq8p8nPtGemHrS5v2,307,263,Wow que?\n,2022-03-07 12:44:28,NULL,0
QRdO9ciMjdNlQS8pIPhtOI8TBqG2,307,264,No se\n,2022-03-07 12:44:44,NULL,0
3mZNd5I4YUUIVBJtsET6lC8d2oz1,265,265,Ok.\n,2022-03-07 12:46:03,NULL,0
QRdO9ciMjdNlQS8pIPhtOI8TBqG2,265,266,Gracias\n,2022-03-07 12:47:01,NULL,0
QRdO9ciMjdNlQS8pIPhtOI8TBqG2,265,267,Gracias por todo\n,2022-03-07 12:48:35,NULL,0
QRdO9ciMjdNlQS8pIPhtOI8TBqG2,307,268,Hola,2022-03-07 13:26:38,NULL,0
QRdO9ciMjdNlQS8pIPhtOI8TBqG2,307,269,Hellow,2022-03-07 13:34:07,NULL,0
QRdO9ciMjdNlQS8pIPhtOI8TBqG2,307,270,Goddbay,2022-03-07 13:34:24,NULL,0
qFRhreByg2PHq8p8nPtGemHrS5v2,307,271,hellow\n,2022-03-07 14:11:42,NULL,0
QRdO9ciMjdNlQS8pIPhtOI8TBqG2,307,272,No wey,2022-03-07 14:12:26,NULL,0
QRdO9ciMjdNlQS8pIPhtOI8TBqG2,294,273,Gracias Iv\xe1n\n,2022-03-07 14:56:08,NULL,0
QRdO9ciMjdNlQS8pIPhtOI8TBqG2,314,274,Gracias por el apoyo\n,2022-03-08 14:15:05,NULL,0
UFjoVzO6SLY5Akum3WFowdg2bWB3,320,275,"se da\xf1o la tarjeta de red de la impresora, van a poner una nueva impresora\n",2022-03-09 07:48:08,NULL,0
QRdO9ciMjdNlQS8pIPhtOI8TBqG2,302,276,...\n,2022-03-09 08:32:11,NULL,0
QRdO9ciMjdNlQS8pIPhtOI8TBqG2,302,277,...\n,2022-03-09 08:32:54,NULL,0
UFjoVzO6SLY5Akum3WFowdg2bWB3,225,278,"Se comenzo con el area de administrativo, cabe mencionar que hay que desinstalar la versi\xf3n\n anterior y poner una nueva",2022-03-09 08:36:00,NULL,0
QRdO9ciMjdNlQS8pIPhtOI8TBqG2,225,279,"Enterado, gracias\n",2022-03-09 08:38:08,NULL,0
QRdO9ciMjdNlQS8pIPhtOI8TBqG2,322,280,"Nachito se comunic\xf3 conmigo, requiere que le revisemos el equipo del m\xe9xico 68\n",2022-03-09 13:16:20,NULL,0
UFjoVzO6SLY5Akum3WFowdg2bWB3,322,281,Va\n,2022-03-09 13:17:38,NULL,0
N7vKJbcVdQMeGXnT3RI0yPvtAY63,323,282,Reportandome\n,2022-03-10 09:40:49,NULL,0
eC8sbYB3D4SwFFz9EjP6rweSZ3k2,323,283,Donde se realizar\xe1 la carga del documento?,2022-03-10 09:44:28,NULL,0
N7vKJbcVdQMeGXnT3RI0yPvtAY63,323,284,Adjuntar el documento aqui\n,2022-03-10 09:44:53,NULL,0
qg6MZoLR9geVyWXcPm3scXrp1Qe2,301,285,el agua la llevara el instituto de la mujer ,2022-03-12 13:03:55,NULL,0
QRdO9ciMjdNlQS8pIPhtOI8TBqG2,268,286,Agrego a Eugenia a la conversaci\xf3n para el seguimiento del tema\n,2022-03-14 11:16:45,NULL,0
QRdO9ciMjdNlQS8pIPhtOI8TBqG2,268,287,Si tienes dudas aqu\xed podemos ir resolviendo\n,2022-03-14 11:20:07,NULL,0
3mZNd5I4YUUIVBJtsET6lC8d2oz1,268,288,Gracias..\n,2022-03-14 11:22:39,NULL,0
QRdO9ciMjdNlQS8pIPhtOI8TBqG2,268,289,Gracias a ti\n,2022-03-14 11:23:57,NULL,0
QRdO9ciMjdNlQS8pIPhtOI8TBqG2,268,290,...\n,2022-03-14 11:25:02,NULL,0
QRdO9ciMjdNlQS8pIPhtOI8TBqG2,330,291,"Listo, favor de confirmar\n",2022-03-14 15:32:08,NULL,0
UFjoVzO6SLY5Akum3WFowdg2bWB3,330,292,Listo\n,2022-03-15 07:33:29,NULL,0
UFjoVzO6SLY5Akum3WFowdg2bWB3,322,293,"El viernes van a traer la computadora, es las todo en uno y se pone la pantalla en blanco y asi se queda\n",2022-03-15 07:37:18,NULL,0
UFjoVzO6SLY5Akum3WFowdg2bWB3,328,294,"No sabia que tenia equipo de aqui de comude, pense que eran personales la laptop que tiene\n",2022-03-15 07:37:51,NULL,0
UFjoVzO6SLY5Akum3WFowdg2bWB3,329,295,ella hara su respaldo y traera la computadora lista para formatear\n,2022-03-15 07:38:10,NULL,0
QRdO9ciMjdNlQS8pIPhtOI8TBqG2,329,296,ella hara su respaldo y traera la computadora lista para formatear\n\nEntendido\n,2022-03-15 08:20:34,NULL,0
QRdO9ciMjdNlQS8pIPhtOI8TBqG2,329,297,No se por que se repiti\xf3 el mensaje\n,2022-03-15 08:47:31,NULL,0
QRdO9ciMjdNlQS8pIPhtOI8TBqG2,334,298,Whattt?\n,2022-03-15 11:07:22,NULL,0
UFjoVzO6SLY5Akum3WFowdg2bWB3,334,299,Estoy subiendo las tareas que tenia sin apuntar jeje \n,2022-03-15 11:08:30,NULL,0
UFjoVzO6SLY5Akum3WFowdg2bWB3,329,300,"ya esta lista, se la asignaremos a aA\nndrea Navarro",2022-03-16 08:21:26,NULL,0
UFjoVzO6SLY5Akum3WFowdg2bWB3,328,301,Se solicito a Monica pedir recurso para comprar un ssd\n,2022-03-16 08:21:59,NULL,0
QRdO9ciMjdNlQS8pIPhtOI8TBqG2,328,302,"Va, ya me coment\xf3\n",2022-03-16 09:10:57,NULL,0
UFjoVzO6SLY5Akum3WFowdg2bWB3,225,303,Listado de los equipos en donde se ha instalado:\nADMINISTRATIVO\n1) Lulu - PC\n2) Gabriel - Laptop\n3) Mari - PC\n4) Hugo - PC\n5) Maru - PC administrativo\n6) PC- Compaq contable PC\n7) Juan Carlos - PC\n8) Jannnet - PC\n9) Eugenia - PC\n10) Desktop - BUBQE58 laptop Eugenia\n11) Paty - PC\n\nINGRESOS\n12) ingresos 03 - PC\n13) Desktop - CMBFUSI \x96 PC\n14) Mayra - PC\n15) Desktop \x96 AN2DAPE\n\nCOMPRAS\n\n16) Chely \x96 PC\n17) Lore - PC\n18) Desktop \x96 FP3R8BN PC\n19) Desktop \x96 1T410J3 PC\n20) Desktop \x96 76PIEN8V PC\n21) Isabel Rosales \x96 PC\n22) Ileana \x96 PC\n\nDEPORTES\n\n23) Desktop \x96 Q574LNV \x96 PC Vero\n24) Angelina - PC\n25) Deportes \x96 PC\n26) Marcos Esquivel \x96 PC\n27) Andrea Navarro Laptop Dell\n \nOTROS\n28) Ivan Informatica PC\n29) Laptop Nueva HP Angelica Alcala\n30) Laptop Nueva HP Ivette\n\n,2022-03-16 09:26:27,NULL,0
QRdO9ciMjdNlQS8pIPhtOI8TBqG2,328,304,En cuanto tengas el recurso para programar la compra\n,2022-03-16 10:33:15,NULL,0
UFjoVzO6SLY5Akum3WFowdg2bWB3,328,305,"Hola Moni, te agregamos a esta tarea para el seguimiento del recurso del disco duro para el director ejecutivo\n",2022-03-16 10:34:48,NULL,0
QRdO9ciMjdNlQS8pIPhtOI8TBqG2,328,306,Una vez teniendo el dinero hay que solicitar veh\xedculo pero todo esto para el d\xeda de ma\xf1ana\n,2022-03-16 11:56:32,NULL,0
QRdO9ciMjdNlQS8pIPhtOI8TBqG2,346,307,Adjunto los requerimientos t\xe9cnicos que nos hizo favor de enviar la gente de Santander,2022-03-16 12:25:44,requerimientos_tecnicos_web_y_app.pdf,0
QRdO9ciMjdNlQS8pIPhtOI8TBqG2,266,308,Que computadoras vamos entregando? me puedes apoyar a trav\xe9s de esta actividad ir detallando que computadoras vamos entregando?\n,2022-03-17 07:25:36,NULL,0
QRdO9ciMjdNlQS8pIPhtOI8TBqG2,225,309,Enterado\n,2022-03-17 07:26:00,NULL,0
UFjoVzO6SLY5Akum3WFowdg2bWB3,266,310,"de acuerdo, pensaba subir las actividades por separado\n",2022-03-17 07:32:02,NULL,0
UFjoVzO6SLY5Akum3WFowdg2bWB3,266,311,se configuro de inicio la laptop hp asignada para Angelica Alcala y la laptop anterior que tenia ella se formateo y se instalaron los programas y se le dio a Andrea Navarro\n,2022-03-17 07:33:01,NULL,0
UFjoVzO6SLY5Akum3WFowdg2bWB3,266,312,se configuro de inicio la laptop hp par ivette comude02 y se le entrego\n,2022-03-17 07:33:33,NULL,0
UFjoVzO6SLY5Akum3WFowdg2bWB3,266,313,se esta configurando la computadora hp all in one para Monica Ponce\n,2022-03-17 07:33:59,NULL,0
UFjoVzO6SLY5Akum3WFowdg2bWB3,266,314,y se configuro de inicio la laptop para Jazmin y se entrego a Ivete\n,2022-03-17 07:34:20,NULL,0
UFjoVzO6SLY5Akum3WFowdg2bWB3,266,315,configuracion de inicio para Luis Abrhaman y se le entrego a Ivette\n,2022-03-17 07:35:15,NULL,0
UFjoVzO6SLY5Akum3WFowdg2bWB3,266,316,"quiero mencionar que por configuracion de inicio se refiere a: encender la computadora y poner los datos basicos de inicio, quitar los programas de fabrica como, office en espa\xf1ol e ingles, one drive en espa\xf1ol e ingles, quitar el antivirus de fabrica, quitar mcafee avdisor, y se esta instalando el office 2016, adoble 2020 pro, antivirus karspesky, driver de impresora, google chrome, activar office. esto en las laptops. en el caso de las all in one es lo mismo solo que son mas lentas que las laptops, aunado a eso hay que actualizar los equipos a windows 11 por que vienen con windows 10 \n ",2022-03-17 07:39:03,NULL,0
UFjoVzO6SLY5Akum3WFowdg2bWB3,328,317,"ya se compro el disco duro, hoy queda ese tema listo\n",2022-03-17 07:41:10,NULL,0
xJMPojX2gQgVOJ4tiOXXW79SUi42,350,320,ya tienes la presentacion,2022-03-17 16:57:10,comudeprueba.xlsx,0
UFjoVzO6SLY5Akum3WFowdg2bWB3,322,399,Quedaron de traerlo el viernes y no lo trajeron\n,2022-03-22 07:51:19,NULL,0
UFjoVzO6SLY5Akum3WFowdg2bWB3,225,400,31) Luis Abraham hp laptop\n32) Monica hp all in one\n33) Jazm\xedn laptop hp nueva\n34) Aracely Contreras laptop hp nueva\n35) Itzuri Planeacion laptop hp nueva\n36) M\xf3nica all in one nueva\n37) Antonio Gallo laptop hp nueva\n38) Majo laptop hp nueva\n39) chivispc\n40) Isai Pc\n41) Lalo futbol pc\n42) Mario Guerrero PC\n43) Direccion General Desktop \x96 7MN08DU\n44) Direccion General Desktop \x96 K3TSK81\n45) Juridico Desktop \x96 71L9TNP \n46) Juridico Desktop \x96 5SPDNPL\n47) Juridico Desktop \x96 P5CAPV6 \n48) Juridico Desktop \x96 73UP69L \n49) Juridico ALE-PC \n50) Juridico Desktop \x96 GLPS89N\n\n,2022-03-22 07:57:39,NULL,0
UFjoVzO6SLY5Akum3WFowdg2bWB3,266,401,"Las 10 laptos ya estan confoguradas y entregadas a Ivette y estan proceso 4 pc, solo que traen windows 10 y se estan actualizando a 11 pero es tartado el proceso\n",2022-03-22 08:26:59,NULL,0
QRdO9ciMjdNlQS8pIPhtOI8TBqG2,322,402,Me podr\xedas ayudar a preguntar?\n,2022-03-22 08:51:15,NULL,0
UFjoVzO6SLY5Akum3WFowdg2bWB3,322,403,Si\n,2022-03-22 08:51:38,NULL,0
UFjoVzO6SLY5Akum3WFowdg2bWB3,322,404,Ya pregunte y que sigue llegando mucha gente a inscribirse y que si no podemos formatearla sin traernola y pues ya les comente que si necesitamos monitorearla y verla y me comentaron que ya no hace la falla\n,2022-03-22 09:02:46,NULL,0
UFjoVzO6SLY5Akum3WFowdg2bWB3,322,405,"me comenta que si vuelve a fallar se pone en contacto con nosotros, cierro la tarea\n",2022-03-22 09:04:25,NULL,0
UFjoVzO6SLY5Akum3WFowdg2bWB3,61,406,"quedaron de comprar el swicth a traves de fondo revolvente junto con un docking para un disco duro que quieren usar, les pase las especificaciones la semana pasada\n",2022-03-22 09:07:10,NULL,0
UFjoVzO6SLY5Akum3WFowdg2bWB3,61,407,En cuanto tengan el material les apoyamos con la instalacion\n,2022-03-22 09:07:47,NULL,0
UFjoVzO6SLY5Akum3WFowdg2bWB3,61,408,cable y conectores tenemos suficientes.\n,2022-03-22 09:08:01,NULL,0
QRdO9ciMjdNlQS8pIPhtOI8TBqG2,365,409,Adjunto aqu\xed el archivo para su seguimiento,2022-03-22 10:30:55,relacion_movimiento_equipo_de_computo.xlsx,0
UFjoVzO6SLY5Akum3WFowdg2bWB3,266,410,ya solo faltan 4 pc all in one las cuales se esta instalando windows 11\n,2022-03-23 07:27:06,NULL,0
UFjoVzO6SLY5Akum3WFowdg2bWB3,61,411,"actualizaci\xf3n\n de informaci\xf3n, el switch se comprara por requisici\xf3n ",2022-03-23 07:28:15,NULL,0
QRdO9ciMjdNlQS8pIPhtOI8TBqG2,379,412,Favor de solicitar con Laura el recibo de nuestra cuenta maestra de telmex para revisar el costo de todos nuestros servicios con esta compa\xf1\xeda ademas de los accesos a la plataforma SIANA para consultar nuestros servicios activos,2022-03-23 10:51:50,NULL,0
RDOE3hekuqU4NWny6VLRHFcJnSj2,379,413,En espec\xedfico es preguntar que opinan del servicio actual con el que contamos  tanto en telefon\xeda como en Internet?,2022-03-23 11:01:17,NULL,0
RDOE3hekuqU4NWny6VLRHFcJnSj2,379,414,Y en base a ello ver la posibilidad de un cambio a otra compa\xf1\xeda?,2022-03-23 11:02:10,NULL,0
RDOE3hekuqU4NWny6VLRHFcJnSj2,379,415,Te paso la factura ,2022-03-23 11:52:11,factura_telmex.pdf,0
RDOE3hekuqU4NWny6VLRHFcJnSj2,379,416,Los datos de las compa\xf1\xedas de telefon\xeda e internet,2022-03-23 11:54:17,screenshot_20220323125308_gmail.jpg,0
UFjoVzO6SLY5Akum3WFowdg2bWB3,225,417,51) Eblin PC HP all in one nueva\n52) Lety caja PC HP all in one nueva\n53) Anita caja PC HP all in one nueva\n54) Gaby Flores PC HP all in one nueva\n55) Dairio u69 PC HP all in one nueva\n56) Mali PC HP all in one nueva\n57) Fili Mexico 68 HP all in one nueva\n58) Laptop Lenovo Director Cesar Soltero\n\n,2022-03-23 12:57:19,NULL,0
QRdO9ciMjdNlQS8pIPhtOI8TBqG2,379,418,Tambi\xe9n necesitamos el usuario y contrase\xf1a del Siana\n,2022-03-23 15:56:25,NULL,0
QRdO9ciMjdNlQS8pIPhtOI8TBqG2,57,419,"Buenos d\xedas Elias, f\xedjate que los mains que me pasaste ya los completamos, ahora necesitamos los siguientes: Main activitie donde se muestren los principales programas del Comude actuales, tales como V\xeda RecreActiva, Muevete GDL, adicionalmente se muestren los eventos m\xe1s importantes que el Comude realizar\xe1 en la pr\xf3ximidad por ejemplo: Gran Giro, Carrera 5K etc. \n",2022-03-24 08:22:27,NULL,0
QRdO9ciMjdNlQS8pIPhtOI8TBqG2,57,420,"Main Activitie de Inscripciones a nuestros eventos deportivos: en este main podr\xe1s inscribirte inmediatamente al Gran Giro (De Pago), a una carrera 5K (Gratis), o realizar el pago de tu escuela deportiva\n ",2022-03-24 08:23:38,NULL,0
QRdO9ciMjdNlQS8pIPhtOI8TBqG2,57,421,"Main Activitie de ubicaciones, en este main puedes ver o buscar las unidades deportivas o centros de activaci\xf3n al aire libre de las actividades que desarroila el Comude, tambi\xe9n puedes buscar en la pr\xf3ximidad actividades de inter\xe9s, la idea principal es que el usuario pueda buscar por distancia o actividad f\xedsica en la pr\xf3ximidad de su ubicaci\xf3n nuestra oferta deportiva\n",2022-03-24 08:24:56,NULL,0
QRdO9ciMjdNlQS8pIPhtOI8TBqG2,57,422,"Main Activitie de noticias relevantes del deporte a nivel federal, estatal y las noticias propias generadas por nuestro departamento de comunicaci\xf3n, la idea de este main es tener informados a los usuarios de las Apps de las actividades deportivas y noticias generales del medio deportivo\n",2022-03-24 08:26:28,NULL,0
RDOE3hekuqU4NWny6VLRHFcJnSj2,61,423,"sigue pendiente la compra del switch, no se ha concretado porque solicitaron modificaciones en la requisici\xf3n adem\xe1s del formato previo a la requisici\xf3n y eso se ha llevado mucho m\xe1s tiempo del previsto.",2022-03-24 10:45:04,NULL,0
RDOE3hekuqU4NWny6VLRHFcJnSj2,128,424,ya est\xe1 todo el tr\xe1mite listo y entregado en el \xe1rea de adquisiciones,2022-03-24 10:45:58,NULL,0
RDOE3hekuqU4NWny6VLRHFcJnSj2,380,425,quedo a la espera del listado con los correos actuales ,2022-03-24 11:42:27,NULL,0
RDOE3hekuqU4NWny6VLRHFcJnSj2,380,426,mientras solicitar\xe9 organigrama actual,2022-03-24 11:42:45,NULL,0
QRdO9ciMjdNlQS8pIPhtOI8TBqG2,380,427,Lista de Correos comudeguadalajara.gob.mx\n,2022-03-24 11:51:16,comude_guadalajara.xlsx,0
QRdO9ciMjdNlQS8pIPhtOI8TBqG2,380,428,Lista de Correos deportesguadalajara.gob.mx\n,2022-03-24 11:51:32,deportes_guadalajara.xlsx,0
QRdO9ciMjdNlQS8pIPhtOI8TBqG2,380,429,Lista de Correos viarecreactiva.org\n,2022-03-24 11:51:45,via_recreactiva.xlsx,0
QRdO9ciMjdNlQS8pIPhtOI8TBqG2,380,430,Te adjunto el listado de personal actual para ir validando\n,2022-03-24 11:58:58,NULL,0
QRdO9ciMjdNlQS8pIPhtOI8TBqG2,380,431,Listado actual de personal del Comude,2022-03-24 12:09:29,base_directores_jefes_coordinadores_secretarias_y_aux_administrativos.xlsx,0
UFjoVzO6SLY5Akum3WFowdg2bWB3,266,432,ya se entregaron los 21 equipos a Ivette y ella a medida de su avance va entregando \n,2022-03-24 13:00:23,NULL,0
s0YN5VrdwtOqrUj0o4uVRSqBEAy1,383,433,Organizando todo para la Capacitacion\n,2022-03-25 03:03:31,NULL,0
QRdO9ciMjdNlQS8pIPhtOI8TBqG2,379,434,En esta actividad hay que solicitarle a Daniel Santana utilizar los servicios otorgados por metrocarrier en la unidad deportiva numero 7 y una vez realizada esta solicitud dar de baja los servicios de Telmex en dicha unidad para aprovechar el servicio otorgado de manera gratuita por parte del Ayuntamiento\n,2022-03-25 13:34:38,NULL,0
QRdO9ciMjdNlQS8pIPhtOI8TBqG2,379,435,\n,2022-03-25 13:48:39,NULL,0
RDOE3hekuqU4NWny6VLRHFcJnSj2,380,436,TE ANEXO EL DOCTO. CON EL AVANCE DE LOS CORREOS,2022-03-25 14:14:11,correos.comude_guadalajara.xlsx,0
RDOE3hekuqU4NWny6VLRHFcJnSj2,380,437,"EN EL LISTADO LOS MARCADOS EN AMARILLO SON LOS CORREOS ACTIVOS, ROJOS SON LAS BAJAS QUE HAY QUE REALIZAR, LOS MORADOS SON POSIBLES BAJAS Y LOS VERDES SON CORREOS NUEVOS POR ASIGNAR.",2022-03-25 14:16:14,NULL,0
QRdO9ciMjdNlQS8pIPhtOI8TBqG2,380,438,Gracias\n,2022-03-25 15:15:25,NULL,0

