idDepto,idDireccion,nombre
1,2,COORDINACI\xd3N DE ADQUISICIONES
2,3,COORDINACI\xd3N DE INGRESOS 
3,1,ORGANO INTERNO DE CONTROL 
4,4,MUEVETE GUADALAJARA
5,4,MACRO EVENTOS
6,4,JEFATURA DE ZONAS
7,2,VINCULACION CIUDADANA
8,4,JEFATURA DE BALLET
9,4,DEPORTE INCLUYENTE
10,4,VIA RECREACTIVA
11,1,COORDINACI\xd3N DE PROTOCOLO
12,2,COORDINACI\xd3N DE SERVICIOS MEDICOS Y PROTECCION CIVIL
13,1,JEFATURA DE JURIDICO
14,2,JEFATURA DE VINCULACION EMPRESARIAL 
15,2,JEFATURA DISE\xd1O E IMAGEN
16,1,JEFATURA DE ARCHIVO
17,3,COORDINACI\xd3N DE BIENES PATRIMONIALES
18,1,JEFATURA DE PLANEACI\xd3N Y EVALUACION DE PROYECTOS
19,2,COORDINACI\xd3N DE COMUNICACI\xd3N 
20,2,COORDINACI\xd3N DE LOGISTICA 
21,2,JEFATURA DE MANTEMINIENTO LIMPIEZA Y OBRA\xa0
22,3,JEFATURA DE ADMINISRACION INTERNA 
23,4,ESCUELAS DE INICIACI\xd3N DEPORTIVA
24,4,V\xcdNCULACI\xd3N CIUDADANA
25,4,LIGAS Y TORNEOS
26,2,COORDINACI\xd3N DE VEHICULOS

