idChat,uid_left,uid_right
1,QRdO9ciMjdNlQS8pIPhtOI8TBqG2,RDOE3hekuqU4NWny6VLRHFcJnSj2
2,3mZNd5I4YUUIVBJtsET6lC8d2oz1,QRdO9ciMjdNlQS8pIPhtOI8TBqG2
3,QRdO9ciMjdNlQS8pIPhtOI8TBqG2,UFjoVzO6SLY5Akum3WFowdg2bWB3
4,N7vKJbcVdQMeGXnT3RI0yPvtAY63,eC8sbYB3D4SwFFz9EjP6rweSZ3k2
5,N7vKJbcVdQMeGXnT3RI0yPvtAY63,J2y9h2MqKvd1JTGbZBy0PtRmTZp2
6,QRdO9ciMjdNlQS8pIPhtOI8TBqG2,WifkGkHeDneVU3Aq9Df7gUYEdk52
7,N7vKJbcVdQMeGXnT3RI0yPvtAY63,uS3UQrx5GyVsuijSsUon5fmortm2
9,QRdO9ciMjdNlQS8pIPhtOI8TBqG2,jQAKyMGYy3dc6TLaDCFnEUhESfn1
10,RDOE3hekuqU4NWny6VLRHFcJnSj2,WifkGkHeDneVU3Aq9Df7gUYEdk52
11,RDOE3hekuqU4NWny6VLRHFcJnSj2,eC8sbYB3D4SwFFz9EjP6rweSZ3k2
12,QRdO9ciMjdNlQS8pIPhtOI8TBqG2,J2y9h2MqKvd1JTGbZBy0PtRmTZp2
13,qg6MZoLR9geVyWXcPm3scXrp1Qe2,6dDxe1v4fRSAuh6AUItaS4sMo2x2
14,n0D6TUmAiGMb0GuwpFmNWJvkKv72,NkaVFmDaWac8RsrZ86djUMcKdYs2
15,PrARsohXdoSh5z6AVnO6zq8oaQG2,NkaVFmDaWac8RsrZ86djUMcKdYs2
16,PrARsohXdoSh5z6AVnO6zq8oaQG2,peVjqNCxxHPmYu1JEw8g7BMET982
17,qg6MZoLR9geVyWXcPm3scXrp1Qe2,NkaVFmDaWac8RsrZ86djUMcKdYs2
18,PrARsohXdoSh5z6AVnO6zq8oaQG2,nUdytrp3OUWpi1W6EUEMrVe420b2
19,wjEfzIno2QdPxLB2y7aAtzAKT9w2,jQAKyMGYy3dc6TLaDCFnEUhESfn1
20,NkaVFmDaWac8RsrZ86djUMcKdYs2,nUdytrp3OUWpi1W6EUEMrVe420b2
21,7KfiJmLzdNYMkImWWQT1Igwu4yk1,vPm98zkJtkXOV84a3SugEslbtkO2
22,hDaOeKhARQTejyMLqnuFOnjCs8Y2,vPm98zkJtkXOV84a3SugEslbtkO2
23,hDaOeKhARQTejyMLqnuFOnjCs8Y2,8hCcNIMqBcboQ1La0oxoHpavmZB2
24,8hCcNIMqBcboQ1La0oxoHpavmZB2,vPm98zkJtkXOV84a3SugEslbtkO2
25,G8iag47dE2eF8cGv3aOc1xAKwfp2,hDaOeKhARQTejyMLqnuFOnjCs8Y2
26,jGN0dLDxv3acw56RW0k2ZzVE39f1,iLHnxqoM3ZeqqdrCX0WClmPGxPq2
27,iLHnxqoM3ZeqqdrCX0WClmPGxPq2,cblX9TwTgPdVfSVGZsE9wrFG9Ci2
28,xvrMi2pvtwQt7FX5XpJrddNwQnp2,Eg29DS7XCtUq2trQSOPip0uqqwj1
29,ZD9CsRQ1IUPZGrVqIz6R3KMjvWw2,qGbMDCaZ08RmP7q0t6IiAjsmXT63
30,ZD9CsRQ1IUPZGrVqIz6R3KMjvWw2,7c19WMieCsXklZJhZWFCSDbxGI42
31,ZD9CsRQ1IUPZGrVqIz6R3KMjvWw2,c6iL32TTykTg0qYc2gdlRMNPa8J2
32,7c19WMieCsXklZJhZWFCSDbxGI42,jfkpgH21AbNenXI1cUR7te9W2l32
33,YyfbnvjiSEZ3HuKCj8M6AfQHVhq2,ZD9CsRQ1IUPZGrVqIz6R3KMjvWw2
34,YyfbnvjiSEZ3HuKCj8M6AfQHVhq2,qGbMDCaZ08RmP7q0t6IiAjsmXT63
35,qGbMDCaZ08RmP7q0t6IiAjsmXT63,c6iL32TTykTg0qYc2gdlRMNPa8J2
36,7c19WMieCsXklZJhZWFCSDbxGI42,qGbMDCaZ08RmP7q0t6IiAjsmXT63
37,xJMPojX2gQgVOJ4tiOXXW79SUi42,s0YN5VrdwtOqrUj0o4uVRSqBEAy1
38,Z1ESjo9VaxXXVQc5RuI1BmIxEyn1,jxNXNU6uq9XxJJKhshmdgigrkxa2

