uid,idChat,idTask,idNotificacion,unRead,notificacion
jQAKyMGYy3dc6TLaDCFnEUhESfn1,0,2,1,1,Nueva Tarea
QRdO9ciMjdNlQS8pIPhtOI8TBqG2,0,3,2,0,Nueva Tarea
N7vKJbcVdQMeGXnT3RI0yPvtAY63,0,3,3,0,Nueva Retroalimentaci\xf3n
jQAKyMGYy3dc6TLaDCFnEUhESfn1,0,3,4,1,Nueva Retroalimentaci\xf3n
J2y9h2MqKvd1JTGbZBy0PtRmTZp2,0,4,5,0,Nueva Tarea
N7vKJbcVdQMeGXnT3RI0yPvtAY63,0,4,6,0,Nueva Retroalimentaci\xf3n
J2y9h2MqKvd1JTGbZBy0PtRmTZp2,0,4,7,0,Nueva Retroalimentaci\xf3n
J2y9h2MqKvd1JTGbZBy0PtRmTZp2,0,4,8,0,Nueva Retroalimentaci\xf3n
<blank>,0,6,9,1,Nueva Tarea
J2y9h2MqKvd1JTGbZBy0PtRmTZp2,0,7,10,0,Nueva Tarea
J2y9h2MqKvd1JTGbZBy0PtRmTZp2,0,7,11,0,Nueva Retroalimentaci\xf3n
QRdO9ciMjdNlQS8pIPhtOI8TBqG2,0,3,12,0,Nueva Retroalimentaci\xf3n
jQAKyMGYy3dc6TLaDCFnEUhESfn1,0,3,13,1,Nueva Retroalimentaci\xf3n
J2y9h2MqKvd1JTGbZBy0PtRmTZp2,0,3,14,0,Nueva Retroalimentaci\xf3n
J2y9h2MqKvd1JTGbZBy0PtRmTZp2,0,9,15,0,Nueva Tarea
uS3UQrx5GyVsuijSsUon5fmortm2,0,10,16,1,Nueva Retroalimentaci\xf3n
eC8sbYB3D4SwFFz9EjP6rweSZ3k2,0,10,17,1,Nueva Retroalimentaci\xf3n
J2y9h2MqKvd1JTGbZBy0PtRmTZp2,0,10,18,1,Nueva Retroalimentaci\xf3n
N7vKJbcVdQMeGXnT3RI0yPvtAY63,0,10,19,1,Nueva Retroalimentaci\xf3n
eC8sbYB3D4SwFFz9EjP6rweSZ3k2,0,10,20,1,Nueva Retroalimentaci\xf3n
J2y9h2MqKvd1JTGbZBy0PtRmTZp2,0,10,21,1,Nueva Retroalimentaci\xf3n
uS3UQrx5GyVsuijSsUon5fmortm2,0,10,22,1,Nueva Retroalimentaci\xf3n
eC8sbYB3D4SwFFz9EjP6rweSZ3k2,0,10,23,1,Nueva Retroalimentaci\xf3n
J2y9h2MqKvd1JTGbZBy0PtRmTZp2,0,10,24,1,Nueva Retroalimentaci\xf3n
FbxjgjOMPLU5KpybHNEH14dMaIo1,0,11,25,1,Nueva Tarea
J2y9h2MqKvd1JTGbZBy0PtRmTZp2,0,14,26,1,Nueva Tarea
N7vKJbcVdQMeGXnT3RI0yPvtAY63,0,14,27,0,Nueva Retroalimentaci\xf3n
J2y9h2MqKvd1JTGbZBy0PtRmTZp2,0,14,28,0,Nueva Retroalimentaci\xf3n
QRdO9ciMjdNlQS8pIPhtOI8TBqG2,0,15,29,0,Nueva Tarea
3mZNd5I4YUUIVBJtsET6lC8d2oz1,0,15,30,0,Nueva Tarea
3mZNd5I4YUUIVBJtsET6lC8d2oz1,0,18,31,0,Nueva Tarea
UFjoVzO6SLY5Akum3WFowdg2bWB3,0,15,32,1,Nueva Retroalimentaci\xf3n
3mZNd5I4YUUIVBJtsET6lC8d2oz1,0,15,33,1,Nueva Retroalimentaci\xf3n
QRdO9ciMjdNlQS8pIPhtOI8TBqG2,0,20,34,0,Nueva Tarea
3mZNd5I4YUUIVBJtsET6lC8d2oz1,0,20,35,1,Nueva Tarea
QRdO9ciMjdNlQS8pIPhtOI8TBqG2,0,21,36,0,Nueva Tarea
3mZNd5I4YUUIVBJtsET6lC8d2oz1,0,21,37,1,Nueva Tarea
QRdO9ciMjdNlQS8pIPhtOI8TBqG2,0,22,38,0,Nueva Tarea
3mZNd5I4YUUIVBJtsET6lC8d2oz1,0,22,39,1,Nueva Tarea
QRdO9ciMjdNlQS8pIPhtOI8TBqG2,0,23,40,0,Nueva Tarea
3mZNd5I4YUUIVBJtsET6lC8d2oz1,0,23,41,1,Nueva Tarea
QRdO9ciMjdNlQS8pIPhtOI8TBqG2,0,24,42,0,Nueva Tarea
3mZNd5I4YUUIVBJtsET6lC8d2oz1,0,24,43,1,Nueva Tarea
QRdO9ciMjdNlQS8pIPhtOI8TBqG2,0,25,44,0,Nueva Tarea
3mZNd5I4YUUIVBJtsET6lC8d2oz1,0,25,45,1,Nueva Tarea
QRdO9ciMjdNlQS8pIPhtOI8TBqG2,0,26,46,0,Nueva Tarea
3mZNd5I4YUUIVBJtsET6lC8d2oz1,0,26,47,1,Nueva Tarea
QRdO9ciMjdNlQS8pIPhtOI8TBqG2,0,27,48,0,Nueva Tarea
3mZNd5I4YUUIVBJtsET6lC8d2oz1,0,27,49,1,Nueva Tarea
J2y9h2MqKvd1JTGbZBy0PtRmTZp2,0,29,50,1,Nueva Tarea
uS3UQrx5GyVsuijSsUon5fmortm2,0,29,51,1,Nueva Tarea
J2y9h2MqKvd1JTGbZBy0PtRmTZp2,0,29,52,1,Nueva Retroalimentaci\xf3n
uS3UQrx5GyVsuijSsUon5fmortm2,0,29,53,1,Nueva Retroalimentaci\xf3n
QRdO9ciMjdNlQS8pIPhtOI8TBqG2,0,31,54,0,Nueva Tarea
3mZNd5I4YUUIVBJtsET6lC8d2oz1,0,31,55,1,Nueva Tarea
QRdO9ciMjdNlQS8pIPhtOI8TBqG2,0,30,56,0,Nueva Retroalimentaci\xf3n
QRdO9ciMjdNlQS8pIPhtOI8TBqG2,0,30,57,0,Nueva Retroalimentaci\xf3n
QRdO9ciMjdNlQS8pIPhtOI8TBqG2,0,32,58,0,Nueva Tarea
3mZNd5I4YUUIVBJtsET6lC8d2oz1,0,32,59,1,Nueva Retroalimentaci\xf3n
3mZNd5I4YUUIVBJtsET6lC8d2oz1,0,32,60,1,Nueva Retroalimentaci\xf3n
QRdO9ciMjdNlQS8pIPhtOI8TBqG2,0,32,61,0,Nueva Retroalimentaci\xf3n
QRdO9ciMjdNlQS8pIPhtOI8TBqG2,0,33,62,0,Nueva Tarea
3mZNd5I4YUUIVBJtsET6lC8d2oz1,0,33,63,1,Nueva Tarea
QRdO9ciMjdNlQS8pIPhtOI8TBqG2,0,33,64,0,Nueva Retroalimentaci\xf3n
3mZNd5I4YUUIVBJtsET6lC8d2oz1,0,33,65,1,Nueva Retroalimentaci\xf3n
QRdO9ciMjdNlQS8pIPhtOI8TBqG2,0,34,66,0,Nueva Tarea
3mZNd5I4YUUIVBJtsET6lC8d2oz1,0,34,67,1,Nueva Tarea
QRdO9ciMjdNlQS8pIPhtOI8TBqG2,0,35,68,0,Nueva Tarea
3mZNd5I4YUUIVBJtsET6lC8d2oz1,0,35,69,1,Nueva Tarea
QRdO9ciMjdNlQS8pIPhtOI8TBqG2,0,36,70,0,Nueva Tarea
3mZNd5I4YUUIVBJtsET6lC8d2oz1,0,36,71,1,Nueva Tarea
QRdO9ciMjdNlQS8pIPhtOI8TBqG2,0,36,72,0,Nueva Retroalimentaci\xf3n
3mZNd5I4YUUIVBJtsET6lC8d2oz1,0,36,73,1,Nueva Retroalimentaci\xf3n
QRdO9ciMjdNlQS8pIPhtOI8TBqG2,0,37,74,0,Nueva Tarea
3mZNd5I4YUUIVBJtsET6lC8d2oz1,0,37,75,1,Nueva Tarea
QRdO9ciMjdNlQS8pIPhtOI8TBqG2,0,38,76,0,Nueva Tarea
3mZNd5I4YUUIVBJtsET6lC8d2oz1,0,38,77,1,Nueva Tarea
QRdO9ciMjdNlQS8pIPhtOI8TBqG2,0,39,78,0,Nueva Tarea
3mZNd5I4YUUIVBJtsET6lC8d2oz1,0,39,79,1,Nueva Tarea
QRdO9ciMjdNlQS8pIPhtOI8TBqG2,0,39,80,0,Nueva Retroalimentaci\xf3n
3mZNd5I4YUUIVBJtsET6lC8d2oz1,0,39,81,1,Nueva Retroalimentaci\xf3n
QRdO9ciMjdNlQS8pIPhtOI8TBqG2,0,40,82,0,Nueva Tarea
3mZNd5I4YUUIVBJtsET6lC8d2oz1,0,40,83,1,Nueva Tarea
UFjoVzO6SLY5Akum3WFowdg2bWB3,0,35,84,1,Nueva Retroalimentaci\xf3n
QRdO9ciMjdNlQS8pIPhtOI8TBqG2,0,35,85,0,Nueva Retroalimentaci\xf3n
QRdO9ciMjdNlQS8pIPhtOI8TBqG2,0,42,86,0,Nueva Tarea
3mZNd5I4YUUIVBJtsET6lC8d2oz1,0,42,87,1,Nueva Tarea
QRdO9ciMjdNlQS8pIPhtOI8TBqG2,0,42,88,0,Nueva Retroalimentaci\xf3n
3mZNd5I4YUUIVBJtsET6lC8d2oz1,0,42,89,1,Nueva Retroalimentaci\xf3n
QRdO9ciMjdNlQS8pIPhtOI8TBqG2,0,42,90,0,Nueva Retroalimentaci\xf3n
3mZNd5I4YUUIVBJtsET6lC8d2oz1,0,42,91,1,Nueva Retroalimentaci\xf3n
UFjoVzO6SLY5Akum3WFowdg2bWB3,0,42,92,1,Nueva Retroalimentaci\xf3n
3mZNd5I4YUUIVBJtsET6lC8d2oz1,0,42,93,1,Nueva Retroalimentaci\xf3n
QRdO9ciMjdNlQS8pIPhtOI8TBqG2,0,44,94,0,Nueva Tarea
3mZNd5I4YUUIVBJtsET6lC8d2oz1,0,44,95,1,Nueva Tarea
QRdO9ciMjdNlQS8pIPhtOI8TBqG2,0,41,96,0,Nueva Retroalimentaci\xf3n
QRdO9ciMjdNlQS8pIPhtOI8TBqG2,0,45,97,0,Nueva Tarea
3mZNd5I4YUUIVBJtsET6lC8d2oz1,0,45,98,1,Nueva Tarea
QRdO9ciMjdNlQS8pIPhtOI8TBqG2,0,47,99,0,Nueva Tarea
3mZNd5I4YUUIVBJtsET6lC8d2oz1,0,47,100,1,Nueva Tarea
QRdO9ciMjdNlQS8pIPhtOI8TBqG2,0,46,101,0,Nueva Retroalimentaci\xf3n
RDOE3hekuqU4NWny6VLRHFcJnSj2,0,46,102,0,Nueva Retroalimentaci\xf3n
QRdO9ciMjdNlQS8pIPhtOI8TBqG2,0,48,103,0,Nueva Tarea
QRdO9ciMjdNlQS8pIPhtOI8TBqG2,0,49,104,0,Nueva Tarea
3mZNd5I4YUUIVBJtsET6lC8d2oz1,0,49,105,1,Nueva Tarea
QRdO9ciMjdNlQS8pIPhtOI8TBqG2,0,50,106,0,Nueva Tarea
3mZNd5I4YUUIVBJtsET6lC8d2oz1,0,50,107,1,Nueva Tarea
QRdO9ciMjdNlQS8pIPhtOI8TBqG2,0,51,108,0,Nueva Tarea
3mZNd5I4YUUIVBJtsET6lC8d2oz1,0,51,109,1,Nueva Tarea
QRdO9ciMjdNlQS8pIPhtOI8TBqG2,0,52,110,0,Nueva Tarea
3mZNd5I4YUUIVBJtsET6lC8d2oz1,0,52,111,1,Nueva Tarea
QRdO9ciMjdNlQS8pIPhtOI8TBqG2,0,52,112,0,Nueva Retroalimentaci\xf3n
3mZNd5I4YUUIVBJtsET6lC8d2oz1,0,52,113,1,Nueva Retroalimentaci\xf3n
QRdO9ciMjdNlQS8pIPhtOI8TBqG2,0,53,114,0,Nueva Tarea
3mZNd5I4YUUIVBJtsET6lC8d2oz1,0,53,115,1,Nueva Tarea
QRdO9ciMjdNlQS8pIPhtOI8TBqG2,0,53,116,0,Nueva Retroalimentaci\xf3n
3mZNd5I4YUUIVBJtsET6lC8d2oz1,0,53,117,1,Nueva Retroalimentaci\xf3n
3mZNd5I4YUUIVBJtsET6lC8d2oz1,0,54,118,0,Nueva Tarea
qyFa887PmIOW6Vcbj03BpICsmSt1,0,57,119,1,Nueva Retroalimentaci\xf3n
qyFa887PmIOW6Vcbj03BpICsmSt1,0,58,120,1,Nueva Tarea
qyFa887PmIOW6Vcbj03BpICsmSt1,0,58,121,1,Nueva Retroalimentaci\xf3n
QRdO9ciMjdNlQS8pIPhtOI8TBqG2,0,59,122,0,Nueva Tarea
3mZNd5I4YUUIVBJtsET6lC8d2oz1,0,59,123,1,Nueva Tarea
QRdO9ciMjdNlQS8pIPhtOI8TBqG2,0,59,124,0,Nueva Retroalimentaci\xf3n
3mZNd5I4YUUIVBJtsET6lC8d2oz1,0,59,125,1,Nueva Retroalimentaci\xf3n
QRdO9ciMjdNlQS8pIPhtOI8TBqG2,0,60,126,0,Nueva Tarea
3mZNd5I4YUUIVBJtsET6lC8d2oz1,0,60,127,1,Nueva Tarea
QRdO9ciMjdNlQS8pIPhtOI8TBqG2,0,60,128,0,Nueva Retroalimentaci\xf3n
3mZNd5I4YUUIVBJtsET6lC8d2oz1,0,60,129,1,Nueva Retroalimentaci\xf3n
qyFa887PmIOW6Vcbj03BpICsmSt1,0,61,130,1,Nueva Tarea
UFjoVzO6SLY5Akum3WFowdg2bWB3,0,61,131,1,Nueva Tarea
RDOE3hekuqU4NWny6VLRHFcJnSj2,0,61,132,1,Nueva Tarea
qyFa887PmIOW6Vcbj03BpICsmSt1,0,61,133,1,Nueva Retroalimentaci\xf3n
UFjoVzO6SLY5Akum3WFowdg2bWB3,0,61,134,1,Nueva Retroalimentaci\xf3n
RDOE3hekuqU4NWny6VLRHFcJnSj2,0,61,135,1,Nueva Retroalimentaci\xf3n
qyFa887PmIOW6Vcbj03BpICsmSt1,0,58,136,1,Nueva Retroalimentaci\xf3n
J2y9h2MqKvd1JTGbZBy0PtRmTZp2,0,9,137,1,Nueva Retroalimentaci\xf3n
J2y9h2MqKvd1JTGbZBy0PtRmTZp2,0,9,138,1,Nueva Retroalimentaci\xf3n
N7vKJbcVdQMeGXnT3RI0yPvtAY63,0,9,139,0,Nueva Retroalimentaci\xf3n
N7vKJbcVdQMeGXnT3RI0yPvtAY63,0,9,140,0,Nueva Retroalimentaci\xf3n
J2y9h2MqKvd1JTGbZBy0PtRmTZp2,0,9,141,1,Nueva Retroalimentaci\xf3n
J2y9h2MqKvd1JTGbZBy0PtRmTZp2,0,9,142,1,Nueva Retroalimentaci\xf3n
QRdO9ciMjdNlQS8pIPhtOI8TBqG2,0,63,143,0,Nueva Tarea
QRdO9ciMjdNlQS8pIPhtOI8TBqG2,0,64,144,0,Nueva Tarea
QRdO9ciMjdNlQS8pIPhtOI8TBqG2,0,54,145,0,Nueva Retroalimentaci\xf3n
QRdO9ciMjdNlQS8pIPhtOI8TBqG2,0,54,146,0,Nueva Retroalimentaci\xf3n
3mZNd5I4YUUIVBJtsET6lC8d2oz1,0,54,147,1,Nueva Retroalimentaci\xf3n
3mZNd5I4YUUIVBJtsET6lC8d2oz1,0,54,148,1,Nueva Retroalimentaci\xf3n
QRdO9ciMjdNlQS8pIPhtOI8TBqG2,0,54,149,0,Nueva Retroalimentaci\xf3n
QRdO9ciMjdNlQS8pIPhtOI8TBqG2,0,54,150,0,Nueva Retroalimentaci\xf3n
QRdO9ciMjdNlQS8pIPhtOI8TBqG2,0,58,151,0,Nueva Retroalimentaci\xf3n
3mZNd5I4YUUIVBJtsET6lC8d2oz1,0,58,152,1,Nueva Retroalimentaci\xf3n
QRdO9ciMjdNlQS8pIPhtOI8TBqG2,0,58,153,0,Nueva Retroalimentaci\xf3n
3mZNd5I4YUUIVBJtsET6lC8d2oz1,0,58,154,1,Nueva Retroalimentaci\xf3n
QRdO9ciMjdNlQS8pIPhtOI8TBqG2,0,54,155,0,Nueva Retroalimentaci\xf3n
qyFa887PmIOW6Vcbj03BpICsmSt1,0,58,156,1,Nueva Retroalimentaci\xf3n
3mZNd5I4YUUIVBJtsET6lC8d2oz1,0,58,157,1,Nueva Retroalimentaci\xf3n
QRdO9ciMjdNlQS8pIPhtOI8TBqG2,0,65,158,0,Nueva Tarea
3mZNd5I4YUUIVBJtsET6lC8d2oz1,0,65,159,1,Nueva Tarea
QRdO9ciMjdNlQS8pIPhtOI8TBqG2,0,66,160,1,Nueva Tarea
3mZNd5I4YUUIVBJtsET6lC8d2oz1,0,66,161,1,Nueva Tarea
QRdO9ciMjdNlQS8pIPhtOI8TBqG2,0,66,162,1,Nueva Retroalimentaci\xf3n
3mZNd5I4YUUIVBJtsET6lC8d2oz1,0,66,163,1,Nueva Retroalimentaci\xf3n
QRdO9ciMjdNlQS8pIPhtOI8TBqG2,0,67,164,1,Nueva Tarea
3mZNd5I4YUUIVBJtsET6lC8d2oz1,0,67,165,1,Nueva Tarea
QRdO9ciMjdNlQS8pIPhtOI8TBqG2,0,67,166,1,Nueva Retroalimentaci\xf3n
3mZNd5I4YUUIVBJtsET6lC8d2oz1,0,67,167,1,Nueva Retroalimentaci\xf3n
QRdO9ciMjdNlQS8pIPhtOI8TBqG2,0,68,168,1,Nueva Tarea
3mZNd5I4YUUIVBJtsET6lC8d2oz1,0,68,169,1,Nueva Tarea
QRdO9ciMjdNlQS8pIPhtOI8TBqG2,0,68,170,1,Nueva Retroalimentaci\xf3n
3mZNd5I4YUUIVBJtsET6lC8d2oz1,0,68,171,1,Nueva Retroalimentaci\xf3n
QRdO9ciMjdNlQS8pIPhtOI8TBqG2,0,69,172,1,Nueva Tarea
3mZNd5I4YUUIVBJtsET6lC8d2oz1,0,69,173,1,Nueva Tarea
QRdO9ciMjdNlQS8pIPhtOI8TBqG2,0,69,174,1,Nueva Retroalimentaci\xf3n
3mZNd5I4YUUIVBJtsET6lC8d2oz1,0,69,175,1,Nueva Retroalimentaci\xf3n
QRdO9ciMjdNlQS8pIPhtOI8TBqG2,0,70,176,1,Nueva Tarea
3mZNd5I4YUUIVBJtsET6lC8d2oz1,0,70,177,1,Nueva Tarea
QRdO9ciMjdNlQS8pIPhtOI8TBqG2,0,61,178,1,Nueva Retroalimentaci\xf3n
qyFa887PmIOW6Vcbj03BpICsmSt1,0,61,179,1,Nueva Retroalimentaci\xf3n
RDOE3hekuqU4NWny6VLRHFcJnSj2,0,61,180,1,Nueva Retroalimentaci\xf3n
QRdO9ciMjdNlQS8pIPhtOI8TBqG2,0,71,181,1,Nueva Tarea
3mZNd5I4YUUIVBJtsET6lC8d2oz1,0,71,182,1,Nueva Tarea
QRdO9ciMjdNlQS8pIPhtOI8TBqG2,0,71,183,1,Nueva Retroalimentaci\xf3n
3mZNd5I4YUUIVBJtsET6lC8d2oz1,0,71,184,1,Nueva Retroalimentaci\xf3n
QRdO9ciMjdNlQS8pIPhtOI8TBqG2,0,72,185,1,Nueva Tarea
3mZNd5I4YUUIVBJtsET6lC8d2oz1,0,72,186,1,Nueva Tarea
QRdO9ciMjdNlQS8pIPhtOI8TBqG2,0,73,187,1,Nueva Tarea
3mZNd5I4YUUIVBJtsET6lC8d2oz1,0,73,188,1,Nueva Tarea
QRdO9ciMjdNlQS8pIPhtOI8TBqG2,0,73,189,1,Nueva Retroalimentaci\xf3n
3mZNd5I4YUUIVBJtsET6lC8d2oz1,0,73,190,1,Nueva Retroalimentaci\xf3n
QRdO9ciMjdNlQS8pIPhtOI8TBqG2,0,61,191,1,Nueva Retroalimentaci\xf3n
UFjoVzO6SLY5Akum3WFowdg2bWB3,0,61,192,1,Nueva Retroalimentaci\xf3n
RDOE3hekuqU4NWny6VLRHFcJnSj2,0,61,193,1,Nueva Retroalimentaci\xf3n
qyFa887PmIOW6Vcbj03BpICsmSt1,0,61,194,1,Nueva Retroalimentaci\xf3n
UFjoVzO6SLY5Akum3WFowdg2bWB3,0,61,195,1,Nueva Retroalimentaci\xf3n
RDOE3hekuqU4NWny6VLRHFcJnSj2,0,61,196,1,Nueva Retroalimentaci\xf3n
QRdO9ciMjdNlQS8pIPhtOI8TBqG2,0,58,197,1,Nueva Retroalimentaci\xf3n
3mZNd5I4YUUIVBJtsET6lC8d2oz1,0,58,198,1,Nueva Retroalimentaci\xf3n
qyFa887PmIOW6Vcbj03BpICsmSt1,0,58,199,1,Nueva Retroalimentaci\xf3n
3mZNd5I4YUUIVBJtsET6lC8d2oz1,0,58,200,1,Nueva Retroalimentaci\xf3n
qyFa887PmIOW6Vcbj03BpICsmSt1,0,58,201,1,Nueva Retroalimentaci\xf3n
3mZNd5I4YUUIVBJtsET6lC8d2oz1,0,58,202,1,Nueva Retroalimentaci\xf3n
N7vKJbcVdQMeGXnT3RI0yPvtAY63,0,3,203,0,Nueva Retroalimentaci\xf3n
jQAKyMGYy3dc6TLaDCFnEUhESfn1,0,3,204,1,Nueva Retroalimentaci\xf3n
J2y9h2MqKvd1JTGbZBy0PtRmTZp2,0,3,205,1,Nueva Retroalimentaci\xf3n
N7vKJbcVdQMeGXnT3RI0yPvtAY63,0,3,206,0,Nueva Retroalimentaci\xf3n
jQAKyMGYy3dc6TLaDCFnEUhESfn1,0,3,207,1,Nueva Retroalimentaci\xf3n
J2y9h2MqKvd1JTGbZBy0PtRmTZp2,0,3,208,1,Nueva Retroalimentaci\xf3n
QRdO9ciMjdNlQS8pIPhtOI8TBqG2,0,58,209,1,Nueva Retroalimentaci\xf3n
3mZNd5I4YUUIVBJtsET6lC8d2oz1,0,58,210,1,Nueva Retroalimentaci\xf3n
QRdO9ciMjdNlQS8pIPhtOI8TBqG2,0,58,211,1,Nueva Retroalimentaci\xf3n
3mZNd5I4YUUIVBJtsET6lC8d2oz1,0,58,212,1,Nueva Retroalimentaci\xf3n
qyFa887PmIOW6Vcbj03BpICsmSt1,0,58,213,1,Nueva Retroalimentaci\xf3n
3mZNd5I4YUUIVBJtsET6lC8d2oz1,0,58,214,1,Nueva Retroalimentaci\xf3n
QRdO9ciMjdNlQS8pIPhtOI8TBqG2,0,74,215,1,Nueva Tarea
3mZNd5I4YUUIVBJtsET6lC8d2oz1,0,74,216,1,Nueva Tarea
QRdO9ciMjdNlQS8pIPhtOI8TBqG2,0,75,217,1,Nueva Tarea
3mZNd5I4YUUIVBJtsET6lC8d2oz1,0,75,218,1,Nueva Tarea
QRdO9ciMjdNlQS8pIPhtOI8TBqG2,0,76,219,1,Nueva Tarea
3mZNd5I4YUUIVBJtsET6lC8d2oz1,0,76,220,1,Nueva Tarea
QRdO9ciMjdNlQS8pIPhtOI8TBqG2,0,76,221,1,Nueva Retroalimentaci\xf3n
3mZNd5I4YUUIVBJtsET6lC8d2oz1,0,76,222,1,Nueva Retroalimentaci\xf3n
QRdO9ciMjdNlQS8pIPhtOI8TBqG2,0,77,223,1,Nueva Tarea
3mZNd5I4YUUIVBJtsET6lC8d2oz1,0,77,224,1,Nueva Tarea
3mZNd5I4YUUIVBJtsET6lC8d2oz1,0,78,225,1,Nueva Tarea
3mZNd5I4YUUIVBJtsET6lC8d2oz1,0,79,226,1,Nueva Tarea
RDOE3hekuqU4NWny6VLRHFcJnSj2,0,80,227,1,Nueva Tarea
QRdO9ciMjdNlQS8pIPhtOI8TBqG2,0,74,228,1,Nueva Retroalimentaci\xf3n
3mZNd5I4YUUIVBJtsET6lC8d2oz1,0,74,229,1,Nueva Retroalimentaci\xf3n
QRdO9ciMjdNlQS8pIPhtOI8TBqG2,0,81,230,1,Nueva Tarea
3mZNd5I4YUUIVBJtsET6lC8d2oz1,0,81,231,1,Nueva Tarea
UFjoVzO6SLY5Akum3WFowdg2bWB3,0,74,232,1,Nueva Retroalimentaci\xf3n
3mZNd5I4YUUIVBJtsET6lC8d2oz1,0,74,233,1,Nueva Retroalimentaci\xf3n
QRdO9ciMjdNlQS8pIPhtOI8TBqG2,0,82,234,1,Nueva Tarea
3mZNd5I4YUUIVBJtsET6lC8d2oz1,0,82,235,1,Nueva Tarea
QRdO9ciMjdNlQS8pIPhtOI8TBqG2,0,83,236,1,Nueva Tarea
3mZNd5I4YUUIVBJtsET6lC8d2oz1,0,83,237,1,Nueva Tarea
QRdO9ciMjdNlQS8pIPhtOI8TBqG2,0,83,238,1,Nueva Retroalimentaci\xf3n
3mZNd5I4YUUIVBJtsET6lC8d2oz1,0,83,239,1,Nueva Retroalimentaci\xf3n
RDOE3hekuqU4NWny6VLRHFcJnSj2,0,46,240,1,Nueva Retroalimentaci\xf3n
QRdO9ciMjdNlQS8pIPhtOI8TBqG2,0,84,241,1,Nueva Tarea
3mZNd5I4YUUIVBJtsET6lC8d2oz1,0,84,242,1,Nueva Tarea
QRdO9ciMjdNlQS8pIPhtOI8TBqG2,0,85,243,1,Nueva Tarea
3mZNd5I4YUUIVBJtsET6lC8d2oz1,0,85,244,1,Nueva Tarea
QRdO9ciMjdNlQS8pIPhtOI8TBqG2,0,85,245,1,Nueva Retroalimentaci\xf3n
3mZNd5I4YUUIVBJtsET6lC8d2oz1,0,85,246,1,Nueva Retroalimentaci\xf3n
QRdO9ciMjdNlQS8pIPhtOI8TBqG2,0,86,247,1,Nueva Tarea
3mZNd5I4YUUIVBJtsET6lC8d2oz1,0,86,248,1,Nueva Tarea
QRdO9ciMjdNlQS8pIPhtOI8TBqG2,0,87,249,1,Nueva Tarea
3mZNd5I4YUUIVBJtsET6lC8d2oz1,0,87,250,1,Nueva Tarea
QRdO9ciMjdNlQS8pIPhtOI8TBqG2,0,88,251,1,Nueva Tarea
3mZNd5I4YUUIVBJtsET6lC8d2oz1,0,88,252,1,Nueva Tarea
QRdO9ciMjdNlQS8pIPhtOI8TBqG2,0,89,253,1,Nueva Tarea
3mZNd5I4YUUIVBJtsET6lC8d2oz1,0,89,254,1,Nueva Tarea
UFjoVzO6SLY5Akum3WFowdg2bWB3,0,83,255,1,Nueva Retroalimentaci\xf3n
3mZNd5I4YUUIVBJtsET6lC8d2oz1,0,83,256,1,Nueva Retroalimentaci\xf3n
QRdO9ciMjdNlQS8pIPhtOI8TBqG2,0,90,257,1,Nueva Tarea
3mZNd5I4YUUIVBJtsET6lC8d2oz1,0,90,258,1,Nueva Tarea
QRdO9ciMjdNlQS8pIPhtOI8TBqG2,0,91,259,1,Nueva Tarea
3mZNd5I4YUUIVBJtsET6lC8d2oz1,0,91,260,1,Nueva Tarea
QRdO9ciMjdNlQS8pIPhtOI8TBqG2,0,91,261,1,Nueva Retroalimentaci\xf3n
3mZNd5I4YUUIVBJtsET6lC8d2oz1,0,91,262,1,Nueva Retroalimentaci\xf3n
QRdO9ciMjdNlQS8pIPhtOI8TBqG2,0,92,263,1,Nueva Tarea
3mZNd5I4YUUIVBJtsET6lC8d2oz1,0,92,264,1,Nueva Tarea
QRdO9ciMjdNlQS8pIPhtOI8TBqG2,0,74,265,1,Nueva Retroalimentaci\xf3n
3mZNd5I4YUUIVBJtsET6lC8d2oz1,0,74,266,1,Nueva Retroalimentaci\xf3n
UFjoVzO6SLY5Akum3WFowdg2bWB3,0,93,267,1,Nueva Tarea
UFjoVzO6SLY5Akum3WFowdg2bWB3,0,93,268,1,Nueva Retroalimentaci\xf3n
UFjoVzO6SLY5Akum3WFowdg2bWB3,0,93,269,1,Nueva Retroalimentaci\xf3n
QRdO9ciMjdNlQS8pIPhtOI8TBqG2,0,93,270,1,Nueva Retroalimentaci\xf3n
QRdO9ciMjdNlQS8pIPhtOI8TBqG2,0,91,271,1,Nueva Retroalimentaci\xf3n
3mZNd5I4YUUIVBJtsET6lC8d2oz1,0,91,272,1,Nueva Retroalimentaci\xf3n
QRdO9ciMjdNlQS8pIPhtOI8TBqG2,0,91,273,1,Nueva Retroalimentaci\xf3n
3mZNd5I4YUUIVBJtsET6lC8d2oz1,0,91,274,1,Nueva Retroalimentaci\xf3n
QRdO9ciMjdNlQS8pIPhtOI8TBqG2,0,83,275,1,Nueva Retroalimentaci\xf3n
3mZNd5I4YUUIVBJtsET6lC8d2oz1,0,83,276,1,Nueva Retroalimentaci\xf3n
QRdO9ciMjdNlQS8pIPhtOI8TBqG2,0,74,277,1,Nueva Retroalimentaci\xf3n
3mZNd5I4YUUIVBJtsET6lC8d2oz1,0,74,278,1,Nueva Retroalimentaci\xf3n
QRdO9ciMjdNlQS8pIPhtOI8TBqG2,0,94,279,1,Nueva Tarea
3mZNd5I4YUUIVBJtsET6lC8d2oz1,0,94,280,1,Nueva Tarea
QRdO9ciMjdNlQS8pIPhtOI8TBqG2,0,94,281,1,Nueva Retroalimentaci\xf3n
3mZNd5I4YUUIVBJtsET6lC8d2oz1,0,94,282,1,Nueva Retroalimentaci\xf3n
QRdO9ciMjdNlQS8pIPhtOI8TBqG2,0,94,283,1,Nueva Retroalimentaci\xf3n
3mZNd5I4YUUIVBJtsET6lC8d2oz1,0,94,284,1,Nueva Retroalimentaci\xf3n
QRdO9ciMjdNlQS8pIPhtOI8TBqG2,0,95,285,1,Nueva Tarea
3mZNd5I4YUUIVBJtsET6lC8d2oz1,0,95,286,1,Nueva Tarea
QRdO9ciMjdNlQS8pIPhtOI8TBqG2,0,96,287,1,Nueva Tarea
3mZNd5I4YUUIVBJtsET6lC8d2oz1,0,96,288,1,Nueva Tarea
QRdO9ciMjdNlQS8pIPhtOI8TBqG2,0,96,289,1,Nueva Retroalimentaci\xf3n
3mZNd5I4YUUIVBJtsET6lC8d2oz1,0,96,290,1,Nueva Retroalimentaci\xf3n
QRdO9ciMjdNlQS8pIPhtOI8TBqG2,0,97,291,1,Nueva Tarea
3mZNd5I4YUUIVBJtsET6lC8d2oz1,0,97,292,1,Nueva Tarea
QRdO9ciMjdNlQS8pIPhtOI8TBqG2,0,97,293,1,Nueva Retroalimentaci\xf3n
3mZNd5I4YUUIVBJtsET6lC8d2oz1,0,97,294,1,Nueva Retroalimentaci\xf3n
QRdO9ciMjdNlQS8pIPhtOI8TBqG2,0,98,295,1,Nueva Tarea
3mZNd5I4YUUIVBJtsET6lC8d2oz1,0,98,296,1,Nueva Tarea
UFjoVzO6SLY5Akum3WFowdg2bWB3,0,93,297,1,Nueva Retroalimentaci\xf3n
<blank>,0,8,298,1,Nueva Retroalimentaci\xf3n
uS3UQrx5GyVsuijSsUon5fmortm2,0,99,299,1,Nueva Tarea
uS3UQrx5GyVsuijSsUon5fmortm2,0,100,300,1,Nueva Tarea
JPzRvnckGITzhUugAOc55caOrl23,0,101,301,1,Nueva Tarea
QRdO9ciMjdNlQS8pIPhtOI8TBqG2,0,102,302,1,Nueva Tarea
3mZNd5I4YUUIVBJtsET6lC8d2oz1,0,102,303,1,Nueva Tarea
QRdO9ciMjdNlQS8pIPhtOI8TBqG2,0,102,304,1,Nueva Retroalimentaci\xf3n
3mZNd5I4YUUIVBJtsET6lC8d2oz1,0,102,305,1,Nueva Retroalimentaci\xf3n
QRdO9ciMjdNlQS8pIPhtOI8TBqG2,0,103,306,1,Nueva Tarea
3mZNd5I4YUUIVBJtsET6lC8d2oz1,0,103,307,1,Nueva Tarea
QRdO9ciMjdNlQS8pIPhtOI8TBqG2,0,104,308,1,Nueva Tarea
3mZNd5I4YUUIVBJtsET6lC8d2oz1,0,104,309,1,Nueva Tarea
QRdO9ciMjdNlQS8pIPhtOI8TBqG2,0,105,310,1,Nueva Tarea
3mZNd5I4YUUIVBJtsET6lC8d2oz1,0,105,311,1,Nueva Tarea
QRdO9ciMjdNlQS8pIPhtOI8TBqG2,0,105,312,1,Nueva Retroalimentaci\xf3n
3mZNd5I4YUUIVBJtsET6lC8d2oz1,0,105,313,1,Nueva Retroalimentaci\xf3n
QRdO9ciMjdNlQS8pIPhtOI8TBqG2,0,106,314,1,Nueva Tarea
3mZNd5I4YUUIVBJtsET6lC8d2oz1,0,106,315,1,Nueva Tarea
QRdO9ciMjdNlQS8pIPhtOI8TBqG2,0,106,316,1,Nueva Retroalimentaci\xf3n
3mZNd5I4YUUIVBJtsET6lC8d2oz1,0,106,317,1,Nueva Retroalimentaci\xf3n
QRdO9ciMjdNlQS8pIPhtOI8TBqG2,0,107,318,1,Nueva Tarea
3mZNd5I4YUUIVBJtsET6lC8d2oz1,0,107,319,1,Nueva Tarea
QRdO9ciMjdNlQS8pIPhtOI8TBqG2,0,108,320,1,Nueva Tarea
3mZNd5I4YUUIVBJtsET6lC8d2oz1,0,108,321,1,Nueva Tarea
UFjoVzO6SLY5Akum3WFowdg2bWB3,0,105,322,1,Nueva Retroalimentaci\xf3n
3mZNd5I4YUUIVBJtsET6lC8d2oz1,0,105,323,1,Nueva Retroalimentaci\xf3n
QRdO9ciMjdNlQS8pIPhtOI8TBqG2,0,109,324,1,Nueva Tarea
3mZNd5I4YUUIVBJtsET6lC8d2oz1,0,109,325,1,Nueva Tarea
QRdO9ciMjdNlQS8pIPhtOI8TBqG2,0,110,326,1,Nueva Tarea
3mZNd5I4YUUIVBJtsET6lC8d2oz1,0,110,327,1,Nueva Tarea
QRdO9ciMjdNlQS8pIPhtOI8TBqG2,0,111,328,1,Nueva Tarea
3mZNd5I4YUUIVBJtsET6lC8d2oz1,0,111,329,1,Nueva Tarea
QRdO9ciMjdNlQS8pIPhtOI8TBqG2,0,112,330,1,Nueva Tarea
3mZNd5I4YUUIVBJtsET6lC8d2oz1,0,112,331,1,Nueva Tarea
QRdO9ciMjdNlQS8pIPhtOI8TBqG2,0,112,332,1,Nueva Retroalimentaci\xf3n
3mZNd5I4YUUIVBJtsET6lC8d2oz1,0,112,333,1,Nueva Retroalimentaci\xf3n
QRdO9ciMjdNlQS8pIPhtOI8TBqG2,0,113,334,1,Nueva Tarea
3mZNd5I4YUUIVBJtsET6lC8d2oz1,0,113,335,1,Nueva Tarea
QRdO9ciMjdNlQS8pIPhtOI8TBqG2,0,114,336,1,Nueva Tarea
3mZNd5I4YUUIVBJtsET6lC8d2oz1,0,114,337,1,Nueva Tarea
QRdO9ciMjdNlQS8pIPhtOI8TBqG2,0,115,338,1,Nueva Tarea
3mZNd5I4YUUIVBJtsET6lC8d2oz1,0,115,339,1,Nueva Tarea
QRdO9ciMjdNlQS8pIPhtOI8TBqG2,0,116,340,1,Nueva Tarea
3mZNd5I4YUUIVBJtsET6lC8d2oz1,0,116,341,1,Nueva Tarea
QRdO9ciMjdNlQS8pIPhtOI8TBqG2,0,116,342,1,Nueva Retroalimentaci\xf3n
3mZNd5I4YUUIVBJtsET6lC8d2oz1,0,116,343,1,Nueva Retroalimentaci\xf3n
QRdO9ciMjdNlQS8pIPhtOI8TBqG2,0,117,344,1,Nueva Tarea
3mZNd5I4YUUIVBJtsET6lC8d2oz1,0,117,345,1,Nueva Tarea
QRdO9ciMjdNlQS8pIPhtOI8TBqG2,0,118,346,1,Nueva Tarea
3mZNd5I4YUUIVBJtsET6lC8d2oz1,0,118,347,1,Nueva Tarea
3mZNd5I4YUUIVBJtsET6lC8d2oz1,0,119,348,1,Nueva Tarea
UFjoVzO6SLY5Akum3WFowdg2bWB3,0,120,349,1,Nueva Tarea
RDOE3hekuqU4NWny6VLRHFcJnSj2,0,120,350,1,Nueva Tarea
UFjoVzO6SLY5Akum3WFowdg2bWB3,0,120,351,1,Nueva Retroalimentaci\xf3n
RDOE3hekuqU4NWny6VLRHFcJnSj2,0,120,352,1,Nueva Retroalimentaci\xf3n
QRdO9ciMjdNlQS8pIPhtOI8TBqG2,0,121,353,1,Nueva Tarea
3mZNd5I4YUUIVBJtsET6lC8d2oz1,0,121,354,1,Nueva Tarea
QRdO9ciMjdNlQS8pIPhtOI8TBqG2,0,122,355,1,Nueva Tarea
3mZNd5I4YUUIVBJtsET6lC8d2oz1,0,122,356,1,Nueva Tarea
QRdO9ciMjdNlQS8pIPhtOI8TBqG2,0,123,357,1,Nueva Tarea
3mZNd5I4YUUIVBJtsET6lC8d2oz1,0,123,358,1,Nueva Tarea
QRdO9ciMjdNlQS8pIPhtOI8TBqG2,0,124,359,1,Nueva Tarea
3mZNd5I4YUUIVBJtsET6lC8d2oz1,0,124,360,1,Nueva Tarea
QRdO9ciMjdNlQS8pIPhtOI8TBqG2,0,125,361,1,Nueva Tarea
QRdO9ciMjdNlQS8pIPhtOI8TBqG2,0,127,362,1,Nueva Tarea
UFjoVzO6SLY5Akum3WFowdg2bWB3,0,128,363,1,Nueva Tarea
RDOE3hekuqU4NWny6VLRHFcJnSj2,0,128,364,1,Nueva Tarea
RDOE3hekuqU4NWny6VLRHFcJnSj2,0,129,365,1,Nueva Tarea
QRdO9ciMjdNlQS8pIPhtOI8TBqG2,0,130,366,1,Nueva Tarea
3mZNd5I4YUUIVBJtsET6lC8d2oz1,0,130,367,1,Nueva Tarea
QRdO9ciMjdNlQS8pIPhtOI8TBqG2,0,131,368,1,Nueva Tarea
3mZNd5I4YUUIVBJtsET6lC8d2oz1,0,131,369,1,Nueva Tarea
QRdO9ciMjdNlQS8pIPhtOI8TBqG2,0,132,370,1,Nueva Tarea
3mZNd5I4YUUIVBJtsET6lC8d2oz1,0,132,371,1,Nueva Tarea
QRdO9ciMjdNlQS8pIPhtOI8TBqG2,0,133,372,1,Nueva Tarea
3mZNd5I4YUUIVBJtsET6lC8d2oz1,0,133,373,1,Nueva Tarea
UFjoVzO6SLY5Akum3WFowdg2bWB3,0,134,374,1,Nueva Tarea
QRdO9ciMjdNlQS8pIPhtOI8TBqG2,0,135,375,1,Nueva Tarea
RDOE3hekuqU4NWny6VLRHFcJnSj2,0,136,376,1,Nueva Tarea
RDOE3hekuqU4NWny6VLRHFcJnSj2,0,137,377,1,Nueva Tarea
QRdO9ciMjdNlQS8pIPhtOI8TBqG2,2,0,378,1,Nuevo Mensaje
WifkGkHeDneVU3Aq9Df7gUYEdk52,2,0,379,1,Nuevo Mensaje
RDOE3hekuqU4NWny6VLRHFcJnSj2,0,138,380,1,Nueva Tarea
RDOE3hekuqU4NWny6VLRHFcJnSj2,1,0,381,1,Nuevo Mensaje
QRdO9ciMjdNlQS8pIPhtOI8TBqG2,2,0,382,1,Nuevo Mensaje
3mZNd5I4YUUIVBJtsET6lC8d2oz1,2,0,383,1,Nuevo Mensaje
UFjoVzO6SLY5Akum3WFowdg2bWB3,3,0,384,1,Nuevo Mensaje
qyFa887PmIOW6Vcbj03BpICsmSt1,0,139,385,1,Nueva Tarea
QRdO9ciMjdNlQS8pIPhtOI8TBqG2,2,0,386,1,Nuevo Mensaje
QRdO9ciMjdNlQS8pIPhtOI8TBqG2,2,0,387,1,Nuevo Mensaje
QRdO9ciMjdNlQS8pIPhtOI8TBqG2,2,0,388,1,Nuevo Mensaje
3mZNd5I4YUUIVBJtsET6lC8d2oz1,2,0,389,1,Nuevo Mensaje
QRdO9ciMjdNlQS8pIPhtOI8TBqG2,0,142,390,1,Nueva Tarea
FbxjgjOMPLU5KpybHNEH14dMaIo1,0,5,391,1,Nueva Retroalimentaci\xf3n
jQAKyMGYy3dc6TLaDCFnEUhESfn1,0,5,392,1,Nueva Retroalimentaci\xf3n
UFjoVzO6SLY5Akum3WFowdg2bWB3,0,5,393,1,Nueva Retroalimentaci\xf3n
FbxjgjOMPLU5KpybHNEH14dMaIo1,0,5,394,1,Nueva Retroalimentaci\xf3n
jQAKyMGYy3dc6TLaDCFnEUhESfn1,0,5,395,1,Nueva Retroalimentaci\xf3n
UFjoVzO6SLY5Akum3WFowdg2bWB3,0,5,396,1,Nueva Retroalimentaci\xf3n
QRdO9ciMjdNlQS8pIPhtOI8TBqG2,0,105,397,1,Nueva Retroalimentaci\xf3n
3mZNd5I4YUUIVBJtsET6lC8d2oz1,0,105,398,1,Nueva Retroalimentaci\xf3n
QRdO9ciMjdNlQS8pIPhtOI8TBqG2,0,143,399,1,Nueva Tarea
3mZNd5I4YUUIVBJtsET6lC8d2oz1,0,143,400,1,Nueva Tarea
QRdO9ciMjdNlQS8pIPhtOI8TBqG2,0,143,401,1,Nueva Retroalimentaci\xf3n
3mZNd5I4YUUIVBJtsET6lC8d2oz1,0,143,402,1,Nueva Retroalimentaci\xf3n
QRdO9ciMjdNlQS8pIPhtOI8TBqG2,0,144,403,1,Nueva Tarea
3mZNd5I4YUUIVBJtsET6lC8d2oz1,0,144,404,1,Nueva Tarea
QRdO9ciMjdNlQS8pIPhtOI8TBqG2,0,145,405,1,Nueva Tarea
3mZNd5I4YUUIVBJtsET6lC8d2oz1,0,145,406,1,Nueva Tarea
QRdO9ciMjdNlQS8pIPhtOI8TBqG2,0,146,407,1,Nueva Tarea
3mZNd5I4YUUIVBJtsET6lC8d2oz1,0,146,408,1,Nueva Tarea
QRdO9ciMjdNlQS8pIPhtOI8TBqG2,0,147,409,1,Nueva Tarea
3mZNd5I4YUUIVBJtsET6lC8d2oz1,0,147,410,1,Nueva Tarea
QRdO9ciMjdNlQS8pIPhtOI8TBqG2,0,147,411,1,Nueva Retroalimentaci\xf3n
3mZNd5I4YUUIVBJtsET6lC8d2oz1,0,147,412,1,Nueva Retroalimentaci\xf3n
QRdO9ciMjdNlQS8pIPhtOI8TBqG2,0,148,413,1,Nueva Tarea
3mZNd5I4YUUIVBJtsET6lC8d2oz1,0,148,414,1,Nueva Tarea
QRdO9ciMjdNlQS8pIPhtOI8TBqG2,0,148,415,1,Nueva Retroalimentaci\xf3n
3mZNd5I4YUUIVBJtsET6lC8d2oz1,0,148,416,1,Nueva Retroalimentaci\xf3n
QRdO9ciMjdNlQS8pIPhtOI8TBqG2,0,149,417,1,Nueva Tarea
3mZNd5I4YUUIVBJtsET6lC8d2oz1,0,149,418,1,Nueva Tarea
QRdO9ciMjdNlQS8pIPhtOI8TBqG2,0,150,419,1,Nueva Tarea
3mZNd5I4YUUIVBJtsET6lC8d2oz1,0,150,420,1,Nueva Tarea
QRdO9ciMjdNlQS8pIPhtOI8TBqG2,0,151,421,1,Nueva Tarea
3mZNd5I4YUUIVBJtsET6lC8d2oz1,0,151,422,1,Nueva Tarea
FbxjgjOMPLU5KpybHNEH14dMaIo1,0,5,423,1,Nueva Retroalimentaci\xf3n
jQAKyMGYy3dc6TLaDCFnEUhESfn1,0,5,424,1,Nueva Retroalimentaci\xf3n
UFjoVzO6SLY5Akum3WFowdg2bWB3,0,5,425,1,Nueva Retroalimentaci\xf3n
QRdO9ciMjdNlQS8pIPhtOI8TBqG2,0,152,426,1,Nueva Tarea
QRdO9ciMjdNlQS8pIPhtOI8TBqG2,0,153,427,1,Nueva Tarea
QRdO9ciMjdNlQS8pIPhtOI8TBqG2,0,154,428,1,Nueva Tarea
QRdO9ciMjdNlQS8pIPhtOI8TBqG2,0,153,429,1,Nueva Retroalimentaci\xf3n
QRdO9ciMjdNlQS8pIPhtOI8TBqG2,0,154,430,1,Nueva Retroalimentaci\xf3n
QRdO9ciMjdNlQS8pIPhtOI8TBqG2,0,154,431,1,Nueva Retroalimentaci\xf3n
QRdO9ciMjdNlQS8pIPhtOI8TBqG2,0,154,432,1,Nueva Retroalimentaci\xf3n
QRdO9ciMjdNlQS8pIPhtOI8TBqG2,0,154,433,1,Nueva Retroalimentaci\xf3n
QRdO9ciMjdNlQS8pIPhtOI8TBqG2,0,154,434,1,Nueva Retroalimentaci\xf3n
QRdO9ciMjdNlQS8pIPhtOI8TBqG2,0,154,435,1,Nueva Retroalimentaci\xf3n
QRdO9ciMjdNlQS8pIPhtOI8TBqG2,0,154,436,1,Nueva Retroalimentaci\xf3n
QRdO9ciMjdNlQS8pIPhtOI8TBqG2,0,154,437,1,Nueva Retroalimentaci\xf3n
QRdO9ciMjdNlQS8pIPhtOI8TBqG2,0,154,438,1,Nueva Retroalimentaci\xf3n
QRdO9ciMjdNlQS8pIPhtOI8TBqG2,0,154,439,1,Nueva Retroalimentaci\xf3n
QRdO9ciMjdNlQS8pIPhtOI8TBqG2,0,78,440,1,Nueva Retroalimentaci\xf3n
3mZNd5I4YUUIVBJtsET6lC8d2oz1,0,154,441,1,Nueva Retroalimentaci\xf3n
FbxjgjOMPLU5KpybHNEH14dMaIo1,0,5,442,1,Nueva Retroalimentaci\xf3n
jQAKyMGYy3dc6TLaDCFnEUhESfn1,0,5,443,1,Nueva Retroalimentaci\xf3n
UFjoVzO6SLY5Akum3WFowdg2bWB3,0,5,444,1,Nueva Retroalimentaci\xf3n
3mZNd5I4YUUIVBJtsET6lC8d2oz1,0,155,445,1,Nueva Tarea
QRdO9ciMjdNlQS8pIPhtOI8TBqG2,0,156,446,1,Nueva Tarea
QRdO9ciMjdNlQS8pIPhtOI8TBqG2,0,157,447,1,Nueva Tarea
QRdO9ciMjdNlQS8pIPhtOI8TBqG2,0,155,448,1,Nueva Retroalimentaci\xf3n
3mZNd5I4YUUIVBJtsET6lC8d2oz1,0,155,449,1,Nueva Retroalimentaci\xf3n
3mZNd5I4YUUIVBJtsET6lC8d2oz1,0,158,450,1,Nueva Tarea
UFjoVzO6SLY5Akum3WFowdg2bWB3,0,158,451,1,Nueva Tarea
UFjoVzO6SLY5Akum3WFowdg2bWB3,0,161,452,1,Nueva Tarea
eC8sbYB3D4SwFFz9EjP6rweSZ3k2,4,0,453,1,Nuevo Mensaje
eC8sbYB3D4SwFFz9EjP6rweSZ3k2,4,0,454,1,Nuevo Mensaje
J2y9h2MqKvd1JTGbZBy0PtRmTZp2,5,0,455,1,Nuevo Mensaje
QRdO9ciMjdNlQS8pIPhtOI8TBqG2,0,161,456,1,Nueva Retroalimentaci\xf3n
QRdO9ciMjdNlQS8pIPhtOI8TBqG2,0,155,457,1,Nueva Retroalimentaci\xf3n
QRdO9ciMjdNlQS8pIPhtOI8TBqG2,0,155,458,1,Nueva Retroalimentaci\xf3n
QRdO9ciMjdNlQS8pIPhtOI8TBqG2,0,155,459,1,Nueva Retroalimentaci\xf3n
UFjoVzO6SLY5Akum3WFowdg2bWB3,0,162,460,1,Nueva Tarea
UFjoVzO6SLY5Akum3WFowdg2bWB3,0,162,461,1,Nueva Retroalimentaci\xf3n
QRdO9ciMjdNlQS8pIPhtOI8TBqG2,0,163,462,1,Nueva Tarea
QRdO9ciMjdNlQS8pIPhtOI8TBqG2,0,164,463,1,Nueva Tarea
3mZNd5I4YUUIVBJtsET6lC8d2oz1,0,164,464,1,Nueva Tarea
QRdO9ciMjdNlQS8pIPhtOI8TBqG2,0,165,465,1,Nueva Tarea
3mZNd5I4YUUIVBJtsET6lC8d2oz1,0,165,466,1,Nueva Tarea
QRdO9ciMjdNlQS8pIPhtOI8TBqG2,0,161,467,1,Nueva Retroalimentaci\xf3n
QRdO9ciMjdNlQS8pIPhtOI8TBqG2,0,166,468,1,Nueva Tarea
UFjoVzO6SLY5Akum3WFowdg2bWB3,0,162,469,1,Nueva Retroalimentaci\xf3n
QRdO9ciMjdNlQS8pIPhtOI8TBqG2,0,162,470,1,Nueva Retroalimentaci\xf3n
UFjoVzO6SLY5Akum3WFowdg2bWB3,0,162,471,1,Nueva Retroalimentaci\xf3n
QRdO9ciMjdNlQS8pIPhtOI8TBqG2,0,169,472,1,Nueva Tarea
3mZNd5I4YUUIVBJtsET6lC8d2oz1,0,169,473,1,Nueva Tarea
QRdO9ciMjdNlQS8pIPhtOI8TBqG2,0,170,474,1,Nueva Tarea
3mZNd5I4YUUIVBJtsET6lC8d2oz1,0,170,475,1,Nueva Tarea
QRdO9ciMjdNlQS8pIPhtOI8TBqG2,0,170,476,1,Nueva Retroalimentaci\xf3n
3mZNd5I4YUUIVBJtsET6lC8d2oz1,0,170,477,1,Nueva Retroalimentaci\xf3n
QRdO9ciMjdNlQS8pIPhtOI8TBqG2,0,171,478,1,Nueva Tarea
3mZNd5I4YUUIVBJtsET6lC8d2oz1,0,171,479,1,Nueva Tarea
FbxjgjOMPLU5KpybHNEH14dMaIo1,0,5,480,1,Nueva Retroalimentaci\xf3n
jQAKyMGYy3dc6TLaDCFnEUhESfn1,0,5,481,1,Nueva Retroalimentaci\xf3n
UFjoVzO6SLY5Akum3WFowdg2bWB3,0,5,482,1,Nueva Retroalimentaci\xf3n
UFjoVzO6SLY5Akum3WFowdg2bWB3,0,170,483,1,Nueva Retroalimentaci\xf3n
3mZNd5I4YUUIVBJtsET6lC8d2oz1,0,170,484,1,Nueva Retroalimentaci\xf3n
QRdO9ciMjdNlQS8pIPhtOI8TBqG2,0,174,485,1,Nueva Tarea
3mZNd5I4YUUIVBJtsET6lC8d2oz1,0,174,486,1,Nueva Tarea
QRdO9ciMjdNlQS8pIPhtOI8TBqG2,0,174,487,1,Nueva Retroalimentaci\xf3n
3mZNd5I4YUUIVBJtsET6lC8d2oz1,0,174,488,1,Nueva Retroalimentaci\xf3n
QRdO9ciMjdNlQS8pIPhtOI8TBqG2,0,175,489,1,Nueva Tarea
3mZNd5I4YUUIVBJtsET6lC8d2oz1,0,175,490,1,Nueva Tarea
QRdO9ciMjdNlQS8pIPhtOI8TBqG2,0,176,491,1,Nueva Tarea
QRdO9ciMjdNlQS8pIPhtOI8TBqG2,0,177,492,1,Nueva Tarea
QRdO9ciMjdNlQS8pIPhtOI8TBqG2,0,178,493,1,Nueva Tarea
QRdO9ciMjdNlQS8pIPhtOI8TBqG2,0,179,494,1,Nueva Tarea
QRdO9ciMjdNlQS8pIPhtOI8TBqG2,0,180,495,1,Nueva Tarea
QRdO9ciMjdNlQS8pIPhtOI8TBqG2,0,181,496,1,Nueva Tarea
QRdO9ciMjdNlQS8pIPhtOI8TBqG2,0,183,497,1,Nueva Tarea
3mZNd5I4YUUIVBJtsET6lC8d2oz1,0,183,498,1,Nueva Tarea
QRdO9ciMjdNlQS8pIPhtOI8TBqG2,0,184,499,1,Nueva Tarea
3mZNd5I4YUUIVBJtsET6lC8d2oz1,0,184,500,1,Nueva Tarea
QRdO9ciMjdNlQS8pIPhtOI8TBqG2,0,185,501,1,Nueva Tarea
3mZNd5I4YUUIVBJtsET6lC8d2oz1,0,185,502,1,Nueva Tarea
QRdO9ciMjdNlQS8pIPhtOI8TBqG2,0,186,503,1,Nueva Tarea
3mZNd5I4YUUIVBJtsET6lC8d2oz1,0,186,504,1,Nueva Tarea
QRdO9ciMjdNlQS8pIPhtOI8TBqG2,0,186,505,1,Nueva Retroalimentaci\xf3n
3mZNd5I4YUUIVBJtsET6lC8d2oz1,0,186,506,1,Nueva Retroalimentaci\xf3n
UFjoVzO6SLY5Akum3WFowdg2bWB3,0,186,507,1,Nueva Retroalimentaci\xf3n
3mZNd5I4YUUIVBJtsET6lC8d2oz1,0,186,508,1,Nueva Retroalimentaci\xf3n
QRdO9ciMjdNlQS8pIPhtOI8TBqG2,0,187,509,1,Nueva Tarea
3mZNd5I4YUUIVBJtsET6lC8d2oz1,0,187,510,1,Nueva Tarea
QRdO9ciMjdNlQS8pIPhtOI8TBqG2,0,187,511,1,Nueva Retroalimentaci\xf3n
3mZNd5I4YUUIVBJtsET6lC8d2oz1,0,187,512,1,Nueva Retroalimentaci\xf3n
QRdO9ciMjdNlQS8pIPhtOI8TBqG2,0,188,513,1,Nueva Tarea
3mZNd5I4YUUIVBJtsET6lC8d2oz1,0,188,514,1,Nueva Tarea
QRdO9ciMjdNlQS8pIPhtOI8TBqG2,0,189,515,1,Nueva Tarea
QRdO9ciMjdNlQS8pIPhtOI8TBqG2,0,186,516,1,Nueva Retroalimentaci\xf3n
3mZNd5I4YUUIVBJtsET6lC8d2oz1,0,186,517,1,Nueva Retroalimentaci\xf3n
QRdO9ciMjdNlQS8pIPhtOI8TBqG2,0,162,518,1,Nueva Retroalimentaci\xf3n
WifkGkHeDneVU3Aq9Df7gUYEdk52,6,0,519,1,Nuevo Mensaje
QRdO9ciMjdNlQS8pIPhtOI8TBqG2,0,190,520,1,Nueva Tarea
3mZNd5I4YUUIVBJtsET6lC8d2oz1,0,190,521,1,Nueva Tarea
QRdO9ciMjdNlQS8pIPhtOI8TBqG2,0,191,522,1,Nueva Tarea
3mZNd5I4YUUIVBJtsET6lC8d2oz1,0,191,523,1,Nueva Tarea
QRdO9ciMjdNlQS8pIPhtOI8TBqG2,0,192,524,1,Nueva Tarea
3mZNd5I4YUUIVBJtsET6lC8d2oz1,0,192,525,1,Nueva Tarea
QRdO9ciMjdNlQS8pIPhtOI8TBqG2,0,193,526,1,Nueva Tarea
3mZNd5I4YUUIVBJtsET6lC8d2oz1,0,193,527,1,Nueva Tarea
QRdO9ciMjdNlQS8pIPhtOI8TBqG2,0,193,528,1,Nueva Retroalimentaci\xf3n
3mZNd5I4YUUIVBJtsET6lC8d2oz1,0,193,529,1,Nueva Retroalimentaci\xf3n
QRdO9ciMjdNlQS8pIPhtOI8TBqG2,0,194,530,1,Nueva Tarea
3mZNd5I4YUUIVBJtsET6lC8d2oz1,0,194,531,1,Nueva Tarea
UFjoVzO6SLY5Akum3WFowdg2bWB3,0,193,532,1,Nueva Retroalimentaci\xf3n
3mZNd5I4YUUIVBJtsET6lC8d2oz1,0,193,533,1,Nueva Retroalimentaci\xf3n
UFjoVzO6SLY5Akum3WFowdg2bWB3,0,162,534,1,Nueva Retroalimentaci\xf3n
J2y9h2MqKvd1JTGbZBy0PtRmTZp2,0,4,535,1,Nueva Retroalimentaci\xf3n
J2y9h2MqKvd1JTGbZBy0PtRmTZp2,0,4,536,1,Nueva Retroalimentaci\xf3n
uS3UQrx5GyVsuijSsUon5fmortm2,7,0,537,1,Nuevo Mensaje
3mZNd5I4YUUIVBJtsET6lC8d2oz1,0,195,538,1,Nueva Tarea
3mZNd5I4YUUIVBJtsET6lC8d2oz1,0,195,539,1,Nueva Retroalimentaci\xf3n
QRdO9ciMjdNlQS8pIPhtOI8TBqG2,0,193,540,1,Nueva Retroalimentaci\xf3n
3mZNd5I4YUUIVBJtsET6lC8d2oz1,0,193,541,1,Nueva Retroalimentaci\xf3n
QRdO9ciMjdNlQS8pIPhtOI8TBqG2,0,162,542,1,Nueva Retroalimentaci\xf3n
UFjoVzO6SLY5Akum3WFowdg2bWB3,0,196,543,1,Nueva Tarea
QRdO9ciMjdNlQS8pIPhtOI8TBqG2,0,196,544,1,Nueva Retroalimentaci\xf3n
FbxjgjOMPLU5KpybHNEH14dMaIo1,0,5,545,1,Nueva Retroalimentaci\xf3n
jQAKyMGYy3dc6TLaDCFnEUhESfn1,0,5,546,1,Nueva Retroalimentaci\xf3n
UFjoVzO6SLY5Akum3WFowdg2bWB3,0,5,547,1,Nueva Retroalimentaci\xf3n
3mZNd5I4YUUIVBJtsET6lC8d2oz1,0,197,548,1,Nueva Tarea
QRdO9ciMjdNlQS8pIPhtOI8TBqG2,8,0,549,1,Nuevo Mensaje
QRdO9ciMjdNlQS8pIPhtOI8TBqG2,8,0,550,1,Nuevo Mensaje
QRdO9ciMjdNlQS8pIPhtOI8TBqG2,8,0,551,1,Nuevo Mensaje
QRdO9ciMjdNlQS8pIPhtOI8TBqG2,8,0,552,1,Nuevo Mensaje
3mZNd5I4YUUIVBJtsET6lC8d2oz1,0,197,553,1,Nueva Retroalimentaci\xf3n
jQAKyMGYy3dc6TLaDCFnEUhESfn1,0,197,554,1,Nueva Retroalimentaci\xf3n
QRdO9ciMjdNlQS8pIPhtOI8TBqG2,0,128,555,1,Nueva Retroalimentaci\xf3n
UFjoVzO6SLY5Akum3WFowdg2bWB3,0,128,556,1,Nueva Retroalimentaci\xf3n
UFjoVzO6SLY5Akum3WFowdg2bWB3,0,198,557,1,Nueva Tarea
QRdO9ciMjdNlQS8pIPhtOI8TBqG2,0,198,558,1,Nueva Retroalimentaci\xf3n
QRdO9ciMjdNlQS8pIPhtOI8TBqG2,0,128,559,1,Nueva Retroalimentaci\xf3n
RDOE3hekuqU4NWny6VLRHFcJnSj2,0,128,560,1,Nueva Retroalimentaci\xf3n
QRdO9ciMjdNlQS8pIPhtOI8TBqG2,0,128,561,1,Nueva Retroalimentaci\xf3n
UFjoVzO6SLY5Akum3WFowdg2bWB3,0,128,562,1,Nueva Retroalimentaci\xf3n
QRdO9ciMjdNlQS8pIPhtOI8TBqG2,0,198,563,1,Nueva Retroalimentaci\xf3n
QRdO9ciMjdNlQS8pIPhtOI8TBqG2,0,199,564,1,Nueva Tarea
3mZNd5I4YUUIVBJtsET6lC8d2oz1,0,199,565,1,Nueva Tarea
QRdO9ciMjdNlQS8pIPhtOI8TBqG2,0,200,566,1,Nueva Tarea
3mZNd5I4YUUIVBJtsET6lC8d2oz1,0,200,567,1,Nueva Tarea
QRdO9ciMjdNlQS8pIPhtOI8TBqG2,0,201,568,1,Nueva Tarea
3mZNd5I4YUUIVBJtsET6lC8d2oz1,0,201,569,1,Nueva Tarea
QRdO9ciMjdNlQS8pIPhtOI8TBqG2,0,201,570,1,Nueva Retroalimentaci\xf3n
3mZNd5I4YUUIVBJtsET6lC8d2oz1,0,201,571,1,Nueva Retroalimentaci\xf3n
QRdO9ciMjdNlQS8pIPhtOI8TBqG2,0,202,572,1,Nueva Tarea
3mZNd5I4YUUIVBJtsET6lC8d2oz1,0,202,573,1,Nueva Tarea
QRdO9ciMjdNlQS8pIPhtOI8TBqG2,0,202,574,1,Nueva Retroalimentaci\xf3n
3mZNd5I4YUUIVBJtsET6lC8d2oz1,0,202,575,1,Nueva Retroalimentaci\xf3n
QRdO9ciMjdNlQS8pIPhtOI8TBqG2,0,203,576,1,Nueva Tarea
QRdO9ciMjdNlQS8pIPhtOI8TBqG2,0,204,577,1,Nueva Tarea
QRdO9ciMjdNlQS8pIPhtOI8TBqG2,0,205,578,1,Nueva Tarea
QRdO9ciMjdNlQS8pIPhtOI8TBqG2,0,206,579,1,Nueva Tarea
3mZNd5I4YUUIVBJtsET6lC8d2oz1,0,207,580,1,Nueva Tarea
3mZNd5I4YUUIVBJtsET6lC8d2oz1,0,207,581,1,Nueva Retroalimentaci\xf3n
QRdO9ciMjdNlQS8pIPhtOI8TBqG2,0,208,582,1,Nueva Tarea
UFjoVzO6SLY5Akum3WFowdg2bWB3,0,208,583,1,Nueva Tarea
QRdO9ciMjdNlQS8pIPhtOI8TBqG2,0,202,584,1,Nueva Retroalimentaci\xf3n
3mZNd5I4YUUIVBJtsET6lC8d2oz1,0,202,585,1,Nueva Retroalimentaci\xf3n
QRdO9ciMjdNlQS8pIPhtOI8TBqG2,0,202,586,1,Nueva Retroalimentaci\xf3n
3mZNd5I4YUUIVBJtsET6lC8d2oz1,0,202,587,1,Nueva Retroalimentaci\xf3n
QRdO9ciMjdNlQS8pIPhtOI8TBqG2,0,209,588,1,Nueva Tarea
3mZNd5I4YUUIVBJtsET6lC8d2oz1,0,209,589,1,Nueva Tarea
UFjoVzO6SLY5Akum3WFowdg2bWB3,0,210,590,1,Nueva Tarea
QRdO9ciMjdNlQS8pIPhtOI8TBqG2,0,210,591,1,Nueva Tarea
UFjoVzO6SLY5Akum3WFowdg2bWB3,0,211,592,1,Nueva Tarea
QRdO9ciMjdNlQS8pIPhtOI8TBqG2,0,211,593,1,Nueva Tarea
QRdO9ciMjdNlQS8pIPhtOI8TBqG2,0,212,594,1,Nueva Tarea
3mZNd5I4YUUIVBJtsET6lC8d2oz1,0,212,595,1,Nueva Tarea
QRdO9ciMjdNlQS8pIPhtOI8TBqG2,0,212,596,1,Nueva Retroalimentaci\xf3n
3mZNd5I4YUUIVBJtsET6lC8d2oz1,0,212,597,1,Nueva Retroalimentaci\xf3n
UFjoVzO6SLY5Akum3WFowdg2bWB3,0,196,598,1,Nueva Retroalimentaci\xf3n
UFjoVzO6SLY5Akum3WFowdg2bWB3,0,196,599,1,Nueva Retroalimentaci\xf3n
QRdO9ciMjdNlQS8pIPhtOI8TBqG2,0,213,600,1,Nueva Tarea
3mZNd5I4YUUIVBJtsET6lC8d2oz1,0,213,601,1,Nueva Tarea
QRdO9ciMjdNlQS8pIPhtOI8TBqG2,0,213,602,1,Nueva Retroalimentaci\xf3n
3mZNd5I4YUUIVBJtsET6lC8d2oz1,0,213,603,1,Nueva Retroalimentaci\xf3n
QRdO9ciMjdNlQS8pIPhtOI8TBqG2,0,214,604,1,Nueva Tarea
3mZNd5I4YUUIVBJtsET6lC8d2oz1,0,214,605,1,Nueva Tarea
QRdO9ciMjdNlQS8pIPhtOI8TBqG2,0,214,606,1,Nueva Retroalimentaci\xf3n
3mZNd5I4YUUIVBJtsET6lC8d2oz1,0,214,607,1,Nueva Retroalimentaci\xf3n
QRdO9ciMjdNlQS8pIPhtOI8TBqG2,0,215,608,1,Nueva Tarea
3mZNd5I4YUUIVBJtsET6lC8d2oz1,0,215,609,1,Nueva Tarea
QRdO9ciMjdNlQS8pIPhtOI8TBqG2,0,215,610,1,Nueva Retroalimentaci\xf3n
3mZNd5I4YUUIVBJtsET6lC8d2oz1,0,215,611,1,Nueva Retroalimentaci\xf3n
QRdO9ciMjdNlQS8pIPhtOI8TBqG2,0,196,612,1,Nueva Retroalimentaci\xf3n
QRdO9ciMjdNlQS8pIPhtOI8TBqG2,0,216,613,1,Nueva Tarea
UFjoVzO6SLY5Akum3WFowdg2bWB3,0,216,614,1,Nueva Tarea
QRdO9ciMjdNlQS8pIPhtOI8TBqG2,0,217,615,1,Nueva Tarea
UFjoVzO6SLY5Akum3WFowdg2bWB3,0,217,616,1,Nueva Tarea
QRdO9ciMjdNlQS8pIPhtOI8TBqG2,0,215,617,1,Nueva Retroalimentaci\xf3n
3mZNd5I4YUUIVBJtsET6lC8d2oz1,0,215,618,1,Nueva Retroalimentaci\xf3n
QRdO9ciMjdNlQS8pIPhtOI8TBqG2,0,218,619,1,Nueva Tarea
3mZNd5I4YUUIVBJtsET6lC8d2oz1,0,218,620,1,Nueva Tarea
QRdO9ciMjdNlQS8pIPhtOI8TBqG2,0,219,621,1,Nueva Tarea
3mZNd5I4YUUIVBJtsET6lC8d2oz1,0,219,622,1,Nueva Tarea
QRdO9ciMjdNlQS8pIPhtOI8TBqG2,0,219,623,1,Nueva Retroalimentaci\xf3n
3mZNd5I4YUUIVBJtsET6lC8d2oz1,0,219,624,1,Nueva Retroalimentaci\xf3n
QRdO9ciMjdNlQS8pIPhtOI8TBqG2,0,220,625,1,Nueva Tarea
3mZNd5I4YUUIVBJtsET6lC8d2oz1,0,220,626,1,Nueva Tarea
QRdO9ciMjdNlQS8pIPhtOI8TBqG2,0,221,627,1,Nueva Tarea
3mZNd5I4YUUIVBJtsET6lC8d2oz1,0,221,628,1,Nueva Tarea
QRdO9ciMjdNlQS8pIPhtOI8TBqG2,0,222,629,1,Nueva Tarea
3mZNd5I4YUUIVBJtsET6lC8d2oz1,0,222,630,1,Nueva Tarea
QRdO9ciMjdNlQS8pIPhtOI8TBqG2,0,222,631,1,Nueva Retroalimentaci\xf3n
3mZNd5I4YUUIVBJtsET6lC8d2oz1,0,222,632,1,Nueva Retroalimentaci\xf3n
QRdO9ciMjdNlQS8pIPhtOI8TBqG2,0,193,633,1,Nueva Retroalimentaci\xf3n
3mZNd5I4YUUIVBJtsET6lC8d2oz1,0,193,634,1,Nueva Retroalimentaci\xf3n
QRdO9ciMjdNlQS8pIPhtOI8TBqG2,0,162,635,1,Nueva Retroalimentaci\xf3n
QRdO9ciMjdNlQS8pIPhtOI8TBqG2,0,162,636,1,Nueva Retroalimentaci\xf3n
QRdO9ciMjdNlQS8pIPhtOI8TBqG2,0,223,637,1,Nueva Tarea
3mZNd5I4YUUIVBJtsET6lC8d2oz1,0,223,638,1,Nueva Tarea
jQAKyMGYy3dc6TLaDCFnEUhESfn1,9,0,639,1,Nuevo Mensaje
UFjoVzO6SLY5Akum3WFowdg2bWB3,0,222,640,1,Nueva Retroalimentaci\xf3n
3mZNd5I4YUUIVBJtsET6lC8d2oz1,0,222,641,1,Nueva Retroalimentaci\xf3n
3mZNd5I4YUUIVBJtsET6lC8d2oz1,0,207,642,1,Nueva Retroalimentaci\xf3n
UFjoVzO6SLY5Akum3WFowdg2bWB3,0,193,643,1,Nueva Retroalimentaci\xf3n
3mZNd5I4YUUIVBJtsET6lC8d2oz1,0,193,644,1,Nueva Retroalimentaci\xf3n
UFjoVzO6SLY5Akum3WFowdg2bWB3,0,128,645,1,Nueva Retroalimentaci\xf3n
RDOE3hekuqU4NWny6VLRHFcJnSj2,0,128,646,1,Nueva Retroalimentaci\xf3n
qyFa887PmIOW6Vcbj03BpICsmSt1,0,61,647,1,Nueva Retroalimentaci\xf3n
UFjoVzO6SLY5Akum3WFowdg2bWB3,0,61,648,1,Nueva Retroalimentaci\xf3n
RDOE3hekuqU4NWny6VLRHFcJnSj2,0,61,649,1,Nueva Retroalimentaci\xf3n
RDOE3hekuqU4NWny6VLRHFcJnSj2,0,46,650,1,Nueva Retroalimentaci\xf3n
3mZNd5I4YUUIVBJtsET6lC8d2oz1,0,225,651,1,Nueva Tarea
UFjoVzO6SLY5Akum3WFowdg2bWB3,0,225,652,1,Nueva Tarea
3mZNd5I4YUUIVBJtsET6lC8d2oz1,0,225,653,1,Nueva Retroalimentaci\xf3n
UFjoVzO6SLY5Akum3WFowdg2bWB3,0,225,654,1,Nueva Retroalimentaci\xf3n
3mZNd5I4YUUIVBJtsET6lC8d2oz1,0,225,655,1,Nueva Retroalimentaci\xf3n
UFjoVzO6SLY5Akum3WFowdg2bWB3,0,225,656,1,Nueva Retroalimentaci\xf3n
FbxjgjOMPLU5KpybHNEH14dMaIo1,0,5,657,1,Nueva Retroalimentaci\xf3n
jQAKyMGYy3dc6TLaDCFnEUhESfn1,0,5,658,1,Nueva Retroalimentaci\xf3n
UFjoVzO6SLY5Akum3WFowdg2bWB3,0,5,659,1,Nueva Retroalimentaci\xf3n
QRdO9ciMjdNlQS8pIPhtOI8TBqG2,0,225,660,1,Nueva Retroalimentaci\xf3n
3mZNd5I4YUUIVBJtsET6lC8d2oz1,0,225,661,1,Nueva Retroalimentaci\xf3n
QRdO9ciMjdNlQS8pIPhtOI8TBqG2,0,225,662,1,Nueva Retroalimentaci\xf3n
3mZNd5I4YUUIVBJtsET6lC8d2oz1,0,225,663,1,Nueva Retroalimentaci\xf3n
QRdO9ciMjdNlQS8pIPhtOI8TBqG2,0,226,664,1,Nueva Tarea
UFjoVzO6SLY5Akum3WFowdg2bWB3,0,226,665,1,Nueva Tarea
QRdO9ciMjdNlQS8pIPhtOI8TBqG2,0,227,666,1,Nueva Tarea
UFjoVzO6SLY5Akum3WFowdg2bWB3,0,227,667,1,Nueva Tarea
QRdO9ciMjdNlQS8pIPhtOI8TBqG2,0,228,668,1,Nueva Tarea
UFjoVzO6SLY5Akum3WFowdg2bWB3,0,228,669,1,Nueva Tarea
QRdO9ciMjdNlQS8pIPhtOI8TBqG2,0,228,670,1,Nueva Retroalimentaci\xf3n
UFjoVzO6SLY5Akum3WFowdg2bWB3,0,228,671,1,Nueva Retroalimentaci\xf3n
QRdO9ciMjdNlQS8pIPhtOI8TBqG2,0,229,672,1,Nueva Tarea
UFjoVzO6SLY5Akum3WFowdg2bWB3,0,229,673,1,Nueva Tarea
QRdO9ciMjdNlQS8pIPhtOI8TBqG2,0,230,674,1,Nueva Tarea
UFjoVzO6SLY5Akum3WFowdg2bWB3,0,230,675,1,Nueva Tarea
QRdO9ciMjdNlQS8pIPhtOI8TBqG2,0,225,676,1,Nueva Retroalimentaci\xf3n
3mZNd5I4YUUIVBJtsET6lC8d2oz1,0,225,677,1,Nueva Retroalimentaci\xf3n
QRdO9ciMjdNlQS8pIPhtOI8TBqG2,0,231,678,1,Nueva Tarea
3mZNd5I4YUUIVBJtsET6lC8d2oz1,0,231,679,1,Nueva Tarea
QRdO9ciMjdNlQS8pIPhtOI8TBqG2,0,137,680,1,Nueva Retroalimentaci\xf3n
QRdO9ciMjdNlQS8pIPhtOI8TBqG2,0,129,681,1,Nueva Retroalimentaci\xf3n
QRdO9ciMjdNlQS8pIPhtOI8TBqG2,0,232,682,1,Nueva Tarea
3mZNd5I4YUUIVBJtsET6lC8d2oz1,0,232,683,1,Nueva Tarea
QRdO9ciMjdNlQS8pIPhtOI8TBqG2,0,233,684,1,Nueva Tarea
3mZNd5I4YUUIVBJtsET6lC8d2oz1,0,233,685,1,Nueva Tarea
N7vKJbcVdQMeGXnT3RI0yPvtAY63,4,0,686,1,Nuevo Mensaje
QRdO9ciMjdNlQS8pIPhtOI8TBqG2,0,233,687,1,Nueva Retroalimentaci\xf3n
3mZNd5I4YUUIVBJtsET6lC8d2oz1,0,233,688,1,Nueva Retroalimentaci\xf3n
WifkGkHeDneVU3Aq9Df7gUYEdk52,10,0,689,1,Nuevo Mensaje
eC8sbYB3D4SwFFz9EjP6rweSZ3k2,11,0,690,1,Nuevo Mensaje
3mZNd5I4YUUIVBJtsET6lC8d2oz1,0,225,691,1,Nueva Retroalimentaci\xf3n
UFjoVzO6SLY5Akum3WFowdg2bWB3,0,225,692,1,Nueva Retroalimentaci\xf3n
QRdO9ciMjdNlQS8pIPhtOI8TBqG2,0,5,693,1,Nueva Retroalimentaci\xf3n
FbxjgjOMPLU5KpybHNEH14dMaIo1,0,5,694,1,Nueva Retroalimentaci\xf3n
jQAKyMGYy3dc6TLaDCFnEUhESfn1,0,5,695,1,Nueva Retroalimentaci\xf3n
UFjoVzO6SLY5Akum3WFowdg2bWB3,0,5,696,1,Nueva Retroalimentaci\xf3n
QRdO9ciMjdNlQS8pIPhtOI8TBqG2,0,236,697,1,Nueva Tarea
3mZNd5I4YUUIVBJtsET6lC8d2oz1,0,207,698,1,Nueva Retroalimentaci\xf3n
QRdO9ciMjdNlQS8pIPhtOI8TBqG2,0,57,699,1,Nueva Retroalimentaci\xf3n
eC8sbYB3D4SwFFz9EjP6rweSZ3k2,4,0,700,1,Nuevo Mensaje
eC8sbYB3D4SwFFz9EjP6rweSZ3k2,4,0,701,1,Nuevo Mensaje
eC8sbYB3D4SwFFz9EjP6rweSZ3k2,4,0,702,1,Nuevo Mensaje
eC8sbYB3D4SwFFz9EjP6rweSZ3k2,4,0,703,1,Nuevo Mensaje
eC8sbYB3D4SwFFz9EjP6rweSZ3k2,4,0,704,1,Nuevo Mensaje
J2y9h2MqKvd1JTGbZBy0PtRmTZp2,0,4,705,1,Nueva Retroalimentaci\xf3n
J2y9h2MqKvd1JTGbZBy0PtRmTZp2,0,4,706,1,Nueva Retroalimentaci\xf3n
3mZNd5I4YUUIVBJtsET6lC8d2oz1,0,237,707,1,Nueva Tarea
3mZNd5I4YUUIVBJtsET6lC8d2oz1,0,238,708,1,Nueva Tarea
UFjoVzO6SLY5Akum3WFowdg2bWB3,0,239,709,1,Nueva Tarea
3mZNd5I4YUUIVBJtsET6lC8d2oz1,0,239,710,1,Nueva Tarea
UFjoVzO6SLY5Akum3WFowdg2bWB3,0,240,711,1,Nueva Tarea
3mZNd5I4YUUIVBJtsET6lC8d2oz1,0,240,712,1,Nueva Tarea
UFjoVzO6SLY5Akum3WFowdg2bWB3,0,241,713,1,Nueva Tarea
QRdO9ciMjdNlQS8pIPhtOI8TBqG2,0,242,714,1,Nueva Tarea
3mZNd5I4YUUIVBJtsET6lC8d2oz1,0,242,715,1,Nueva Tarea
QRdO9ciMjdNlQS8pIPhtOI8TBqG2,0,242,716,1,Nueva Retroalimentaci\xf3n
3mZNd5I4YUUIVBJtsET6lC8d2oz1,0,242,717,1,Nueva Retroalimentaci\xf3n
UFjoVzO6SLY5Akum3WFowdg2bWB3,0,242,718,1,Nueva Retroalimentaci\xf3n
3mZNd5I4YUUIVBJtsET6lC8d2oz1,0,242,719,1,Nueva Retroalimentaci\xf3n
QRdO9ciMjdNlQS8pIPhtOI8TBqG2,0,138,720,1,Nueva Retroalimentaci\xf3n
N7vKJbcVdQMeGXnT3RI0yPvtAY63,5,0,721,1,Nuevo Mensaje
J2y9h2MqKvd1JTGbZBy0PtRmTZp2,5,0,722,1,Nuevo Mensaje
J2y9h2MqKvd1JTGbZBy0PtRmTZp2,5,0,723,1,Nuevo Mensaje
J2y9h2MqKvd1JTGbZBy0PtRmTZp2,5,0,724,1,Nuevo Mensaje
N7vKJbcVdQMeGXnT3RI0yPvtAY63,0,243,725,0,Nueva Retroalimentaci\xf3n
eC8sbYB3D4SwFFz9EjP6rweSZ3k2,0,243,726,1,Nueva Retroalimentaci\xf3n
J2y9h2MqKvd1JTGbZBy0PtRmTZp2,0,243,727,1,Nueva Retroalimentaci\xf3n
N7vKJbcVdQMeGXnT3RI0yPvtAY63,0,243,728,1,Nueva Retroalimentaci\xf3n
eC8sbYB3D4SwFFz9EjP6rweSZ3k2,0,243,729,1,Nueva Retroalimentaci\xf3n
J2y9h2MqKvd1JTGbZBy0PtRmTZp2,0,243,730,1,Nueva Retroalimentaci\xf3n
uS3UQrx5GyVsuijSsUon5fmortm2,0,243,731,1,Nueva Retroalimentaci\xf3n
eC8sbYB3D4SwFFz9EjP6rweSZ3k2,0,243,732,1,Nueva Retroalimentaci\xf3n
J2y9h2MqKvd1JTGbZBy0PtRmTZp2,0,243,733,1,Nueva Retroalimentaci\xf3n
eC8sbYB3D4SwFFz9EjP6rweSZ3k2,0,243,734,1,Nueva Retroalimentaci\xf3n
uS3UQrx5GyVsuijSsUon5fmortm2,0,244,735,1,Nueva Tarea
N7vKJbcVdQMeGXnT3RI0yPvtAY63,7,0,736,1,Nuevo Mensaje
uS3UQrx5GyVsuijSsUon5fmortm2,7,0,737,1,Nuevo Mensaje
N7vKJbcVdQMeGXnT3RI0yPvtAY63,7,0,738,1,Nuevo Mensaje
QRdO9ciMjdNlQS8pIPhtOI8TBqG2,0,201,739,1,Nueva Retroalimentaci\xf3n
3mZNd5I4YUUIVBJtsET6lC8d2oz1,0,201,740,1,Nueva Retroalimentaci\xf3n
QRdO9ciMjdNlQS8pIPhtOI8TBqG2,0,201,741,1,Nueva Retroalimentaci\xf3n
3mZNd5I4YUUIVBJtsET6lC8d2oz1,0,201,742,1,Nueva Retroalimentaci\xf3n
qyFa887PmIOW6Vcbj03BpICsmSt1,0,57,743,1,Nueva Retroalimentaci\xf3n
QRdO9ciMjdNlQS8pIPhtOI8TBqG2,0,247,744,1,Nueva Tarea
3mZNd5I4YUUIVBJtsET6lC8d2oz1,0,247,745,1,Nueva Tarea
QRdO9ciMjdNlQS8pIPhtOI8TBqG2,0,248,746,1,Nueva Tarea
3mZNd5I4YUUIVBJtsET6lC8d2oz1,0,248,747,1,Nueva Tarea
QRdO9ciMjdNlQS8pIPhtOI8TBqG2,0,249,748,1,Nueva Tarea
3mZNd5I4YUUIVBJtsET6lC8d2oz1,0,249,749,1,Nueva Tarea
QRdO9ciMjdNlQS8pIPhtOI8TBqG2,0,250,750,1,Nueva Tarea
3mZNd5I4YUUIVBJtsET6lC8d2oz1,0,250,751,1,Nueva Tarea
UFjoVzO6SLY5Akum3WFowdg2bWB3,0,251,752,1,Nueva Tarea
QRdO9ciMjdNlQS8pIPhtOI8TBqG2,0,252,753,1,Nueva Tarea
3mZNd5I4YUUIVBJtsET6lC8d2oz1,0,252,754,1,Nueva Tarea
QRdO9ciMjdNlQS8pIPhtOI8TBqG2,0,253,755,1,Nueva Tarea
3mZNd5I4YUUIVBJtsET6lC8d2oz1,0,253,756,1,Nueva Tarea
QRdO9ciMjdNlQS8pIPhtOI8TBqG2,0,254,757,1,Nueva Tarea
3mZNd5I4YUUIVBJtsET6lC8d2oz1,0,254,758,1,Nueva Tarea
QRdO9ciMjdNlQS8pIPhtOI8TBqG2,0,254,759,1,Nueva Retroalimentaci\xf3n
3mZNd5I4YUUIVBJtsET6lC8d2oz1,0,254,760,1,Nueva Retroalimentaci\xf3n
QRdO9ciMjdNlQS8pIPhtOI8TBqG2,0,255,761,1,Nueva Tarea
3mZNd5I4YUUIVBJtsET6lC8d2oz1,0,255,762,1,Nueva Tarea
QRdO9ciMjdNlQS8pIPhtOI8TBqG2,0,256,763,1,Nueva Tarea
3mZNd5I4YUUIVBJtsET6lC8d2oz1,0,256,764,1,Nueva Tarea
QRdO9ciMjdNlQS8pIPhtOI8TBqG2,0,257,765,1,Nueva Tarea
3mZNd5I4YUUIVBJtsET6lC8d2oz1,0,257,766,1,Nueva Tarea
QRdO9ciMjdNlQS8pIPhtOI8TBqG2,0,258,767,1,Nueva Tarea
3mZNd5I4YUUIVBJtsET6lC8d2oz1,0,258,768,1,Nueva Tarea
QRdO9ciMjdNlQS8pIPhtOI8TBqG2,0,259,769,1,Nueva Tarea
3mZNd5I4YUUIVBJtsET6lC8d2oz1,0,259,770,1,Nueva Tarea
QRdO9ciMjdNlQS8pIPhtOI8TBqG2,0,260,771,1,Nueva Tarea
3mZNd5I4YUUIVBJtsET6lC8d2oz1,0,260,772,1,Nueva Tarea
QRdO9ciMjdNlQS8pIPhtOI8TBqG2,0,260,773,1,Nueva Retroalimentaci\xf3n
3mZNd5I4YUUIVBJtsET6lC8d2oz1,0,260,774,1,Nueva Retroalimentaci\xf3n
QRdO9ciMjdNlQS8pIPhtOI8TBqG2,0,261,775,1,Nueva Tarea
3mZNd5I4YUUIVBJtsET6lC8d2oz1,0,261,776,1,Nueva Tarea
QRdO9ciMjdNlQS8pIPhtOI8TBqG2,0,262,777,1,Nueva Tarea
3mZNd5I4YUUIVBJtsET6lC8d2oz1,0,262,778,1,Nueva Tarea
QRdO9ciMjdNlQS8pIPhtOI8TBqG2,0,263,779,1,Nueva Tarea
3mZNd5I4YUUIVBJtsET6lC8d2oz1,0,263,780,1,Nueva Tarea
3mZNd5I4YUUIVBJtsET6lC8d2oz1,0,265,781,1,Nueva Tarea
3mZNd5I4YUUIVBJtsET6lC8d2oz1,0,265,782,1,Nueva Retroalimentaci\xf3n
UFjoVzO6SLY5Akum3WFowdg2bWB3,0,266,783,1,Nueva Tarea
3mZNd5I4YUUIVBJtsET6lC8d2oz1,0,267,784,1,Nueva Tarea
3mZNd5I4YUUIVBJtsET6lC8d2oz1,0,267,785,1,Nueva Retroalimentaci\xf3n
3mZNd5I4YUUIVBJtsET6lC8d2oz1,0,268,786,1,Nueva Tarea
QRdO9ciMjdNlQS8pIPhtOI8TBqG2,0,266,787,1,Nueva Retroalimentaci\xf3n
J2y9h2MqKvd1JTGbZBy0PtRmTZp2,12,0,788,1,Nuevo Mensaje
QRdO9ciMjdNlQS8pIPhtOI8TBqG2,0,267,789,1,Nueva Retroalimentaci\xf3n
QRdO9ciMjdNlQS8pIPhtOI8TBqG2,0,269,790,1,Nueva Tarea
3mZNd5I4YUUIVBJtsET6lC8d2oz1,0,269,791,1,Nueva Tarea
QRdO9ciMjdNlQS8pIPhtOI8TBqG2,0,270,792,1,Nueva Tarea
3mZNd5I4YUUIVBJtsET6lC8d2oz1,0,270,793,1,Nueva Tarea
QRdO9ciMjdNlQS8pIPhtOI8TBqG2,0,270,794,1,Nueva Retroalimentaci\xf3n
3mZNd5I4YUUIVBJtsET6lC8d2oz1,0,270,795,1,Nueva Retroalimentaci\xf3n
QRdO9ciMjdNlQS8pIPhtOI8TBqG2,0,271,796,1,Nueva Tarea
3mZNd5I4YUUIVBJtsET6lC8d2oz1,0,271,797,1,Nueva Tarea
QRdO9ciMjdNlQS8pIPhtOI8TBqG2,0,271,798,1,Nueva Retroalimentaci\xf3n
3mZNd5I4YUUIVBJtsET6lC8d2oz1,0,271,799,1,Nueva Retroalimentaci\xf3n
QRdO9ciMjdNlQS8pIPhtOI8TBqG2,0,272,800,1,Nueva Tarea
3mZNd5I4YUUIVBJtsET6lC8d2oz1,0,272,801,1,Nueva Tarea
QRdO9ciMjdNlQS8pIPhtOI8TBqG2,0,272,802,1,Nueva Retroalimentaci\xf3n
3mZNd5I4YUUIVBJtsET6lC8d2oz1,0,272,803,1,Nueva Retroalimentaci\xf3n
QRdO9ciMjdNlQS8pIPhtOI8TBqG2,0,273,804,1,Nueva Tarea
3mZNd5I4YUUIVBJtsET6lC8d2oz1,0,273,805,1,Nueva Tarea
QRdO9ciMjdNlQS8pIPhtOI8TBqG2,0,273,806,1,Nueva Retroalimentaci\xf3n
3mZNd5I4YUUIVBJtsET6lC8d2oz1,0,273,807,1,Nueva Retroalimentaci\xf3n
QRdO9ciMjdNlQS8pIPhtOI8TBqG2,0,274,808,1,Nueva Tarea
3mZNd5I4YUUIVBJtsET6lC8d2oz1,0,274,809,1,Nueva Tarea
QRdO9ciMjdNlQS8pIPhtOI8TBqG2,0,274,810,1,Nueva Retroalimentaci\xf3n
3mZNd5I4YUUIVBJtsET6lC8d2oz1,0,274,811,1,Nueva Retroalimentaci\xf3n
QRdO9ciMjdNlQS8pIPhtOI8TBqG2,0,275,812,1,Nueva Tarea
3mZNd5I4YUUIVBJtsET6lC8d2oz1,0,275,813,1,Nueva Tarea
QRdO9ciMjdNlQS8pIPhtOI8TBqG2,0,275,814,1,Nueva Retroalimentaci\xf3n
3mZNd5I4YUUIVBJtsET6lC8d2oz1,0,275,815,1,Nueva Retroalimentaci\xf3n
QRdO9ciMjdNlQS8pIPhtOI8TBqG2,0,162,816,1,Nueva Retroalimentaci\xf3n
UFjoVzO6SLY5Akum3WFowdg2bWB3,0,266,817,1,Nueva Retroalimentaci\xf3n
QRdO9ciMjdNlQS8pIPhtOI8TBqG2,0,277,818,1,Nueva Tarea
3mZNd5I4YUUIVBJtsET6lC8d2oz1,0,277,819,1,Nueva Tarea
QRdO9ciMjdNlQS8pIPhtOI8TBqG2,0,278,820,1,Nueva Tarea
3mZNd5I4YUUIVBJtsET6lC8d2oz1,0,278,821,1,Nueva Tarea
QRdO9ciMjdNlQS8pIPhtOI8TBqG2,0,279,822,1,Nueva Tarea
3mZNd5I4YUUIVBJtsET6lC8d2oz1,0,279,823,1,Nueva Tarea
QRdO9ciMjdNlQS8pIPhtOI8TBqG2,0,280,824,1,Nueva Tarea
3mZNd5I4YUUIVBJtsET6lC8d2oz1,0,280,825,1,Nueva Tarea
QRdO9ciMjdNlQS8pIPhtOI8TBqG2,0,281,826,1,Nueva Tarea
3mZNd5I4YUUIVBJtsET6lC8d2oz1,0,281,827,1,Nueva Tarea
QRdO9ciMjdNlQS8pIPhtOI8TBqG2,0,282,828,1,Nueva Tarea
3mZNd5I4YUUIVBJtsET6lC8d2oz1,0,282,829,1,Nueva Tarea
QRdO9ciMjdNlQS8pIPhtOI8TBqG2,0,283,830,1,Nueva Tarea
3mZNd5I4YUUIVBJtsET6lC8d2oz1,0,283,831,1,Nueva Tarea
QRdO9ciMjdNlQS8pIPhtOI8TBqG2,0,283,832,1,Nueva Retroalimentaci\xf3n
3mZNd5I4YUUIVBJtsET6lC8d2oz1,0,283,833,1,Nueva Retroalimentaci\xf3n
QRdO9ciMjdNlQS8pIPhtOI8TBqG2,0,284,834,1,Nueva Tarea
3mZNd5I4YUUIVBJtsET6lC8d2oz1,0,284,835,1,Nueva Tarea
QRdO9ciMjdNlQS8pIPhtOI8TBqG2,0,285,836,1,Nueva Tarea
3mZNd5I4YUUIVBJtsET6lC8d2oz1,0,285,837,1,Nueva Tarea
QRdO9ciMjdNlQS8pIPhtOI8TBqG2,0,285,838,1,Nueva Retroalimentaci\xf3n
3mZNd5I4YUUIVBJtsET6lC8d2oz1,0,285,839,1,Nueva Retroalimentaci\xf3n
QRdO9ciMjdNlQS8pIPhtOI8TBqG2,0,286,840,1,Nueva Tarea
3mZNd5I4YUUIVBJtsET6lC8d2oz1,0,286,841,1,Nueva Tarea
QRdO9ciMjdNlQS8pIPhtOI8TBqG2,0,287,842,1,Nueva Tarea
QRdO9ciMjdNlQS8pIPhtOI8TBqG2,0,287,843,1,Nueva Retroalimentaci\xf3n
3mZNd5I4YUUIVBJtsET6lC8d2oz1,0,287,844,1,Nueva Retroalimentaci\xf3n
QRdO9ciMjdNlQS8pIPhtOI8TBqG2,0,288,845,1,Nueva Tarea
3mZNd5I4YUUIVBJtsET6lC8d2oz1,0,288,846,1,Nueva Tarea
QRdO9ciMjdNlQS8pIPhtOI8TBqG2,0,289,847,1,Nueva Tarea
3mZNd5I4YUUIVBJtsET6lC8d2oz1,0,289,848,1,Nueva Tarea
QRdO9ciMjdNlQS8pIPhtOI8TBqG2,0,290,849,1,Nueva Tarea
3mZNd5I4YUUIVBJtsET6lC8d2oz1,0,290,850,1,Nueva Tarea
QRdO9ciMjdNlQS8pIPhtOI8TBqG2,0,128,851,1,Nueva Retroalimentaci\xf3n
RDOE3hekuqU4NWny6VLRHFcJnSj2,0,128,852,1,Nueva Retroalimentaci\xf3n
QRdO9ciMjdNlQS8pIPhtOI8TBqG2,0,128,853,1,Nueva Retroalimentaci\xf3n
RDOE3hekuqU4NWny6VLRHFcJnSj2,0,128,854,1,Nueva Retroalimentaci\xf3n
QRdO9ciMjdNlQS8pIPhtOI8TBqG2,0,291,855,1,Nueva Tarea
3mZNd5I4YUUIVBJtsET6lC8d2oz1,0,291,856,1,Nueva Tarea
QRdO9ciMjdNlQS8pIPhtOI8TBqG2,0,291,857,1,Nueva Retroalimentaci\xf3n
3mZNd5I4YUUIVBJtsET6lC8d2oz1,0,291,858,1,Nueva Retroalimentaci\xf3n
QRdO9ciMjdNlQS8pIPhtOI8TBqG2,0,292,859,1,Nueva Tarea
3mZNd5I4YUUIVBJtsET6lC8d2oz1,0,292,860,1,Nueva Tarea
QRdO9ciMjdNlQS8pIPhtOI8TBqG2,0,293,861,1,Nueva Tarea
3mZNd5I4YUUIVBJtsET6lC8d2oz1,0,293,862,1,Nueva Tarea
QRdO9ciMjdNlQS8pIPhtOI8TBqG2,0,294,863,1,Nueva Tarea
3mZNd5I4YUUIVBJtsET6lC8d2oz1,0,294,864,1,Nueva Tarea
QRdO9ciMjdNlQS8pIPhtOI8TBqG2,0,294,865,1,Nueva Retroalimentaci\xf3n
3mZNd5I4YUUIVBJtsET6lC8d2oz1,0,294,866,1,Nueva Retroalimentaci\xf3n
QRdO9ciMjdNlQS8pIPhtOI8TBqG2,0,295,867,1,Nueva Tarea
3mZNd5I4YUUIVBJtsET6lC8d2oz1,0,295,868,1,Nueva Tarea
QRdO9ciMjdNlQS8pIPhtOI8TBqG2,0,296,869,1,Nueva Tarea
3mZNd5I4YUUIVBJtsET6lC8d2oz1,0,296,870,1,Nueva Tarea
QRdO9ciMjdNlQS8pIPhtOI8TBqG2,0,296,871,1,Nueva Retroalimentaci\xf3n
3mZNd5I4YUUIVBJtsET6lC8d2oz1,0,296,872,1,Nueva Retroalimentaci\xf3n
QRdO9ciMjdNlQS8pIPhtOI8TBqG2,0,297,873,1,Nueva Tarea
3mZNd5I4YUUIVBJtsET6lC8d2oz1,0,297,874,1,Nueva Tarea
QRdO9ciMjdNlQS8pIPhtOI8TBqG2,0,298,875,1,Nueva Tarea
3mZNd5I4YUUIVBJtsET6lC8d2oz1,0,298,876,1,Nueva Tarea
QRdO9ciMjdNlQS8pIPhtOI8TBqG2,0,299,877,1,Nueva Tarea
3mZNd5I4YUUIVBJtsET6lC8d2oz1,0,299,878,1,Nueva Tarea
QRdO9ciMjdNlQS8pIPhtOI8TBqG2,0,299,879,1,Nueva Retroalimentaci\xf3n
3mZNd5I4YUUIVBJtsET6lC8d2oz1,0,299,880,1,Nueva Retroalimentaci\xf3n
UFjoVzO6SLY5Akum3WFowdg2bWB3,0,300,881,1,Nueva Tarea
UFjoVzO6SLY5Akum3WFowdg2bWB3,0,300,882,1,Nueva Retroalimentaci\xf3n
UFjoVzO6SLY5Akum3WFowdg2bWB3,0,300,883,1,Nueva Retroalimentaci\xf3n
UFjoVzO6SLY5Akum3WFowdg2bWB3,0,300,884,1,Nueva Retroalimentaci\xf3n
UFjoVzO6SLY5Akum3WFowdg2bWB3,0,300,885,1,Nueva Retroalimentaci\xf3n
WifkGkHeDneVU3Aq9Df7gUYEdk52,6,0,886,1,Nuevo Mensaje
3mZNd5I4YUUIVBJtsET6lC8d2oz1,2,0,887,1,Nuevo Mensaje
UFjoVzO6SLY5Akum3WFowdg2bWB3,0,300,888,1,Nueva Retroalimentaci\xf3n
UFjoVzO6SLY5Akum3WFowdg2bWB3,0,300,889,1,Nueva Retroalimentaci\xf3n
QRdO9ciMjdNlQS8pIPhtOI8TBqG2,0,299,890,1,Nueva Retroalimentaci\xf3n
3mZNd5I4YUUIVBJtsET6lC8d2oz1,0,299,891,1,Nueva Retroalimentaci\xf3n
QRdO9ciMjdNlQS8pIPhtOI8TBqG2,0,294,892,1,Nueva Retroalimentaci\xf3n
3mZNd5I4YUUIVBJtsET6lC8d2oz1,0,294,893,1,Nueva Retroalimentaci\xf3n
6dDxe1v4fRSAuh6AUItaS4sMo2x2,13,0,894,1,Nuevo Mensaje
qg6MZoLR9geVyWXcPm3scXrp1Qe2,13,0,895,1,Nuevo Mensaje
NkaVFmDaWac8RsrZ86djUMcKdYs2,14,0,896,1,Nuevo Mensaje
n0D6TUmAiGMb0GuwpFmNWJvkKv72,14,0,897,1,Nuevo Mensaje
NkaVFmDaWac8RsrZ86djUMcKdYs2,15,0,898,1,Nuevo Mensaje
peVjqNCxxHPmYu1JEw8g7BMET982,16,0,899,1,Nuevo Mensaje
NkaVFmDaWac8RsrZ86djUMcKdYs2,17,0,900,1,Nuevo Mensaje
nUdytrp3OUWpi1W6EUEMrVe420b2,18,0,901,1,Nuevo Mensaje
qg6MZoLR9geVyWXcPm3scXrp1Qe2,17,0,902,1,Nuevo Mensaje
qg6MZoLR9geVyWXcPm3scXrp1Qe2,17,0,903,1,Nuevo Mensaje
PrARsohXdoSh5z6AVnO6zq8oaQG2,15,0,904,1,Nuevo Mensaje
jQAKyMGYy3dc6TLaDCFnEUhESfn1,19,0,905,1,Nuevo Mensaje
<blank>,0,301,906,1,Nueva Tarea
4oYSvqn09bXGMkMm7md6nMfdVg73,0,302,907,1,Nueva Tarea
QRdO9ciMjdNlQS8pIPhtOI8TBqG2,0,302,908,1,Nueva Tarea
nUdytrp3OUWpi1W6EUEMrVe420b2,20,0,909,1,Nuevo Mensaje
wjEfzIno2QdPxLB2y7aAtzAKT9w2,0,302,910,1,Nueva Retroalimentaci\xf3n
4oYSvqn09bXGMkMm7md6nMfdVg73,0,302,911,1,Nueva Retroalimentaci\xf3n
6dDxe1v4fRSAuh6AUItaS4sMo2x2,0,302,912,1,Nueva Retroalimentaci\xf3n
wjEfzIno2QdPxLB2y7aAtzAKT9w2,0,302,913,1,Nueva Retroalimentaci\xf3n
4oYSvqn09bXGMkMm7md6nMfdVg73,0,302,914,1,Nueva Retroalimentaci\xf3n
6dDxe1v4fRSAuh6AUItaS4sMo2x2,0,302,915,1,Nueva Retroalimentaci\xf3n
vPm98zkJtkXOV84a3SugEslbtkO2,21,0,916,1,Nuevo Mensaje
vPm98zkJtkXOV84a3SugEslbtkO2,21,0,917,1,Nuevo Mensaje
vPm98zkJtkXOV84a3SugEslbtkO2,21,0,918,1,Nuevo Mensaje
MvLtcrvd0lOUYkPR67q3Vri0h9x2,0,303,919,1,Nueva Tarea
I8PsAjRWCIeM95Gwy0OozTcixbp1,0,303,920,1,Nueva Tarea
YqfmSQ9PKjabQArmLMkANUamNh73,0,303,921,1,Nueva Tarea
MvLtcrvd0lOUYkPR67q3Vri0h9x2,0,304,922,1,Nueva Tarea
I8PsAjRWCIeM95Gwy0OozTcixbp1,0,304,923,1,Nueva Tarea
YqfmSQ9PKjabQArmLMkANUamNh73,0,304,924,1,Nueva Tarea
L0mB1f6WkJhpUihSGNBMuveUQy92,0,305,925,1,Nueva Tarea
I8PsAjRWCIeM95Gwy0OozTcixbp1,0,305,926,1,Nueva Tarea
G8iag47dE2eF8cGv3aOc1xAKwfp2,0,305,927,1,Nueva Tarea
L0mB1f6WkJhpUihSGNBMuveUQy92,0,305,928,1,Nueva Retroalimentaci\xf3n
I8PsAjRWCIeM95Gwy0OozTcixbp1,0,305,929,1,Nueva Retroalimentaci\xf3n
G8iag47dE2eF8cGv3aOc1xAKwfp2,0,305,930,1,Nueva Retroalimentaci\xf3n
L0mB1f6WkJhpUihSGNBMuveUQy92,0,305,931,1,Nueva Retroalimentaci\xf3n
I8PsAjRWCIeM95Gwy0OozTcixbp1,0,305,932,1,Nueva Retroalimentaci\xf3n
G8iag47dE2eF8cGv3aOc1xAKwfp2,0,305,933,1,Nueva Retroalimentaci\xf3n
vPm98zkJtkXOV84a3SugEslbtkO2,22,0,934,1,Nuevo Mensaje
vPm98zkJtkXOV84a3SugEslbtkO2,22,0,935,1,Nuevo Mensaje
8hCcNIMqBcboQ1La0oxoHpavmZB2,0,306,936,1,Nueva Tarea
8hCcNIMqBcboQ1La0oxoHpavmZB2,0,306,937,1,Nueva Retroalimentaci\xf3n
8hCcNIMqBcboQ1La0oxoHpavmZB2,23,0,938,1,Nuevo Mensaje
MvLtcrvd0lOUYkPR67q3Vri0h9x2,0,305,939,1,Nueva Retroalimentaci\xf3n
I8PsAjRWCIeM95Gwy0OozTcixbp1,0,305,940,1,Nueva Retroalimentaci\xf3n
G8iag47dE2eF8cGv3aOc1xAKwfp2,0,305,941,1,Nueva Retroalimentaci\xf3n
8hCcNIMqBcboQ1La0oxoHpavmZB2,23,0,942,1,Nuevo Mensaje
8hCcNIMqBcboQ1La0oxoHpavmZB2,23,0,943,1,Nuevo Mensaje
hDaOeKhARQTejyMLqnuFOnjCs8Y2,22,0,944,1,Nuevo Mensaje
MvLtcrvd0lOUYkPR67q3Vri0h9x2,0,305,945,1,Nueva Retroalimentaci\xf3n
L0mB1f6WkJhpUihSGNBMuveUQy92,0,305,946,1,Nueva Retroalimentaci\xf3n
I8PsAjRWCIeM95Gwy0OozTcixbp1,0,305,947,1,Nueva Retroalimentaci\xf3n
vPm98zkJtkXOV84a3SugEslbtkO2,24,0,948,1,Nuevo Mensaje
8hCcNIMqBcboQ1La0oxoHpavmZB2,23,0,949,1,Nuevo Mensaje
8hCcNIMqBcboQ1La0oxoHpavmZB2,23,0,950,1,Nuevo Mensaje
hDaOeKhARQTejyMLqnuFOnjCs8Y2,25,0,951,1,Nuevo Mensaje
8hCcNIMqBcboQ1La0oxoHpavmZB2,23,0,952,1,Nuevo Mensaje
8hCcNIMqBcboQ1La0oxoHpavmZB2,23,0,953,1,Nuevo Mensaje
8hCcNIMqBcboQ1La0oxoHpavmZB2,24,0,954,1,Nuevo Mensaje
hDaOeKhARQTejyMLqnuFOnjCs8Y2,25,0,955,1,Nuevo Mensaje
G8iag47dE2eF8cGv3aOc1xAKwfp2,25,0,956,1,Nuevo Mensaje
MvLtcrvd0lOUYkPR67q3Vri0h9x2,0,305,957,1,Nueva Retroalimentaci\xf3n
L0mB1f6WkJhpUihSGNBMuveUQy92,0,305,958,1,Nueva Retroalimentaci\xf3n
G8iag47dE2eF8cGv3aOc1xAKwfp2,0,305,959,1,Nueva Retroalimentaci\xf3n
wjEfzIno2QdPxLB2y7aAtzAKT9w2,0,302,960,1,Nueva Retroalimentaci\xf3n
4oYSvqn09bXGMkMm7md6nMfdVg73,0,302,961,1,Nueva Retroalimentaci\xf3n
6dDxe1v4fRSAuh6AUItaS4sMo2x2,0,302,962,1,Nueva Retroalimentaci\xf3n
wjEfzIno2QdPxLB2y7aAtzAKT9w2,0,302,963,1,Nueva Retroalimentaci\xf3n
4oYSvqn09bXGMkMm7md6nMfdVg73,0,302,964,1,Nueva Retroalimentaci\xf3n
6dDxe1v4fRSAuh6AUItaS4sMo2x2,0,302,965,1,Nueva Retroalimentaci\xf3n
wjEfzIno2QdPxLB2y7aAtzAKT9w2,0,302,966,1,Nueva Retroalimentaci\xf3n
4oYSvqn09bXGMkMm7md6nMfdVg73,0,302,967,1,Nueva Retroalimentaci\xf3n
6dDxe1v4fRSAuh6AUItaS4sMo2x2,0,302,968,1,Nueva Retroalimentaci\xf3n
wjEfzIno2QdPxLB2y7aAtzAKT9w2,0,302,969,1,Nueva Retroalimentaci\xf3n
4oYSvqn09bXGMkMm7md6nMfdVg73,0,302,970,1,Nueva Retroalimentaci\xf3n
6dDxe1v4fRSAuh6AUItaS4sMo2x2,0,302,971,1,Nueva Retroalimentaci\xf3n
wjEfzIno2QdPxLB2y7aAtzAKT9w2,0,302,972,1,Nueva Retroalimentaci\xf3n
4oYSvqn09bXGMkMm7md6nMfdVg73,0,302,973,1,Nueva Retroalimentaci\xf3n
6dDxe1v4fRSAuh6AUItaS4sMo2x2,0,302,974,1,Nueva Retroalimentaci\xf3n
wjEfzIno2QdPxLB2y7aAtzAKT9w2,0,302,975,1,Nueva Retroalimentaci\xf3n
4oYSvqn09bXGMkMm7md6nMfdVg73,0,302,976,1,Nueva Retroalimentaci\xf3n
6dDxe1v4fRSAuh6AUItaS4sMo2x2,0,302,977,1,Nueva Retroalimentaci\xf3n
wjEfzIno2QdPxLB2y7aAtzAKT9w2,0,302,978,1,Nueva Retroalimentaci\xf3n
4oYSvqn09bXGMkMm7md6nMfdVg73,0,302,979,1,Nueva Retroalimentaci\xf3n
6dDxe1v4fRSAuh6AUItaS4sMo2x2,0,302,980,1,Nueva Retroalimentaci\xf3n
qFRhreByg2PHq8p8nPtGemHrS5v2,0,307,981,1,Nueva Tarea
QRdO9ciMjdNlQS8pIPhtOI8TBqG2,0,307,982,1,Nueva Retroalimentaci\xf3n
qFRhreByg2PHq8p8nPtGemHrS5v2,0,307,983,1,Nueva Retroalimentaci\xf3n
QRdO9ciMjdNlQS8pIPhtOI8TBqG2,0,307,984,1,Nueva Retroalimentaci\xf3n
qFRhreByg2PHq8p8nPtGemHrS5v2,0,307,985,1,Nueva Retroalimentaci\xf3n
QRdO9ciMjdNlQS8pIPhtOI8TBqG2,0,307,986,1,Nueva Retroalimentaci\xf3n
qFRhreByg2PHq8p8nPtGemHrS5v2,0,307,987,1,Nueva Retroalimentaci\xf3n
QRdO9ciMjdNlQS8pIPhtOI8TBqG2,0,265,988,1,Nueva Retroalimentaci\xf3n
3mZNd5I4YUUIVBJtsET6lC8d2oz1,0,265,989,1,Nueva Retroalimentaci\xf3n
3mZNd5I4YUUIVBJtsET6lC8d2oz1,0,265,990,1,Nueva Retroalimentaci\xf3n
WifkGkHeDneVU3Aq9Df7gUYEdk52,6,0,991,1,Nuevo Mensaje
qFRhreByg2PHq8p8nPtGemHrS5v2,0,307,992,1,Nueva Retroalimentaci\xf3n
qFRhreByg2PHq8p8nPtGemHrS5v2,0,307,993,1,Nueva Retroalimentaci\xf3n
qFRhreByg2PHq8p8nPtGemHrS5v2,0,307,994,1,Nueva Retroalimentaci\xf3n
QRdO9ciMjdNlQS8pIPhtOI8TBqG2,0,307,995,1,Nueva Retroalimentaci\xf3n
qFRhreByg2PHq8p8nPtGemHrS5v2,0,307,996,1,Nueva Retroalimentaci\xf3n
UFjoVzO6SLY5Akum3WFowdg2bWB3,0,294,997,1,Nueva Retroalimentaci\xf3n
3mZNd5I4YUUIVBJtsET6lC8d2oz1,0,294,998,1,Nueva Retroalimentaci\xf3n
QRdO9ciMjdNlQS8pIPhtOI8TBqG2,0,308,999,1,Nueva Tarea
3mZNd5I4YUUIVBJtsET6lC8d2oz1,0,308,1000,1,Nueva Tarea
QRdO9ciMjdNlQS8pIPhtOI8TBqG2,0,309,1001,1,Nueva Tarea
3mZNd5I4YUUIVBJtsET6lC8d2oz1,0,309,1002,1,Nueva Tarea
QRdO9ciMjdNlQS8pIPhtOI8TBqG2,0,310,1003,1,Nueva Tarea
3mZNd5I4YUUIVBJtsET6lC8d2oz1,0,310,1004,1,Nueva Tarea
QRdO9ciMjdNlQS8pIPhtOI8TBqG2,0,311,1005,1,Nueva Tarea
3mZNd5I4YUUIVBJtsET6lC8d2oz1,0,311,1006,1,Nueva Tarea
QRdO9ciMjdNlQS8pIPhtOI8TBqG2,0,312,1007,1,Nueva Tarea
3mZNd5I4YUUIVBJtsET6lC8d2oz1,0,312,1008,1,Nueva Tarea
QRdO9ciMjdNlQS8pIPhtOI8TBqG2,0,313,1009,1,Nueva Tarea
3mZNd5I4YUUIVBJtsET6lC8d2oz1,0,313,1010,1,Nueva Tarea
UFjoVzO6SLY5Akum3WFowdg2bWB3,0,314,1011,1,Nueva Tarea
uS3UQrx5GyVsuijSsUon5fmortm2,0,315,1012,1,Nueva Tarea
UFjoVzO6SLY5Akum3WFowdg2bWB3,0,314,1013,1,Nueva Retroalimentaci\xf3n
QRdO9ciMjdNlQS8pIPhtOI8TBqG2,0,316,1014,1,Nueva Tarea
3mZNd5I4YUUIVBJtsET6lC8d2oz1,0,316,1015,1,Nueva Tarea
QRdO9ciMjdNlQS8pIPhtOI8TBqG2,0,317,1016,1,Nueva Tarea
3mZNd5I4YUUIVBJtsET6lC8d2oz1,0,317,1017,1,Nueva Tarea
QRdO9ciMjdNlQS8pIPhtOI8TBqG2,0,318,1018,1,Nueva Tarea
3mZNd5I4YUUIVBJtsET6lC8d2oz1,0,318,1019,1,Nueva Tarea
QRdO9ciMjdNlQS8pIPhtOI8TBqG2,0,319,1020,1,Nueva Tarea
3mZNd5I4YUUIVBJtsET6lC8d2oz1,0,319,1021,1,Nueva Tarea
QRdO9ciMjdNlQS8pIPhtOI8TBqG2,0,320,1022,1,Nueva Tarea
3mZNd5I4YUUIVBJtsET6lC8d2oz1,0,320,1023,1,Nueva Tarea
QRdO9ciMjdNlQS8pIPhtOI8TBqG2,0,320,1024,1,Nueva Retroalimentaci\xf3n
3mZNd5I4YUUIVBJtsET6lC8d2oz1,0,320,1025,1,Nueva Retroalimentaci\xf3n
wjEfzIno2QdPxLB2y7aAtzAKT9w2,0,302,1026,1,Nueva Retroalimentaci\xf3n
4oYSvqn09bXGMkMm7md6nMfdVg73,0,302,1027,1,Nueva Retroalimentaci\xf3n
6dDxe1v4fRSAuh6AUItaS4sMo2x2,0,302,1028,1,Nueva Retroalimentaci\xf3n
wjEfzIno2QdPxLB2y7aAtzAKT9w2,0,302,1029,1,Nueva Retroalimentaci\xf3n
4oYSvqn09bXGMkMm7md6nMfdVg73,0,302,1030,1,Nueva Retroalimentaci\xf3n
6dDxe1v4fRSAuh6AUItaS4sMo2x2,0,302,1031,1,Nueva Retroalimentaci\xf3n
QRdO9ciMjdNlQS8pIPhtOI8TBqG2,0,225,1032,1,Nueva Retroalimentaci\xf3n
3mZNd5I4YUUIVBJtsET6lC8d2oz1,0,225,1033,1,Nueva Retroalimentaci\xf3n
3mZNd5I4YUUIVBJtsET6lC8d2oz1,0,225,1034,1,Nueva Retroalimentaci\xf3n
UFjoVzO6SLY5Akum3WFowdg2bWB3,0,225,1035,1,Nueva Retroalimentaci\xf3n
UFjoVzO6SLY5Akum3WFowdg2bWB3,0,321,1036,1,Nueva Tarea
UFjoVzO6SLY5Akum3WFowdg2bWB3,0,322,1037,1,Nueva Tarea
UFjoVzO6SLY5Akum3WFowdg2bWB3,0,322,1038,1,Nueva Retroalimentaci\xf3n
QRdO9ciMjdNlQS8pIPhtOI8TBqG2,0,322,1039,1,Nueva Retroalimentaci\xf3n
eC8sbYB3D4SwFFz9EjP6rweSZ3k2,0,323,1040,1,Nueva Tarea
eC8sbYB3D4SwFFz9EjP6rweSZ3k2,0,323,1041,1,Nueva Retroalimentaci\xf3n
N7vKJbcVdQMeGXnT3RI0yPvtAY63,0,323,1042,1,Nueva Retroalimentaci\xf3n
eC8sbYB3D4SwFFz9EjP6rweSZ3k2,0,323,1043,1,Nueva Retroalimentaci\xf3n
QRdO9ciMjdNlQS8pIPhtOI8TBqG2,0,324,1044,1,Nueva Tarea
3mZNd5I4YUUIVBJtsET6lC8d2oz1,0,324,1045,1,Nueva Tarea
QRdO9ciMjdNlQS8pIPhtOI8TBqG2,0,325,1046,1,Nueva Tarea
3mZNd5I4YUUIVBJtsET6lC8d2oz1,0,325,1047,1,Nueva Tarea
QRdO9ciMjdNlQS8pIPhtOI8TBqG2,0,326,1048,1,Nueva Tarea
3mZNd5I4YUUIVBJtsET6lC8d2oz1,0,326,1049,1,Nueva Tarea
QRdO9ciMjdNlQS8pIPhtOI8TBqG2,0,327,1050,1,Nueva Tarea
3mZNd5I4YUUIVBJtsET6lC8d2oz1,0,327,1051,1,Nueva Tarea
iLHnxqoM3ZeqqdrCX0WClmPGxPq2,26,0,1052,1,Nuevo Mensaje
cblX9TwTgPdVfSVGZsE9wrFG9Ci2,27,0,1053,1,Nuevo Mensaje
jGN0dLDxv3acw56RW0k2ZzVE39f1,26,0,1054,1,Nuevo Mensaje
Eg29DS7XCtUq2trQSOPip0uqqwj1,28,0,1055,1,Nuevo Mensaje
qGbMDCaZ08RmP7q0t6IiAjsmXT63,29,0,1056,1,Nuevo Mensaje
7c19WMieCsXklZJhZWFCSDbxGI42,30,0,1057,1,Nuevo Mensaje
c6iL32TTykTg0qYc2gdlRMNPa8J2,31,0,1058,1,Nuevo Mensaje
c6iL32TTykTg0qYc2gdlRMNPa8J2,31,0,1059,1,Nuevo Mensaje
c6iL32TTykTg0qYc2gdlRMNPa8J2,31,0,1060,1,Nuevo Mensaje
c6iL32TTykTg0qYc2gdlRMNPa8J2,31,0,1061,1,Nuevo Mensaje
ZD9CsRQ1IUPZGrVqIz6R3KMjvWw2,29,0,1062,1,Nuevo Mensaje
jfkpgH21AbNenXI1cUR7te9W2l32,32,0,1063,1,Nuevo Mensaje
ZD9CsRQ1IUPZGrVqIz6R3KMjvWw2,33,0,1064,1,Nuevo Mensaje
ZD9CsRQ1IUPZGrVqIz6R3KMjvWw2,30,0,1065,1,Nuevo Mensaje
qGbMDCaZ08RmP7q0t6IiAjsmXT63,34,0,1066,1,Nuevo Mensaje
YyfbnvjiSEZ3HuKCj8M6AfQHVhq2,34,0,1067,1,Nuevo Mensaje
c6iL32TTykTg0qYc2gdlRMNPa8J2,35,0,1068,1,Nuevo Mensaje
qGbMDCaZ08RmP7q0t6IiAjsmXT63,34,0,1069,1,Nuevo Mensaje
YyfbnvjiSEZ3HuKCj8M6AfQHVhq2,34,0,1070,1,Nuevo Mensaje
qGbMDCaZ08RmP7q0t6IiAjsmXT63,36,0,1071,1,Nuevo Mensaje
qGbMDCaZ08RmP7q0t6IiAjsmXT63,36,0,1072,1,Nuevo Mensaje
qGbMDCaZ08RmP7q0t6IiAjsmXT63,36,0,1073,1,Nuevo Mensaje
n0D6TUmAiGMb0GuwpFmNWJvkKv72,0,301,1074,1,Nueva Retroalimentaci\xf3n
<blank>,0,301,1075,1,Nueva Retroalimentaci\xf3n
6dDxe1v4fRSAuh6AUItaS4sMo2x2,0,301,1076,1,Nueva Retroalimentaci\xf3n
3mZNd5I4YUUIVBJtsET6lC8d2oz1,0,268,1077,1,Nueva Retroalimentaci\xf3n
sfxzEX8FS5gYDspILU03OCbQyKu1,0,268,1078,1,Nueva Retroalimentaci\xf3n
3mZNd5I4YUUIVBJtsET6lC8d2oz1,0,268,1079,1,Nueva Retroalimentaci\xf3n
sfxzEX8FS5gYDspILU03OCbQyKu1,0,268,1080,1,Nueva Retroalimentaci\xf3n
QRdO9ciMjdNlQS8pIPhtOI8TBqG2,0,268,1081,1,Nueva Retroalimentaci\xf3n
sfxzEX8FS5gYDspILU03OCbQyKu1,0,268,1082,1,Nueva Retroalimentaci\xf3n
3mZNd5I4YUUIVBJtsET6lC8d2oz1,0,268,1083,1,Nueva Retroalimentaci\xf3n
sfxzEX8FS5gYDspILU03OCbQyKu1,0,268,1084,1,Nueva Retroalimentaci\xf3n
3mZNd5I4YUUIVBJtsET6lC8d2oz1,0,268,1085,1,Nueva Retroalimentaci\xf3n
sfxzEX8FS5gYDspILU03OCbQyKu1,0,268,1086,1,Nueva Retroalimentaci\xf3n
UFjoVzO6SLY5Akum3WFowdg2bWB3,0,328,1087,1,Nueva Tarea
UFjoVzO6SLY5Akum3WFowdg2bWB3,0,329,1088,1,Nueva Tarea
UFjoVzO6SLY5Akum3WFowdg2bWB3,0,330,1089,1,Nueva Tarea
UFjoVzO6SLY5Akum3WFowdg2bWB3,0,330,1090,1,Nueva Retroalimentaci\xf3n
WifkGkHeDneVU3Aq9Df7gUYEdk52,6,0,1091,1,Nuevo Mensaje
QRdO9ciMjdNlQS8pIPhtOI8TBqG2,0,330,1092,1,Nueva Retroalimentaci\xf3n
QRdO9ciMjdNlQS8pIPhtOI8TBqG2,0,322,1093,1,Nueva Retroalimentaci\xf3n
QRdO9ciMjdNlQS8pIPhtOI8TBqG2,0,328,1094,1,Nueva Retroalimentaci\xf3n
QRdO9ciMjdNlQS8pIPhtOI8TBqG2,0,329,1095,1,Nueva Retroalimentaci\xf3n
UFjoVzO6SLY5Akum3WFowdg2bWB3,0,329,1096,1,Nueva Retroalimentaci\xf3n
UFjoVzO6SLY5Akum3WFowdg2bWB3,0,329,1097,1,Nueva Retroalimentaci\xf3n
QRdO9ciMjdNlQS8pIPhtOI8TBqG2,0,331,1098,1,Nueva Tarea
3mZNd5I4YUUIVBJtsET6lC8d2oz1,0,331,1099,1,Nueva Tarea
QRdO9ciMjdNlQS8pIPhtOI8TBqG2,0,332,1100,1,Nueva Tarea
3mZNd5I4YUUIVBJtsET6lC8d2oz1,0,332,1101,1,Nueva Tarea
QRdO9ciMjdNlQS8pIPhtOI8TBqG2,0,333,1102,1,Nueva Tarea
3mZNd5I4YUUIVBJtsET6lC8d2oz1,0,333,1103,1,Nueva Tarea
QRdO9ciMjdNlQS8pIPhtOI8TBqG2,0,334,1104,1,Nueva Tarea
3mZNd5I4YUUIVBJtsET6lC8d2oz1,0,334,1105,1,Nueva Tarea
UFjoVzO6SLY5Akum3WFowdg2bWB3,0,334,1106,1,Nueva Retroalimentaci\xf3n
3mZNd5I4YUUIVBJtsET6lC8d2oz1,0,334,1107,1,Nueva Retroalimentaci\xf3n
QRdO9ciMjdNlQS8pIPhtOI8TBqG2,0,335,1108,1,Nueva Tarea
3mZNd5I4YUUIVBJtsET6lC8d2oz1,0,335,1109,1,Nueva Tarea
QRdO9ciMjdNlQS8pIPhtOI8TBqG2,0,334,1110,1,Nueva Retroalimentaci\xf3n
3mZNd5I4YUUIVBJtsET6lC8d2oz1,0,334,1111,1,Nueva Retroalimentaci\xf3n
QRdO9ciMjdNlQS8pIPhtOI8TBqG2,0,336,1112,1,Nueva Tarea
3mZNd5I4YUUIVBJtsET6lC8d2oz1,0,336,1113,1,Nueva Tarea
QRdO9ciMjdNlQS8pIPhtOI8TBqG2,0,337,1114,1,Nueva Tarea
3mZNd5I4YUUIVBJtsET6lC8d2oz1,0,337,1115,1,Nueva Tarea
QRdO9ciMjdNlQS8pIPhtOI8TBqG2,0,338,1116,1,Nueva Tarea
3mZNd5I4YUUIVBJtsET6lC8d2oz1,0,338,1117,1,Nueva Tarea
QRdO9ciMjdNlQS8pIPhtOI8TBqG2,0,339,1118,1,Nueva Tarea
3mZNd5I4YUUIVBJtsET6lC8d2oz1,0,339,1119,1,Nueva Tarea
QRdO9ciMjdNlQS8pIPhtOI8TBqG2,0,340,1120,1,Nueva Tarea
3mZNd5I4YUUIVBJtsET6lC8d2oz1,0,340,1121,1,Nueva Tarea
QRdO9ciMjdNlQS8pIPhtOI8TBqG2,0,341,1122,1,Nueva Tarea
3mZNd5I4YUUIVBJtsET6lC8d2oz1,0,341,1123,1,Nueva Tarea
QRdO9ciMjdNlQS8pIPhtOI8TBqG2,0,342,1124,1,Nueva Tarea
3mZNd5I4YUUIVBJtsET6lC8d2oz1,0,342,1125,1,Nueva Tarea
QRdO9ciMjdNlQS8pIPhtOI8TBqG2,0,343,1126,1,Nueva Tarea
3mZNd5I4YUUIVBJtsET6lC8d2oz1,0,343,1127,1,Nueva Tarea
QRdO9ciMjdNlQS8pIPhtOI8TBqG2,0,344,1128,1,Nueva Tarea
3mZNd5I4YUUIVBJtsET6lC8d2oz1,0,344,1129,1,Nueva Tarea
QRdO9ciMjdNlQS8pIPhtOI8TBqG2,0,345,1130,1,Nueva Tarea
3mZNd5I4YUUIVBJtsET6lC8d2oz1,0,345,1131,1,Nueva Tarea
QRdO9ciMjdNlQS8pIPhtOI8TBqG2,0,329,1132,1,Nueva Retroalimentaci\xf3n
QRdO9ciMjdNlQS8pIPhtOI8TBqG2,0,328,1133,1,Nueva Retroalimentaci\xf3n
UFjoVzO6SLY5Akum3WFowdg2bWB3,0,328,1134,1,Nueva Retroalimentaci\xf3n
QRdO9ciMjdNlQS8pIPhtOI8TBqG2,0,225,1135,1,Nueva Retroalimentaci\xf3n
3mZNd5I4YUUIVBJtsET6lC8d2oz1,0,225,1136,1,Nueva Retroalimentaci\xf3n
UFjoVzO6SLY5Akum3WFowdg2bWB3,0,328,1137,1,Nueva Retroalimentaci\xf3n
QRdO9ciMjdNlQS8pIPhtOI8TBqG2,0,328,1138,1,Nueva Retroalimentaci\xf3n
RDOE3hekuqU4NWny6VLRHFcJnSj2,0,328,1139,1,Nueva Retroalimentaci\xf3n
UFjoVzO6SLY5Akum3WFowdg2bWB3,0,328,1140,1,Nueva Retroalimentaci\xf3n
RDOE3hekuqU4NWny6VLRHFcJnSj2,0,328,1141,1,Nueva Retroalimentaci\xf3n
sfxzEX8FS5gYDspILU03OCbQyKu1,0,346,1142,1,Nueva Tarea
oq4DZ3zvSzX7qTQeiRMfdLYu2KG3,0,346,1143,1,Nueva Tarea
sfxzEX8FS5gYDspILU03OCbQyKu1,0,346,1144,1,Nueva Retroalimentaci\xf3n
oq4DZ3zvSzX7qTQeiRMfdLYu2KG3,0,346,1145,1,Nueva Retroalimentaci\xf3n
WifkGkHeDneVU3Aq9Df7gUYEdk52,6,0,1146,1,Nuevo Mensaje
UFjoVzO6SLY5Akum3WFowdg2bWB3,0,266,1147,1,Nueva Retroalimentaci\xf3n
3mZNd5I4YUUIVBJtsET6lC8d2oz1,0,225,1148,1,Nueva Retroalimentaci\xf3n
UFjoVzO6SLY5Akum3WFowdg2bWB3,0,225,1149,1,Nueva Retroalimentaci\xf3n
QRdO9ciMjdNlQS8pIPhtOI8TBqG2,0,266,1150,1,Nueva Retroalimentaci\xf3n
QRdO9ciMjdNlQS8pIPhtOI8TBqG2,0,266,1151,1,Nueva Retroalimentaci\xf3n
QRdO9ciMjdNlQS8pIPhtOI8TBqG2,0,266,1152,1,Nueva Retroalimentaci\xf3n
QRdO9ciMjdNlQS8pIPhtOI8TBqG2,0,266,1153,1,Nueva Retroalimentaci\xf3n
QRdO9ciMjdNlQS8pIPhtOI8TBqG2,0,266,1154,1,Nueva Retroalimentaci\xf3n
QRdO9ciMjdNlQS8pIPhtOI8TBqG2,0,266,1155,1,Nueva Retroalimentaci\xf3n
QRdO9ciMjdNlQS8pIPhtOI8TBqG2,0,266,1156,1,Nueva Retroalimentaci\xf3n
QRdO9ciMjdNlQS8pIPhtOI8TBqG2,0,328,1157,1,Nueva Retroalimentaci\xf3n
RDOE3hekuqU4NWny6VLRHFcJnSj2,0,328,1158,1,Nueva Retroalimentaci\xf3n
s0YN5VrdwtOqrUj0o4uVRSqBEAy1,37,0,1159,1,Nuevo Mensaje
xJMPojX2gQgVOJ4tiOXXW79SUi42,37,0,1160,1,Nuevo Mensaje
s0YN5VrdwtOqrUj0o4uVRSqBEAy1,0,347,1161,1,Nueva Tarea
s0YN5VrdwtOqrUj0o4uVRSqBEAy1,0,348,1162,1,Nueva Tarea
s0YN5VrdwtOqrUj0o4uVRSqBEAy1,0,348,1163,1,Nueva Retroalimentaci\xf3n
xJMPojX2gQgVOJ4tiOXXW79SUi42,0,349,1164,1,Nueva Tarea
xJMPojX2gQgVOJ4tiOXXW79SUi42,0,349,1165,1,Nueva Retroalimentaci\xf3n
s0YN5VrdwtOqrUj0o4uVRSqBEAy1,37,0,1166,1,Nuevo Mensaje
s0YN5VrdwtOqrUj0o4uVRSqBEAy1,0,350,1167,1,Nueva Tarea
s0YN5VrdwtOqrUj0o4uVRSqBEAy1,0,350,1168,1,Nueva Retroalimentaci\xf3n
s0YN5VrdwtOqrUj0o4uVRSqBEAy1,37,0,1169,1,Nuevo Mensaje
s0YN5VrdwtOqrUj0o4uVRSqBEAy1,0,351,1170,1,Nueva Tarea
xJMPojX2gQgVOJ4tiOXXW79SUi42,0,352,1171,0,Nueva Tarea
xJMPojX2gQgVOJ4tiOXXW79SUi42,0,352,1172,0,Nueva Retroalimentaci\xf3n
xJMPojX2gQgVOJ4tiOXXW79SUi42,0,352,1173,0,Nueva Retroalimentaci\xf3n
xJMPojX2gQgVOJ4tiOXXW79SUi42,0,352,1174,0,Nueva Retroalimentaci\xf3n
s0YN5VrdwtOqrUj0o4uVRSqBEAy1,0,351,1175,1,Nueva Retroalimentaci\xf3n
xJMPojX2gQgVOJ4tiOXXW79SUi42,37,0,1176,1,Nuevo Mensaje
xJMPojX2gQgVOJ4tiOXXW79SUi42,0,352,1177,0,Nueva Retroalimentaci\xf3n
xJMPojX2gQgVOJ4tiOXXW79SUi42,0,352,1178,1,Nueva Retroalimentaci\xf3n
s0YN5VrdwtOqrUj0o4uVRSqBEAy1,37,0,1179,1,Nuevo Mensaje
s0YN5VrdwtOqrUj0o4uVRSqBEAy1,0,352,1180,1,Nueva Retroalimentaci\xf3n
s0YN5VrdwtOqrUj0o4uVRSqBEAy1,0,352,1181,1,Nueva Retroalimentaci\xf3n
s0YN5VrdwtOqrUj0o4uVRSqBEAy1,0,352,1182,1,Nueva Retroalimentaci\xf3n
s0YN5VrdwtOqrUj0o4uVRSqBEAy1,0,352,1183,0,Nueva Retroalimentaci\xf3n
s0YN5VrdwtOqrUj0o4uVRSqBEAy1,0,352,1184,1,Nueva Retroalimentaci\xf3n
s0YN5VrdwtOqrUj0o4uVRSqBEAy1,0,352,1185,1,Nueva Retroalimentaci\xf3n
s0YN5VrdwtOqrUj0o4uVRSqBEAy1,0,352,1186,1,Nueva Retroalimentaci\xf3n
s0YN5VrdwtOqrUj0o4uVRSqBEAy1,0,352,1187,1,Nueva Retroalimentaci\xf3n
s0YN5VrdwtOqrUj0o4uVRSqBEAy1,0,352,1188,1,Nueva Retroalimentaci\xf3n
s0YN5VrdwtOqrUj0o4uVRSqBEAy1,0,352,1189,1,Nueva Retroalimentaci\xf3n
xJMPojX2gQgVOJ4tiOXXW79SUi42,0,352,1190,1,Nueva Retroalimentaci\xf3n
xJMPojX2gQgVOJ4tiOXXW79SUi42,0,352,1191,1,Nueva Retroalimentaci\xf3n
xJMPojX2gQgVOJ4tiOXXW79SUi42,0,352,1192,1,Nueva Retroalimentaci\xf3n
xJMPojX2gQgVOJ4tiOXXW79SUi42,0,352,1193,1,Nueva Retroalimentaci\xf3n
xJMPojX2gQgVOJ4tiOXXW79SUi42,0,352,1194,1,Nueva Retroalimentaci\xf3n
xJMPojX2gQgVOJ4tiOXXW79SUi42,0,352,1195,1,Nueva Retroalimentaci\xf3n
xJMPojX2gQgVOJ4tiOXXW79SUi42,0,352,1196,1,Nueva Retroalimentaci\xf3n
xJMPojX2gQgVOJ4tiOXXW79SUi42,0,352,1197,1,Nueva Retroalimentaci\xf3n
xJMPojX2gQgVOJ4tiOXXW79SUi42,0,352,1198,1,Nueva Retroalimentaci\xf3n
xJMPojX2gQgVOJ4tiOXXW79SUi42,0,352,1199,1,Nueva Retroalimentaci\xf3n
xJMPojX2gQgVOJ4tiOXXW79SUi42,0,352,1200,1,Nueva Retroalimentaci\xf3n
xJMPojX2gQgVOJ4tiOXXW79SUi42,0,352,1201,1,Nueva Retroalimentaci\xf3n
xJMPojX2gQgVOJ4tiOXXW79SUi42,0,352,1202,1,Nueva Retroalimentaci\xf3n
xJMPojX2gQgVOJ4tiOXXW79SUi42,0,352,1203,1,Nueva Retroalimentaci\xf3n
xJMPojX2gQgVOJ4tiOXXW79SUi42,0,352,1204,1,Nueva Retroalimentaci\xf3n
xJMPojX2gQgVOJ4tiOXXW79SUi42,0,352,1205,1,Nueva Retroalimentaci\xf3n
xJMPojX2gQgVOJ4tiOXXW79SUi42,0,352,1206,1,Nueva Retroalimentaci\xf3n
xJMPojX2gQgVOJ4tiOXXW79SUi42,0,352,1207,1,Nueva Retroalimentaci\xf3n
xJMPojX2gQgVOJ4tiOXXW79SUi42,0,352,1208,1,Nueva Retroalimentaci\xf3n
xJMPojX2gQgVOJ4tiOXXW79SUi42,0,352,1209,1,Nueva Retroalimentaci\xf3n
xJMPojX2gQgVOJ4tiOXXW79SUi42,0,352,1210,1,Nueva Retroalimentaci\xf3n
xJMPojX2gQgVOJ4tiOXXW79SUi42,0,352,1211,1,Nueva Retroalimentaci\xf3n
xJMPojX2gQgVOJ4tiOXXW79SUi42,0,352,1212,1,Nueva Retroalimentaci\xf3n
xJMPojX2gQgVOJ4tiOXXW79SUi42,0,352,1213,1,Nueva Retroalimentaci\xf3n
xJMPojX2gQgVOJ4tiOXXW79SUi42,0,352,1214,1,Nueva Retroalimentaci\xf3n
xJMPojX2gQgVOJ4tiOXXW79SUi42,0,352,1215,1,Nueva Retroalimentaci\xf3n
xJMPojX2gQgVOJ4tiOXXW79SUi42,0,352,1216,1,Nueva Retroalimentaci\xf3n
xJMPojX2gQgVOJ4tiOXXW79SUi42,0,352,1217,1,Nueva Retroalimentaci\xf3n
xJMPojX2gQgVOJ4tiOXXW79SUi42,0,352,1218,1,Nueva Retroalimentaci\xf3n
xJMPojX2gQgVOJ4tiOXXW79SUi42,0,352,1219,1,Nueva Retroalimentaci\xf3n
xJMPojX2gQgVOJ4tiOXXW79SUi42,0,352,1220,1,Nueva Retroalimentaci\xf3n
xJMPojX2gQgVOJ4tiOXXW79SUi42,0,352,1221,1,Nueva Retroalimentaci\xf3n
xJMPojX2gQgVOJ4tiOXXW79SUi42,0,352,1222,1,Nueva Retroalimentaci\xf3n
xJMPojX2gQgVOJ4tiOXXW79SUi42,0,352,1223,1,Nueva Retroalimentaci\xf3n
xJMPojX2gQgVOJ4tiOXXW79SUi42,0,352,1224,1,Nueva Retroalimentaci\xf3n
xJMPojX2gQgVOJ4tiOXXW79SUi42,0,352,1225,1,Nueva Retroalimentaci\xf3n
xJMPojX2gQgVOJ4tiOXXW79SUi42,0,352,1226,1,Nueva Retroalimentaci\xf3n
xJMPojX2gQgVOJ4tiOXXW79SUi42,0,352,1227,1,Nueva Retroalimentaci\xf3n
xJMPojX2gQgVOJ4tiOXXW79SUi42,0,352,1228,1,Nueva Retroalimentaci\xf3n
xJMPojX2gQgVOJ4tiOXXW79SUi42,0,352,1229,1,Nueva Retroalimentaci\xf3n
xJMPojX2gQgVOJ4tiOXXW79SUi42,0,352,1230,1,Nueva Retroalimentaci\xf3n
xJMPojX2gQgVOJ4tiOXXW79SUi42,0,352,1231,1,Nueva Retroalimentaci\xf3n
xJMPojX2gQgVOJ4tiOXXW79SUi42,0,352,1232,1,Nueva Retroalimentaci\xf3n
xJMPojX2gQgVOJ4tiOXXW79SUi42,0,352,1233,1,Nueva Retroalimentaci\xf3n
xJMPojX2gQgVOJ4tiOXXW79SUi42,0,352,1234,1,Nueva Retroalimentaci\xf3n
xJMPojX2gQgVOJ4tiOXXW79SUi42,0,352,1235,1,Nueva Retroalimentaci\xf3n
xJMPojX2gQgVOJ4tiOXXW79SUi42,0,352,1236,1,Nueva Retroalimentaci\xf3n
xJMPojX2gQgVOJ4tiOXXW79SUi42,0,352,1237,1,Nueva Retroalimentaci\xf3n
xJMPojX2gQgVOJ4tiOXXW79SUi42,0,352,1238,1,Nueva Retroalimentaci\xf3n
xJMPojX2gQgVOJ4tiOXXW79SUi42,0,352,1239,1,Nueva Retroalimentaci\xf3n
xJMPojX2gQgVOJ4tiOXXW79SUi42,0,352,1240,1,Nueva Retroalimentaci\xf3n
xJMPojX2gQgVOJ4tiOXXW79SUi42,0,352,1241,1,Nueva Retroalimentaci\xf3n
xJMPojX2gQgVOJ4tiOXXW79SUi42,0,352,1242,1,Nueva Retroalimentaci\xf3n
xJMPojX2gQgVOJ4tiOXXW79SUi42,0,352,1243,1,Nueva Retroalimentaci\xf3n
xJMPojX2gQgVOJ4tiOXXW79SUi42,0,352,1244,1,Nueva Retroalimentaci\xf3n
xJMPojX2gQgVOJ4tiOXXW79SUi42,0,352,1245,1,Nueva Retroalimentaci\xf3n
xJMPojX2gQgVOJ4tiOXXW79SUi42,0,352,1246,1,Nueva Retroalimentaci\xf3n
xJMPojX2gQgVOJ4tiOXXW79SUi42,0,352,1247,1,Nueva Retroalimentaci\xf3n
xJMPojX2gQgVOJ4tiOXXW79SUi42,0,352,1248,1,Nueva Retroalimentaci\xf3n
xJMPojX2gQgVOJ4tiOXXW79SUi42,0,352,1249,1,Nueva Retroalimentaci\xf3n
xJMPojX2gQgVOJ4tiOXXW79SUi42,0,352,1250,1,Nueva Retroalimentaci\xf3n
s0YN5VrdwtOqrUj0o4uVRSqBEAy1,0,352,1251,1,Nueva Retroalimentaci\xf3n
xJMPojX2gQgVOJ4tiOXXW79SUi42,37,0,1252,1,Nuevo Mensaje
xJMPojX2gQgVOJ4tiOXXW79SUi42,37,0,1253,1,Nuevo Mensaje
xJMPojX2gQgVOJ4tiOXXW79SUi42,37,0,1254,1,Nuevo Mensaje
xJMPojX2gQgVOJ4tiOXXW79SUi42,37,0,1255,1,Nuevo Mensaje
xJMPojX2gQgVOJ4tiOXXW79SUi42,37,0,1256,1,Nuevo Mensaje
xJMPojX2gQgVOJ4tiOXXW79SUi42,37,0,1257,1,Nuevo Mensaje
xJMPojX2gQgVOJ4tiOXXW79SUi42,37,0,1258,1,Nuevo Mensaje
xJMPojX2gQgVOJ4tiOXXW79SUi42,37,0,1259,1,Nuevo Mensaje
xJMPojX2gQgVOJ4tiOXXW79SUi42,37,0,1260,1,Nuevo Mensaje
xJMPojX2gQgVOJ4tiOXXW79SUi42,37,0,1261,1,Nuevo Mensaje
xJMPojX2gQgVOJ4tiOXXW79SUi42,37,0,1262,1,Nuevo Mensaje
xJMPojX2gQgVOJ4tiOXXW79SUi42,37,0,1263,1,Nuevo Mensaje
xJMPojX2gQgVOJ4tiOXXW79SUi42,37,0,1264,1,Nuevo Mensaje
xJMPojX2gQgVOJ4tiOXXW79SUi42,37,0,1265,1,Nuevo Mensaje
xJMPojX2gQgVOJ4tiOXXW79SUi42,37,0,1266,1,Nuevo Mensaje
xJMPojX2gQgVOJ4tiOXXW79SUi42,37,0,1267,1,Nuevo Mensaje
xJMPojX2gQgVOJ4tiOXXW79SUi42,37,0,1268,1,Nuevo Mensaje
xJMPojX2gQgVOJ4tiOXXW79SUi42,37,0,1269,1,Nuevo Mensaje
xJMPojX2gQgVOJ4tiOXXW79SUi42,37,0,1270,1,Nuevo Mensaje
xJMPojX2gQgVOJ4tiOXXW79SUi42,37,0,1271,1,Nuevo Mensaje
xJMPojX2gQgVOJ4tiOXXW79SUi42,37,0,1272,1,Nuevo Mensaje
xJMPojX2gQgVOJ4tiOXXW79SUi42,37,0,1273,1,Nuevo Mensaje
xJMPojX2gQgVOJ4tiOXXW79SUi42,37,0,1274,1,Nuevo Mensaje
xJMPojX2gQgVOJ4tiOXXW79SUi42,37,0,1275,1,Nuevo Mensaje
xJMPojX2gQgVOJ4tiOXXW79SUi42,37,0,1276,1,Nuevo Mensaje
xJMPojX2gQgVOJ4tiOXXW79SUi42,37,0,1277,1,Nuevo Mensaje
xJMPojX2gQgVOJ4tiOXXW79SUi42,37,0,1278,1,Nuevo Mensaje
xJMPojX2gQgVOJ4tiOXXW79SUi42,37,0,1279,1,Nuevo Mensaje
xJMPojX2gQgVOJ4tiOXXW79SUi42,37,0,1280,1,Nuevo Mensaje
xJMPojX2gQgVOJ4tiOXXW79SUi42,37,0,1281,1,Nuevo Mensaje
xJMPojX2gQgVOJ4tiOXXW79SUi42,37,0,1282,1,Nuevo Mensaje
QRdO9ciMjdNlQS8pIPhtOI8TBqG2,0,322,1283,1,Nueva Retroalimentaci\xf3n
QRdO9ciMjdNlQS8pIPhtOI8TBqG2,0,225,1284,1,Nueva Retroalimentaci\xf3n
3mZNd5I4YUUIVBJtsET6lC8d2oz1,0,225,1285,1,Nueva Retroalimentaci\xf3n
QRdO9ciMjdNlQS8pIPhtOI8TBqG2,0,353,1286,1,Nueva Tarea
3mZNd5I4YUUIVBJtsET6lC8d2oz1,0,353,1287,1,Nueva Tarea
QRdO9ciMjdNlQS8pIPhtOI8TBqG2,0,354,1288,1,Nueva Tarea
3mZNd5I4YUUIVBJtsET6lC8d2oz1,0,354,1289,1,Nueva Tarea
QRdO9ciMjdNlQS8pIPhtOI8TBqG2,0,355,1290,1,Nueva Tarea
3mZNd5I4YUUIVBJtsET6lC8d2oz1,0,355,1291,1,Nueva Tarea
QRdO9ciMjdNlQS8pIPhtOI8TBqG2,0,356,1292,1,Nueva Tarea
3mZNd5I4YUUIVBJtsET6lC8d2oz1,0,356,1293,1,Nueva Tarea
QRdO9ciMjdNlQS8pIPhtOI8TBqG2,0,357,1294,1,Nueva Tarea
3mZNd5I4YUUIVBJtsET6lC8d2oz1,0,357,1295,1,Nueva Tarea
QRdO9ciMjdNlQS8pIPhtOI8TBqG2,0,358,1296,1,Nueva Tarea
3mZNd5I4YUUIVBJtsET6lC8d2oz1,0,358,1297,1,Nueva Tarea
QRdO9ciMjdNlQS8pIPhtOI8TBqG2,0,266,1298,1,Nueva Retroalimentaci\xf3n
UFjoVzO6SLY5Akum3WFowdg2bWB3,0,322,1299,1,Nueva Retroalimentaci\xf3n
QRdO9ciMjdNlQS8pIPhtOI8TBqG2,0,322,1300,1,Nueva Retroalimentaci\xf3n
QRdO9ciMjdNlQS8pIPhtOI8TBqG2,0,359,1301,1,Nueva Tarea
3mZNd5I4YUUIVBJtsET6lC8d2oz1,0,359,1302,1,Nueva Tarea
QRdO9ciMjdNlQS8pIPhtOI8TBqG2,0,322,1303,1,Nueva Retroalimentaci\xf3n
QRdO9ciMjdNlQS8pIPhtOI8TBqG2,0,322,1304,1,Nueva Retroalimentaci\xf3n
QRdO9ciMjdNlQS8pIPhtOI8TBqG2,0,61,1305,1,Nueva Retroalimentaci\xf3n
qyFa887PmIOW6Vcbj03BpICsmSt1,0,61,1306,1,Nueva Retroalimentaci\xf3n
RDOE3hekuqU4NWny6VLRHFcJnSj2,0,61,1307,1,Nueva Retroalimentaci\xf3n
QRdO9ciMjdNlQS8pIPhtOI8TBqG2,0,61,1308,1,Nueva Retroalimentaci\xf3n
qyFa887PmIOW6Vcbj03BpICsmSt1,0,61,1309,1,Nueva Retroalimentaci\xf3n
RDOE3hekuqU4NWny6VLRHFcJnSj2,0,61,1310,1,Nueva Retroalimentaci\xf3n
QRdO9ciMjdNlQS8pIPhtOI8TBqG2,0,61,1311,1,Nueva Retroalimentaci\xf3n
qyFa887PmIOW6Vcbj03BpICsmSt1,0,61,1312,1,Nueva Retroalimentaci\xf3n
RDOE3hekuqU4NWny6VLRHFcJnSj2,0,61,1313,1,Nueva Retroalimentaci\xf3n
QRdO9ciMjdNlQS8pIPhtOI8TBqG2,0,360,1314,1,Nueva Tarea
3mZNd5I4YUUIVBJtsET6lC8d2oz1,0,360,1315,1,Nueva Tarea
QRdO9ciMjdNlQS8pIPhtOI8TBqG2,0,361,1316,1,Nueva Tarea
3mZNd5I4YUUIVBJtsET6lC8d2oz1,0,361,1317,1,Nueva Tarea
QRdO9ciMjdNlQS8pIPhtOI8TBqG2,0,362,1318,1,Nueva Tarea
3mZNd5I4YUUIVBJtsET6lC8d2oz1,0,362,1319,1,Nueva Tarea
QRdO9ciMjdNlQS8pIPhtOI8TBqG2,0,363,1320,1,Nueva Tarea
3mZNd5I4YUUIVBJtsET6lC8d2oz1,0,363,1321,1,Nueva Tarea
QRdO9ciMjdNlQS8pIPhtOI8TBqG2,0,364,1322,1,Nueva Tarea
3mZNd5I4YUUIVBJtsET6lC8d2oz1,0,364,1323,1,Nueva Tarea
RDOE3hekuqU4NWny6VLRHFcJnSj2,0,365,1324,1,Nueva Tarea
RDOE3hekuqU4NWny6VLRHFcJnSj2,0,365,1325,1,Nueva Retroalimentaci\xf3n
QRdO9ciMjdNlQS8pIPhtOI8TBqG2,0,266,1326,1,Nueva Retroalimentaci\xf3n
QRdO9ciMjdNlQS8pIPhtOI8TBqG2,0,61,1327,1,Nueva Retroalimentaci\xf3n
qyFa887PmIOW6Vcbj03BpICsmSt1,0,61,1328,1,Nueva Retroalimentaci\xf3n
RDOE3hekuqU4NWny6VLRHFcJnSj2,0,61,1329,1,Nueva Retroalimentaci\xf3n
QRdO9ciMjdNlQS8pIPhtOI8TBqG2,0,366,1330,1,Nueva Tarea
3mZNd5I4YUUIVBJtsET6lC8d2oz1,0,366,1331,1,Nueva Tarea
QRdO9ciMjdNlQS8pIPhtOI8TBqG2,0,367,1332,1,Nueva Tarea
3mZNd5I4YUUIVBJtsET6lC8d2oz1,0,367,1333,1,Nueva Tarea
QRdO9ciMjdNlQS8pIPhtOI8TBqG2,0,368,1334,1,Nueva Tarea
3mZNd5I4YUUIVBJtsET6lC8d2oz1,0,368,1335,1,Nueva Tarea
QRdO9ciMjdNlQS8pIPhtOI8TBqG2,0,369,1336,1,Nueva Tarea
3mZNd5I4YUUIVBJtsET6lC8d2oz1,0,369,1337,1,Nueva Tarea
QRdO9ciMjdNlQS8pIPhtOI8TBqG2,0,370,1338,1,Nueva Tarea
3mZNd5I4YUUIVBJtsET6lC8d2oz1,0,370,1339,1,Nueva Tarea
QRdO9ciMjdNlQS8pIPhtOI8TBqG2,0,371,1340,1,Nueva Tarea
3mZNd5I4YUUIVBJtsET6lC8d2oz1,0,371,1341,1,Nueva Tarea
QRdO9ciMjdNlQS8pIPhtOI8TBqG2,0,372,1342,1,Nueva Tarea
3mZNd5I4YUUIVBJtsET6lC8d2oz1,0,372,1343,1,Nueva Tarea
QRdO9ciMjdNlQS8pIPhtOI8TBqG2,0,373,1344,1,Nueva Tarea
3mZNd5I4YUUIVBJtsET6lC8d2oz1,0,373,1345,1,Nueva Tarea
QRdO9ciMjdNlQS8pIPhtOI8TBqG2,0,374,1346,1,Nueva Tarea
3mZNd5I4YUUIVBJtsET6lC8d2oz1,0,374,1347,1,Nueva Tarea
QRdO9ciMjdNlQS8pIPhtOI8TBqG2,0,375,1348,1,Nueva Tarea
3mZNd5I4YUUIVBJtsET6lC8d2oz1,0,375,1349,1,Nueva Tarea
QRdO9ciMjdNlQS8pIPhtOI8TBqG2,0,376,1350,1,Nueva Tarea
3mZNd5I4YUUIVBJtsET6lC8d2oz1,0,376,1351,1,Nueva Tarea
QRdO9ciMjdNlQS8pIPhtOI8TBqG2,0,377,1352,1,Nueva Tarea
3mZNd5I4YUUIVBJtsET6lC8d2oz1,0,377,1353,1,Nueva Tarea
QRdO9ciMjdNlQS8pIPhtOI8TBqG2,0,378,1354,1,Nueva Tarea
3mZNd5I4YUUIVBJtsET6lC8d2oz1,0,378,1355,1,Nueva Tarea
RDOE3hekuqU4NWny6VLRHFcJnSj2,0,379,1356,1,Nueva Tarea
RDOE3hekuqU4NWny6VLRHFcJnSj2,0,379,1357,1,Nueva Retroalimentaci\xf3n
oq4DZ3zvSzX7qTQeiRMfdLYu2KG3,0,379,1358,1,Nueva Retroalimentaci\xf3n
QRdO9ciMjdNlQS8pIPhtOI8TBqG2,0,379,1359,1,Nueva Retroalimentaci\xf3n
oq4DZ3zvSzX7qTQeiRMfdLYu2KG3,0,379,1360,1,Nueva Retroalimentaci\xf3n
QRdO9ciMjdNlQS8pIPhtOI8TBqG2,0,379,1361,1,Nueva Retroalimentaci\xf3n
oq4DZ3zvSzX7qTQeiRMfdLYu2KG3,0,379,1362,1,Nueva Retroalimentaci\xf3n
QRdO9ciMjdNlQS8pIPhtOI8TBqG2,0,379,1363,1,Nueva Retroalimentaci\xf3n
oq4DZ3zvSzX7qTQeiRMfdLYu2KG3,0,379,1364,1,Nueva Retroalimentaci\xf3n
QRdO9ciMjdNlQS8pIPhtOI8TBqG2,0,379,1365,1,Nueva Retroalimentaci\xf3n
oq4DZ3zvSzX7qTQeiRMfdLYu2KG3,0,379,1366,1,Nueva Retroalimentaci\xf3n
QRdO9ciMjdNlQS8pIPhtOI8TBqG2,0,225,1367,1,Nueva Retroalimentaci\xf3n
3mZNd5I4YUUIVBJtsET6lC8d2oz1,0,225,1368,1,Nueva Retroalimentaci\xf3n
RDOE3hekuqU4NWny6VLRHFcJnSj2,0,379,1369,1,Nueva Retroalimentaci\xf3n
oq4DZ3zvSzX7qTQeiRMfdLYu2KG3,0,379,1370,1,Nueva Retroalimentaci\xf3n
qyFa887PmIOW6Vcbj03BpICsmSt1,0,57,1371,1,Nueva Retroalimentaci\xf3n
qyFa887PmIOW6Vcbj03BpICsmSt1,0,57,1372,1,Nueva Retroalimentaci\xf3n
qyFa887PmIOW6Vcbj03BpICsmSt1,0,57,1373,1,Nueva Retroalimentaci\xf3n
qyFa887PmIOW6Vcbj03BpICsmSt1,0,57,1374,1,Nueva Retroalimentaci\xf3n
RDOE3hekuqU4NWny6VLRHFcJnSj2,0,380,1375,1,Nueva Tarea
sfxzEX8FS5gYDspILU03OCbQyKu1,0,380,1376,1,Nueva Tarea
QRdO9ciMjdNlQS8pIPhtOI8TBqG2,0,61,1377,1,Nueva Retroalimentaci\xf3n
qyFa887PmIOW6Vcbj03BpICsmSt1,0,61,1378,1,Nueva Retroalimentaci\xf3n
UFjoVzO6SLY5Akum3WFowdg2bWB3,0,61,1379,1,Nueva Retroalimentaci\xf3n
QRdO9ciMjdNlQS8pIPhtOI8TBqG2,0,128,1380,1,Nueva Retroalimentaci\xf3n
UFjoVzO6SLY5Akum3WFowdg2bWB3,0,128,1381,1,Nueva Retroalimentaci\xf3n
QRdO9ciMjdNlQS8pIPhtOI8TBqG2,0,380,1382,1,Nueva Retroalimentaci\xf3n
sfxzEX8FS5gYDspILU03OCbQyKu1,0,380,1383,1,Nueva Retroalimentaci\xf3n
QRdO9ciMjdNlQS8pIPhtOI8TBqG2,0,380,1384,1,Nueva Retroalimentaci\xf3n
sfxzEX8FS5gYDspILU03OCbQyKu1,0,380,1385,1,Nueva Retroalimentaci\xf3n
RDOE3hekuqU4NWny6VLRHFcJnSj2,0,380,1386,1,Nueva Retroalimentaci\xf3n
sfxzEX8FS5gYDspILU03OCbQyKu1,0,380,1387,1,Nueva Retroalimentaci\xf3n
RDOE3hekuqU4NWny6VLRHFcJnSj2,0,380,1388,1,Nueva Retroalimentaci\xf3n
sfxzEX8FS5gYDspILU03OCbQyKu1,0,380,1389,1,Nueva Retroalimentaci\xf3n
RDOE3hekuqU4NWny6VLRHFcJnSj2,0,380,1390,1,Nueva Retroalimentaci\xf3n
sfxzEX8FS5gYDspILU03OCbQyKu1,0,380,1391,1,Nueva Retroalimentaci\xf3n
RDOE3hekuqU4NWny6VLRHFcJnSj2,0,380,1392,1,Nueva Retroalimentaci\xf3n
sfxzEX8FS5gYDspILU03OCbQyKu1,0,380,1393,1,Nueva Retroalimentaci\xf3n
RDOE3hekuqU4NWny6VLRHFcJnSj2,0,380,1394,1,Nueva Retroalimentaci\xf3n
sfxzEX8FS5gYDspILU03OCbQyKu1,0,380,1395,1,Nueva Retroalimentaci\xf3n
QRdO9ciMjdNlQS8pIPhtOI8TBqG2,0,266,1396,1,Nueva Retroalimentaci\xf3n
jxNXNU6uq9XxJJKhshmdgigrkxa2,38,0,1397,1,Nuevo Mensaje
WifkGkHeDneVU3Aq9Df7gUYEdk52,6,0,1398,1,Nuevo Mensaje
xJMPojX2gQgVOJ4tiOXXW79SUi42,0,382,1399,1,Nueva Tarea
xJMPojX2gQgVOJ4tiOXXW79SUi42,0,383,1400,1,Nueva Retroalimentaci\xf3n
qyFa887PmIOW6Vcbj03BpICsmSt1,0,384,1401,1,Nueva Tarea
wjEfzIno2QdPxLB2y7aAtzAKT9w2,0,384,1402,1,Nueva Tarea
RDOE3hekuqU4NWny6VLRHFcJnSj2,0,379,1403,1,Nueva Retroalimentaci\xf3n
oq4DZ3zvSzX7qTQeiRMfdLYu2KG3,0,379,1404,1,Nueva Retroalimentaci\xf3n
RDOE3hekuqU4NWny6VLRHFcJnSj2,0,379,1405,1,Nueva Retroalimentaci\xf3n
oq4DZ3zvSzX7qTQeiRMfdLYu2KG3,0,379,1406,1,Nueva Retroalimentaci\xf3n
QRdO9ciMjdNlQS8pIPhtOI8TBqG2,0,380,1407,1,Nueva Retroalimentaci\xf3n
sfxzEX8FS5gYDspILU03OCbQyKu1,0,380,1408,1,Nueva Retroalimentaci\xf3n
QRdO9ciMjdNlQS8pIPhtOI8TBqG2,0,380,1409,1,Nueva Retroalimentaci\xf3n
sfxzEX8FS5gYDspILU03OCbQyKu1,0,380,1410,1,Nueva Retroalimentaci\xf3n
RDOE3hekuqU4NWny6VLRHFcJnSj2,0,380,1411,1,Nueva Retroalimentaci\xf3n
sfxzEX8FS5gYDspILU03OCbQyKu1,0,380,1412,1,Nueva Retroalimentaci\xf3n

