idProyect,fecha,nombre,detalles
1,2022-12-31,SOPORTE T\xc9CNICO,"SOPORTE T\xc9CNICO A EQUIPO DE C\xd3MPUTO, REDES E INTERNET, DISPOSITIVOS ETC."
2,2022-02-28,SOPORTE TECNOL\xd3GICO 21K GDL 2022,"NECESIDADES TECNOL\xd3GICAS, SERVICIOS DE INTERNET Y DATOS, SOPORTE T\xc9CNICO Y DESARROLLO DE SISTEMAS PARA EL EVENTO"
3,2022-02-28,SISTEMA DE ACTIVIDADES COMUDE 2022,"DESARROLLO E IMPLEMENTACI\xd3N DEL SISTEMA DE COMUNICACI\xd3N INTERNA DE ACTIVIDADES DEL COMUDE GUADALAJARA, MANUALES Y CAPACITACI\xd3N"
5,2022-04-12,Prueba pro,Probar
7,2023-04-12,pro prueba,Probar
9,2022-04-30,DISE\xd1O Y PROGRAMACI\xd3N APP COMUDE,"PLANIFICACI\xd3N, MOCKUPS, DESARROLLO E IMPLEMENTACI\xd3N DE LA APP OFICIAL COMUDE"
10,2022-03-31,SISTEMA DE SOPORTE T\xc9CNICO COMUDE,"DESARROLLO DEL M\xd3DULO E IMPLEMENTACI\xd3N EN EL SISTEMA DE ACTIVIDADES COMUDE, LIGANDO LOS SISTEMAS PARA V\xcdNCULAR LOS FORMULARIOS DE PETICI\xd3N DE SOPORTE "
11,2022-12-31,Usuarios Comude,Creaci\xf3n y modificaciones de Usuarios de Comude
12,2022-01-07,Desarrollo,Desarrollo Comude
13,2022-01-24,Registro des Historial de Navegacion,Captura de URL 
14,2023-01-24,URL,Captura de URL 
16,2022-05-31,WEBAPP VIA RECREACTIVA CONTEO DE ACTIVIDADES,"DESARROLLO DE UNA WEBAPP PARA LA V\xcdA RECREACTIVA PARA EL CONTEO DE ACTIVIDADES REALIZADAS: CAMINAR, CORRER, ANDAR EN BICICLETA ETC."
18,2023-01-19,Cuentas Comude,Activaci\xf3n de cuentas de dominio COMUDE al personal de la instituci\xf3n
19,2022-04-14,Vacunas,Revisar a personas vacantes 
20,2022-02-15,Incidencias 1a quinc. Feb.2022,Solicitud de incidencias personal Tecnolog\xedas 
21,2023-02-15,2a quincena Feb.2022,Solicitud de incidencias personal Tecnolog\xedas 
22,2022-04-15,Capacitaciones,Se capacitara a todos en comude
23,2022-03-18,Capacitaciones ACTIVIDADES,Capacitar a todo el personal administrativo y operativo del COMUDE
25,2022-08-03,Curso- Taller 8M,Taller de defensa personal y din\xe1mica 
28,0000-00-00,Serial Breaking primera fecha,Primer etapa del serial corresponde al \xe1rea de deporte urbano
29,0000-00-00,"Jornada Mujer, Deporte y Salud ",Conmemoraci\xf3n 8M
31,2022-03-13,Carrera 8 M,Carrera 3 kilometros 
33,2022-09-16,T21 Nacional GDL 2022,Torneo de F\xfatbol 5 para Jugadores con S\xedndrome de Down
34,2022-03-13,"Carrera 3k Guadalajara 2022 8m:""corramos por la igualdad de genero",Coordinador de hidrataci\xf3n 
35,2022-03-07,Indicadores de Feria del Deporte,"Actualizar cada semana los indicadores de Feria del Deporte con datos de las colonias, calles y participantes en los eventos que se llevaron a cabo en"
36,2022-03-31,Indicadores marzo feria del deporte,Actualizar los datos de los eventos semanales
37,2022-03-14,Incidencias ,Recolecci\xf3n  de incidencias 
39,2022-03-19,Entrega de memor\xe1ndum y facturas de personal RIF/HONORARIOS/RESICO ,Entrega de documentos necesarios para el pago correspondiente del mes corriente del personal que presta sus servicios profesionales 
40,2022-03-01,Mantenimiento de albercas ,Supervisar que las albercas esten en \xf3ptimas condiciones todos los d\xedas 
41,2022-03-20,Incidencias de la 1a. Marzo 2022,Concentrar incidencias de todas las zonas 
42,2022-03-07,Poda Unidad 70,<blank>
43,2022-03-17,RADIOGRAF\xcdA ,Radiograf\xeda operativa para llevar un control del estado de las unidades deportivas.
44,2022-03-07,Poda Unidad Ex Penal,Podar pir\xe1mides alrededor del teatro al aire libre 
45,2022-03-12,Box Amateur Infonavit Estadio ,Exbicion de box Amateur
46,2022-03-12,Actualizaci\xf3n y capacitaci\xf3n Nataci\xf3n 2022 ,"Indicadores, aspectos t\xe9cnicos de nivel y ense\xf1anza, servicio al usuario"
47,0000-00-00,Seguimiento y evaluaci\xf3n de las escuelas de iniciaci\xf3n deportiva ,Registro y seguimiento de las actividades d\xeda a d\xeda de las diferentes disciplinas de 
48,2022-03-07,Comit\xe9s Deportivos Guadalajara ,Abrir nuevos Comit\xe9 Deportivos en cada una de las colonias del Municipio de Guadalajara e integrar a los avitante de cada colonia al tema Deportivo.
49,2022-12-30,Seguimiento diario escuelas de iniciaci\xf3n de b\xe1squetbol,"Seguimiento diario de lo que se realiza en las escuelas de iniciaci\xf3n deportiva de b\xe1squetbol en las diferentes sedes como lo son unidad 58, R\xedo de Ja"
50,2022-03-17,RADIOGRAF\xcdA OPERATIVA,Radiograf\xeda operativa para llevar a cabo el estado de las unidades deportivas.
51,2022-03-16,Copa de Baloncesto Guadalajara 2022,<blank>
52,0000-00-00,Paracuatlon Guadalajara ,Competencia de acuatlon para alumnos con y sin discapacidad en la unidad Tucson
53,0000-00-00,D\xeda del ni\xf1o incluyente,"Una celebraci\xf3n para los ni\xf1os y ni\xf1as con y sin discapacidad alumnos principalmente de comude Guadalajara, realizando un rally con retos que trabajar"
54,2022-03-15,incidencias,marzo
55,2022-03-16,Firma de Incidencias ,Presentaci\xf3n de formatos impresos para recabar firma del Director de Deportes Marcos L. Esquivel Tabares
56,2022-03-01,Incidencias,Creaci\xf3n de Incidencias
57,2022-03-31,Reporte de Incidencias,Levantamiento de Incidencias de Digitalizaci\xf3n
58,2022-03-11,Pagos a proveedores 11 de marzo 2022,Pagos a proveedores por solicitud de compras 
59,2022-03-11,Pagos ,Pagos a proveedores 
60,0001-01-01,Mega rally del d\xeda del ni\xf1o ,Lograr un festejo del D\xeda del ni\xf1o con actividades deportivas y recreativas en la ciudad de Guadalajara. 
61,2022-03-25,Contratos servicios profesionales,Petici\xf3n de contratos de abril a junio
62,2022-03-11,INCIDENCIAS coord de personal ,Incidencias quincenales y mensuales 
63,2022-03-15,Incidencias Deporte Incluyente 2022,Incidencias del personal U 7
64,0000-00-00,Nissan Versa 2020,Restauraci\xf3n y detallado de veh\xedculo 
65,0000-00-00,Oficios,Oficios direcci\xf3n de deporte 
66,0000-00-00,Oficios ,Respuesta a los oficios 
67,2022-03-18,Oficios,Autorizaciones ocasionales
68,2022-03-15,Material de ferreter\xeda para las unidades ,Material para varias unidades del consejo
70,2022-03-15,Licitaci\xf3n para Escuela de Ballet,Barra de equilibrio
73,2022-03-18,CONVENIOS ESCUELAS Y LIGAS DE F\xdaTBOL ,Solicitar la realizaci\xf3n de convenios trimestrales Abril - Junio 2022
75,2022-03-18,Licitaci\xf3n para la Adquisici\xf3n de hojas membretadas y cordones para gafette ,Adquisicion de hojas membretadas y cordones 
76,2022-03-11,Licitaciones sin Concurrencia del Comit\xe9 ,Adquisiciones por licitaci\xf3n con monto hasta $268 mil pesos. 
92,2022-03-31,prueba,prueba
93,2022-03-25,Capacitacion,Capacitar a las personas Internas de la nueva plataforma de comunicacion
94,2022-12-31,Pagina Web Oficial Seriales 5K,"Realizar un espacio virtual para los seriales 5K que ofrece el Comude en cada una de las distintas sedes, conservando un historial de resultados, gale"

