uid,idPush,endpoint,key_auth,key_p256dh,expirationTime
UKTSvPl9r7dCRlkD3T1TaqEZXyi1,3,https://fcm.googleapis.com/fcm/send/ef_sWHAmb_w:APA91bGo6B8Zccpgj63oy0MlHUrVvB4BMwH42DixwKA3u78PHjZMTftgd8MiTnOY_ThrOnMJHd3Czb5M6dHXmRFM0HVZz8vcwTW26NP3A7KzcL0IhGUvnxR86cRxgK_5R4aO3EQ6R60E,piJ714baOFlUOiedHe4yUg,BKvoBAkc-I5pSIbLTk4Jfye3OMSNsSRQUDGjT_ORsjqxOtcnfGRI6DhXYj1Zo1TQ1sSlvgzYu3co5eY1z728tac,null
6dDxe1v4fRSAuh6AUItaS4sMo2x2,4,https://fcm.googleapis.com/fcm/send/cFWjJKlezvM:APA91bGsIt6kAnc6bH2S8G3Cx2pzkmgCKA8BG2WVZJsZziLBf40kK7sZdElZ97iiE5jSTkdwkO0G4JTDC7A6Eh0yvoenQ0NdVdae3tuJ-Gk76aojjpmfTSdGRj8TR9W7rowMqeoohr8D,mKaIGG9YuhwmCecuE-bQQg,BIKpyS7AljHxpEPTCqT_F5cf0TrVyJ5iPbK6cnhKqTsX-UsjhDDvkaQ8GJBW3c42hmlb-pm3-lBr0OxBiZR7blQ,null
qg6MZoLR9geVyWXcPm3scXrp1Qe2,5,https://fcm.googleapis.com/fcm/send/dsZb0Hr25cE:APA91bGRPpf5fb3Ol9fII_X27QwDO2hRuVSnaIApNNKrHL9IG7RsCZ2TrroW9jsKfq5Yo9alRA0X5VvGv5lW-KFFyhOr7-HNjE5ZcQxhVUxWMFwhEJKXS7HJ8BqeHCyLAWDTDLbv-JU3,Jfuivv7rVA_CYtfH40Zi5w,BEj4tKtnSnAvGId9F3-kI3PmNLchtKlA1j1tTqVfmwV2pywfXg5w9pE4qKoKxvJfE80xV5Q9ktTzGOpi_7obQvw,null
wjEfzIno2QdPxLB2y7aAtzAKT9w2,6,https://fcm.googleapis.com/fcm/send/cdp4KmBE9B8:APA91bEZ0qZ-jBGGpKkv9Cj59IJC57jXXON1X-Zwzx_sCgy1yy04zFIYabiyraJEn_BH61EwhIoyb-DpvI43oWM2vWcu82igZngHpsfV0p6hb3XDwWcxsUhIgL2XfsKN7MYLOAL8A8Zx,USjpi9tf5khChwB1jOmZfQ,BL-V0mhC-JjNxac0GMHJLKwPAVkAwuAjiVcnSRjHiWdmNYOiH6sQwZmlYM51UyLcCMejg0fsYjxHdai2DoJbGA0,null
7KfiJmLzdNYMkImWWQT1Igwu4yk1,8,https://fcm.googleapis.com/fcm/send/dhrZFA6nFkY:APA91bHEuXxLBsffdAgIr1hmv2dxw9ZRRHd2mwFCeaTnTa3BIeH1vRZGmR2SsZA5tzd4ajf34zRedWPaWTheDnR0OmdUu3Y62H4YiRCE6iskrKTFe3ie2-JtV7X_DJt8gBxCJPBjGJSe,LcBtPc1JRQ6NjalXmR14Vg,BDz6X08tXTWWoewRy5K4oE7a77Un23bsfOMxievdguDApQByR1pF2w3bC8bJrWiLLH_Zn8mkKU-om79qUKTg0O8,null
pleZ8kBms6cR4VLH4NOnkqIrJYs1,9,https://fcm.googleapis.com/fcm/send/fH3wSY35794:APA91bFgvHdNry-8nJ_f_pRIg0-w6GYD83be_c4EKlBQ_vjE9meHxSjxAGA9OGEF5Q2TWrcA2laNp2TxFyFX6QI0qoWua911n3Ve2J2_0BdZlelZyPiSQkIfCJLjrROEQI1QZyFIvmPs,VJMxxb0EbH3MYwS3e371hQ,BKZ4UUCClnkA3uYVIO-NoKyvRiyWoVYBcxeHhWUXnA-ppXzCczem1_lTX2gvKsE6MUK-2dmCDr_PKuKdDwQvK-U,null
hDaOeKhARQTejyMLqnuFOnjCs8Y2,10,https://fcm.googleapis.com/fcm/send/cPliHWk6hug:APA91bEjRpRxmDqX2TqX_Je7vWfrgFSGHf8wqG_OaIda-30GjAaRZ0ZDkZ9SLd6dik2DTwhNba--OsGMfBkBr0L95PXji6OFgPIRDtUhMCwa0xgC0HM_SRsn51q57KY25dGd4SbbWt_B,euPOzIrPn_biLKSicMw-6g,BMxJVDP8A-LEY4g-pHkRgsSXzOVBP7GUsn3kaCdb5avNXieaVnDASi7VzHBqi7-L-q-rAoLBhbKRavtMlQ4TrF4,null
8hCcNIMqBcboQ1La0oxoHpavmZB2,11,https://fcm.googleapis.com/fcm/send/cofKLv-yAWw:APA91bFxj5JfnL5ltLlhAlQtVp8b-TPeonrmlCULG3-ziarwyjSzx5XRZALFGR8q4g_D-UpgJMGmck_rRhg9byAEOhHLJl6Y-4wSwQUkf6PSLVIEkx4kMje0cqVIWchhdUzEQixP88bf,H5QtyT74k2e5NhCzc76kjA,BCdVyRiOmUFt1eQZ42jo-1aWseaiNN4fY6xgA3pSxDsazgVvlq-Tj4DIe1MFeWQtc-lHoSy5f-ZxnTfBJi0TNTQ,null
vPm98zkJtkXOV84a3SugEslbtkO2,12,https://fcm.googleapis.com/fcm/send/fq8Hy9g8qoI:APA91bFHRnUbsHEe0ByeUgbiya9yFWybWVrIhi0gsFqWjrS0pqt37Ise39Nn_-gMj1I8Nh5FZ5uiRwEyA5nda3Gmb7RSkZHvtg3dLJD9d8jwwezWonoMm02WQz4BPBt5bU3KG_YilGAb,02ADLO4CRo39z24XktTFWA,BE19x02dMJzIRDr8ytFqeFI3hS7DWEumR_TxsZtTHciKVBAnEpLr4t9oX9SHe3j9D4G3L-dkaMSHna1iSKeRKlc,null
qFRhreByg2PHq8p8nPtGemHrS5v2,16,https://updates.push.services.mozilla.com/wpush/v2/gAAAAABiJmz6P_YwlzeMPl0ziXnEev6TbYEUx4DGyNtzZ6ktmjuD3xzfIdr6DLjJYWOhColNZsyyeDh3Ae_YCkviatuHXX_CAJ1S9JwE6YiWDRsZRQe5lax0xgg-hMCk3EEZsTo5AroDiLhqSNE3X2cy4O36Ea8abZR8JZ3-Oi5_FeWe-Uy4H4Q,0ltu_j0aOcK6UmnkOeO_-w,BCDVpHT0pmFtRMcWGggp6ILIeoccntpMbwiEitrALJ-PdDBN6aX_OmQzrtjDGQO8wDp5rYZpgH1slSb7levGdVI,null
UFjoVzO6SLY5Akum3WFowdg2bWB3,20,https://fcm.googleapis.com/fcm/send/edIoSRkirgA:APA91bHcAfU8qNrW45EYZwjO-h2wOtwnWOYz5sg2BrAmD2vSHUUzqx92t5kxM0AsLomMuMV3_XNNATeJE5HM5YHwdVpc595NIgN2j7Q7j-fN7T4NiyKXUtGn8b9iqZnPYX3_nMJ6ExIB,0UErHBMoH2i8CWjac95_5Q,BPaBfL6xh7jiKdRdUnukRo3yJOlLyPzw0nQJQOHFtZAEa0uFJo-Qe9XFAlXxJ3LyaJzmi-KqCFz0gbbo37_rOWQ,null
jGN0dLDxv3acw56RW0k2ZzVE39f1,21,https://fcm.googleapis.com/fcm/send/dsEWrs4i1DU:APA91bEPE5F-jnbw11fuGyEaZuTPvbe8Foxn4xze2mFPRQzcuPLmiiYmdOq9M-afrV4-n_V-blvzbGIWwYStUkCKrMZeyxsMLc1vIysQYThyvq9H05dQUZpnVverdIHW9er0-XQ2aGoU,vLWLy2ziSs6P8YSGgYzkeA,BNuDRUg4ptkEWTllfkwCXa6Zv80MfpwYE14OlDM6-NeqDxHrGI9nveH4G_0jRngWwo3CMn2bKw5CPUnKHEoxQFw,null
qV7QLlV14nc14nQpCbupMhwMUlR2,22,https://fcm.googleapis.com/fcm/send/eO6s0EZO_GE:APA91bG133yvX--EsEO5hAp3mQYmpCeGPkrE4zEDP1xKQL_PHny3DAaTgrOsgx1UIsl6_zbZJxsmZaiKi93Z0MaM1McekJFJA1ScSvX5PWevySyjVk1KB8Ivl0mwPb3Gg2ovGo2Rh-av,dFmTZrJ7BmwA85M5DXROYQ,BEyzjKQCjt6oij7J_99LZ_aS0ttQjLWx8cFfcQ5gK7OWVZvNBZoNIokzUDXX0dOWIPAsGtb2LeDYUubqr9RXD4w,null
ZD9CsRQ1IUPZGrVqIz6R3KMjvWw2,23,https://fcm.googleapis.com/fcm/send/fcMRwpIHfIA:APA91bH23KBmMniaKLfAhNHLD8fIDOVGpDSTB5AZIsZ-Rd6B-BF8wnNwSIzYCbOjmMdKCPdzU5mdIzeoGofq4B0WYsnC5fNtN1hiayiRTHRWjgFwT4rZWBsK1ZUXI_XqnhYJLCkVwE9i,6QBzgavlCk61n2RbwqZeZw,BMyJOn64iDjNagaqCEccvvcYYC2j1xmNMLuV8_jsCgLjG_zeFBgPXXbTyGiu6BexGWboapS_zxrr73Se50W9ID0,null
YyfbnvjiSEZ3HuKCj8M6AfQHVhq2,24,https://fcm.googleapis.com/fcm/send/dV9eru7Ibqo:APA91bGeSEYUAqeJJlEkXF4LGHE0qGmWXa2W7_6arxU26dFdyDTzBT3gRtxGnYInH8HIqcG0Y08VjSCalr3uGzgPycJeInHhg1USLpLtp032s_vnw0s6zwcYDC9-68HsOlj5MnT2t_jm,Zdrzhq44f9dTnHHZLNVStg,BIdfWeNe6K4T6fGvLbfsdyNgNoZIWCo3-mH5QOeogCzC3qWTKVaO8w9kSctybdaoQagjGsLbh2NaD7nTo-fP8BA,null
q16vMZNDGYaFSUyJ2v5pp8aFqYq2,25,https://fcm.googleapis.com/fcm/send/cciZYHdMDtw:APA91bEV-U-FkTfYwYG8BRg_GOII9_wRxhlxvVxJhAz4HDCLWZes_8ioVq_sRBU4rRI1AyZmsfjEe_lEFqzrEh4vX5Z9UNumEpVV9UxsRdlMw7I2aTNWlw8L-JhJM30N5Z20Wp3KRRjZ,NbgA9uJuyQPyLJC-oDtLhg,BPSjZjwftELz-yTzWAg2aES0XJ-4Qwfe4Pjm77vlNpgBY5tnohY1wDPQzObXZ1ElA_eH5GLn7_UFNvKju8Q7bUY,null
q16vMZNDGYaFSUyJ2v5pp8aFqYq2,26,https://fcm.googleapis.com/fcm/send/cciZYHdMDtw:APA91bEV-U-FkTfYwYG8BRg_GOII9_wRxhlxvVxJhAz4HDCLWZes_8ioVq_sRBU4rRI1AyZmsfjEe_lEFqzrEh4vX5Z9UNumEpVV9UxsRdlMw7I2aTNWlw8L-JhJM30N5Z20Wp3KRRjZ,NbgA9uJuyQPyLJC-oDtLhg,BPSjZjwftELz-yTzWAg2aES0XJ-4Qwfe4Pjm77vlNpgBY5tnohY1wDPQzObXZ1ElA_eH5GLn7_UFNvKju8Q7bUY,null
7c19WMieCsXklZJhZWFCSDbxGI42,27,https://fcm.googleapis.com/fcm/send/eiXy-bF8Lls:APA91bGuPV0naqjtt0WH2VDsnc1QFDPkETlXL51V2fKNwpLxsZ5DOhrL7GyqRMs8yOEGDZTIomtnVvFrSsl4l7WJbH4O3nib4W8swdzNT3iTrKTGm9PNdIYvk1tnOUmWGhjkDAXXgvY4,sFI6bOHqoDx719i9_o1gVw,BLqHyCl5IOJKzS_DJVY2wcl8Ns-V7BW4WMPDNtV8uYO4LDJTWKrEwMnDY-HBrQwzk-JGFmicRgn2OU-XOFZoFA4,null
3mZNd5I4YUUIVBJtsET6lC8d2oz1,29,https://fcm.googleapis.com/fcm/send/e-HW_Eui1Wg:APA91bEyc21bsDHkBWabOg_4qbfa9lXJL1pkbIZ6mQjTKAPtBfSztoj3CLSOwnPJmkyegHUr6_k7ajFkmWM46A81-7auiFyQyBLTvCCp7M-3C8ECVvr5IueTR_gtrtHhefpYCO1iJ3nn,-cE2FZfYqFxI5OTWVhASew,BKv_-X2GFqUx7KC4ZvfHZinJMaMAHTUXYmEtwDOyhi2FvtH1O70_W7J8jZAZ1XN5oVtBI6iyVgtGOPT0et8Cmew,null
s0YN5VrdwtOqrUj0o4uVRSqBEAy1,31,https://fcm.googleapis.com/fcm/send/eEQLqk644l0:APA91bEzksL4QJ3xeXllR8Qgv1OziA-awqQlBpm4kucGBg3iTms4wy_TK8sP50bSHV4IK6tOkcMGycgY3iwxrgRSyBF96Qn6XjB6EMlrQoxTs0-lDbwkngIzGXPJSdrdG_BZ_L53MvWX,HVP4XMs-D3d85Z94Ch8ZNQ,BJEd5I2jQUt-j-S_ogOvu-bsKHj72ai9IFAB--s1M-6Wr2Jh7KHoibL5WLhgEdSQ_yT8fYk-UT3DwcvSIXJjs_I,null
QRdO9ciMjdNlQS8pIPhtOI8TBqG2,32,https://fcm.googleapis.com/fcm/send/fzzzHi55qh0:APA91bGjmpx0A3SPsTHP9P3IHSIYPrt_t6SlPNLNjr2K6AJO1TEX77Ob29ducDM87gdjxJy3Gb7BzfWvm6sybt_3p1n8d6u2JgVKmujIDIxbdLoi_cGtBph8EePqUj2w8Y_BqQmqL7Bv,x-rxuaAJjbS54TLElTaDGA,BJSnv_YBPSV3H4m8qtCKG5AlgC9mqnYA4PSG9xOG6z6WNU2WtawyT3Ogwfazcv5bpNhNRTYNwaGwHhN_VPMv12s,null
RDOE3hekuqU4NWny6VLRHFcJnSj2,33,https://fcm.googleapis.com/fcm/send/d8txh0sWbiM:APA91bHTrq_XS2NgSj71wdwVk9ps7Mqd96FaTymjZupGdFFFyd6I9UTsLCKoaKu9Ujh5DjU-dsqJlRILOps9buOx9Hhf2S5HBJ1fphlpi85flJR-YooLbPoO4-lkUtvE7QUSnG8lJ1Kf,GV6z0byEOi0KWO1_ceJucA,BAM3XPcQFCiyHD4BUjdswq-aAAT9JARteSoTj0V3yyjerj04xRhfUAshtGM_b-wV6u1SxcrEO3XGtzF43DcXqCY,null

