idStage,idProyect,fechaFin,fechaIni,nombreStage
1,1,2022-12-31,2022-01-05,EJECUCI\xd3N
2,2,2022-01-22,2022-01-06,SOLICITUDES Y REQUISICIONES
3,2,2022-02-28,2022-01-06,EJECUCI\xd3N
4,3,2022-01-15,2022-01-06,PLANEACI\xd3N
5,3,2022-02-28,2022-01-06,INTEGRACI\xd3N
6,3,2022-03-31,2022-02-28,RETROALIMENTACI\xd3N
8,5,2022-05-26,2022-04-29,La 1
9,7,2023-05-26,2023-04-29,La 1
11,9,2022-03-31,2022-01-06,PLANEACI\xd3N
12,9,2022-04-30,2022-01-07,DESARROLLO
13,9,2022-05-31,2022-03-31,IMPLEMENTACI\xd3N
14,10,2022-02-28,2022-01-08,DESARROLLO
15,10,2022-03-31,2022-02-28,SEGUIMIENTO
16,11,2022-12-31,2022-01-01,Creaci\xf3n y modificaciones
17,12,2022-12-31,2022-01-01,Desarrollo Creaci\xf3n
18,12,2022-12-31,2022-01-01,Desarrollo modificaci\xf3n
19,13,2022-01-11,2022-01-07,Fase 1
20,13,2022-01-13,2022-01-11,Fase 2
21,14,2023-01-11,2023-01-07,Fase 1
22,14,2023-01-13,2023-01-11,Fase 2
23,16,2022-01-28,2022-01-14,PLENEACI\xd3N
24,16,2022-02-25,2022-01-28,DESARROLLO
25,16,2022-04-29,2022-03-04,BETAS
28,18,2023-01-26,2023-01-20,Listado de cuentas
29,19,0000-00-00,0000-00-00,<blank>
30,20,2022-02-17,2022-02-15,1er quincena
31,21,2023-02-17,2023-02-15,1er quincena
32,22,2022-04-15,2022-04-01,Capacitaciones Practicas
33,33,2022-08-26,2022-03-07,Planeaci\xf3n
34,34,2022-03-11,2022-03-07,Entrega de producto
35,33,2022-08-19,2022-03-07,Planeaci\xf3n
37,39,2022-03-16,2022-03-14,Elaboraci\xf3n de memor\xe1ndum 
38,39,2022-03-17,2022-03-14,Recepci\xf3n de facturas del personal 
39,37,2022-03-14,2022-03-14,Recoedatorio
40,37,2022-03-14,2022-03-14,Incidencias 
41,41,1970-01-01,1970-01-01,<blank>
42,40,2022-03-31,2022-03-07,Temperaturas de albercas 
43,45,2022-03-12,2022-03-07,Limpieza 
44,46,2022-03-12,2022-03-07,Semana previa a la capacitaci\xf3n de instructores 
46,48,2022-03-11,2022-03-07,Comit\xe9s Deportivos Guadalajara 
47,43,2022-03-17,2022-03-14,Funcionalidad
48,55,2022-03-18,2022-03-16,<blank>
49,57,2022-03-15,2022-03-01,Primer quincena
50,57,2022-03-31,2022-03-16,Segunda quincena
52,70,2022-03-16,2022-03-15,Recepci\xf3n
53,76,2022-03-23,2022-03-21,Bases 
54,76,2022-03-25,2022-03-25,Junta de Aclaraciones
71,92,2022-03-31,2022-03-25,prueba
72,93,2022-03-27,2022-03-26,Cotizacion de los productos
73,94,2022-12-31,2022-03-25,Planeaci\xf3n
74,94,2022-12-31,2022-03-25,Ejecuci\xf3n

