uid,idSusc,idProyect,adminProyect
QRdO9ciMjdNlQS8pIPhtOI8TBqG2,1,1,1
QRdO9ciMjdNlQS8pIPhtOI8TBqG2,2,2,1
QRdO9ciMjdNlQS8pIPhtOI8TBqG2,3,3,1
jQAKyMGYy3dc6TLaDCFnEUhESfn1,4,3,0
N7vKJbcVdQMeGXnT3RI0yPvtAY63,5,3,0
UFjoVzO6SLY5Akum3WFowdg2bWB3,6,3,0
J2y9h2MqKvd1JTGbZBy0PtRmTZp2,7,3,0
jQAKyMGYy3dc6TLaDCFnEUhESfn1,8,2,0
FbxjgjOMPLU5KpybHNEH14dMaIo1,9,2,0
UFjoVzO6SLY5Akum3WFowdg2bWB3,10,2,0
J2y9h2MqKvd1JTGbZBy0PtRmTZp2,12,5,1
J2y9h2MqKvd1JTGbZBy0PtRmTZp2,14,7,1
uS3UQrx5GyVsuijSsUon5fmortm2,15,5,0
N7vKJbcVdQMeGXnT3RI0yPvtAY63,16,7,0
QRdO9ciMjdNlQS8pIPhtOI8TBqG2,21,9,1
FbxjgjOMPLU5KpybHNEH14dMaIo1,22,9,0
3mZNd5I4YUUIVBJtsET6lC8d2oz1,23,9,0
FbxjgjOMPLU5KpybHNEH14dMaIo1,24,3,0
UFjoVzO6SLY5Akum3WFowdg2bWB3,25,1,0
3mZNd5I4YUUIVBJtsET6lC8d2oz1,26,1,0
FbxjgjOMPLU5KpybHNEH14dMaIo1,27,1,0
QRdO9ciMjdNlQS8pIPhtOI8TBqG2,28,10,1
UFjoVzO6SLY5Akum3WFowdg2bWB3,29,10,0
FbxjgjOMPLU5KpybHNEH14dMaIo1,30,10,0
3mZNd5I4YUUIVBJtsET6lC8d2oz1,31,11,1
3mZNd5I4YUUIVBJtsET6lC8d2oz1,32,12,1
N7vKJbcVdQMeGXnT3RI0yPvtAY63,33,13,1
J2y9h2MqKvd1JTGbZBy0PtRmTZp2,34,13,0
uS3UQrx5GyVsuijSsUon5fmortm2,35,13,0
N7vKJbcVdQMeGXnT3RI0yPvtAY63,36,14,1
J2y9h2MqKvd1JTGbZBy0PtRmTZp2,37,14,0
uS3UQrx5GyVsuijSsUon5fmortm2,38,14,0
QRdO9ciMjdNlQS8pIPhtOI8TBqG2,39,12,0
RDOE3hekuqU4NWny6VLRHFcJnSj2,41,2,0
RDOE3hekuqU4NWny6VLRHFcJnSj2,42,1,0
qyFa887PmIOW6Vcbj03BpICsmSt1,43,9,0
jQAKyMGYy3dc6TLaDCFnEUhESfn1,44,9,0
qyFa887PmIOW6Vcbj03BpICsmSt1,45,2,0
qyFa887PmIOW6Vcbj03BpICsmSt1,46,1,0
QRdO9ciMjdNlQS8pIPhtOI8TBqG2,47,16,1
3mZNd5I4YUUIVBJtsET6lC8d2oz1,48,2,0
JPzRvnckGITzhUugAOc55caOrl23,49,16,0
J2y9h2MqKvd1JTGbZBy0PtRmTZp2,51,18,1
uS3UQrx5GyVsuijSsUon5fmortm2,53,18,0
eC8sbYB3D4SwFFz9EjP6rweSZ3k2,54,19,1
qyFa887PmIOW6Vcbj03BpICsmSt1,55,19,0
RDOE3hekuqU4NWny6VLRHFcJnSj2,56,20,1
RDOE3hekuqU4NWny6VLRHFcJnSj2,57,21,1
N7vKJbcVdQMeGXnT3RI0yPvtAY63,58,22,1
eC8sbYB3D4SwFFz9EjP6rweSZ3k2,59,22,0
J2y9h2MqKvd1JTGbZBy0PtRmTZp2,60,22,0
uS3UQrx5GyVsuijSsUon5fmortm2,61,22,0
jQAKyMGYy3dc6TLaDCFnEUhESfn1,62,23,1
slBgy8NhCUTDjFvkjR2XhvNkE583,64,25,1
jQAKyMGYy3dc6TLaDCFnEUhESfn1,65,25,0
cW68QC8FSzVEVfwSAJ8DDdfQAsu1,68,28,1
slBgy8NhCUTDjFvkjR2XhvNkE583,69,29,1
jQAKyMGYy3dc6TLaDCFnEUhESfn1,70,29,0
PrARsohXdoSh5z6AVnO6zq8oaQG2,72,31,1
wjEfzIno2QdPxLB2y7aAtzAKT9w2,74,33,1
n0D6TUmAiGMb0GuwpFmNWJvkKv72,75,34,1
BFeBKWPYqDVuEuhC3ZtHCQbpJak2,76,35,1
BFeBKWPYqDVuEuhC3ZtHCQbpJak2,78,36,1
QRdO9ciMjdNlQS8pIPhtOI8TBqG2,80,33,0
qyFa887PmIOW6Vcbj03BpICsmSt1,81,33,0
NkaVFmDaWac8RsrZ86djUMcKdYs2,82,31,0
6dDxe1v4fRSAuh6AUItaS4sMo2x2,83,31,0
peVjqNCxxHPmYu1JEw8g7BMET982,84,31,0
4oYSvqn09bXGMkMm7md6nMfdVg73,86,33,0
6dDxe1v4fRSAuh6AUItaS4sMo2x2,87,34,0
qg6MZoLR9geVyWXcPm3scXrp1Qe2,88,34,0
6dDxe1v4fRSAuh6AUItaS4sMo2x2,89,33,0
G8iag47dE2eF8cGv3aOc1xAKwfp2,90,37,1
L0mB1f6WkJhpUihSGNBMuveUQy92,92,39,1
MvLtcrvd0lOUYkPR67q3Vri0h9x2,93,39,0
I8PsAjRWCIeM95Gwy0OozTcixbp1,94,39,0
YqfmSQ9PKjabQArmLMkANUamNh73,95,39,0
MvLtcrvd0lOUYkPR67q3Vri0h9x2,96,40,1
hDaOeKhARQTejyMLqnuFOnjCs8Y2,97,41,1
crnbZ5hCHJfUsdasii58vpXAs152,98,42,1
L0mB1f6WkJhpUihSGNBMuveUQy92,99,40,0
G8iag47dE2eF8cGv3aOc1xAKwfp2,100,40,0
I8PsAjRWCIeM95Gwy0OozTcixbp1,101,40,0
8hCcNIMqBcboQ1La0oxoHpavmZB2,102,43,1
crnbZ5hCHJfUsdasii58vpXAs152,103,44,1
vPm98zkJtkXOV84a3SugEslbtkO2,104,45,1
YqfmSQ9PKjabQArmLMkANUamNh73,105,46,1
I8PsAjRWCIeM95Gwy0OozTcixbp1,106,47,1
8hCcNIMqBcboQ1La0oxoHpavmZB2,107,37,0
hDaOeKhARQTejyMLqnuFOnjCs8Y2,108,37,0
vPm98zkJtkXOV84a3SugEslbtkO2,109,44,0
8hCcNIMqBcboQ1La0oxoHpavmZB2,110,45,0
G8iag47dE2eF8cGv3aOc1xAKwfp2,111,44,0
G8iag47dE2eF8cGv3aOc1xAKwfp2,112,45,0
G8iag47dE2eF8cGv3aOc1xAKwfp2,113,41,0
8hCcNIMqBcboQ1La0oxoHpavmZB2,114,41,0
pleZ8kBms6cR4VLH4NOnkqIrJYs1,115,48,1
MvLtcrvd0lOUYkPR67q3Vri0h9x2,116,46,0
I8PsAjRWCIeM95Gwy0OozTcixbp1,117,46,0
I8PsAjRWCIeM95Gwy0OozTcixbp1,118,49,1
8hCcNIMqBcboQ1La0oxoHpavmZB2,119,50,1
YqfmSQ9PKjabQArmLMkANUamNh73,120,49,0
7KfiJmLzdNYMkImWWQT1Igwu4yk1,121,51,1
iLHnxqoM3ZeqqdrCX0WClmPGxPq2,122,52,1
iLHnxqoM3ZeqqdrCX0WClmPGxPq2,123,53,1
qFRhreByg2PHq8p8nPtGemHrS5v2,124,1,0
BFeBKWPYqDVuEuhC3ZtHCQbpJak2,125,1,0
hDaOeKhARQTejyMLqnuFOnjCs8Y2,126,1,0
pleZ8kBms6cR4VLH4NOnkqIrJYs1,127,1,0
slBgy8NhCUTDjFvkjR2XhvNkE583,128,1,0
by0sEBspArPGQhu4sR8XwnjTyCG2,129,1,0
uS3UQrx5GyVsuijSsUon5fmortm2,130,1,0
L0mB1f6WkJhpUihSGNBMuveUQy92,131,1,0
jxNXNU6uq9XxJJKhshmdgigrkxa2,132,1,0
4oYSvqn09bXGMkMm7md6nMfdVg73,133,1,0
crnbZ5hCHJfUsdasii58vpXAs152,134,1,0
YqfmSQ9PKjabQArmLMkANUamNh73,135,1,0
I8PsAjRWCIeM95Gwy0OozTcixbp1,136,1,0
JPzRvnckGITzhUugAOc55caOrl23,137,1,0
7KfiJmLzdNYMkImWWQT1Igwu4yk1,138,1,0
iLHnxqoM3ZeqqdrCX0WClmPGxPq2,139,1,0
qg6MZoLR9geVyWXcPm3scXrp1Qe2,140,1,0
6dDxe1v4fRSAuh6AUItaS4sMo2x2,141,1,0
nUdytrp3OUWpi1W6EUEMrVe420b2,142,1,0
jQAKyMGYy3dc6TLaDCFnEUhESfn1,143,1,0
n0D6TUmAiGMb0GuwpFmNWJvkKv72,144,1,0
wjEfzIno2QdPxLB2y7aAtzAKT9w2,145,1,0
3m3aHXDtoRMys7jDPoldKLOBVmg1,146,1,0
cW68QC8FSzVEVfwSAJ8DDdfQAsu1,147,1,0
NkaVFmDaWac8RsrZ86djUMcKdYs2,148,1,0
G8iag47dE2eF8cGv3aOc1xAKwfp2,149,1,0
8hCcNIMqBcboQ1La0oxoHpavmZB2,150,1,0
J2y9h2MqKvd1JTGbZBy0PtRmTZp2,151,54,1
RDOE3hekuqU4NWny6VLRHFcJnSj2,152,54,0
yA170j8c6rcY1k5Sf3pv74GplJg2,153,55,1
WifkGkHeDneVU3Aq9Df7gUYEdk52,154,55,0
pleZ8kBms6cR4VLH4NOnkqIrJYs1,155,55,0
hDaOeKhARQTejyMLqnuFOnjCs8Y2,156,55,0
slBgy8NhCUTDjFvkjR2XhvNkE583,157,55,0
jxNXNU6uq9XxJJKhshmdgigrkxa2,158,55,0
4oYSvqn09bXGMkMm7md6nMfdVg73,159,55,0
I8PsAjRWCIeM95Gwy0OozTcixbp1,160,55,0
peVjqNCxxHPmYu1JEw8g7BMET982,161,55,0
6dDxe1v4fRSAuh6AUItaS4sMo2x2,162,55,0
RDOE3hekuqU4NWny6VLRHFcJnSj2,163,55,0
qFRhreByg2PHq8p8nPtGemHrS5v2,164,55,0
cW68QC8FSzVEVfwSAJ8DDdfQAsu1,165,55,0
N7vKJbcVdQMeGXnT3RI0yPvtAY63,166,56,1
N7vKJbcVdQMeGXnT3RI0yPvtAY63,167,57,1
eC8sbYB3D4SwFFz9EjP6rweSZ3k2,168,57,0
sfxzEX8FS5gYDspILU03OCbQyKu1,169,58,1
MmqkL5AKQWP0FvBtwNfNdjcgXb82,170,59,1
z0VnVKiBY9UpLcmMtHkbvsdCXLy1,171,60,1
gqZJgj55CWfbmjbtUjIW66QHypP2,172,61,1
bRQjke8efMfXUhwdVCRxRQ8x6ZZ2,173,62,1
xvrMi2pvtwQt7FX5XpJrddNwQnp2,174,63,1
Eg29DS7XCtUq2trQSOPip0uqqwj1,175,63,0
e4aC3Y34sNe52EhG4EBztlSD15u1,176,64,1
qV7QLlV14nc14nQpCbupMhwMUlR2,177,65,1
qV7QLlV14nc14nQpCbupMhwMUlR2,178,66,1
Eg29DS7XCtUq2trQSOPip0uqqwj1,179,60,0
iLHnxqoM3ZeqqdrCX0WClmPGxPq2,180,60,0
jxNXNU6uq9XxJJKhshmdgigrkxa2,181,60,0
n0D6TUmAiGMb0GuwpFmNWJvkKv72,182,60,0
oq4DZ3zvSzX7qTQeiRMfdLYu2KG3,183,58,0
MmqkL5AKQWP0FvBtwNfNdjcgXb82,184,58,0
jfkpgH21AbNenXI1cUR7te9W2l32,185,58,0
q16vMZNDGYaFSUyJ2v5pp8aFqYq2,186,67,1
qGbMDCaZ08RmP7q0t6IiAjsmXT63,187,68,1
YyfbnvjiSEZ3HuKCj8M6AfQHVhq2,189,70,1
G8iag47dE2eF8cGv3aOc1xAKwfp2,190,70,0
ThA5AFmJUvQscoOz6SFoDJCbW0Y2,193,73,1
c6iL32TTykTg0qYc2gdlRMNPa8J2,199,75,1
8ap8SWNQTLUkDwOjbJTvvHrnxKg2,200,76,1
sfxzEX8FS5gYDspILU03OCbQyKu1,201,1,0
oq4DZ3zvSzX7qTQeiRMfdLYu2KG3,202,9,0
sfxzEX8FS5gYDspILU03OCbQyKu1,203,9,0
oq4DZ3zvSzX7qTQeiRMfdLYu2KG3,222,1,0
xJMPojX2gQgVOJ4tiOXXW79SUi42,228,92,1
s0YN5VrdwtOqrUj0o4uVRSqBEAy1,231,93,1
xJMPojX2gQgVOJ4tiOXXW79SUi42,232,93,0
QRdO9ciMjdNlQS8pIPhtOI8TBqG2,233,94,1
qyFa887PmIOW6Vcbj03BpICsmSt1,234,94,0
wjEfzIno2QdPxLB2y7aAtzAKT9w2,235,94,0

