ID,uid,idTask,idProyect,adminTask
1,QRdO9ciMjdNlQS8pIPhtOI8TBqG2,1,1,1
2,QRdO9ciMjdNlQS8pIPhtOI8TBqG2,2,3,1
3,jQAKyMGYy3dc6TLaDCFnEUhESfn1,2,3,0
4,N7vKJbcVdQMeGXnT3RI0yPvtAY63,2,3,0
5,N7vKJbcVdQMeGXnT3RI0yPvtAY63,3,3,1
7,jQAKyMGYy3dc6TLaDCFnEUhESfn1,3,3,0
8,N7vKJbcVdQMeGXnT3RI0yPvtAY63,4,3,1
10,QRdO9ciMjdNlQS8pIPhtOI8TBqG2,5,2,1
11,FbxjgjOMPLU5KpybHNEH14dMaIo1,5,2,0
12,jQAKyMGYy3dc6TLaDCFnEUhESfn1,5,2,0
13,UFjoVzO6SLY5Akum3WFowdg2bWB3,5,2,0
14,J2y9h2MqKvd1JTGbZBy0PtRmTZp2,4,3,0
16,<blank>,6,5,0
19,J2y9h2MqKvd1JTGbZBy0PtRmTZp2,6,5,0
20,J2y9h2MqKvd1JTGbZBy0PtRmTZp2,3,3,0
21,<blank>,8,7,0
22,J2y9h2MqKvd1JTGbZBy0PtRmTZp2,8,7,0
23,N7vKJbcVdQMeGXnT3RI0yPvtAY63,9,7,1
24,J2y9h2MqKvd1JTGbZBy0PtRmTZp2,9,7,0
29,QRdO9ciMjdNlQS8pIPhtOI8TBqG2,11,9,1
30,FbxjgjOMPLU5KpybHNEH14dMaIo1,11,9,0
31,3mZNd5I4YUUIVBJtsET6lC8d2oz1,12,11,1
32,3mZNd5I4YUUIVBJtsET6lC8d2oz1,13,12,1
33,N7vKJbcVdQMeGXnT3RI0yPvtAY63,14,3,1
34,J2y9h2MqKvd1JTGbZBy0PtRmTZp2,14,3,0
35,UFjoVzO6SLY5Akum3WFowdg2bWB3,15,1,1
36,QRdO9ciMjdNlQS8pIPhtOI8TBqG2,15,1,0
37,3mZNd5I4YUUIVBJtsET6lC8d2oz1,15,1,0
38,3mZNd5I4YUUIVBJtsET6lC8d2oz1,16,1,1
39,3mZNd5I4YUUIVBJtsET6lC8d2oz1,17,1,1
40,QRdO9ciMjdNlQS8pIPhtOI8TBqG2,18,1,1
41,3mZNd5I4YUUIVBJtsET6lC8d2oz1,18,1,0
42,3mZNd5I4YUUIVBJtsET6lC8d2oz1,19,1,1
43,UFjoVzO6SLY5Akum3WFowdg2bWB3,20,1,1
44,QRdO9ciMjdNlQS8pIPhtOI8TBqG2,20,1,0
45,3mZNd5I4YUUIVBJtsET6lC8d2oz1,20,1,0
46,UFjoVzO6SLY5Akum3WFowdg2bWB3,21,1,1
47,QRdO9ciMjdNlQS8pIPhtOI8TBqG2,21,1,0
48,3mZNd5I4YUUIVBJtsET6lC8d2oz1,21,1,0
49,UFjoVzO6SLY5Akum3WFowdg2bWB3,22,1,1
50,QRdO9ciMjdNlQS8pIPhtOI8TBqG2,22,1,0
51,3mZNd5I4YUUIVBJtsET6lC8d2oz1,22,1,0
52,UFjoVzO6SLY5Akum3WFowdg2bWB3,23,1,1
53,QRdO9ciMjdNlQS8pIPhtOI8TBqG2,23,1,0
54,3mZNd5I4YUUIVBJtsET6lC8d2oz1,23,1,0
55,UFjoVzO6SLY5Akum3WFowdg2bWB3,24,1,1
56,QRdO9ciMjdNlQS8pIPhtOI8TBqG2,24,1,0
57,3mZNd5I4YUUIVBJtsET6lC8d2oz1,24,1,0
58,UFjoVzO6SLY5Akum3WFowdg2bWB3,25,1,1
59,QRdO9ciMjdNlQS8pIPhtOI8TBqG2,25,1,0
60,3mZNd5I4YUUIVBJtsET6lC8d2oz1,25,1,0
61,UFjoVzO6SLY5Akum3WFowdg2bWB3,26,1,1
62,QRdO9ciMjdNlQS8pIPhtOI8TBqG2,26,1,0
63,3mZNd5I4YUUIVBJtsET6lC8d2oz1,26,1,0
64,UFjoVzO6SLY5Akum3WFowdg2bWB3,27,1,1
65,QRdO9ciMjdNlQS8pIPhtOI8TBqG2,27,1,0
66,3mZNd5I4YUUIVBJtsET6lC8d2oz1,27,1,0
67,3mZNd5I4YUUIVBJtsET6lC8d2oz1,28,1,1
68,N7vKJbcVdQMeGXnT3RI0yPvtAY63,29,13,1
69,J2y9h2MqKvd1JTGbZBy0PtRmTZp2,29,13,0
70,uS3UQrx5GyVsuijSsUon5fmortm2,29,13,0
71,3mZNd5I4YUUIVBJtsET6lC8d2oz1,30,12,1
72,QRdO9ciMjdNlQS8pIPhtOI8TBqG2,30,12,0
73,UFjoVzO6SLY5Akum3WFowdg2bWB3,31,1,1
74,QRdO9ciMjdNlQS8pIPhtOI8TBqG2,31,1,0
75,3mZNd5I4YUUIVBJtsET6lC8d2oz1,31,1,0
76,3mZNd5I4YUUIVBJtsET6lC8d2oz1,32,1,1
77,QRdO9ciMjdNlQS8pIPhtOI8TBqG2,32,1,0
78,UFjoVzO6SLY5Akum3WFowdg2bWB3,33,1,1
79,QRdO9ciMjdNlQS8pIPhtOI8TBqG2,33,1,0
80,3mZNd5I4YUUIVBJtsET6lC8d2oz1,33,1,0
81,UFjoVzO6SLY5Akum3WFowdg2bWB3,34,1,1
82,QRdO9ciMjdNlQS8pIPhtOI8TBqG2,34,1,0
83,3mZNd5I4YUUIVBJtsET6lC8d2oz1,34,1,0
84,UFjoVzO6SLY5Akum3WFowdg2bWB3,35,1,1
85,QRdO9ciMjdNlQS8pIPhtOI8TBqG2,35,1,0
86,3mZNd5I4YUUIVBJtsET6lC8d2oz1,35,1,0
87,UFjoVzO6SLY5Akum3WFowdg2bWB3,36,1,1
88,QRdO9ciMjdNlQS8pIPhtOI8TBqG2,36,1,0
89,3mZNd5I4YUUIVBJtsET6lC8d2oz1,36,1,0
90,UFjoVzO6SLY5Akum3WFowdg2bWB3,37,1,1
91,QRdO9ciMjdNlQS8pIPhtOI8TBqG2,37,1,0
92,3mZNd5I4YUUIVBJtsET6lC8d2oz1,37,1,0
93,UFjoVzO6SLY5Akum3WFowdg2bWB3,38,1,1
94,QRdO9ciMjdNlQS8pIPhtOI8TBqG2,38,1,0
95,3mZNd5I4YUUIVBJtsET6lC8d2oz1,38,1,0
96,UFjoVzO6SLY5Akum3WFowdg2bWB3,39,1,1
97,QRdO9ciMjdNlQS8pIPhtOI8TBqG2,39,1,0
98,3mZNd5I4YUUIVBJtsET6lC8d2oz1,39,1,0
99,UFjoVzO6SLY5Akum3WFowdg2bWB3,40,1,1
100,QRdO9ciMjdNlQS8pIPhtOI8TBqG2,40,1,0
101,3mZNd5I4YUUIVBJtsET6lC8d2oz1,40,1,0
102,QRdO9ciMjdNlQS8pIPhtOI8TBqG2,41,2,1
103,UFjoVzO6SLY5Akum3WFowdg2bWB3,42,1,1
104,QRdO9ciMjdNlQS8pIPhtOI8TBqG2,42,1,0
105,3mZNd5I4YUUIVBJtsET6lC8d2oz1,42,1,0
106,QRdO9ciMjdNlQS8pIPhtOI8TBqG2,43,2,1
108,UFjoVzO6SLY5Akum3WFowdg2bWB3,44,1,1
109,QRdO9ciMjdNlQS8pIPhtOI8TBqG2,44,1,0
110,3mZNd5I4YUUIVBJtsET6lC8d2oz1,44,1,0
111,QRdO9ciMjdNlQS8pIPhtOI8TBqG2,3,3,0
112,RDOE3hekuqU4NWny6VLRHFcJnSj2,41,2,0
113,UFjoVzO6SLY5Akum3WFowdg2bWB3,45,1,1
114,QRdO9ciMjdNlQS8pIPhtOI8TBqG2,45,1,0
115,3mZNd5I4YUUIVBJtsET6lC8d2oz1,45,1,0
116,QRdO9ciMjdNlQS8pIPhtOI8TBqG2,46,1,1
117,RDOE3hekuqU4NWny6VLRHFcJnSj2,46,1,0
118,UFjoVzO6SLY5Akum3WFowdg2bWB3,47,1,1
119,QRdO9ciMjdNlQS8pIPhtOI8TBqG2,47,1,0
120,3mZNd5I4YUUIVBJtsET6lC8d2oz1,47,1,0
121,3mZNd5I4YUUIVBJtsET6lC8d2oz1,48,1,1
122,QRdO9ciMjdNlQS8pIPhtOI8TBqG2,48,1,0
123,UFjoVzO6SLY5Akum3WFowdg2bWB3,49,1,1
124,QRdO9ciMjdNlQS8pIPhtOI8TBqG2,49,1,0
125,3mZNd5I4YUUIVBJtsET6lC8d2oz1,49,1,0
126,UFjoVzO6SLY5Akum3WFowdg2bWB3,50,1,1
127,QRdO9ciMjdNlQS8pIPhtOI8TBqG2,50,1,0
128,3mZNd5I4YUUIVBJtsET6lC8d2oz1,50,1,0
129,UFjoVzO6SLY5Akum3WFowdg2bWB3,51,1,1
130,QRdO9ciMjdNlQS8pIPhtOI8TBqG2,51,1,0
131,3mZNd5I4YUUIVBJtsET6lC8d2oz1,51,1,0
132,UFjoVzO6SLY5Akum3WFowdg2bWB3,52,1,1
133,QRdO9ciMjdNlQS8pIPhtOI8TBqG2,52,1,0
134,3mZNd5I4YUUIVBJtsET6lC8d2oz1,52,1,0
135,UFjoVzO6SLY5Akum3WFowdg2bWB3,53,1,1
136,QRdO9ciMjdNlQS8pIPhtOI8TBqG2,53,1,0
137,3mZNd5I4YUUIVBJtsET6lC8d2oz1,53,1,0
138,QRdO9ciMjdNlQS8pIPhtOI8TBqG2,54,12,1
139,3mZNd5I4YUUIVBJtsET6lC8d2oz1,54,12,0
140,QRdO9ciMjdNlQS8pIPhtOI8TBqG2,55,1,1
141,QRdO9ciMjdNlQS8pIPhtOI8TBqG2,56,1,1
142,QRdO9ciMjdNlQS8pIPhtOI8TBqG2,57,9,1
143,qyFa887PmIOW6Vcbj03BpICsmSt1,57,9,0
144,QRdO9ciMjdNlQS8pIPhtOI8TBqG2,58,2,1
145,qyFa887PmIOW6Vcbj03BpICsmSt1,58,2,0
146,UFjoVzO6SLY5Akum3WFowdg2bWB3,59,1,1
147,QRdO9ciMjdNlQS8pIPhtOI8TBqG2,59,1,0
148,3mZNd5I4YUUIVBJtsET6lC8d2oz1,59,1,0
149,UFjoVzO6SLY5Akum3WFowdg2bWB3,60,1,1
150,QRdO9ciMjdNlQS8pIPhtOI8TBqG2,60,1,0
151,3mZNd5I4YUUIVBJtsET6lC8d2oz1,60,1,0
152,QRdO9ciMjdNlQS8pIPhtOI8TBqG2,61,1,1
153,qyFa887PmIOW6Vcbj03BpICsmSt1,61,1,0
154,UFjoVzO6SLY5Akum3WFowdg2bWB3,61,1,0
155,RDOE3hekuqU4NWny6VLRHFcJnSj2,61,1,0
156,3mZNd5I4YUUIVBJtsET6lC8d2oz1,62,1,1
157,3mZNd5I4YUUIVBJtsET6lC8d2oz1,63,12,1
158,QRdO9ciMjdNlQS8pIPhtOI8TBqG2,63,12,0
159,3mZNd5I4YUUIVBJtsET6lC8d2oz1,64,12,1
160,QRdO9ciMjdNlQS8pIPhtOI8TBqG2,64,12,0
161,3mZNd5I4YUUIVBJtsET6lC8d2oz1,58,2,0
162,UFjoVzO6SLY5Akum3WFowdg2bWB3,65,1,1
163,QRdO9ciMjdNlQS8pIPhtOI8TBqG2,65,1,0
164,3mZNd5I4YUUIVBJtsET6lC8d2oz1,65,1,0
165,UFjoVzO6SLY5Akum3WFowdg2bWB3,66,1,1
166,QRdO9ciMjdNlQS8pIPhtOI8TBqG2,66,1,0
167,3mZNd5I4YUUIVBJtsET6lC8d2oz1,66,1,0
168,UFjoVzO6SLY5Akum3WFowdg2bWB3,67,1,1
169,QRdO9ciMjdNlQS8pIPhtOI8TBqG2,67,1,0
170,3mZNd5I4YUUIVBJtsET6lC8d2oz1,67,1,0
171,UFjoVzO6SLY5Akum3WFowdg2bWB3,68,1,1
172,QRdO9ciMjdNlQS8pIPhtOI8TBqG2,68,1,0
173,3mZNd5I4YUUIVBJtsET6lC8d2oz1,68,1,0
174,UFjoVzO6SLY5Akum3WFowdg2bWB3,69,1,1
175,QRdO9ciMjdNlQS8pIPhtOI8TBqG2,69,1,0
176,3mZNd5I4YUUIVBJtsET6lC8d2oz1,69,1,0
177,UFjoVzO6SLY5Akum3WFowdg2bWB3,70,1,1
178,QRdO9ciMjdNlQS8pIPhtOI8TBqG2,70,1,0
179,3mZNd5I4YUUIVBJtsET6lC8d2oz1,70,1,0
180,UFjoVzO6SLY5Akum3WFowdg2bWB3,71,1,1
181,QRdO9ciMjdNlQS8pIPhtOI8TBqG2,71,1,0
182,3mZNd5I4YUUIVBJtsET6lC8d2oz1,71,1,0
183,UFjoVzO6SLY5Akum3WFowdg2bWB3,72,1,1
184,QRdO9ciMjdNlQS8pIPhtOI8TBqG2,72,1,0
185,3mZNd5I4YUUIVBJtsET6lC8d2oz1,72,1,0
186,UFjoVzO6SLY5Akum3WFowdg2bWB3,73,1,1
187,QRdO9ciMjdNlQS8pIPhtOI8TBqG2,73,1,0
188,3mZNd5I4YUUIVBJtsET6lC8d2oz1,73,1,0
189,UFjoVzO6SLY5Akum3WFowdg2bWB3,74,1,1
190,QRdO9ciMjdNlQS8pIPhtOI8TBqG2,74,1,0
191,3mZNd5I4YUUIVBJtsET6lC8d2oz1,74,1,0
192,UFjoVzO6SLY5Akum3WFowdg2bWB3,75,1,1
193,QRdO9ciMjdNlQS8pIPhtOI8TBqG2,75,1,0
194,3mZNd5I4YUUIVBJtsET6lC8d2oz1,75,1,0
195,UFjoVzO6SLY5Akum3WFowdg2bWB3,76,1,1
196,QRdO9ciMjdNlQS8pIPhtOI8TBqG2,76,1,0
197,3mZNd5I4YUUIVBJtsET6lC8d2oz1,76,1,0
198,UFjoVzO6SLY5Akum3WFowdg2bWB3,77,1,1
199,QRdO9ciMjdNlQS8pIPhtOI8TBqG2,77,1,0
200,3mZNd5I4YUUIVBJtsET6lC8d2oz1,77,1,0
201,QRdO9ciMjdNlQS8pIPhtOI8TBqG2,78,1,1
202,3mZNd5I4YUUIVBJtsET6lC8d2oz1,78,1,0
203,QRdO9ciMjdNlQS8pIPhtOI8TBqG2,79,2,1
204,3mZNd5I4YUUIVBJtsET6lC8d2oz1,79,2,0
205,QRdO9ciMjdNlQS8pIPhtOI8TBqG2,80,1,1
206,RDOE3hekuqU4NWny6VLRHFcJnSj2,80,1,0
207,UFjoVzO6SLY5Akum3WFowdg2bWB3,81,1,1
208,QRdO9ciMjdNlQS8pIPhtOI8TBqG2,81,1,0
209,3mZNd5I4YUUIVBJtsET6lC8d2oz1,81,1,0
210,UFjoVzO6SLY5Akum3WFowdg2bWB3,82,1,1
211,QRdO9ciMjdNlQS8pIPhtOI8TBqG2,82,1,0
212,3mZNd5I4YUUIVBJtsET6lC8d2oz1,82,1,0
213,UFjoVzO6SLY5Akum3WFowdg2bWB3,83,1,1
214,QRdO9ciMjdNlQS8pIPhtOI8TBqG2,83,1,0
215,3mZNd5I4YUUIVBJtsET6lC8d2oz1,83,1,0
216,UFjoVzO6SLY5Akum3WFowdg2bWB3,84,1,1
217,QRdO9ciMjdNlQS8pIPhtOI8TBqG2,84,1,0
218,3mZNd5I4YUUIVBJtsET6lC8d2oz1,84,1,0
219,UFjoVzO6SLY5Akum3WFowdg2bWB3,85,1,1
220,QRdO9ciMjdNlQS8pIPhtOI8TBqG2,85,1,0
221,3mZNd5I4YUUIVBJtsET6lC8d2oz1,85,1,0
222,UFjoVzO6SLY5Akum3WFowdg2bWB3,86,1,1
223,QRdO9ciMjdNlQS8pIPhtOI8TBqG2,86,1,0
224,3mZNd5I4YUUIVBJtsET6lC8d2oz1,86,1,0
225,UFjoVzO6SLY5Akum3WFowdg2bWB3,87,1,1
226,QRdO9ciMjdNlQS8pIPhtOI8TBqG2,87,1,0
227,3mZNd5I4YUUIVBJtsET6lC8d2oz1,87,1,0
228,UFjoVzO6SLY5Akum3WFowdg2bWB3,88,1,1
229,QRdO9ciMjdNlQS8pIPhtOI8TBqG2,88,1,0
230,3mZNd5I4YUUIVBJtsET6lC8d2oz1,88,1,0
231,UFjoVzO6SLY5Akum3WFowdg2bWB3,89,1,1
232,QRdO9ciMjdNlQS8pIPhtOI8TBqG2,89,1,0
233,3mZNd5I4YUUIVBJtsET6lC8d2oz1,89,1,0
234,UFjoVzO6SLY5Akum3WFowdg2bWB3,90,1,1
235,QRdO9ciMjdNlQS8pIPhtOI8TBqG2,90,1,0
236,3mZNd5I4YUUIVBJtsET6lC8d2oz1,90,1,0
237,UFjoVzO6SLY5Akum3WFowdg2bWB3,91,1,1
238,QRdO9ciMjdNlQS8pIPhtOI8TBqG2,91,1,0
239,3mZNd5I4YUUIVBJtsET6lC8d2oz1,91,1,0
240,UFjoVzO6SLY5Akum3WFowdg2bWB3,92,1,1
241,QRdO9ciMjdNlQS8pIPhtOI8TBqG2,92,1,0
242,3mZNd5I4YUUIVBJtsET6lC8d2oz1,92,1,0
243,QRdO9ciMjdNlQS8pIPhtOI8TBqG2,93,1,1
244,UFjoVzO6SLY5Akum3WFowdg2bWB3,93,1,0
245,UFjoVzO6SLY5Akum3WFowdg2bWB3,94,1,1
246,QRdO9ciMjdNlQS8pIPhtOI8TBqG2,94,1,0
247,3mZNd5I4YUUIVBJtsET6lC8d2oz1,94,1,0
248,UFjoVzO6SLY5Akum3WFowdg2bWB3,95,1,1
249,QRdO9ciMjdNlQS8pIPhtOI8TBqG2,95,1,0
250,3mZNd5I4YUUIVBJtsET6lC8d2oz1,95,1,0
251,UFjoVzO6SLY5Akum3WFowdg2bWB3,96,1,1
252,QRdO9ciMjdNlQS8pIPhtOI8TBqG2,96,1,0
253,3mZNd5I4YUUIVBJtsET6lC8d2oz1,96,1,0
254,UFjoVzO6SLY5Akum3WFowdg2bWB3,97,1,1
255,QRdO9ciMjdNlQS8pIPhtOI8TBqG2,97,1,0
256,3mZNd5I4YUUIVBJtsET6lC8d2oz1,97,1,0
257,UFjoVzO6SLY5Akum3WFowdg2bWB3,98,1,1
258,QRdO9ciMjdNlQS8pIPhtOI8TBqG2,98,1,0
259,3mZNd5I4YUUIVBJtsET6lC8d2oz1,98,1,0
260,J2y9h2MqKvd1JTGbZBy0PtRmTZp2,99,14,1
261,uS3UQrx5GyVsuijSsUon5fmortm2,99,14,0
262,J2y9h2MqKvd1JTGbZBy0PtRmTZp2,100,18,1
263,uS3UQrx5GyVsuijSsUon5fmortm2,100,18,0
264,QRdO9ciMjdNlQS8pIPhtOI8TBqG2,101,16,1
265,JPzRvnckGITzhUugAOc55caOrl23,101,16,0
266,UFjoVzO6SLY5Akum3WFowdg2bWB3,102,1,1
267,QRdO9ciMjdNlQS8pIPhtOI8TBqG2,102,1,0
268,3mZNd5I4YUUIVBJtsET6lC8d2oz1,102,1,0
269,UFjoVzO6SLY5Akum3WFowdg2bWB3,103,1,1
270,QRdO9ciMjdNlQS8pIPhtOI8TBqG2,103,1,0
271,3mZNd5I4YUUIVBJtsET6lC8d2oz1,103,1,0
272,UFjoVzO6SLY5Akum3WFowdg2bWB3,104,1,1
273,QRdO9ciMjdNlQS8pIPhtOI8TBqG2,104,1,0
274,3mZNd5I4YUUIVBJtsET6lC8d2oz1,104,1,0
275,UFjoVzO6SLY5Akum3WFowdg2bWB3,105,1,1
276,QRdO9ciMjdNlQS8pIPhtOI8TBqG2,105,1,0
277,3mZNd5I4YUUIVBJtsET6lC8d2oz1,105,1,0
278,UFjoVzO6SLY5Akum3WFowdg2bWB3,106,1,1
279,QRdO9ciMjdNlQS8pIPhtOI8TBqG2,106,1,0
280,3mZNd5I4YUUIVBJtsET6lC8d2oz1,106,1,0
281,UFjoVzO6SLY5Akum3WFowdg2bWB3,107,1,1
282,QRdO9ciMjdNlQS8pIPhtOI8TBqG2,107,1,0
283,3mZNd5I4YUUIVBJtsET6lC8d2oz1,107,1,0
284,UFjoVzO6SLY5Akum3WFowdg2bWB3,108,1,1
285,QRdO9ciMjdNlQS8pIPhtOI8TBqG2,108,1,0
286,3mZNd5I4YUUIVBJtsET6lC8d2oz1,108,1,0
287,UFjoVzO6SLY5Akum3WFowdg2bWB3,109,1,1
288,QRdO9ciMjdNlQS8pIPhtOI8TBqG2,109,1,0
289,3mZNd5I4YUUIVBJtsET6lC8d2oz1,109,1,0
290,UFjoVzO6SLY5Akum3WFowdg2bWB3,110,1,1
291,QRdO9ciMjdNlQS8pIPhtOI8TBqG2,110,1,0
292,3mZNd5I4YUUIVBJtsET6lC8d2oz1,110,1,0
293,UFjoVzO6SLY5Akum3WFowdg2bWB3,111,1,1
294,QRdO9ciMjdNlQS8pIPhtOI8TBqG2,111,1,0
295,3mZNd5I4YUUIVBJtsET6lC8d2oz1,111,1,0
296,UFjoVzO6SLY5Akum3WFowdg2bWB3,112,1,1
297,QRdO9ciMjdNlQS8pIPhtOI8TBqG2,112,1,0
298,3mZNd5I4YUUIVBJtsET6lC8d2oz1,112,1,0
299,UFjoVzO6SLY5Akum3WFowdg2bWB3,113,1,1
300,QRdO9ciMjdNlQS8pIPhtOI8TBqG2,113,1,0
301,3mZNd5I4YUUIVBJtsET6lC8d2oz1,113,1,0
302,UFjoVzO6SLY5Akum3WFowdg2bWB3,114,1,1
303,QRdO9ciMjdNlQS8pIPhtOI8TBqG2,114,1,0
304,3mZNd5I4YUUIVBJtsET6lC8d2oz1,114,1,0
305,UFjoVzO6SLY5Akum3WFowdg2bWB3,115,1,1
306,QRdO9ciMjdNlQS8pIPhtOI8TBqG2,115,1,0
307,3mZNd5I4YUUIVBJtsET6lC8d2oz1,115,1,0
308,UFjoVzO6SLY5Akum3WFowdg2bWB3,116,1,1
309,QRdO9ciMjdNlQS8pIPhtOI8TBqG2,116,1,0
310,3mZNd5I4YUUIVBJtsET6lC8d2oz1,116,1,0
311,UFjoVzO6SLY5Akum3WFowdg2bWB3,117,1,1
312,QRdO9ciMjdNlQS8pIPhtOI8TBqG2,117,1,0
313,3mZNd5I4YUUIVBJtsET6lC8d2oz1,117,1,0
314,UFjoVzO6SLY5Akum3WFowdg2bWB3,118,1,1
315,QRdO9ciMjdNlQS8pIPhtOI8TBqG2,118,1,0
316,3mZNd5I4YUUIVBJtsET6lC8d2oz1,118,1,0
317,QRdO9ciMjdNlQS8pIPhtOI8TBqG2,119,12,1
318,3mZNd5I4YUUIVBJtsET6lC8d2oz1,119,12,0
319,QRdO9ciMjdNlQS8pIPhtOI8TBqG2,120,1,1
320,UFjoVzO6SLY5Akum3WFowdg2bWB3,120,1,0
321,RDOE3hekuqU4NWny6VLRHFcJnSj2,120,1,0
322,UFjoVzO6SLY5Akum3WFowdg2bWB3,121,1,1
323,QRdO9ciMjdNlQS8pIPhtOI8TBqG2,121,1,0
324,3mZNd5I4YUUIVBJtsET6lC8d2oz1,121,1,0
325,UFjoVzO6SLY5Akum3WFowdg2bWB3,122,1,1
326,QRdO9ciMjdNlQS8pIPhtOI8TBqG2,122,1,0
327,3mZNd5I4YUUIVBJtsET6lC8d2oz1,122,1,0
328,UFjoVzO6SLY5Akum3WFowdg2bWB3,123,1,1
329,QRdO9ciMjdNlQS8pIPhtOI8TBqG2,123,1,0
330,3mZNd5I4YUUIVBJtsET6lC8d2oz1,123,1,0
331,UFjoVzO6SLY5Akum3WFowdg2bWB3,124,1,1
332,QRdO9ciMjdNlQS8pIPhtOI8TBqG2,124,1,0
333,3mZNd5I4YUUIVBJtsET6lC8d2oz1,124,1,0
334,3mZNd5I4YUUIVBJtsET6lC8d2oz1,125,12,1
335,QRdO9ciMjdNlQS8pIPhtOI8TBqG2,125,12,0
336,3mZNd5I4YUUIVBJtsET6lC8d2oz1,126,1,1
337,QRdO9ciMjdNlQS8pIPhtOI8TBqG2,126,1,0
338,3mZNd5I4YUUIVBJtsET6lC8d2oz1,127,2,1
339,QRdO9ciMjdNlQS8pIPhtOI8TBqG2,127,2,0
340,QRdO9ciMjdNlQS8pIPhtOI8TBqG2,128,1,1
341,UFjoVzO6SLY5Akum3WFowdg2bWB3,128,1,0
342,RDOE3hekuqU4NWny6VLRHFcJnSj2,128,1,0
343,QRdO9ciMjdNlQS8pIPhtOI8TBqG2,129,2,1
344,RDOE3hekuqU4NWny6VLRHFcJnSj2,129,2,0
345,UFjoVzO6SLY5Akum3WFowdg2bWB3,130,1,1
346,QRdO9ciMjdNlQS8pIPhtOI8TBqG2,130,1,0
347,3mZNd5I4YUUIVBJtsET6lC8d2oz1,130,1,0
348,UFjoVzO6SLY5Akum3WFowdg2bWB3,131,1,1
349,QRdO9ciMjdNlQS8pIPhtOI8TBqG2,131,1,0
350,3mZNd5I4YUUIVBJtsET6lC8d2oz1,131,1,0
351,UFjoVzO6SLY5Akum3WFowdg2bWB3,132,1,1
352,QRdO9ciMjdNlQS8pIPhtOI8TBqG2,132,1,0
353,3mZNd5I4YUUIVBJtsET6lC8d2oz1,132,1,0
354,UFjoVzO6SLY5Akum3WFowdg2bWB3,133,1,1
355,QRdO9ciMjdNlQS8pIPhtOI8TBqG2,133,1,0
356,3mZNd5I4YUUIVBJtsET6lC8d2oz1,133,1,0
357,3mZNd5I4YUUIVBJtsET6lC8d2oz1,134,1,1
358,UFjoVzO6SLY5Akum3WFowdg2bWB3,134,1,0
359,3mZNd5I4YUUIVBJtsET6lC8d2oz1,135,1,1
360,QRdO9ciMjdNlQS8pIPhtOI8TBqG2,135,1,0
361,QRdO9ciMjdNlQS8pIPhtOI8TBqG2,136,2,1
362,RDOE3hekuqU4NWny6VLRHFcJnSj2,136,2,0
363,QRdO9ciMjdNlQS8pIPhtOI8TBqG2,137,2,1
364,RDOE3hekuqU4NWny6VLRHFcJnSj2,137,2,0
365,QRdO9ciMjdNlQS8pIPhtOI8TBqG2,138,2,1
366,RDOE3hekuqU4NWny6VLRHFcJnSj2,138,2,0
367,QRdO9ciMjdNlQS8pIPhtOI8TBqG2,139,1,1
368,qyFa887PmIOW6Vcbj03BpICsmSt1,139,1,0
369,QRdO9ciMjdNlQS8pIPhtOI8TBqG2,140,3,1
370,QRdO9ciMjdNlQS8pIPhtOI8TBqG2,141,10,1
371,3mZNd5I4YUUIVBJtsET6lC8d2oz1,142,12,1
372,QRdO9ciMjdNlQS8pIPhtOI8TBqG2,142,12,0
373,UFjoVzO6SLY5Akum3WFowdg2bWB3,143,1,1
374,QRdO9ciMjdNlQS8pIPhtOI8TBqG2,143,1,0
375,3mZNd5I4YUUIVBJtsET6lC8d2oz1,143,1,0
376,UFjoVzO6SLY5Akum3WFowdg2bWB3,144,1,1
377,QRdO9ciMjdNlQS8pIPhtOI8TBqG2,144,1,0
378,3mZNd5I4YUUIVBJtsET6lC8d2oz1,144,1,0
379,UFjoVzO6SLY5Akum3WFowdg2bWB3,145,1,1
380,QRdO9ciMjdNlQS8pIPhtOI8TBqG2,145,1,0
381,3mZNd5I4YUUIVBJtsET6lC8d2oz1,145,1,0
382,UFjoVzO6SLY5Akum3WFowdg2bWB3,146,1,1
383,QRdO9ciMjdNlQS8pIPhtOI8TBqG2,146,1,0
384,3mZNd5I4YUUIVBJtsET6lC8d2oz1,146,1,0
385,UFjoVzO6SLY5Akum3WFowdg2bWB3,147,1,1
386,QRdO9ciMjdNlQS8pIPhtOI8TBqG2,147,1,0
387,3mZNd5I4YUUIVBJtsET6lC8d2oz1,147,1,0
388,UFjoVzO6SLY5Akum3WFowdg2bWB3,148,1,1
389,QRdO9ciMjdNlQS8pIPhtOI8TBqG2,148,1,0
390,3mZNd5I4YUUIVBJtsET6lC8d2oz1,148,1,0
391,UFjoVzO6SLY5Akum3WFowdg2bWB3,149,1,1
392,QRdO9ciMjdNlQS8pIPhtOI8TBqG2,149,1,0
393,3mZNd5I4YUUIVBJtsET6lC8d2oz1,149,1,0
394,UFjoVzO6SLY5Akum3WFowdg2bWB3,150,1,1
395,QRdO9ciMjdNlQS8pIPhtOI8TBqG2,150,1,0
396,3mZNd5I4YUUIVBJtsET6lC8d2oz1,150,1,0
397,UFjoVzO6SLY5Akum3WFowdg2bWB3,151,1,1
398,QRdO9ciMjdNlQS8pIPhtOI8TBqG2,151,1,0
399,3mZNd5I4YUUIVBJtsET6lC8d2oz1,151,1,0
400,3mZNd5I4YUUIVBJtsET6lC8d2oz1,152,1,1
401,QRdO9ciMjdNlQS8pIPhtOI8TBqG2,152,1,0
402,3mZNd5I4YUUIVBJtsET6lC8d2oz1,153,12,1
403,QRdO9ciMjdNlQS8pIPhtOI8TBqG2,153,12,0
404,3mZNd5I4YUUIVBJtsET6lC8d2oz1,154,12,1
405,QRdO9ciMjdNlQS8pIPhtOI8TBqG2,154,12,0
406,QRdO9ciMjdNlQS8pIPhtOI8TBqG2,155,1,1
407,3mZNd5I4YUUIVBJtsET6lC8d2oz1,155,1,0
408,3mZNd5I4YUUIVBJtsET6lC8d2oz1,156,12,1
409,QRdO9ciMjdNlQS8pIPhtOI8TBqG2,156,12,0
410,3mZNd5I4YUUIVBJtsET6lC8d2oz1,157,1,1
411,QRdO9ciMjdNlQS8pIPhtOI8TBqG2,157,1,0
412,QRdO9ciMjdNlQS8pIPhtOI8TBqG2,158,1,1
413,3mZNd5I4YUUIVBJtsET6lC8d2oz1,158,1,0
414,UFjoVzO6SLY5Akum3WFowdg2bWB3,158,1,0
415,QRdO9ciMjdNlQS8pIPhtOI8TBqG2,159,1,1
416,QRdO9ciMjdNlQS8pIPhtOI8TBqG2,160,1,1
417,QRdO9ciMjdNlQS8pIPhtOI8TBqG2,161,1,1
418,UFjoVzO6SLY5Akum3WFowdg2bWB3,161,1,0
419,QRdO9ciMjdNlQS8pIPhtOI8TBqG2,162,1,1
420,UFjoVzO6SLY5Akum3WFowdg2bWB3,162,1,0
421,3mZNd5I4YUUIVBJtsET6lC8d2oz1,163,1,1
422,QRdO9ciMjdNlQS8pIPhtOI8TBqG2,163,1,0
423,UFjoVzO6SLY5Akum3WFowdg2bWB3,164,1,1
424,QRdO9ciMjdNlQS8pIPhtOI8TBqG2,164,1,0
425,3mZNd5I4YUUIVBJtsET6lC8d2oz1,164,1,0
426,UFjoVzO6SLY5Akum3WFowdg2bWB3,165,1,1
427,QRdO9ciMjdNlQS8pIPhtOI8TBqG2,165,1,0
428,3mZNd5I4YUUIVBJtsET6lC8d2oz1,165,1,0
429,3mZNd5I4YUUIVBJtsET6lC8d2oz1,166,12,1
430,QRdO9ciMjdNlQS8pIPhtOI8TBqG2,166,12,0
431,3mZNd5I4YUUIVBJtsET6lC8d2oz1,167,1,1
432,3mZNd5I4YUUIVBJtsET6lC8d2oz1,168,12,1
433,UFjoVzO6SLY5Akum3WFowdg2bWB3,169,1,1
434,QRdO9ciMjdNlQS8pIPhtOI8TBqG2,169,1,0
435,3mZNd5I4YUUIVBJtsET6lC8d2oz1,169,1,0
436,UFjoVzO6SLY5Akum3WFowdg2bWB3,170,1,1
437,QRdO9ciMjdNlQS8pIPhtOI8TBqG2,170,1,0
438,3mZNd5I4YUUIVBJtsET6lC8d2oz1,170,1,0
439,UFjoVzO6SLY5Akum3WFowdg2bWB3,171,1,1
440,QRdO9ciMjdNlQS8pIPhtOI8TBqG2,171,1,0
441,3mZNd5I4YUUIVBJtsET6lC8d2oz1,171,1,0
442,QRdO9ciMjdNlQS8pIPhtOI8TBqG2,172,1,1
443,QRdO9ciMjdNlQS8pIPhtOI8TBqG2,173,1,1
444,UFjoVzO6SLY5Akum3WFowdg2bWB3,174,1,1
445,QRdO9ciMjdNlQS8pIPhtOI8TBqG2,174,1,0
446,3mZNd5I4YUUIVBJtsET6lC8d2oz1,174,1,0
447,UFjoVzO6SLY5Akum3WFowdg2bWB3,175,1,1
448,QRdO9ciMjdNlQS8pIPhtOI8TBqG2,175,1,0
449,3mZNd5I4YUUIVBJtsET6lC8d2oz1,175,1,0
450,3mZNd5I4YUUIVBJtsET6lC8d2oz1,176,1,1
451,QRdO9ciMjdNlQS8pIPhtOI8TBqG2,176,1,0
452,UFjoVzO6SLY5Akum3WFowdg2bWB3,176,1,0
453,3mZNd5I4YUUIVBJtsET6lC8d2oz1,177,12,1
454,QRdO9ciMjdNlQS8pIPhtOI8TBqG2,177,12,0
455,3mZNd5I4YUUIVBJtsET6lC8d2oz1,178,12,1
456,QRdO9ciMjdNlQS8pIPhtOI8TBqG2,178,12,0
457,3mZNd5I4YUUIVBJtsET6lC8d2oz1,179,12,1
458,QRdO9ciMjdNlQS8pIPhtOI8TBqG2,179,12,0
459,3mZNd5I4YUUIVBJtsET6lC8d2oz1,180,12,1
460,QRdO9ciMjdNlQS8pIPhtOI8TBqG2,180,12,0
461,3mZNd5I4YUUIVBJtsET6lC8d2oz1,181,12,1
462,QRdO9ciMjdNlQS8pIPhtOI8TBqG2,181,12,0
463,3mZNd5I4YUUIVBJtsET6lC8d2oz1,182,1,1
464,QRdO9ciMjdNlQS8pIPhtOI8TBqG2,182,1,0
465,UFjoVzO6SLY5Akum3WFowdg2bWB3,182,1,0
466,UFjoVzO6SLY5Akum3WFowdg2bWB3,183,1,1
467,QRdO9ciMjdNlQS8pIPhtOI8TBqG2,183,1,0
468,3mZNd5I4YUUIVBJtsET6lC8d2oz1,183,1,0
469,UFjoVzO6SLY5Akum3WFowdg2bWB3,184,1,1
470,QRdO9ciMjdNlQS8pIPhtOI8TBqG2,184,1,0
471,3mZNd5I4YUUIVBJtsET6lC8d2oz1,184,1,0
472,UFjoVzO6SLY5Akum3WFowdg2bWB3,185,1,1
473,QRdO9ciMjdNlQS8pIPhtOI8TBqG2,185,1,0
474,3mZNd5I4YUUIVBJtsET6lC8d2oz1,185,1,0
475,UFjoVzO6SLY5Akum3WFowdg2bWB3,186,1,1
476,QRdO9ciMjdNlQS8pIPhtOI8TBqG2,186,1,0
477,3mZNd5I4YUUIVBJtsET6lC8d2oz1,186,1,0
478,UFjoVzO6SLY5Akum3WFowdg2bWB3,187,1,1
479,QRdO9ciMjdNlQS8pIPhtOI8TBqG2,187,1,0
480,3mZNd5I4YUUIVBJtsET6lC8d2oz1,187,1,0
481,UFjoVzO6SLY5Akum3WFowdg2bWB3,188,1,1
482,QRdO9ciMjdNlQS8pIPhtOI8TBqG2,188,1,0
483,3mZNd5I4YUUIVBJtsET6lC8d2oz1,188,1,0
484,3mZNd5I4YUUIVBJtsET6lC8d2oz1,189,12,1
485,QRdO9ciMjdNlQS8pIPhtOI8TBqG2,189,12,0
486,UFjoVzO6SLY5Akum3WFowdg2bWB3,190,1,1
487,QRdO9ciMjdNlQS8pIPhtOI8TBqG2,190,1,0
488,3mZNd5I4YUUIVBJtsET6lC8d2oz1,190,1,0
489,UFjoVzO6SLY5Akum3WFowdg2bWB3,191,1,1
490,QRdO9ciMjdNlQS8pIPhtOI8TBqG2,191,1,0
491,3mZNd5I4YUUIVBJtsET6lC8d2oz1,191,1,0
492,UFjoVzO6SLY5Akum3WFowdg2bWB3,192,1,1
493,QRdO9ciMjdNlQS8pIPhtOI8TBqG2,192,1,0
494,3mZNd5I4YUUIVBJtsET6lC8d2oz1,192,1,0
495,UFjoVzO6SLY5Akum3WFowdg2bWB3,193,1,1
496,QRdO9ciMjdNlQS8pIPhtOI8TBqG2,193,1,0
497,3mZNd5I4YUUIVBJtsET6lC8d2oz1,193,1,0
498,UFjoVzO6SLY5Akum3WFowdg2bWB3,194,1,1
499,QRdO9ciMjdNlQS8pIPhtOI8TBqG2,194,1,0
500,3mZNd5I4YUUIVBJtsET6lC8d2oz1,194,1,0
501,QRdO9ciMjdNlQS8pIPhtOI8TBqG2,195,2,1
502,3mZNd5I4YUUIVBJtsET6lC8d2oz1,195,2,0
503,QRdO9ciMjdNlQS8pIPhtOI8TBqG2,196,1,1
504,UFjoVzO6SLY5Akum3WFowdg2bWB3,196,1,0
505,QRdO9ciMjdNlQS8pIPhtOI8TBqG2,197,2,1
506,3mZNd5I4YUUIVBJtsET6lC8d2oz1,197,2,0
507,jQAKyMGYy3dc6TLaDCFnEUhESfn1,197,2,0
508,QRdO9ciMjdNlQS8pIPhtOI8TBqG2,198,1,1
509,UFjoVzO6SLY5Akum3WFowdg2bWB3,198,1,0
510,UFjoVzO6SLY5Akum3WFowdg2bWB3,199,1,1
511,QRdO9ciMjdNlQS8pIPhtOI8TBqG2,199,1,0
512,3mZNd5I4YUUIVBJtsET6lC8d2oz1,199,1,0
513,UFjoVzO6SLY5Akum3WFowdg2bWB3,200,1,1
514,QRdO9ciMjdNlQS8pIPhtOI8TBqG2,200,1,0
515,3mZNd5I4YUUIVBJtsET6lC8d2oz1,200,1,0
516,UFjoVzO6SLY5Akum3WFowdg2bWB3,201,1,1
517,QRdO9ciMjdNlQS8pIPhtOI8TBqG2,201,1,0
518,3mZNd5I4YUUIVBJtsET6lC8d2oz1,201,1,0
519,UFjoVzO6SLY5Akum3WFowdg2bWB3,202,1,1
520,QRdO9ciMjdNlQS8pIPhtOI8TBqG2,202,1,0
521,3mZNd5I4YUUIVBJtsET6lC8d2oz1,202,1,0
522,3mZNd5I4YUUIVBJtsET6lC8d2oz1,203,1,1
523,QRdO9ciMjdNlQS8pIPhtOI8TBqG2,203,1,0
524,3mZNd5I4YUUIVBJtsET6lC8d2oz1,204,12,1
525,QRdO9ciMjdNlQS8pIPhtOI8TBqG2,204,12,0
526,3mZNd5I4YUUIVBJtsET6lC8d2oz1,205,12,1
527,QRdO9ciMjdNlQS8pIPhtOI8TBqG2,205,12,0
528,3mZNd5I4YUUIVBJtsET6lC8d2oz1,206,12,1
529,QRdO9ciMjdNlQS8pIPhtOI8TBqG2,206,12,0
530,QRdO9ciMjdNlQS8pIPhtOI8TBqG2,207,2,1
531,3mZNd5I4YUUIVBJtsET6lC8d2oz1,207,2,0
532,3mZNd5I4YUUIVBJtsET6lC8d2oz1,208,1,1
533,QRdO9ciMjdNlQS8pIPhtOI8TBqG2,208,1,0
534,UFjoVzO6SLY5Akum3WFowdg2bWB3,208,1,0
535,UFjoVzO6SLY5Akum3WFowdg2bWB3,209,1,1
536,QRdO9ciMjdNlQS8pIPhtOI8TBqG2,209,1,0
537,3mZNd5I4YUUIVBJtsET6lC8d2oz1,209,1,0
538,3mZNd5I4YUUIVBJtsET6lC8d2oz1,210,1,1
539,UFjoVzO6SLY5Akum3WFowdg2bWB3,210,1,0
540,QRdO9ciMjdNlQS8pIPhtOI8TBqG2,210,1,0
541,3mZNd5I4YUUIVBJtsET6lC8d2oz1,211,1,1
542,UFjoVzO6SLY5Akum3WFowdg2bWB3,211,1,0
543,QRdO9ciMjdNlQS8pIPhtOI8TBqG2,211,1,0
544,UFjoVzO6SLY5Akum3WFowdg2bWB3,212,1,1
545,QRdO9ciMjdNlQS8pIPhtOI8TBqG2,212,1,0
546,3mZNd5I4YUUIVBJtsET6lC8d2oz1,212,1,0
547,UFjoVzO6SLY5Akum3WFowdg2bWB3,213,1,1
548,QRdO9ciMjdNlQS8pIPhtOI8TBqG2,213,1,0
549,3mZNd5I4YUUIVBJtsET6lC8d2oz1,213,1,0
550,UFjoVzO6SLY5Akum3WFowdg2bWB3,214,1,1
551,QRdO9ciMjdNlQS8pIPhtOI8TBqG2,214,1,0
552,3mZNd5I4YUUIVBJtsET6lC8d2oz1,214,1,0
553,UFjoVzO6SLY5Akum3WFowdg2bWB3,215,1,1
554,QRdO9ciMjdNlQS8pIPhtOI8TBqG2,215,1,0
555,3mZNd5I4YUUIVBJtsET6lC8d2oz1,215,1,0
556,3mZNd5I4YUUIVBJtsET6lC8d2oz1,216,1,1
557,QRdO9ciMjdNlQS8pIPhtOI8TBqG2,216,1,0
558,UFjoVzO6SLY5Akum3WFowdg2bWB3,216,1,0
559,3mZNd5I4YUUIVBJtsET6lC8d2oz1,217,1,1
560,QRdO9ciMjdNlQS8pIPhtOI8TBqG2,217,1,0
561,UFjoVzO6SLY5Akum3WFowdg2bWB3,217,1,0
562,UFjoVzO6SLY5Akum3WFowdg2bWB3,218,1,1
563,QRdO9ciMjdNlQS8pIPhtOI8TBqG2,218,1,0
564,3mZNd5I4YUUIVBJtsET6lC8d2oz1,218,1,0
565,UFjoVzO6SLY5Akum3WFowdg2bWB3,219,1,1
566,QRdO9ciMjdNlQS8pIPhtOI8TBqG2,219,1,0
567,3mZNd5I4YUUIVBJtsET6lC8d2oz1,219,1,0
568,UFjoVzO6SLY5Akum3WFowdg2bWB3,220,1,1
569,QRdO9ciMjdNlQS8pIPhtOI8TBqG2,220,1,0
570,3mZNd5I4YUUIVBJtsET6lC8d2oz1,220,1,0
571,UFjoVzO6SLY5Akum3WFowdg2bWB3,221,1,1
572,QRdO9ciMjdNlQS8pIPhtOI8TBqG2,221,1,0
573,3mZNd5I4YUUIVBJtsET6lC8d2oz1,221,1,0
574,UFjoVzO6SLY5Akum3WFowdg2bWB3,222,1,1
575,QRdO9ciMjdNlQS8pIPhtOI8TBqG2,222,1,0
576,3mZNd5I4YUUIVBJtsET6lC8d2oz1,222,1,0
577,UFjoVzO6SLY5Akum3WFowdg2bWB3,223,1,1
578,QRdO9ciMjdNlQS8pIPhtOI8TBqG2,223,1,0
579,3mZNd5I4YUUIVBJtsET6lC8d2oz1,223,1,0
580,QRdO9ciMjdNlQS8pIPhtOI8TBqG2,224,2,1
581,QRdO9ciMjdNlQS8pIPhtOI8TBqG2,225,1,1
582,3mZNd5I4YUUIVBJtsET6lC8d2oz1,225,1,0
583,UFjoVzO6SLY5Akum3WFowdg2bWB3,225,1,0
584,RDOE3hekuqU4NWny6VLRHFcJnSj2,5,2,0
585,3mZNd5I4YUUIVBJtsET6lC8d2oz1,226,1,1
586,QRdO9ciMjdNlQS8pIPhtOI8TBqG2,226,1,0
587,UFjoVzO6SLY5Akum3WFowdg2bWB3,226,1,0
588,3mZNd5I4YUUIVBJtsET6lC8d2oz1,227,1,1
589,QRdO9ciMjdNlQS8pIPhtOI8TBqG2,227,1,0
590,UFjoVzO6SLY5Akum3WFowdg2bWB3,227,1,0
591,3mZNd5I4YUUIVBJtsET6lC8d2oz1,228,1,1
592,QRdO9ciMjdNlQS8pIPhtOI8TBqG2,228,1,0
593,UFjoVzO6SLY5Akum3WFowdg2bWB3,228,1,0
594,3mZNd5I4YUUIVBJtsET6lC8d2oz1,229,1,1
595,QRdO9ciMjdNlQS8pIPhtOI8TBqG2,229,1,0
596,UFjoVzO6SLY5Akum3WFowdg2bWB3,229,1,0
597,3mZNd5I4YUUIVBJtsET6lC8d2oz1,230,1,1
598,QRdO9ciMjdNlQS8pIPhtOI8TBqG2,230,1,0
599,UFjoVzO6SLY5Akum3WFowdg2bWB3,230,1,0
600,UFjoVzO6SLY5Akum3WFowdg2bWB3,231,1,1
601,QRdO9ciMjdNlQS8pIPhtOI8TBqG2,231,1,0
602,3mZNd5I4YUUIVBJtsET6lC8d2oz1,231,1,0
603,UFjoVzO6SLY5Akum3WFowdg2bWB3,232,1,1
604,QRdO9ciMjdNlQS8pIPhtOI8TBqG2,232,1,0
605,3mZNd5I4YUUIVBJtsET6lC8d2oz1,232,1,0
606,UFjoVzO6SLY5Akum3WFowdg2bWB3,233,2,1
607,QRdO9ciMjdNlQS8pIPhtOI8TBqG2,233,2,0
608,3mZNd5I4YUUIVBJtsET6lC8d2oz1,233,2,0
611,3mZNd5I4YUUIVBJtsET6lC8d2oz1,236,12,1
612,QRdO9ciMjdNlQS8pIPhtOI8TBqG2,236,12,0
613,QRdO9ciMjdNlQS8pIPhtOI8TBqG2,237,2,1
614,3mZNd5I4YUUIVBJtsET6lC8d2oz1,237,2,0
615,QRdO9ciMjdNlQS8pIPhtOI8TBqG2,238,2,1
616,3mZNd5I4YUUIVBJtsET6lC8d2oz1,238,2,0
617,QRdO9ciMjdNlQS8pIPhtOI8TBqG2,239,2,1
618,UFjoVzO6SLY5Akum3WFowdg2bWB3,239,2,0
619,3mZNd5I4YUUIVBJtsET6lC8d2oz1,239,2,0
620,QRdO9ciMjdNlQS8pIPhtOI8TBqG2,240,2,1
621,UFjoVzO6SLY5Akum3WFowdg2bWB3,240,2,0
622,3mZNd5I4YUUIVBJtsET6lC8d2oz1,240,2,0
623,QRdO9ciMjdNlQS8pIPhtOI8TBqG2,241,2,1
624,UFjoVzO6SLY5Akum3WFowdg2bWB3,241,2,0
625,UFjoVzO6SLY5Akum3WFowdg2bWB3,242,1,1
626,QRdO9ciMjdNlQS8pIPhtOI8TBqG2,242,1,0
627,3mZNd5I4YUUIVBJtsET6lC8d2oz1,242,1,0
628,QRdO9ciMjdNlQS8pIPhtOI8TBqG2,4,3,0
630,uS3UQrx5GyVsuijSsUon5fmortm2,243,22,0
631,eC8sbYB3D4SwFFz9EjP6rweSZ3k2,243,22,0
634,N7vKJbcVdQMeGXnT3RI0yPvtAY63,243,22,0
635,N7vKJbcVdQMeGXnT3RI0yPvtAY63,244,22,1
636,uS3UQrx5GyVsuijSsUon5fmortm2,244,22,0
637,QRdO9ciMjdNlQS8pIPhtOI8TBqG2,245,2,1
638,QRdO9ciMjdNlQS8pIPhtOI8TBqG2,246,2,1
639,UFjoVzO6SLY5Akum3WFowdg2bWB3,247,1,1
640,QRdO9ciMjdNlQS8pIPhtOI8TBqG2,247,1,0
641,3mZNd5I4YUUIVBJtsET6lC8d2oz1,247,1,0
642,UFjoVzO6SLY5Akum3WFowdg2bWB3,248,2,1
643,QRdO9ciMjdNlQS8pIPhtOI8TBqG2,248,2,0
644,3mZNd5I4YUUIVBJtsET6lC8d2oz1,248,2,0
645,UFjoVzO6SLY5Akum3WFowdg2bWB3,249,2,1
646,QRdO9ciMjdNlQS8pIPhtOI8TBqG2,249,2,0
647,3mZNd5I4YUUIVBJtsET6lC8d2oz1,249,2,0
648,UFjoVzO6SLY5Akum3WFowdg2bWB3,250,1,1
649,QRdO9ciMjdNlQS8pIPhtOI8TBqG2,250,1,0
650,3mZNd5I4YUUIVBJtsET6lC8d2oz1,250,1,0
651,QRdO9ciMjdNlQS8pIPhtOI8TBqG2,251,1,1
652,UFjoVzO6SLY5Akum3WFowdg2bWB3,251,1,0
653,UFjoVzO6SLY5Akum3WFowdg2bWB3,252,1,1
654,QRdO9ciMjdNlQS8pIPhtOI8TBqG2,252,1,0
655,3mZNd5I4YUUIVBJtsET6lC8d2oz1,252,1,0
656,UFjoVzO6SLY5Akum3WFowdg2bWB3,253,1,1
657,QRdO9ciMjdNlQS8pIPhtOI8TBqG2,253,1,0
658,3mZNd5I4YUUIVBJtsET6lC8d2oz1,253,1,0
659,UFjoVzO6SLY5Akum3WFowdg2bWB3,254,1,1
660,QRdO9ciMjdNlQS8pIPhtOI8TBqG2,254,1,0
661,3mZNd5I4YUUIVBJtsET6lC8d2oz1,254,1,0
662,UFjoVzO6SLY5Akum3WFowdg2bWB3,255,1,1
663,QRdO9ciMjdNlQS8pIPhtOI8TBqG2,255,1,0
664,3mZNd5I4YUUIVBJtsET6lC8d2oz1,255,1,0
665,UFjoVzO6SLY5Akum3WFowdg2bWB3,256,1,1
666,QRdO9ciMjdNlQS8pIPhtOI8TBqG2,256,1,0
667,3mZNd5I4YUUIVBJtsET6lC8d2oz1,256,1,0
668,UFjoVzO6SLY5Akum3WFowdg2bWB3,257,1,1
669,QRdO9ciMjdNlQS8pIPhtOI8TBqG2,257,1,0
670,3mZNd5I4YUUIVBJtsET6lC8d2oz1,257,1,0
671,UFjoVzO6SLY5Akum3WFowdg2bWB3,258,1,1
672,QRdO9ciMjdNlQS8pIPhtOI8TBqG2,258,1,0
673,3mZNd5I4YUUIVBJtsET6lC8d2oz1,258,1,0
674,UFjoVzO6SLY5Akum3WFowdg2bWB3,259,1,1
675,QRdO9ciMjdNlQS8pIPhtOI8TBqG2,259,1,0
676,3mZNd5I4YUUIVBJtsET6lC8d2oz1,259,1,0
677,UFjoVzO6SLY5Akum3WFowdg2bWB3,260,1,1
678,QRdO9ciMjdNlQS8pIPhtOI8TBqG2,260,1,0
679,3mZNd5I4YUUIVBJtsET6lC8d2oz1,260,1,0
680,UFjoVzO6SLY5Akum3WFowdg2bWB3,261,1,1
681,QRdO9ciMjdNlQS8pIPhtOI8TBqG2,261,1,0
682,3mZNd5I4YUUIVBJtsET6lC8d2oz1,261,1,0
683,UFjoVzO6SLY5Akum3WFowdg2bWB3,262,1,1
684,QRdO9ciMjdNlQS8pIPhtOI8TBqG2,262,1,0
685,3mZNd5I4YUUIVBJtsET6lC8d2oz1,262,1,0
686,UFjoVzO6SLY5Akum3WFowdg2bWB3,263,1,1
687,QRdO9ciMjdNlQS8pIPhtOI8TBqG2,263,1,0
688,3mZNd5I4YUUIVBJtsET6lC8d2oz1,263,1,0
689,QRdO9ciMjdNlQS8pIPhtOI8TBqG2,264,1,1
690,QRdO9ciMjdNlQS8pIPhtOI8TBqG2,265,1,1
691,3mZNd5I4YUUIVBJtsET6lC8d2oz1,265,1,0
692,QRdO9ciMjdNlQS8pIPhtOI8TBqG2,266,1,1
693,UFjoVzO6SLY5Akum3WFowdg2bWB3,266,1,0
694,QRdO9ciMjdNlQS8pIPhtOI8TBqG2,267,1,1
695,3mZNd5I4YUUIVBJtsET6lC8d2oz1,267,1,0
696,QRdO9ciMjdNlQS8pIPhtOI8TBqG2,268,1,1
697,3mZNd5I4YUUIVBJtsET6lC8d2oz1,268,1,0
698,UFjoVzO6SLY5Akum3WFowdg2bWB3,269,1,1
699,QRdO9ciMjdNlQS8pIPhtOI8TBqG2,269,1,0
700,3mZNd5I4YUUIVBJtsET6lC8d2oz1,269,1,0
701,UFjoVzO6SLY5Akum3WFowdg2bWB3,270,1,1
702,QRdO9ciMjdNlQS8pIPhtOI8TBqG2,270,1,0
703,3mZNd5I4YUUIVBJtsET6lC8d2oz1,270,1,0
704,UFjoVzO6SLY5Akum3WFowdg2bWB3,271,1,1
705,QRdO9ciMjdNlQS8pIPhtOI8TBqG2,271,1,0
706,3mZNd5I4YUUIVBJtsET6lC8d2oz1,271,1,0
707,UFjoVzO6SLY5Akum3WFowdg2bWB3,272,1,1
708,QRdO9ciMjdNlQS8pIPhtOI8TBqG2,272,1,0
709,3mZNd5I4YUUIVBJtsET6lC8d2oz1,272,1,0
710,UFjoVzO6SLY5Akum3WFowdg2bWB3,273,1,1
711,QRdO9ciMjdNlQS8pIPhtOI8TBqG2,273,1,0
712,3mZNd5I4YUUIVBJtsET6lC8d2oz1,273,1,0
713,UFjoVzO6SLY5Akum3WFowdg2bWB3,274,1,1
714,QRdO9ciMjdNlQS8pIPhtOI8TBqG2,274,1,0
715,3mZNd5I4YUUIVBJtsET6lC8d2oz1,274,1,0
716,UFjoVzO6SLY5Akum3WFowdg2bWB3,275,1,1
717,QRdO9ciMjdNlQS8pIPhtOI8TBqG2,275,1,0
718,3mZNd5I4YUUIVBJtsET6lC8d2oz1,275,1,0
719,QRdO9ciMjdNlQS8pIPhtOI8TBqG2,276,1,1
720,UFjoVzO6SLY5Akum3WFowdg2bWB3,277,1,1
721,QRdO9ciMjdNlQS8pIPhtOI8TBqG2,277,1,0
722,3mZNd5I4YUUIVBJtsET6lC8d2oz1,277,1,0
723,UFjoVzO6SLY5Akum3WFowdg2bWB3,278,1,1
724,QRdO9ciMjdNlQS8pIPhtOI8TBqG2,278,1,0
725,3mZNd5I4YUUIVBJtsET6lC8d2oz1,278,1,0
726,UFjoVzO6SLY5Akum3WFowdg2bWB3,279,1,1
727,QRdO9ciMjdNlQS8pIPhtOI8TBqG2,279,1,0
728,3mZNd5I4YUUIVBJtsET6lC8d2oz1,279,1,0
729,UFjoVzO6SLY5Akum3WFowdg2bWB3,280,1,1
730,QRdO9ciMjdNlQS8pIPhtOI8TBqG2,280,1,0
731,3mZNd5I4YUUIVBJtsET6lC8d2oz1,280,1,0
732,UFjoVzO6SLY5Akum3WFowdg2bWB3,281,1,1
733,QRdO9ciMjdNlQS8pIPhtOI8TBqG2,281,1,0
734,3mZNd5I4YUUIVBJtsET6lC8d2oz1,281,1,0
735,UFjoVzO6SLY5Akum3WFowdg2bWB3,282,1,1
736,QRdO9ciMjdNlQS8pIPhtOI8TBqG2,282,1,0
737,3mZNd5I4YUUIVBJtsET6lC8d2oz1,282,1,0
738,UFjoVzO6SLY5Akum3WFowdg2bWB3,283,1,1
739,QRdO9ciMjdNlQS8pIPhtOI8TBqG2,283,1,0
740,3mZNd5I4YUUIVBJtsET6lC8d2oz1,283,1,0
741,UFjoVzO6SLY5Akum3WFowdg2bWB3,284,1,1
742,QRdO9ciMjdNlQS8pIPhtOI8TBqG2,284,1,0
743,3mZNd5I4YUUIVBJtsET6lC8d2oz1,284,1,0
744,UFjoVzO6SLY5Akum3WFowdg2bWB3,285,1,1
745,QRdO9ciMjdNlQS8pIPhtOI8TBqG2,285,1,0
746,3mZNd5I4YUUIVBJtsET6lC8d2oz1,285,1,0
747,UFjoVzO6SLY5Akum3WFowdg2bWB3,286,1,1
748,QRdO9ciMjdNlQS8pIPhtOI8TBqG2,286,1,0
749,3mZNd5I4YUUIVBJtsET6lC8d2oz1,286,1,0
750,UFjoVzO6SLY5Akum3WFowdg2bWB3,287,1,1
751,QRdO9ciMjdNlQS8pIPhtOI8TBqG2,287,1,0
752,3mZNd5I4YUUIVBJtsET6lC8d2oz1,287,1,0
753,UFjoVzO6SLY5Akum3WFowdg2bWB3,288,1,1
754,QRdO9ciMjdNlQS8pIPhtOI8TBqG2,288,1,0
755,3mZNd5I4YUUIVBJtsET6lC8d2oz1,288,1,0
756,UFjoVzO6SLY5Akum3WFowdg2bWB3,289,1,1
757,QRdO9ciMjdNlQS8pIPhtOI8TBqG2,289,1,0
758,3mZNd5I4YUUIVBJtsET6lC8d2oz1,289,1,0
759,UFjoVzO6SLY5Akum3WFowdg2bWB3,290,1,1
760,QRdO9ciMjdNlQS8pIPhtOI8TBqG2,290,1,0
761,3mZNd5I4YUUIVBJtsET6lC8d2oz1,290,1,0
762,UFjoVzO6SLY5Akum3WFowdg2bWB3,291,1,1
763,QRdO9ciMjdNlQS8pIPhtOI8TBqG2,291,1,0
764,3mZNd5I4YUUIVBJtsET6lC8d2oz1,291,1,0
765,UFjoVzO6SLY5Akum3WFowdg2bWB3,292,1,1
766,QRdO9ciMjdNlQS8pIPhtOI8TBqG2,292,1,0
767,3mZNd5I4YUUIVBJtsET6lC8d2oz1,292,1,0
768,UFjoVzO6SLY5Akum3WFowdg2bWB3,293,1,1
769,QRdO9ciMjdNlQS8pIPhtOI8TBqG2,293,1,0
770,3mZNd5I4YUUIVBJtsET6lC8d2oz1,293,1,0
771,UFjoVzO6SLY5Akum3WFowdg2bWB3,294,1,1
772,QRdO9ciMjdNlQS8pIPhtOI8TBqG2,294,1,0
773,3mZNd5I4YUUIVBJtsET6lC8d2oz1,294,1,0
774,UFjoVzO6SLY5Akum3WFowdg2bWB3,295,1,1
775,QRdO9ciMjdNlQS8pIPhtOI8TBqG2,295,1,0
776,3mZNd5I4YUUIVBJtsET6lC8d2oz1,295,1,0
777,UFjoVzO6SLY5Akum3WFowdg2bWB3,296,1,1
778,QRdO9ciMjdNlQS8pIPhtOI8TBqG2,296,1,0
779,3mZNd5I4YUUIVBJtsET6lC8d2oz1,296,1,0
780,UFjoVzO6SLY5Akum3WFowdg2bWB3,297,1,1
781,QRdO9ciMjdNlQS8pIPhtOI8TBqG2,297,1,0
782,3mZNd5I4YUUIVBJtsET6lC8d2oz1,297,1,0
783,UFjoVzO6SLY5Akum3WFowdg2bWB3,298,1,1
784,QRdO9ciMjdNlQS8pIPhtOI8TBqG2,298,1,0
785,3mZNd5I4YUUIVBJtsET6lC8d2oz1,298,1,0
786,UFjoVzO6SLY5Akum3WFowdg2bWB3,299,1,1
787,QRdO9ciMjdNlQS8pIPhtOI8TBqG2,299,1,0
788,3mZNd5I4YUUIVBJtsET6lC8d2oz1,299,1,0
789,QRdO9ciMjdNlQS8pIPhtOI8TBqG2,300,1,1
790,UFjoVzO6SLY5Akum3WFowdg2bWB3,300,1,0
791,n0D6TUmAiGMb0GuwpFmNWJvkKv72,301,34,1
792,<blank>,301,34,0
793,wjEfzIno2QdPxLB2y7aAtzAKT9w2,302,33,1
794,4oYSvqn09bXGMkMm7md6nMfdVg73,302,33,0
795,QRdO9ciMjdNlQS8pIPhtOI8TBqG2,302,33,0
796,6dDxe1v4fRSAuh6AUItaS4sMo2x2,301,34,0
797,qg6MZoLR9geVyWXcPm3scXrp1Qe2,301,34,0
798,6dDxe1v4fRSAuh6AUItaS4sMo2x2,302,33,0
799,L0mB1f6WkJhpUihSGNBMuveUQy92,303,39,1
800,MvLtcrvd0lOUYkPR67q3Vri0h9x2,303,39,0
801,I8PsAjRWCIeM95Gwy0OozTcixbp1,303,39,0
802,YqfmSQ9PKjabQArmLMkANUamNh73,303,39,0
803,L0mB1f6WkJhpUihSGNBMuveUQy92,304,39,1
804,MvLtcrvd0lOUYkPR67q3Vri0h9x2,304,39,0
805,I8PsAjRWCIeM95Gwy0OozTcixbp1,304,39,0
806,YqfmSQ9PKjabQArmLMkANUamNh73,304,39,0
807,MvLtcrvd0lOUYkPR67q3Vri0h9x2,305,40,1
808,L0mB1f6WkJhpUihSGNBMuveUQy92,305,40,0
809,I8PsAjRWCIeM95Gwy0OozTcixbp1,305,40,0
810,G8iag47dE2eF8cGv3aOc1xAKwfp2,305,40,0
811,vPm98zkJtkXOV84a3SugEslbtkO2,306,45,1
812,8hCcNIMqBcboQ1La0oxoHpavmZB2,306,45,0
813,QRdO9ciMjdNlQS8pIPhtOI8TBqG2,307,1,1
814,qFRhreByg2PHq8p8nPtGemHrS5v2,307,1,0
815,UFjoVzO6SLY5Akum3WFowdg2bWB3,308,1,1
816,QRdO9ciMjdNlQS8pIPhtOI8TBqG2,308,1,0
817,3mZNd5I4YUUIVBJtsET6lC8d2oz1,308,1,0
818,UFjoVzO6SLY5Akum3WFowdg2bWB3,309,1,1
819,QRdO9ciMjdNlQS8pIPhtOI8TBqG2,309,1,0
820,3mZNd5I4YUUIVBJtsET6lC8d2oz1,309,1,0
821,UFjoVzO6SLY5Akum3WFowdg2bWB3,310,1,1
822,QRdO9ciMjdNlQS8pIPhtOI8TBqG2,310,1,0
823,3mZNd5I4YUUIVBJtsET6lC8d2oz1,310,1,0
824,UFjoVzO6SLY5Akum3WFowdg2bWB3,311,1,1
825,QRdO9ciMjdNlQS8pIPhtOI8TBqG2,311,1,0
826,3mZNd5I4YUUIVBJtsET6lC8d2oz1,311,1,0
827,UFjoVzO6SLY5Akum3WFowdg2bWB3,312,1,1
828,QRdO9ciMjdNlQS8pIPhtOI8TBqG2,312,1,0
829,3mZNd5I4YUUIVBJtsET6lC8d2oz1,312,1,0
830,UFjoVzO6SLY5Akum3WFowdg2bWB3,313,1,1
831,QRdO9ciMjdNlQS8pIPhtOI8TBqG2,313,1,0
832,3mZNd5I4YUUIVBJtsET6lC8d2oz1,313,1,0
833,QRdO9ciMjdNlQS8pIPhtOI8TBqG2,314,1,1
834,UFjoVzO6SLY5Akum3WFowdg2bWB3,314,1,0
835,J2y9h2MqKvd1JTGbZBy0PtRmTZp2,315,18,1
836,uS3UQrx5GyVsuijSsUon5fmortm2,315,18,0
837,UFjoVzO6SLY5Akum3WFowdg2bWB3,316,1,1
838,QRdO9ciMjdNlQS8pIPhtOI8TBqG2,316,1,0
839,3mZNd5I4YUUIVBJtsET6lC8d2oz1,316,1,0
840,UFjoVzO6SLY5Akum3WFowdg2bWB3,317,1,1
841,QRdO9ciMjdNlQS8pIPhtOI8TBqG2,317,1,0
842,3mZNd5I4YUUIVBJtsET6lC8d2oz1,317,1,0
843,UFjoVzO6SLY5Akum3WFowdg2bWB3,318,1,1
844,QRdO9ciMjdNlQS8pIPhtOI8TBqG2,318,1,0
845,3mZNd5I4YUUIVBJtsET6lC8d2oz1,318,1,0
846,UFjoVzO6SLY5Akum3WFowdg2bWB3,319,1,1
847,QRdO9ciMjdNlQS8pIPhtOI8TBqG2,319,1,0
848,3mZNd5I4YUUIVBJtsET6lC8d2oz1,319,1,0
849,UFjoVzO6SLY5Akum3WFowdg2bWB3,320,1,1
850,QRdO9ciMjdNlQS8pIPhtOI8TBqG2,320,1,0
851,3mZNd5I4YUUIVBJtsET6lC8d2oz1,320,1,0
852,QRdO9ciMjdNlQS8pIPhtOI8TBqG2,321,1,1
853,UFjoVzO6SLY5Akum3WFowdg2bWB3,321,1,0
854,QRdO9ciMjdNlQS8pIPhtOI8TBqG2,322,1,1
855,UFjoVzO6SLY5Akum3WFowdg2bWB3,322,1,0
856,N7vKJbcVdQMeGXnT3RI0yPvtAY63,323,57,1
857,eC8sbYB3D4SwFFz9EjP6rweSZ3k2,323,57,0
858,UFjoVzO6SLY5Akum3WFowdg2bWB3,324,1,1
859,QRdO9ciMjdNlQS8pIPhtOI8TBqG2,324,1,0
860,3mZNd5I4YUUIVBJtsET6lC8d2oz1,324,1,0
861,UFjoVzO6SLY5Akum3WFowdg2bWB3,325,1,1
862,QRdO9ciMjdNlQS8pIPhtOI8TBqG2,325,1,0
863,3mZNd5I4YUUIVBJtsET6lC8d2oz1,325,1,0
864,UFjoVzO6SLY5Akum3WFowdg2bWB3,326,1,1
865,QRdO9ciMjdNlQS8pIPhtOI8TBqG2,326,1,0
866,3mZNd5I4YUUIVBJtsET6lC8d2oz1,326,1,0
867,UFjoVzO6SLY5Akum3WFowdg2bWB3,327,1,1
868,QRdO9ciMjdNlQS8pIPhtOI8TBqG2,327,1,0
869,3mZNd5I4YUUIVBJtsET6lC8d2oz1,327,1,0
870,sfxzEX8FS5gYDspILU03OCbQyKu1,268,1,0
871,QRdO9ciMjdNlQS8pIPhtOI8TBqG2,328,1,1
872,UFjoVzO6SLY5Akum3WFowdg2bWB3,328,1,0
873,QRdO9ciMjdNlQS8pIPhtOI8TBqG2,329,1,1
874,UFjoVzO6SLY5Akum3WFowdg2bWB3,329,1,0
875,QRdO9ciMjdNlQS8pIPhtOI8TBqG2,330,1,1
876,UFjoVzO6SLY5Akum3WFowdg2bWB3,330,1,0
877,UFjoVzO6SLY5Akum3WFowdg2bWB3,331,1,1
878,QRdO9ciMjdNlQS8pIPhtOI8TBqG2,331,1,0
879,3mZNd5I4YUUIVBJtsET6lC8d2oz1,331,1,0
880,UFjoVzO6SLY5Akum3WFowdg2bWB3,332,1,1
881,QRdO9ciMjdNlQS8pIPhtOI8TBqG2,332,1,0
882,3mZNd5I4YUUIVBJtsET6lC8d2oz1,332,1,0
883,UFjoVzO6SLY5Akum3WFowdg2bWB3,333,1,1
884,QRdO9ciMjdNlQS8pIPhtOI8TBqG2,333,1,0
885,3mZNd5I4YUUIVBJtsET6lC8d2oz1,333,1,0
886,UFjoVzO6SLY5Akum3WFowdg2bWB3,334,1,1
887,QRdO9ciMjdNlQS8pIPhtOI8TBqG2,334,1,0
888,3mZNd5I4YUUIVBJtsET6lC8d2oz1,334,1,0
889,UFjoVzO6SLY5Akum3WFowdg2bWB3,335,1,1
890,QRdO9ciMjdNlQS8pIPhtOI8TBqG2,335,1,0
891,3mZNd5I4YUUIVBJtsET6lC8d2oz1,335,1,0
892,UFjoVzO6SLY5Akum3WFowdg2bWB3,336,1,1
893,QRdO9ciMjdNlQS8pIPhtOI8TBqG2,336,1,0
894,3mZNd5I4YUUIVBJtsET6lC8d2oz1,336,1,0
895,UFjoVzO6SLY5Akum3WFowdg2bWB3,337,1,1
896,QRdO9ciMjdNlQS8pIPhtOI8TBqG2,337,1,0
897,3mZNd5I4YUUIVBJtsET6lC8d2oz1,337,1,0
898,UFjoVzO6SLY5Akum3WFowdg2bWB3,338,1,1
899,QRdO9ciMjdNlQS8pIPhtOI8TBqG2,338,1,0
900,3mZNd5I4YUUIVBJtsET6lC8d2oz1,338,1,0
901,UFjoVzO6SLY5Akum3WFowdg2bWB3,339,1,1
902,QRdO9ciMjdNlQS8pIPhtOI8TBqG2,339,1,0
903,3mZNd5I4YUUIVBJtsET6lC8d2oz1,339,1,0
904,UFjoVzO6SLY5Akum3WFowdg2bWB3,340,1,1
905,QRdO9ciMjdNlQS8pIPhtOI8TBqG2,340,1,0
906,3mZNd5I4YUUIVBJtsET6lC8d2oz1,340,1,0
907,UFjoVzO6SLY5Akum3WFowdg2bWB3,341,1,1
908,QRdO9ciMjdNlQS8pIPhtOI8TBqG2,341,1,0
909,3mZNd5I4YUUIVBJtsET6lC8d2oz1,341,1,0
910,UFjoVzO6SLY5Akum3WFowdg2bWB3,342,1,1
911,QRdO9ciMjdNlQS8pIPhtOI8TBqG2,342,1,0
912,3mZNd5I4YUUIVBJtsET6lC8d2oz1,342,1,0
913,UFjoVzO6SLY5Akum3WFowdg2bWB3,343,1,1
914,QRdO9ciMjdNlQS8pIPhtOI8TBqG2,343,1,0
915,3mZNd5I4YUUIVBJtsET6lC8d2oz1,343,1,0
916,UFjoVzO6SLY5Akum3WFowdg2bWB3,344,1,1
917,QRdO9ciMjdNlQS8pIPhtOI8TBqG2,344,1,0
918,3mZNd5I4YUUIVBJtsET6lC8d2oz1,344,1,0
919,UFjoVzO6SLY5Akum3WFowdg2bWB3,345,1,1
920,QRdO9ciMjdNlQS8pIPhtOI8TBqG2,345,1,0
921,3mZNd5I4YUUIVBJtsET6lC8d2oz1,345,1,0
922,RDOE3hekuqU4NWny6VLRHFcJnSj2,328,1,0
923,QRdO9ciMjdNlQS8pIPhtOI8TBqG2,346,9,1
924,sfxzEX8FS5gYDspILU03OCbQyKu1,346,9,0
925,oq4DZ3zvSzX7qTQeiRMfdLYu2KG3,346,9,0
938,UFjoVzO6SLY5Akum3WFowdg2bWB3,353,1,1
939,QRdO9ciMjdNlQS8pIPhtOI8TBqG2,353,1,0
940,3mZNd5I4YUUIVBJtsET6lC8d2oz1,353,1,0
941,UFjoVzO6SLY5Akum3WFowdg2bWB3,354,1,1
942,QRdO9ciMjdNlQS8pIPhtOI8TBqG2,354,1,0
943,3mZNd5I4YUUIVBJtsET6lC8d2oz1,354,1,0
944,UFjoVzO6SLY5Akum3WFowdg2bWB3,355,1,1
945,QRdO9ciMjdNlQS8pIPhtOI8TBqG2,355,1,0
946,3mZNd5I4YUUIVBJtsET6lC8d2oz1,355,1,0
947,UFjoVzO6SLY5Akum3WFowdg2bWB3,356,1,1
948,QRdO9ciMjdNlQS8pIPhtOI8TBqG2,356,1,0
949,3mZNd5I4YUUIVBJtsET6lC8d2oz1,356,1,0
950,UFjoVzO6SLY5Akum3WFowdg2bWB3,357,1,1
951,QRdO9ciMjdNlQS8pIPhtOI8TBqG2,357,1,0
952,3mZNd5I4YUUIVBJtsET6lC8d2oz1,357,1,0
953,UFjoVzO6SLY5Akum3WFowdg2bWB3,358,1,1
954,QRdO9ciMjdNlQS8pIPhtOI8TBqG2,358,1,0
955,3mZNd5I4YUUIVBJtsET6lC8d2oz1,358,1,0
956,UFjoVzO6SLY5Akum3WFowdg2bWB3,359,1,1
957,QRdO9ciMjdNlQS8pIPhtOI8TBqG2,359,1,0
958,3mZNd5I4YUUIVBJtsET6lC8d2oz1,359,1,0
959,UFjoVzO6SLY5Akum3WFowdg2bWB3,360,1,1
960,QRdO9ciMjdNlQS8pIPhtOI8TBqG2,360,1,0
961,3mZNd5I4YUUIVBJtsET6lC8d2oz1,360,1,0
962,UFjoVzO6SLY5Akum3WFowdg2bWB3,361,1,1
963,QRdO9ciMjdNlQS8pIPhtOI8TBqG2,361,1,0
964,3mZNd5I4YUUIVBJtsET6lC8d2oz1,361,1,0
965,UFjoVzO6SLY5Akum3WFowdg2bWB3,362,1,1
966,QRdO9ciMjdNlQS8pIPhtOI8TBqG2,362,1,0
967,3mZNd5I4YUUIVBJtsET6lC8d2oz1,362,1,0
968,UFjoVzO6SLY5Akum3WFowdg2bWB3,363,1,1
969,QRdO9ciMjdNlQS8pIPhtOI8TBqG2,363,1,0
970,3mZNd5I4YUUIVBJtsET6lC8d2oz1,363,1,0
971,UFjoVzO6SLY5Akum3WFowdg2bWB3,364,1,1
972,QRdO9ciMjdNlQS8pIPhtOI8TBqG2,364,1,0
973,3mZNd5I4YUUIVBJtsET6lC8d2oz1,364,1,0
974,QRdO9ciMjdNlQS8pIPhtOI8TBqG2,365,1,1
975,RDOE3hekuqU4NWny6VLRHFcJnSj2,365,1,0
976,UFjoVzO6SLY5Akum3WFowdg2bWB3,366,1,1
977,QRdO9ciMjdNlQS8pIPhtOI8TBqG2,366,1,0
978,3mZNd5I4YUUIVBJtsET6lC8d2oz1,366,1,0
979,UFjoVzO6SLY5Akum3WFowdg2bWB3,367,1,1
980,QRdO9ciMjdNlQS8pIPhtOI8TBqG2,367,1,0
981,3mZNd5I4YUUIVBJtsET6lC8d2oz1,367,1,0
982,UFjoVzO6SLY5Akum3WFowdg2bWB3,368,1,1
983,QRdO9ciMjdNlQS8pIPhtOI8TBqG2,368,1,0
984,3mZNd5I4YUUIVBJtsET6lC8d2oz1,368,1,0
985,UFjoVzO6SLY5Akum3WFowdg2bWB3,369,1,1
986,QRdO9ciMjdNlQS8pIPhtOI8TBqG2,369,1,0
987,3mZNd5I4YUUIVBJtsET6lC8d2oz1,369,1,0
988,UFjoVzO6SLY5Akum3WFowdg2bWB3,370,1,1
989,QRdO9ciMjdNlQS8pIPhtOI8TBqG2,370,1,0
990,3mZNd5I4YUUIVBJtsET6lC8d2oz1,370,1,0
991,UFjoVzO6SLY5Akum3WFowdg2bWB3,371,1,1
992,QRdO9ciMjdNlQS8pIPhtOI8TBqG2,371,1,0
993,3mZNd5I4YUUIVBJtsET6lC8d2oz1,371,1,0
994,UFjoVzO6SLY5Akum3WFowdg2bWB3,372,1,1
995,QRdO9ciMjdNlQS8pIPhtOI8TBqG2,372,1,0
996,3mZNd5I4YUUIVBJtsET6lC8d2oz1,372,1,0
997,UFjoVzO6SLY5Akum3WFowdg2bWB3,373,1,1
998,QRdO9ciMjdNlQS8pIPhtOI8TBqG2,373,1,0
999,3mZNd5I4YUUIVBJtsET6lC8d2oz1,373,1,0
1000,UFjoVzO6SLY5Akum3WFowdg2bWB3,374,1,1
1001,QRdO9ciMjdNlQS8pIPhtOI8TBqG2,374,1,0
1002,3mZNd5I4YUUIVBJtsET6lC8d2oz1,374,1,0
1003,UFjoVzO6SLY5Akum3WFowdg2bWB3,375,1,1
1004,QRdO9ciMjdNlQS8pIPhtOI8TBqG2,375,1,0
1005,3mZNd5I4YUUIVBJtsET6lC8d2oz1,375,1,0
1006,UFjoVzO6SLY5Akum3WFowdg2bWB3,376,1,1
1007,QRdO9ciMjdNlQS8pIPhtOI8TBqG2,376,1,0
1008,3mZNd5I4YUUIVBJtsET6lC8d2oz1,376,1,0
1009,UFjoVzO6SLY5Akum3WFowdg2bWB3,377,1,1
1010,QRdO9ciMjdNlQS8pIPhtOI8TBqG2,377,1,0
1011,3mZNd5I4YUUIVBJtsET6lC8d2oz1,377,1,0
1012,UFjoVzO6SLY5Akum3WFowdg2bWB3,378,1,1
1013,QRdO9ciMjdNlQS8pIPhtOI8TBqG2,378,1,0
1014,3mZNd5I4YUUIVBJtsET6lC8d2oz1,378,1,0
1015,QRdO9ciMjdNlQS8pIPhtOI8TBqG2,379,1,1
1016,RDOE3hekuqU4NWny6VLRHFcJnSj2,379,1,0
1017,oq4DZ3zvSzX7qTQeiRMfdLYu2KG3,379,1,0
1018,QRdO9ciMjdNlQS8pIPhtOI8TBqG2,380,1,1
1019,RDOE3hekuqU4NWny6VLRHFcJnSj2,380,1,0
1020,sfxzEX8FS5gYDspILU03OCbQyKu1,380,1,0
1021,xJMPojX2gQgVOJ4tiOXXW79SUi42,381,92,1
1024,s0YN5VrdwtOqrUj0o4uVRSqBEAy1,383,93,1
1025,xJMPojX2gQgVOJ4tiOXXW79SUi42,383,93,0
1026,QRdO9ciMjdNlQS8pIPhtOI8TBqG2,384,94,1
1027,qyFa887PmIOW6Vcbj03BpICsmSt1,384,94,0
1028,wjEfzIno2QdPxLB2y7aAtzAKT9w2,384,94,0

