idTipo,idProyect,nombre,gestion
1,1,EQUIPO E IMPRESORAS,INTERNA
2,1,REDES E INTERNET,INTERNA Y EXTERNA
3,1,DISPOSITIVOS,INTERNA
4,2,SOLICITUDES DE EQUIPO,INTERNA Y EXTERNA
5,2,SEGUIMIENTO A NECESIDADES,INTERNA
6,2,SERVICIOS DE INTERNET,INTERNA Y EXTERNA
7,2,DESARROLLOS DE SISTEMAS Y APSS,INTERNA
8,3,DESARROLLO DE APLICACI\xd3N,INTERNA
9,3,ALTA DE USUARIOS,INTERNA
10,3,CAPACITACIONES,INTERNA Y EXTERNA
12,5,Nose,INTERNA
13,7,Nose,INTERNA
16,9,PLANEACI\xd3N DE SECCIONES,INTERNA
17,9,MOCKUPS Y PROTOTIPOS,INTERNA
18,9,DESARROLLO DE LAS VISTAS,INTERNA
19,9,DESARROLLO DEL BACKEND,INTERNA
20,9,DESARROLLO DEL FRONTEND,INTERNA
21,9,INTEGRACI\xd3N DE MEDIOS DE PAGO,INTERNA Y EXTERNA
22,9,LANZAMIENTO DE BETA,INTERNA
23,10,VINCULACI\xd3N MINIPAQ - ACTIVIDADES COMUDE,INTERNA
24,10,IMPLEMENTACI\xd3N DEL MECAN\xcdSMO EN ACTIVIDADES COMUDE,INTERNA
25,11,Creaci\xf3n,INTERNA
26,11,Modificaci\xf3n,INTERNA
27,12,Desarrollo Creaci\xf3n,INTERNA
28,12,Desarrollo Modificaci\xf3n,INTERNA
29,12,Desarrollo Bases de Datos,INTERNA
30,1,DESARROLLO Y/O MODIFICACIONES DE SISTEMAS,INTERNA Y EXTERNA
31,13,Sistemas,INTERNA Y EXTERNA
32,13,Historia,EXTERNA
33,14,Sistemas,INTERNA Y EXTERNA
34,14,Historia,EXTERNA
35,1,SOLICITUDES Y REQUISICIONES,INTERNA Y EXTERNA
36,16,BACKEND,INTERNA
37,16,FRONTEND,INTERNA
38,16,DATA,INTERNA
39,16,IMPLEMENTACI\xd3N,INTERNA
40,16,TEST,INTERNA
43,18,Administrativo,INTERNA Y EXTERNA
44,16,PLANEACI\xd3N Y DISE\xd1O,INTERNA
45,20,Tr\xe1mites administrativos ,INTERNA
46,20,Tr\xe1mites administrativos ,INTERNA
47,21,Tr\xe1mites administrativos ,INTERNA
48,21,Tr\xe1mites administrativos ,INTERNA
49,22,Presencial,INTERNA
50,25,Reuni\xf3n de planeaci\xf3n,INTERNA
51,25,Convocatoria ,INTERNA
52,29,Convocatoria,INTERNA
53,29,Gesti\xf3n de ponentes ,INTERNA Y EXTERNA
54,29,Gesti\xf3n de recurso econ\xf3mico ,INTERNA
55,29,Lanzar convocatoria a participantes ,INTERNA Y EXTERNA
56,31,Seguridad en ruta \nMaterial de almac\xe9n ,INTERNA Y EXTERNA
57,31,Seguridad en ruta \nSolicitud de veh\xedculos,INTERNA Y EXTERNA
58,31,Comisiones \n,INTERNA
59,34,Hidrataci\xf3n,INTERNA Y EXTERNA
62,36,"Recabar informaci\xf3n de los eventos,colonias,lugar, n\xfamero de participantes, n\xfamero de participantes ",INTERNA Y EXTERNA
63,33,T\xe9cnico ,INTERNA Y EXTERNA
64,39,Elaboraci\xf3n de memor\xe1ndum ,INTERNA
65,39,Recepci\xf3n de facturas del personal ,INTERNA
72,43,Indicadores de las instalaciones,INTERNA
73,40,Temperaturas,INTERNA
74,37,Tramite,INTERNA
75,49,Unidad 58,INTERNA
76,45,Mantenimiento y Limpieza ,INTERNA
77,49,Gimnasio R\xedo de Janeiro ,INTERNA
78,48,8 Comit\xe9s Deportivos conformado por 1 presidente y 9 Vocales ,INTERNA Y EXTERNA
79,54,Incidencias,INTERNA
80,57,Administrativa,INTERNA
81,57,Administrativa ,INTERNA
82,58,Seguimiento,INTERNA
83,58,Seguimiento,INTERNA
84,60,Tr\xe1mites T\xe9cnicos ,INTERNA
85,60,Tr\xe1mites Operativos ,INTERNA
86,60,Vinculaci\xf3n interinstitucional ,INTERNA Y EXTERNA
87,60,Actividades F\xedsico-Deportivas ,INTERNA
88,61,Petici\xf3n de contratos,INTERNA
90,61,Firma de contratos,INTERNA
91,62,INCIDENCIAS  2022,INTERNA
92,68,LPLSCC,INTERNA
98,70,Requisici\xf3n,INTERNA
99,70,Estudio de mercado,INTERNA
100,70,Cotizaciones,INTERNA
101,67,Usos de suelos ocasionales,INTERNA
103,73,Planeaci\xf3n ,INTERNA
106,75,Adquisiciones ,INTERNA
108,76,LPLSCC/028/2022,INTERNA Y EXTERNA
120,92,prueba,INTERNA
121,93,Gestion de productos,INTERNA Y EXTERNA
122,94,Informaci\xf3n Oficial,INTERNA Y EXTERNA
123,94,Publicaci\xf3n,INTERNA Y EXTERNA

