idTask,idStage,idProyect,idTipoTask,fechaFin,tituloTask,detalleTask,fechaInicio,successTask,ProgresoTask
7,4,3,8,2022-01-14 14:00:00,practica,a,2022-01-07 22:00:00,0,20
347,55,77,109,2022-03-19 06:00:00,monitor,checar firmas y existencia,2022-03-18 06:00:00,1,100
348,55,77,109,2022-03-19 06:00:00,monitor,"recabar frimas, checar existencia",2022-03-18 06:00:00,1,100
349,56,78,111,2022-03-18 06:00:00,Curso de Capacitacion,Explicar el funcionamiento del Sistema,2022-03-18 06:00:00,0,21
351,58,84,116,2022-03-19 06:00:00,revision,checar componentes,2022-03-19 06:00:00,0,0
352,59,84,116,2022-03-19 06:00:00,Pruebas de gestion,Peque\xf1op detalles del sistema,2022-03-19 06:00:00,1,100
382,70,91,119,2022-03-25 06:00:00,Curso ,Curso de capacitacion para las personas del plantes de comude,2022-03-25 06:00:00,0,0

