idTask,idStage,idProyect,idTipoTask,fechaFin,tituloTask,detalleTask,fechaInicio,successTask,ProgresoTask
1,1,1,2,2022-01-15 06:00:00,CAMBIAR LAS ANTENAS DE WIFI DE LA UNIDAD 12,GESTIONAR LA ADQUISICI\xd3N Y REEMPLAZAR LAS ANTENAS DEL SERVICIO DE INTERNET DEL WIFI DE LA UNIDAD 12 DE REDES 2G A REDES 5G,2022-01-06 06:00:00,0,19
2,4,3,8,2022-01-10 06:00:00,CREACI\xd3N DE USUARIOS Y TEST,ALTA DE USUARIOS TESTER Y CREACI\xd3N DE ACTIVIDADES Y PROYECTOS DEMO,2022-01-07 06:00:00,1,100
3,6,3,8,2022-03-15 13:00:00,Manual,Manipulaci\xf3n y estudio del sitio Comude con la finalidad de conseguir retroalimentaci\xf3n ,2022-03-02 14:00:00,1,100
4,5,3,10,2022-01-31 22:00:00,Prueba de 1,x,2022-01-24 22:00:00,1,100
5,2,2,4,2022-01-22 06:00:00,RECEPCI\xd3N DE SOLICITUDES DE EQUIPO PARA EXPO 21KGDL Y 21KGDL,"SOLICITUDES Y NECESIDADES DE EQUIPO DE C\xd3MPUTO, IMPRESORAS MULTIFUNCIONALES, SERVICIOS DE INTERNET Y M\xc1S PARA EL EVENTO EXPO 21KGDL Y 21KGDL",2022-01-07 06:00:00,1,100
6,8,5,12,2022-05-26 05:00:00,Sitio 1,Situar,2022-04-30 05:00:00,0,66
8,8,7,12,2023-05-26 00:00:00,Sitio 1,Situar,2023-04-30 00:00:00,0,40
9,9,7,13,2023-05-02 05:00:00,prueba 2,123,2023-04-30 05:00:00,1,100
11,11,9,16,2022-01-14 06:00:00,PLANEACI\xd3N Y DISE\xd1O DE SECCIONES PRIMERA VERSI\xd3N,PLANEACI\xd3N Y PROYECCI\xd3N DE LAS SECCIONES DE LA APLICACI\xd3N PARA LA PRIMERA VERSI\xd3N ABARCANDO LA INFRAESTRUCTURA TECNOL\xd3GICA POSIBLE HABILITADA EN NUESTROS SISTEMAS DE INFORMACI\xd3N,2022-01-07 06:00:00,1,100
12,16,11,25,2022-01-07 06:00:00,Creaci\xf3n del los usuarios de Sandra Y Fernando de la unidad 12,Creaci\xf3n del los usuarios de Minipaq de Sandra Y Fernando de la unidad 12,2022-01-07 06:00:00,1,100
13,18,12,29,2022-01-07 06:00:00,Modificaci\xf3n de la base de datos.,"Modificaci\xf3n de la base de datos, Escuelas, Sedes deportivas, Zonas Comude, Oficios(nuevas direcciones de jefaturas).",2022-01-06 06:00:00,1,100
14,5,3,8,2022-01-14 06:00:00,Configuraci\xf3n de los Modem ,Restablecimiento de valores,2022-01-07 22:00:00,1,100
15,1,1,1,2022-01-07 06:00:00,Instalaci\xf3n de impresora unidad 1,"Realizar la instalaci\xf3n de impresora en unidad Morelos, trasladarse al lugar en sitio",2022-01-07 06:00:00,1,100
16,1,1,2,2022-01-08 06:00:00,Cambio de redes de internet de todo Comude.,Cambio de contrase\xf1as y configuraci\xf3n seguras del Comude.,2022-01-07 06:00:00,1,100
17,1,1,1,2022-01-07 06:00:00,instalaci\xf3n de equipo en centro de informaci\xf3n,Instalaci\xf3n de equipo en centro de informaci\xf3n con configuraci\xf3n de red nueva y sistema para cobro(acceso al sistema),2022-01-07 06:00:00,1,100
18,1,1,2,2022-01-10 22:00:00,PREPARACI\xd3N Y DEPURACI\xd3N DEL SISTEMA MINIPAQ - MODULO ESCUELAS DEPORTIVAS E INGRESOS,DEPURACI\xd3N 2022 PARA PREPARAR EL SISTEMA DE RE INSCRIPCIONES Y COBRO PARA ,2022-01-07 22:00:00,1,100
19,1,1,2,2022-01-07 06:00:00,Red de Judith prensa,Cambio de coneciones nuevas al cable de red de Judith(Prensa),2022-01-07 06:00:00,1,100
20,1,1,3,2022-01-07 06:00:00,PC Eblin Galv\xe1n no inicia,Formateo de equipo de Eblin debido a que se da\xf1\xf3 la partici\xf3n de inicio del disco duro,2022-01-07 06:00:00,1,100
21,1,1,2,2022-01-07 06:00:00,Impresora de V\xeda recreactiva no manda imprimir,"Revici\xf3n y correci\xf3n de errores de la impresora Kyocera de V\xeda recreactiva, al parecer se cambi\xf3 la direcci\xf3n IP",2022-01-07 06:00:00,1,100
22,1,1,3,2022-01-07 06:00:00,Configuraci\xf3n en sitio de Google Drive para PC Gaby Flores,Se requiere sincronizar con Drive algunas carpetas del equipo de c\xf3mputo de Gabriela Flores debido a que ella se encuentra incapacitada y estar\xe1 laborando desde casa.,2022-01-07 06:00:00,1,100
23,1,1,2,2022-01-07 06:00:00,Instalaci\xf3n de contrase\xf1as de wifi en diferentes \xe1reas,Instalar la contrase\xf1a en los diferentes dispositivos autorizados a las nuevas redes de comude para su uso.,2022-01-07 06:00:00,1,100
24,1,1,1,2022-01-07 06:00:00,PC de gimnasio M\xe9xico 68 se reinicia ,"Revisar la computadora del M\xe9xico 68 debido a que est\xe1 ciclada en el inicio de Windows, favor de hacer un respaldo de la informaci\xf3n en caso de formate\xf3",2022-01-07 06:00:00,1,100
25,1,1,1,2022-01-07 06:00:00,Escaneo P\xf3lizas Ingresos Septiembre 2021,Se requiere el escaneo de las p\xf3lizas de septiembre 2021 del \xe1rea de administrativo,2022-01-07 06:00:00,1,100
26,1,1,1,2022-01-07 06:00:00,Impresora Ivette Cisneros,"Revisi\xf3n de impresora de Ivette, no puede imprimir",2022-01-07 06:00:00,1,100
27,1,1,2,2022-01-07 06:00:00,Cable de red nuevo desde Site a Direcci\xf3n General,"Instalaci\xf3n de cable de red nuevo desde Site hasta direcci\xf3n general debido al que se encuentra instalado tiene m\xe1s de 5 a\xf1os de antig\xfcedad, se requiere apoyo del \xe1rea de mantenimiento para realizar unos barrenos en la pared y poder pasar el cable hasta t",2022-01-07 06:00:00,1,100
28,1,1,2,2022-01-07 06:00:00,Inatalaci\xf3n de contrase\xf1as en los equipos de comude,Inatalaci\xf3n de contrase\xf1as en los equipos de comude,2022-01-07 06:00:00,1,100
29,19,13,31,2022-01-11 06:00:00,Computadoras de Log\xedstica,An\xe1lisis de Navegadores ,2022-01-10 06:00:00,1,100
30,18,12,28,2022-01-07 06:00:00,Modificaci\xf3n del formulario de Edici\xf3n de los usuarios de Comude.,Modificaci\xf3n del formulario de Edici\xf3n de los usuarios de Comude.,2022-01-07 06:00:00,1,100
31,1,1,1,2022-01-07 06:00:00,Instalaci\xf3n de impresora en Joly Ram\xedrez,"Suministro de cable de red de 25 metros de largo para la instalaci\xf3n de la impresora Lexmark en un nuevo lugar, as\xed como su configuraci\xf3n en los equipos de cobro",2022-01-07 06:00:00,1,100
32,1,1,30,2022-01-09 06:00:00,Modificaci\xf3n de las ubicaciones de todos los usuarios operativos de Comude,Modificaci\xf3n de las ubicaciones de todos los usuarios operativos de Comude,2022-01-07 06:00:00,1,100
33,1,1,2,2022-01-10 06:00:00,Revisi\xf3n de internet en centro de informaci\xf3n ,No hay internet en el centro de informaci\xf3n en ninguno de los dispositivos,2022-01-10 06:00:00,1,100
34,1,1,2,2022-01-10 14:00:00,Soporte a Cajas por reinscripciones de inicio de a\xf1o,Se requiere asesor\xeda para plataforma de minipaq en el tema de reinscripciones y pagos. ,2022-01-10 14:00:00,1,100
35,1,1,30,2022-01-14 06:00:00,Soporte en cajas para reincripciones,Se requiere asesor\xeda para los cobros y reinscripciones en centro de informaci\xf3n as\xed como en las diferentes zonas.,2022-01-10 06:00:00,1,100
36,1,1,2,2022-01-10 06:00:00,Revisi\xf3n de internet en el \xe1rea de dise\xf1o ,No hay wifi en el \xe1rea de dise\xf1o ,2022-01-10 06:00:00,1,100
37,1,1,1,2022-01-10 06:00:00,Instalaci\xf3n de impresoras en UD 6,Soporte t\xe9cnico de impresi\xf3n de tickets en UD 6 con Andrea Mart\xednez ,2022-01-10 06:00:00,1,100
38,1,1,2,2022-01-10 06:00:00,Instalaci\xf3n internet a Jazhiel Pi\xf1a,Poner la red de comude en equipo personal de Jazhiel Pi\xf1a,2022-01-10 06:00:00,1,100
39,1,1,1,2022-01-10 06:00:00,Respaldo de equipo anterior de Cinthya Merlos,Se requiere hacer el respaldo de la computadora HP blanca que estaba en la direcci\xf3n administrativa y ahora en compras,2022-01-10 06:00:00,1,100
40,1,1,30,2022-01-10 06:00:00,Asesor\xeda para inscripciones en Zona 2 ,Asesorar al personal como realizar las inscripciones de nuevo ingreso en la zona 2,2022-01-10 06:00:00,1,100
41,2,2,5,2022-01-21 06:00:00,ELABORACI\xd3N DE REQUISICIONES DEL 21K GUADALAJARA 2022,ELABORACI\xd3N Y SEGUIMIENTO DE REQUISICIONES DEL 21KGDL 2022 AS\xcd COMO DE LOS CUADROS COMPARATIVOS,2022-01-11 06:00:00,1,100
42,1,1,2,2022-01-12 06:00:00,Cableado y reemplazo de switch en Inventarios,"Se requiere poner cable de red nuevo, y se ha detectado que el switch no funciona correctamente ",2022-01-10 06:00:00,1,100
43,3,2,5,2022-01-14 06:00:00,GESTIONAR CON LOS PROVEEDORES DE 21K UNA PROPUESTA PARA MAPPING Y CONTENIDO DE ENTRETENIMIENTO,"SOLICITAR A TRAV\xc9S DEL CONTACTO DE PROVEEDORES UNA PROPUESTA PARA EL CONTENIDO DE MAPPING, ENTRETENIMIENTO Y VALLAS PUBLICITARIAS",2022-01-10 06:00:00,1,100
44,1,1,2,2022-01-11 06:00:00,Compra de 2 Switch para el \xe1rea de inventarios y log\xedstica en digitalife sucursal Tlaquepaque,Solicitar veh\xedculo disponible para ir a comprar dos switch de 8 puertos base 100/1000 en digitalife sucursal Tlaquepaque para ser instalados en las oficinas de veh\xedculos asi como en el \xe1rea de inventarios. ,2022-01-11 06:00:00,1,100
45,1,1,1,2022-01-11 06:00:00,Instalaci\xf3n de impresora de tickets M\xe9xico 68,Instalaci\xf3n v\xeda anydesk de impresora de tickets debido a que se robaron los equipos de computo ,2022-01-11 06:00:00,1,100
46,1,1,35,2022-01-31 06:00:00,GENERAR REQUISICION RENOVACIONES Y MATERIAL DEL \xc1REA DE TECNOLOG\xcdAS,"REALIZAR LAS REQUISICIONES CORRESPONDIENTES DEL A\xd1O 2022 EN CUANTO A RENOVACI\xd3N DE EQUIPO, MATERIALES, INSUMOS, ANTIVIRUS Y LICENCIAS DE SOFTWARE",2022-01-11 06:00:00,0,58
47,1,1,30,2022-01-11 06:00:00,Crear Usuario para cobros en UD12 generico,"Dar de alta un usuario para cobrar en UD 12 para cobros a diferentes personas, lo solicita Mayra Ruiz ",2022-01-11 06:00:00,1,100
48,1,1,30,2022-01-13 06:00:00,configuraci\xf3n de la zonas Deportivas de Comude,"Reacomodo de las zonas deportivas de Comude en la base de datos (Relaci\xf3n de nuevas zonas, configuraci\xf3n de todas las escuelas seg\xfan la ubicaci\xf3n, reacomodo de las mismas ubicaciones con los usuarios).",2022-01-12 06:00:00,1,100
49,1,1,1,2022-01-12 06:00:00,Escaneo a color de resultados de marat\xf3n,escanear los resultados del marat\xf3n y enviarlos por correo electr\xf3nico a Marcela Marchetti,2022-01-12 06:00:00,1,100
50,1,1,2,2022-01-12 06:00:00,Seguimiento y revisi\xf3n de falla en servicio de internet Telmex en Comude,valoraci\xf3n y soluci\xf3n de falla en servicios cableados de internet de telmex en las diferentes oficinas de comude,2022-01-11 06:00:00,1,100
51,1,1,1,2022-01-12 06:00:00,Ayuda con impresiones de capturas de pantalla a Gustavo Lopez,ayuda para imprimir 46 capturas de pantalla en impresora de prensa.,2022-01-12 06:00:00,1,100
52,1,1,1,2022-01-12 06:00:00,Investigaci\xf3n y asesor\xeda para adquisici\xf3n de laptop para Jazm\xedn Rodr\xedguez,Buscar un equipo con buenas caracter\xedsticas para ser usado en eventos y oficina por Jazm\xedn Rodr\xedguez,2022-01-12 06:00:00,1,100
53,1,1,1,2022-01-12 06:00:00,Asesor\xeda para compra de impresora del \xe1rea de adquisiciones para las licitaciones. ,Ayudar a Cinthia Mercado para las especificaciones t\xe9cnicas de una impresora de uso rudo para las licitaciones. ,2022-01-12 06:00:00,1,100
54,18,12,28,2022-01-21 06:00:00,IMPLEMENTAR DISE\xd1O 2022 DE CREDENCIALIZACI\xd3N AL M\xd3DULO DE MINIPAQ,IMPLEMENTAR EL NUEVO DISE\xd1O DE LA CREDENCIAL DEL COMUDE 2022 AL SISTEMA MINIPAQ Y CREAR ACCESOS PARA LA GESTI\xd3N DEL PERSONAL Y LA RE CREDENCIALIZACI\xd3N DEL MISMO,2022-01-12 06:00:00,1,100
55,1,1,35,2022-01-21 06:00:00,GESTI\xd3N PARA LA RENOVACI\xd3N DE LOS SERVICIOS DE NUBE,REALIZAR LA GESTI\xd3N PARA LLEVAR A CABO LA RENOVACI\xd3N DE LOS SERVICIOS DIGITALES DEL COMUDE GUADALAJARA,2022-01-12 06:00:00,1,100
56,1,1,30,2022-01-13 06:00:00,REALIZAR INTEGRACI\xd3N DEL CALENDARIO Y AGENDA DEL DIRECTOR GENERAL,REALIZAR UN CALENDARIO COMPARTIDO CON EL \xc1REA DE DIRECCI\xd3N GENERAL PARA LA AGENDA DE DIRECCI\xd3N EN LA SECCI\xd3N DE TRANSPARENCIA DE NUESTRO PORTAL OFICIAL,2022-01-12 06:00:00,1,100
57,11,9,16,2022-01-28 06:00:00,REALIZAR DISE\xd1O DE ACTIVITIES PARA LA APLICACI\xd3N COMUDE APP OFICIAL,REALIZAR EL DESARROLLO Y DISE\xd1O DE LA APLICACI\xd3N COMUDE APP OFICIAL CON LOS PROTOTIPOS DE MAIN ACTIVITIES SUGERIDOS POR EL \xc1REA DE TECNOLOG\xcdAS,2022-01-12 06:00:00,0,0
58,3,2,7,2022-01-21 06:00:00,PAGINA OFICIAL 21KGDL,PAGINA OFICIAL DEL 21K GUADALAJARA,2022-01-12 06:00:00,1,100
59,1,1,2,2022-01-12 06:00:00,Apoyo con internet en sala de juntas chica para Reuni\xf3n de zoom con el director general,Se necesita hacer la conexi\xf3n v\xeda zoom y de cableado de internet para una reunion de zoom con el director general en la sala de juntas chica,2022-01-12 06:00:00,1,100
60,1,1,1,2022-01-13 06:00:00,Equipo de Sandra (administrativo no enciende),Se reporto que el equipo de Sandra de administrativo no enciende,2022-01-13 06:00:00,1,100
61,1,1,2,2022-01-28 06:00:00,PONER EN RED EQUIPOS DE LA JEFATURA DE DISE\xd1O E IMAGEN A TRAV\xc9S DE ETHERNET,SOLICITAR LA ADQUISICI\xd3N DE UN SWITCH PARA PONER A TRAV\xc9S DE ETHERNET LOS EQUIPOS DE LA JEFATURA DE DISE\xd1O E IMAGEN DE LA INSTITUCI\xd3N,2022-01-13 06:00:00,0,25
62,1,1,2,2022-01-12 06:00:00,Chequeo del AP del \xe1rea de Compras,Fall\xf3 en la red de compras,2022-01-12 06:00:00,1,100
63,17,12,29,2022-01-13 06:00:00,Inserci\xf3n de los nuevos usuarios de todas zonas deportivas de Comude,"Creaci\xf3n de los nuevos usuarios de todas las zonas Comude, para una mejor admnistraci\xf3n de los mismos con base a las nuevas configuraciones de las escuelas.",2022-01-12 06:00:00,1,100
64,18,12,28,2022-01-06 06:00:00,Modificaci\xf3n (Nuevo dise\xf1o 2022) de la credencial de los Usuarios(Clientes) de Comude,Modificaci\xf3n (Nuevo dise\xf1o 2022) de la credencial de los Usuarios(Clientes) de Comude,2022-01-05 06:00:00,1,100
65,1,1,2,2022-01-13 06:00:00,Activar red wifi en computadora de Alma de via recreactiva,poner la contrase\xf1a de wifi en computadora de Alma en el \xe1rea del comedor,2022-01-13 06:00:00,1,100
66,1,1,1,2022-01-13 06:00:00,Revisi\xf3n de esc\xe1ner de cama con Bianca Mondrag\xf3n ,"El esc\xe1ner no inicia en la computadora, revisar la falla",2022-01-13 06:00:00,1,100
67,1,1,1,2022-01-13 06:00:00,Impresora sin conexi\xf3n en Patrocinios con Angelica Alcal\xe1 ,la impresora aparece sin conexi\xf3n ,2022-01-13 06:00:00,1,100
68,1,1,2,2022-01-13 06:00:00,Revisi\xf3n de internet en jefatura de juridico ,No se abre Google Chrome,2022-01-13 06:00:00,1,100
69,1,1,1,2022-01-13 06:00:00,Instalaci\xf3n de programa quemador de DVD y asesor\xeda con Judith de prensa,Se requiere instalar un quemador de dvd as\xed como prestar la unidad \xf3ptica portable para que quemen informaci\xf3n adicional,2022-01-13 06:00:00,1,100
70,1,1,1,2022-01-14 06:00:00,Escanear P\xf3lizas de Diario Septiembre 2021 y Egresos Septiembre 2021,Escaneo de la informaci\xf3n antes detallada,2022-01-13 06:00:00,1,100
71,1,1,2,2022-01-14 06:00:00,Bloqueo de paginas web youtube y whatsapp en UD 37,se necesita bloquear las paginas youtube y web.whatsapp del equipo principal de la UD37 ,2022-01-14 06:00:00,1,100
72,1,1,30,2022-01-14 06:00:00,Actualizaci\xf3n del portal de transparencia en base a los correos emitidos por la unidad de transparencia.,Actualizar la nueva informaci\xf3n del portal de transparencia,2022-01-14 06:00:00,1,100
73,1,1,2,2022-01-14 06:00:00,Cableado de red en oficina de Mar\xeda Jos\xe9 Medina,Cablear en la oficina de Majo para que puedan mandar a imprimir sin problema,2022-01-14 06:00:00,1,100
74,1,1,1,2022-01-10 14:00:00,Equipo de Cinthya Mercado no inicia sesi\xf3n en Windows,Se necesita hacer un respaldo de la informaci\xf3n y posiblemente formatear o cambiar contrase\xf1a a trav\xe9s de comandos cmd,2022-01-14 14:00:00,1,100
75,1,1,1,2022-01-14 06:00:00,Computadora de Pablo Carillo no funciona wifi,"revisi\xf3n de laptop de de Pablo Carrillo no funcional el wifi, posible driver faltante",2022-01-14 06:00:00,1,100
76,1,1,3,2022-01-14 06:00:00,Asesor\xeda t\xe9cnica para compra de laptops en zonas deportivas,Asesorar a Vero Moreno para ver cual computadora cumple con los requisitos para adquirirlas en los diferentes puntos de venta,2022-01-14 06:00:00,1,100
77,1,1,30,2022-01-14 06:00:00,Cambio de nombre en usuario de zona Huentit\xe1n ,cambio de nombre de usuario,2022-01-14 06:00:00,1,100
78,1,1,30,2022-01-21 06:00:00,REVISAR PAGINACI\xd3N DEL SISTEMA MINIPAQ PARA LOS REPORTES GENERALES,REALIZAR EL SEGUIMIENTO DE LA REVISI\xd3N Y PAGINACI\xd3N DE LOS REPORTES GENERALES DE MINIPAQ,2022-01-14 06:00:00,1,100
79,3,2,7,2022-01-17 06:00:00,REALIZAR FORMULARIO DE SEGUIMIENTO DE PROMOCIONES DE INSCRITOS DEL 21K GDL 2022,"DEBIDO A LA PROMOCI\xd3N DEL IMPUESTO PREDIAL SE REQUIERE REALIZAR UNA SECCI\xd3N PARA VALIDAR QUE SOLO PUEDA SER CANJEABLE UN RECIBO DE PREDIAL POR UNA INSCRIPCI\xd3N DE 21K, ADICIONAR M\xd3DULO PARA CENTRO DE INFORMACI\xd3N DE LA UNIDAD 12",2022-01-14 06:00:00,1,100
80,1,1,3,2022-01-21 06:00:00,GENERAR PETICI\xd3N PARA REALIZAR UNA RECONFIGURACI\xd3N DEL CONMUTADOR,REALIZAR UNA REQUISICI\xd3N PARA REALIZAR LA RECONFIGURACI\xd3N DEL CONMUTADOR DE LAS OFICINAS CENTRALES DEL COMUDE,2022-01-17 06:00:00,1,100
81,1,1,1,2022-01-21 06:00:00,"Escaneo de p\xf3lizas de octubre Ingresos, egresos y diario ",Se requiere escanear las p\xf3lizas del \xe1rea de administrativo. ,2022-01-17 06:00:00,1,100
82,1,1,2,2022-01-17 06:00:00,Poner internet en laptop en \xe1rea de contralor\xeda ,dar acceso a internet a laptop en red ComudeFD,2022-01-17 06:00:00,1,100
83,1,1,2,2022-01-17 06:00:00,Cable de red trozado en Via Recreactiva,falla de internet en v\xeda recreactiva debido a que el cable de red que va del modem a las oficinas esta trozado,2022-01-17 06:00:00,1,100
84,1,1,2,2022-01-17 06:00:00,Falla en el cable de red de la computadora de Veronica Moreno,El cable de red tiene falso contacto,2022-01-17 06:00:00,1,100
85,1,1,2,2022-01-17 06:00:00,Veh\xedculos no detecta el cable de red,No se detecta el cable de red de internet.,2022-01-17 06:00:00,1,100
86,1,1,2,2022-01-17 06:00:00,Poner red wifi en la laptop de Lorena Estuvier,Configurar el wifi de deportes en la laptop de Lorena Estuvier ,2022-01-17 06:00:00,1,100
87,1,1,1,2022-01-17 06:00:00,Asesor\xeda con Itzuri para descargar un programa en su laptop que esta siendo bloqueado por la seguridad de Windows ,"No se puede descargar ni instalar un programa en la laptop, se requiere asesor\xeda para poder descargar e instalarlo de internet.",2022-01-17 06:00:00,1,100
88,1,1,30,2022-01-17 06:00:00,Cambio de contrase\xf1a y Zona en minipaq a usuario Mildred,ayuda con cambio de contrase\xf1a del usuario Mildred as\xed como la zona a la zona ol\xedmpica ,2022-01-17 06:00:00,1,100
89,1,1,30,2022-01-17 06:00:00,Actualizar portal de transparencia,Actualizar el portal de transparencia con los correos que envi\xf3 la unidad de transparencia ,2022-01-17 06:00:00,1,100
90,1,1,2,2022-01-17 06:00:00,Instalaci\xf3n de red wifi en zona de comedor a Angelica Alcal\xe1 ,Configurar la red mas cercana a la zona de comedor en laptop de Angelica Alcal\xe1 ,2022-01-17 06:00:00,1,100
91,1,1,2,2022-01-18 06:00:00,Revisi\xf3n de direcciones IP en \xe1rea de dise\xf1o para poder instalar las impresoras ,Configurara AP para que emita la ip 192.168.1.1,2022-01-17 06:00:00,1,100
92,1,1,1,2022-01-17 06:00:00,Agregar contrase\xf1a de inicio de sesi\xf3n en computadora de Aid\xe9 de veh\xedculos ,agregar una contrase\xf1a de usuario en la computadora de Aid\xe9 ,2022-01-17 06:00:00,1,100
93,1,1,35,2022-01-18 06:00:00,ELABORACI\xd3N DEL DIRECTORIO OFICIAL,"FAVOR DE DAR SEGUIMIENTO AL TEMA DEL DIRECTORIO EN EL CORREO DE TRANSPARENCIA, ADJUNT\xc9 3 LISTADOS DE CORRESO ELECTR\xd3NICOS PARA VALIDAR LA INFORMACI\xd3N CONTRA EL LISTADO ACTUAL Y ACTUALIZARLO",2022-01-18 06:00:00,1,100
94,1,1,1,2022-01-18 06:00:00,Error de impresi\xf3n en planeaci\xf3n epson m205,"no se puede mandar imprimir en el \xe1rea de planeaci\xf3n, revisi\xf3n de impresora y conexi\xf3n de red. ",2022-01-18 06:00:00,1,100
95,1,1,1,2022-01-18 06:00:00,Instalacion de impresora con Pablo Carrillo y Diego ,se requiere configurar la impresora de prensa en las computadoras del contralor y su auxiliar. ,2022-01-18 06:00:00,1,100
96,1,1,1,2022-01-18 06:00:00,"Error de impresi\xf3n de credenciales en caja, salen en blanco",revisi\xf3n de impresora por que salen en blanco las credenciales,2022-01-18 06:00:00,1,100
97,1,1,1,2022-01-18 06:00:00,Activaci\xf3n de Office 2019 con Maru de UD11,Se requiere activaci\xf3n de office por que ya no deja entrar a excel ,2022-01-18 06:00:00,1,100
98,1,1,1,2022-01-18 06:00:00,Mas escaneo de resultados de marat\xf3n a color para Marcela Marchetti,escanear los resultados adicionales,2022-01-18 06:00:00,1,100
99,21,14,33,2023-01-11 14:00:00,Capacitaciones,Llevar a cabo las capacitaciones pertinentes al personal de COMUDE respecto al portal de actividades,2023-01-09 06:00:00,0,47
100,28,18,43,2023-01-25 14:00:00,Junta,Junta personal,2023-01-22 06:00:00,0,0
101,23,16,44,2022-01-23 06:00:00,CONCEPTUALIZACI\xd3N DE LA APLICACI\xd3N,"DESARROLLO DE LA CONCEPTUALIZACI\xd3N DE LA APLICACI\xd3N, QU\xc9, PORQU\xc9, PARA QU\xc9, DOND\xc9, CUANDO, C\xd3MO",2022-01-19 06:00:00,0,0
102,1,1,1,2022-01-19 06:00:00,"Unidad 6, el cpu viejito no entra internet",revisi\xf3n de cpu hp no entra a minipaq,2022-01-19 06:00:00,1,100
103,1,1,2,2022-01-19 06:00:00,Configurar internet en la laptop de Cinthia Merlos,Favor de configurar el wifi de deporte en la laptop de Cinthia Merlos,2022-01-19 06:00:00,1,100
104,1,1,1,2022-01-19 06:00:00,Apoyo con Docking para sacar informaci\xf3n de una memoria CF/MD con Fito,Asesor\xeda y apoyo para sacar informaci\xf3n de una memoria CF/MD a una usb,2022-01-19 06:00:00,1,100
105,1,1,1,2022-01-27 06:00:00,Escaneo de P\xf3lizas del mes de noviembre 2021,Escanear las p\xf3lizas del mes de noviembre 2021,2022-01-20 06:00:00,1,100
106,1,1,1,2022-01-19 06:00:00,Instalaci\xf3n de impresoras en vinculaci\xf3n ciudadana ,apoyo con red cableada para instalar impresora de deportes en vinculaci\xf3n ciudadana ,2022-01-19 06:00:00,1,100
107,1,1,30,2022-01-19 06:00:00,Apoyo con los reportes de tickets en minipaq a Jenny,asosoria de como reimprimir tickets a jenny de zonas deportivas ,2022-01-19 06:00:00,1,100
108,1,1,30,2022-01-20 06:00:00,Actualizaci\xf3n del portal de transparencia ,Actualizar los datos en base a los correos recibidos por la unidad de transparencia,2022-01-20 06:00:00,1,100
109,1,1,2,2022-01-20 06:00:00,Configuraci\xf3n de wifi en computadora de Marcos Esquivel y asesor\xeda para la plataforma nacional de transparencia ,Configurar la red de deportes en computadora y apoyo a Sandra R\xedos para ingresar a la plataforma nacional de transparencia ,2022-01-20 06:00:00,1,100
110,1,1,1,2022-01-20 06:00:00,Instalaci\xf3n de impresora epson m205 en laptop de Silvia Magall\xf3n para evento del 23 de enero,Apoyo con instalaci\xf3n de impresora v\xeda usb,2022-01-20 06:00:00,1,100
111,1,1,30,2022-01-21 06:00:00,Actualizaci\xf3n del portal de transparencia ,Subir la informaci\xf3n recibida por la unidad de transparencia ,2022-01-21 06:00:00,1,100
112,1,1,1,2022-01-21 06:00:00,PC de Marisela de ingresos no enciende,Revisi\xf3n de equipo de computo en el \xe1rea de ingresos,2022-01-21 06:00:00,1,100
113,1,1,1,2022-01-21 06:00:00,Apoyo para quemar de cd a cd informaci\xf3n del \xe1rea de jur\xeddico,Se necesita quemar informaci\xf3n en un cd ,2022-01-21 06:00:00,1,100
114,1,1,30,2022-01-21 06:00:00,Apoyo con minipaq a Gloria Caballero de la UD 6,Asesor\xeda para realizar pagos en tpv en minipaq v\xeda anydesk y telef\xf3nica ,2022-01-21 06:00:00,1,100
115,1,1,1,2022-01-21 06:00:00,Instalaci\xf3n de t\xf3ner en impresora de credenciales en centro de informaci\xf3n ,Cambio de t\xf3ner ,2022-01-21 06:00:00,1,100
116,1,1,1,2022-01-21 06:00:00,Suministro e instalaci\xf3n de laptop en la oficina del Ingeniero Dagoberto ,pr\xe9stamo de equipo para el director administrativo para poder tener una Reuni\xf3n en zoom en su oficina ,2022-01-21 06:00:00,1,100
117,1,1,2,2022-01-21 06:00:00,Configuraci\xf3n de wifi en laptop de Gabriel Feregrino ,Configuraci\xf3n de wifi de administrativo en laptop de Gabriel Feregrino  ,2022-01-21 06:00:00,1,100
118,1,1,1,2022-01-21 06:00:00,Instalaci\xf3n de impresora en computadora de Marcos Esquivel ,Instalaci\xf3n de impresora de deportes en computadora de Marcos Esquivel ,2022-01-21 06:00:00,1,100
119,18,12,28,2022-01-24 06:00:00,Modificar sistema para que el usuario no cambie precios en tpv,En sistema punto de venta modificar permisos para que el usuario com\xfan no pueda realizar modificaciones a los precios de todos los conceptos,2022-01-21 06:00:00,1,100
120,1,1,35,2022-01-28 06:00:00,REALIZAR REVISI\xd3N DEL LEVANTAMIENTO ANTERIOR DE NECESIDADES DE ADQUISICI\xd3N DE EQUIPO INFORM\xc1TICO,REVISAR EL DOCUMENTO DONDE SE REALIZ\xd3 EL LEVANTAMIENTO DE NECESIDADES DE ADQUISICI\xd3N DE EQUIPO T\xc9CNOL\xd3GICO PARA ADQUIRIR O SOLIUCITAR 25 EQUIPOS.,2022-01-24 06:00:00,1,100
121,1,1,30,2022-01-24 06:00:00,Actualizaci\xf3n del portal de transparencia ,actualizar la informaci\xf3n recibida de la unidad de transparencia ,2022-01-24 06:00:00,1,100
122,1,1,1,2022-01-24 06:00:00,Acomodar impresoras en centro de informaci\xf3n ,el \xe1rea de ingresos retiro unos equipos de impresi\xf3n y hay que acomodar nuevamente las impresoras restantes en red ,2022-01-24 06:00:00,1,100
123,1,1,2,2022-01-24 06:00:00,No se puede conectar a internet Angelica Alcal\xe1 en laptop en viarecreactiva ,Asesor\xeda para conectar a internet laptop ,2022-01-24 06:00:00,1,100
124,1,1,1,2022-01-24 06:00:00,Asesor\xeda Gabriel Feregrino para descargar otro navegador que le permita ingresar Hotmail ,Asesor\xeda Gabriel Feregrino para descargar otro navegador en la laptop que le permita ingresar Hotmail ,2022-01-24 06:00:00,1,100
125,18,12,28,2022-01-25 06:00:00,Desarrollo de consultas para la opci\xf3n modificar en el TPV(Terminal punto de venta) de la plataforma MINIPAQ,"Desarrollo de consultas para la opci\xf3n modificar en el TPV(Terminal punto de venta) de la plataforma MINIPAQ, para que solo los ususrios permitidos y solo la cuenta de otros ingresos pueda ser modificada.",2022-01-24 06:00:00,1,100
126,1,1,2,2022-01-24 06:00:00,chequeo del internet en Direcci\xf3n general,chequeo del internet en centro de informaci\xf3n de direcci\xf3n general.(La tarjeta de red obsoleta),2022-01-24 06:00:00,1,100
127,3,2,7,2022-01-26 06:00:00,Otorgar permisos para el formulario de la promoci\xf3n por pago predial y dar asesor\xeda del mismo,Otorgar permisos para el formulario de la promoci\xf3n por pago predial(cortes\xedas por pago predial para el 21k) y asesor\xedas,2022-01-25 06:00:00,1,100
128,1,1,35,2022-01-28 06:00:00,SOLICITAR BALANCEADOR DE CARGA PARA REALIZAR LA UNI\xd3N DE LOS SERVICIOS DE INTERNET EN LA UNIDAD 12,REALIZAR LA PETICI\xd3N DE UN BALANCEADOR DE CARGA PARA UNIR LOS SERVICIOS DE INTERNET DE LA UNIDAD 12,2022-01-25 06:00:00,0,42
129,2,2,5,2022-01-22 06:00:00,DAR DE BAJA LAS SOLICITUDES O REQUISICIONES DE VALLAS LED Y REPONER POR REQUISICI\xd3N DE SERVICIOS FALTANTES PARA 21K,"SOLICITAR LA BAJA A TRAV\xc9S DE LOS MECANISMOS INTERNOS DE LA REQUISICI\xd3N DE LAS VALLAS LED Y REPONER POR LOS SERVICIOS ADICIONALES SOLICITADOS PARA EL 21K, LOS CUALES SON: PLANTA DE LUZ DE 175KVAS, CHISPEROS Y TANQUES DE C02 PARA EL ESPECTACULO DEL OPENNIN",2022-01-07 06:00:00,1,100
130,1,1,30,2022-01-25 06:00:00,Actualizaci\xf3n del portal de transparencia 25 ene,actualizar la informaci\xf3n recibida por la unidad de transparencia ,2022-01-25 06:00:00,1,100
131,1,1,1,2022-01-25 06:00:00,Buscar y enviar listado de p\xf3lizas de contabilidad del a\xf1o 2017 a Laura M\xe9ndez,Enviar por correo la informaci\xf3n requerida al \xe1rea de administrativo. ,2022-01-25 06:00:00,1,100
132,1,1,1,2022-01-25 06:00:00,poner cable de red para Lorena Estuvier y configuraci\xf3n de impresora ,Instalaci\xf3n de cable de red nuevo hacia su laptop y configurar la impresora de deportes en su laptop,2022-01-25 06:00:00,1,100
133,1,1,1,2022-01-25 06:00:00,Cambio de unidad de imagen en impresora de jur\xeddico ,"reemplazar la unidad de imagen, ellos ya la tienen en f\xedsico ",2022-01-25 06:00:00,1,100
134,1,1,1,2022-01-26 06:00:00,Revisi\xf3n de la impresora que se encuentra en Feria del deporte,"Revisi\xf3n de la impresora m205 que se encuentra en Feria del deporte, la impresora se encuentra con fallos en la conexi\xf3n de red.",2022-01-25 06:00:00,1,100
135,1,1,2,2022-01-25 06:00:00,Revisi\xf3n de la red de Direcci\xf3n general,"Se revis\xf3 la red de internet del \xe1rea de direcci\xf3n, se realizo el cambio de Compa\xf1ia TotalPlay a Telmex borrando el problema. Se res\xf3 la conexi\xf3n de la impresora con la laptop de Sonia.",2022-01-25 06:00:00,1,100
136,2,2,5,2022-01-22 06:00:00,REALIZAR REQUISICI\xd3N DE SCREEN WALL PARA RESULTADOS OFICIALES,REALIZAR LA REQUISICI\xd3N DEL SCREEN WALL (PANTALLAS PARA RESULTADOS OFICIALES) Y GENERAR LA PETICI\xd3N EN YAMMER PARA EL DISE\xd1O,2022-01-07 06:00:00,1,100
137,2,2,5,2022-01-22 06:00:00,SEGUIMIENTO A FORMATO DE COMISIONES 21KGDL 2022,REALIZAR EL SEGUIMIENTO AL FORMATO DE LAS COMISIONES DEL 21KGDL 2022,2022-01-07 06:00:00,1,100
138,3,2,5,2022-01-27 06:00:00,SOLICITAR AL \xc1REA DE VEH\xcdCULOS Y AL \xc1REA DE HOTEL RECURSO PARA EL 21KGDL,SOLICITAR AL \xc1REA DE VEH\xcdCULOS UNA CAMIONETA CERRADA PARA LA LOG\xcdSTICA DEL 21KGDL AS\xcd COMO UNA HABITACI\xd3N DE HOTEL PARA ESTE 21K,2022-01-26 06:00:00,1,100
139,1,1,30,2022-01-27 06:00:00,ACTUALIZAR EL DISE\xd1O DE LA CREDENCIAL DEBIDO A QUE EL ANTERIOR NO GUST\xd3,REALIZAR LA MODIFICACI\xd3N AL MODULO DE CREDENCIALIZACI\xd3N DEBIDO A QUE EL OTRO DISE\xd1O NO GUST\xd3,2022-01-26 06:00:00,1,100
140,5,3,8,2022-01-28 06:00:00,SISTEMA DE COMUNICACI\xd3N INTERNA A TRAV\xc9S DE CHAT EN LA APP DE SEGUIMIENTO COMUDE,"REALIZAR LA INTEGRACI\xd3N DE UN CHAT INTERNO CON LOS PARTICIPANTES EN EL SISTEMA DE SEGUIMIENTO, PARA COMUNICACI\xd3N DIGITAL",2022-01-26 06:00:00,1,100
141,14,10,23,2022-01-31 06:00:00,REALIZACI\xd3N DEL MODAL DEL FORMULARIO SI ES ELEGIDA LA NECESIDAD DE SOPORTE TECNOLOGICO,REALIZAR LA INTEGRACI\xd3N DE UN MODAL SI SE SELECCIONA EL PROYECTO DE SOPORTE TECNOL\xd3GICO PARA LEVANTAMIENTO DE NECESIDADES DE SOPORTE TECNOLOGICO BASADO EN ESTANDARES IT,2022-01-17 06:00:00,0,36
142,18,12,28,2022-01-26 06:00:00,Revisi\xf3n de la configuraci\xf3n de la impresi\xf3n de las etiquetas de bienes patrimoniales,"Revisi\xf3n de la configuraci\xf3n de la impresi\xf3n de las etiquetas de bienes patrimoniales, las mismas se encuentras des configuradas",2022-01-26 06:00:00,1,100
143,1,1,30,2022-01-26 06:00:00,Actualizaci\xf3n del portal de transparencia,Actualizaci\xf3n del portal de transparencia en base a los correos recibidos el 26 ene,2022-01-26 06:00:00,1,100
144,1,1,2,2022-01-26 06:00:00,Instalaci\xf3n de cable de red en direcci\xf3n general con Melisa,cablear desde el switch hasta la pc de meli,2022-01-26 06:00:00,1,100
145,1,1,1,2022-01-26 06:00:00,Reacomodo e instalaci\xf3n de ticketeras en centro de informaci\xf3n ,apoyo para reacomodo de impresoras en centro de informacion ,2022-01-26 06:00:00,1,100
146,1,1,2,2022-01-26 06:00:00,Apoyo con Chely de compras no tiene internet,Revisi\xf3n de internet en equipo de chely de compras ,2022-01-26 06:00:00,1,100
147,1,1,1,2022-01-26 06:00:00,Mario Guerrero error de impresi\xf3n ,Revisi\xf3n de equipos con Mario Guerrero debido a que no puede mandar a imprimir ,2022-01-26 06:00:00,1,100
148,1,1,1,2022-01-26 06:00:00,Ayuda para mandar imprimir desde equipo de Sonia en direcci\xf3n general ,revisi\xf3n por que no puede imprimir,2022-01-26 06:00:00,1,100
149,1,1,1,2022-01-26 06:00:00,Apoyo para compartir carpeta con Laura Mendez de administrativo,se requiere compartir una carpeta con la computadora de susy,2022-01-26 06:00:00,1,100
150,1,1,1,2022-01-26 06:00:00,Apoyo para compartir carpeta con Lourdes Loera de administrativo,se requiere compartir carpeta con otro cpu ,2022-01-26 06:00:00,1,100
151,1,1,1,2022-01-26 06:00:00,Asesor\xeda para borrar informaci\xf3n de los servicios de google debido a que esta saturado el correo de Patricia de administrativo ,Asesor\xeda para borrar informaci\xf3n de los servicios de google debido a que esta saturado el correo de Patricia de administrativo ,2022-01-26 06:00:00,1,100
152,1,1,30,2022-01-27 06:00:00,Cambio de contrase\xf1a de los usuarios de Zona centro,Cambio de contrase\xf1a de los usuarios de Zona centro,2022-01-27 06:00:00,1,100
153,18,12,28,2022-01-27 06:00:00,Agregar cuenta (otros ingresos) al c\xf3digo de solicitud en los archivos php para que los usuarios operativos puedan editar la misma,Agregar cuenta (otros ingresos) al c\xf3digo de solicitud en los archivos php,2022-01-27 06:00:00,1,100
154,18,12,28,2022-01-28 06:00:00,21KGDL2022: Tabla de Ritmos de Paso cada km,Agregar la esta informaci\xf3n a la pagina del 21k,2022-01-27 06:00:00,1,100
155,1,1,30,2022-01-28 06:00:00,GENERAR EL MECANISMO PARA REALIZAR RECONOCIMIENTOS DE PARTICIPACI\xd3N EN L\xcdNEA PARA LOS GRUPOS DE APOYO,REALIZAR A TRAV\xc9S DE WWW.MARATONGUADALAJARA.ORG UN MECAN\xcdSMO CON EL DISE\xd1O ENTREGADO POR PARTE DEL \xc1REA DE GR\xc1FICOS PARA QUE LOS GRUPOS DE APOYO PUEDAN GENERAR UN RECONOCIMIENTO EN LINEA.,2022-01-28 06:00:00,1,100
156,18,12,28,2022-01-28 06:00:00,Apoyo con el proceso de transparencia los d\xedas 27 y 28 de Enero del 2022,Apoyo con el proceso de transparencia los d\xedas 27 y 28 de Enero del 2022(Modificaci\xf3n de c\xf3digo y creaci\xf3n de nuevas l\xedneas),2022-01-27 06:00:00,1,100
157,1,1,1,2022-01-28 06:00:00,Chequeo de la conexi\xf3n de la impresora con la una de las PC de DRECCI\xd3N GENERAL,Chequeo de la conexi\xf3n de la impresora con la una de las PC de DRECCI\xd3N GENERAL,2022-01-28 06:00:00,1,100
158,1,1,30,2022-01-28 06:00:00,SEMANA DE TRANPARENCIA,AGREGAR TODA LA INFORMACI\xd3N DE TRANSPARENCIA PENDIENTE QUE ENV\xcdA LA UNIDAD DE TRANSPARENCIA PARA TENER AL CORRIENTE LA SECCI\xd3N EN EL PORTAL,2022-01-24 06:00:00,1,100
159,1,1,30,2022-01-31 06:00:00,ACTUALIZACI\xd3N DE SELLOS PARA TIMBRADO EN MINIPAQ,"REALIZAR LA INTEGRACI\xd3N DE LOS NUEVOS SELLOS DEBIDO A QUE LOS ANTERIORES CADUCARON, ESTO CON EL FIN DE QUE EL SISTEMA DE FACTURACI\xd3N EST\xc9 VIGENTE",2022-01-28 06:00:00,1,100
160,1,1,30,2022-01-28 06:00:00,ADQUIRIR EL PAQUETE DE 1000 TIMBRES PARA LA FACTURACI\xd3N ELECTR\xd3NICA DEL COMUDE Y APLICAR LOS TIMBRES AL SISTEMA MINIPAQ,SE DEBE SOLICITAR AL \xc1REA DE INGRESOS LA ADQUISICI\xd3N DE 1000 TIMBRES PARA EL SISTEMA DE FACTURACI\xd3N ELECTR\xd3NICA EN LINEA,2022-01-25 06:00:00,1,100
161,1,1,1,2022-01-31 06:00:00,Impresora en el centro de informaci\xf3n,Configura la impresora en el centro de informaci\xf3n y compartir una carpeta,2022-01-31 06:00:00,1,100
162,1,1,2,2022-02-18 06:00:00,GESTIONAR CAMBIO DE DOMICILIO DE LA ZONA DE HUENTITAN A MONTE EVERESTT,REALIZAR LA GESTI\xd3N CON EL ASESOR DE TELEFONIE E INTERNET PARA EL CAMBIO DE DOM DE LA LINEA DE LA ZONA 2,2022-01-31 06:00:00,1,100
163,1,1,30,2022-01-31 06:00:00,Asesor\xeda al sistema de nombramientos,Detalle con una funci\xf3n de nombramientos,2022-01-31 06:00:00,1,100
164,1,1,1,2022-02-04 06:00:00,Escaneo de p\xf3lizas de contabilidad diciembre 2021,Escanear las p\xf3lizas de contabilidad correspondientes al mes de diciembre 2021,2022-01-31 06:00:00,1,100
165,1,1,1,2022-01-31 06:00:00,Formateo de laptop de Ivette Cisneros ,"Apoyo para formatear laptop de Ivette e instalar los programas b\xe1sicos en su laptop, ella ya tiene el respaldo ",2022-01-31 06:00:00,1,100
166,18,12,28,2022-02-02 06:00:00,Modificaci\xf3n del tama\xf1o de letra de los tickets,Por petici\xf3n de algunos coordinadores de zonas se pide el apoyo para modificar el tama\xf1o de la letra de los tickets que se imprimen en los centros de informaci\xf3n.  Para que se vea un poco m\xe1s grande.,2022-02-01 06:00:00,1,100
167,1,1,30,2022-02-01 06:00:00,Analisis del problema zona centro; Le pide inicio de sesi\xf3n a la hora de ejecutar una funci\xf3n.,Analisis del problema zona centro; Le pide inicio de sesi\xf3n a la hora de ejecutar una funci\xf3n. Problema resuelto.,2022-02-01 06:00:00,1,100
168,18,12,29,2022-02-01 06:00:00,configuraci\xf3n de usuario que se registro mal.,Se configur\xf3 usuario para que los meses le aparezcan correctamente. Problemas con la red de la zona.,2022-02-01 06:00:00,1,100
169,1,1,2,2022-02-01 06:00:00,No hay internet en la computadora de Jos\xe9 de compras ,Ayuda para revisar el internet en la computadora de Jos\xe9 de compras ,2022-02-01 06:00:00,1,100
170,1,1,2,2022-02-01 06:00:00,Revisi\xf3n de WiFi en mantenimiento ,No da la se\xf1al de ComudeMantenimiento el router ,2022-02-01 06:00:00,1,100
171,1,1,2,2022-02-01 06:00:00,Configuraci\xf3n de WiFi en celular de Jefe de Jur\xeddico ,Configurar el wifi en el celular del jefe de jur\xeddico para reuniones en meet ,2022-02-01 06:00:00,1,100
172,1,1,35,2022-02-03 06:00:00,AGREGAR DIRECCI\xd3N DE CORREO ELECTR\xd3NICO PARA procesos@deportesguadalajara.gob.mx DE LA JEFATURA DE PLANEACI\xd3N,CREAR UNA DIRECCI\xd3N DE CORREO ELECTR\xd3NICO PARA LA JEFATURA DE PLANEACI\xd3N,2022-02-02 06:00:00,1,100
173,1,1,35,2022-02-02 06:00:00,GENERAR UNA DIRECCI\xd3N DE CORREO ELECTR\xd3NICO PARA LA JEFATURA DE ADMINISTRACI\xd3N INTERNA,REALIZAR LA GENERACI\xd3N DE UNA DIRECCI\xd3N DE CORREO ELECTR\xd3NICO INSTITUCIONAL PARA EUGENIA PEREGRINA ASIGNADA A LA DIRECCI\xd3N DE ADMINISTRACI\xd3N INTERNA,2022-02-01 06:00:00,1,100
174,1,1,2,2022-02-02 06:00:00,Mayra Ruiz no tiene internet,"Revisi\xf3n de cable de ethernet con Mayra de ingresos, menciona que no tiene internet",2022-02-02 06:00:00,1,100
175,1,1,30,2022-02-02 06:00:00,Actualizaci\xf3n del portal de transparencia correos del 1ro de febrero,Favor de actualizar el portal de transparencia en base a los correos recibidos el 1er de febrero por la unidad de transparencia ,2022-02-02 06:00:00,1,100
176,1,1,1,2022-02-03 06:00:00,Revisi\xf3n de la impresora de direcci\xf3n,2201121207975728,2022-02-03 06:00:00,1,100
177,18,12,29,2022-02-02 06:00:00,Configuracion de usuario para inscripci\xf3n en Zona Uno Comude,Configuracion de usuario para inscripci\xf3n en Zona Uno Comude,2022-02-02 06:00:00,1,100
178,18,12,28,2022-02-03 06:00:00,Modificaci\xf3n de consultas del sistema de pago en l\xednea y oxxo,Modificaci\xf3n de consultas de las cuentas_productos del sistema de pago en l\xednea y oxxo.,2022-02-02 06:00:00,1,100
179,18,12,28,2022-02-10 06:00:00,Modificaci\xf3n del concepto Complemento por COVID,Modificaci\xf3n para quitar el concepto Complemento por COVID del c\xf3digo en control de meses en TPV Minipaq,2022-02-10 06:00:00,1,100
180,18,12,29,2022-02-12 06:00:00,Modificaci\xf3n de datos en la escuela de baloncesto con ID: 3567,"Modificaci\xf3n de datos en la escuela de baloncesto con ID: 3567, Ya que no es correcta la informaci\xf3n de la mano de ingresos de modifico",2022-02-12 06:00:00,1,100
181,18,12,29,2022-02-12 06:00:00,Correcci\xf3n del usuario ID: 2893,Correcci\xf3n del usuario ID: 2893 que no se le agrego el n\xfamero de ticket a su control de usuario.,2022-02-12 06:00:00,1,100
182,1,1,3,2022-02-13 06:00:00,Chequeo del NotBrake de Hugo,Chequeo del NotBrake de Hugo,2022-02-11 06:00:00,1,100
183,1,1,1,2022-02-03 06:00:00,Ayuda para compartir carpeta con Bianca Mongragon ,Ayuda para compartir carpeta con Bianca Mondrag\xf3n del CPU al su laptop ,2022-02-03 06:00:00,1,100
184,1,1,2,2022-02-03 06:00:00,Configuraci\xf3n de wifi en laptop de Armando Gonz\xe1lez ,ayuda para poner internet en la laptop de Armando Gonz\xe1lez ,2022-02-03 06:00:00,1,100
185,1,1,2,2022-02-03 06:00:00,Suministro de cable de red para Salazar (log\xedstica para eventos),proporci\xf3narle un cable de red de 3mts a Salazar para los eventos de su \xe1rea ,2022-02-03 06:00:00,1,100
186,1,1,1,2022-02-04 06:00:00,Subir al servidor las p\xf3lizas de contabilidad del a\xf1o 2017 y 2021,pasar con el disco duro la informaci\xf3n de esos a\xf1os para que la tengan en linea ,2022-02-03 06:00:00,1,100
187,1,1,2,2022-02-03 06:00:00,Revisi\xf3n de internet en \xe1rea de prensa ,"No hay internet en el \xe1rea de prensa, favor de revisar las conexiones ",2022-02-03 06:00:00,1,100
188,1,1,2,2022-02-03 06:00:00,Revisar conexi\xf3n de internet en \xe1rea de caja (Se\xf1ora Mary),La se\xf1ora Mary no tiene internet ,2022-02-03 06:00:00,1,100
189,18,12,29,2022-02-03 06:00:00,Configuraci\xf3n de la credencial 12 de un usuario d la unidad 12,"Configuraci\xf3n de la credencial 12 de un usuario d la unidad 12, ya que contaba con la credencial 0, provocando conflicto en el sistema",2022-02-03 06:00:00,1,100
190,1,1,1,2022-02-04 06:00:00,"Centro de informaci\xf3n, la impresora de credenciales no funciona",revisi\xf3n en centro de informaci\xf3n de impresora de credenciales que no sale,2022-02-04 06:00:00,1,100
191,1,1,1,2022-02-04 06:00:00,Cinthia Merlos configuraci\xf3n de internet e impresa en laptop Lenovo,Configuraci\xf3n de impresora de prensa e internet ,2022-02-04 06:00:00,1,100
192,1,1,1,2022-02-04 06:00:00,Configuraci\xf3n de WiFi a Rodolfo (Fito) en su laptop ,Configuraci\xf3n de WiFi a Rodolfo (Fito) en su laptop ,2022-02-04 06:00:00,1,100
193,1,1,2,2022-02-11 06:00:00,Gestionar migraci\xf3n a fibra \xf3ptica de Telmex unidad deportiva 47,Generar el cambio de cable de cobre a fibra \xf3ptica del servicio de Telmex de la unidad 47,2022-02-04 06:00:00,1,100
194,1,1,1,2022-02-04 06:00:00,Impresora de etiquetas no agarra el papel con Ivette,asesorar a Ivette para poder imprimir en la impresora rentada unas etiquetas de tama\xf1o grande,2022-02-04 06:00:00,1,100
195,3,2,7,2022-02-09 06:00:00,Actualizar la convocatoria en la landing page oficial del 21K agregando el anexo 1,Realizar la modificaci\xf3n de la landing page del 21KGDL 2022 integrando la nueva convocatoria con anexo y tambi\xe9n integrando el anexo aparte,2022-02-08 06:00:00,1,100
196,1,1,35,2022-02-08 06:00:00,Actualizaci\xf3n de Directorio,Actualizaci\xf3n de Directorio para la secci\xf3n de transparencia,2022-02-08 06:00:00,1,100
197,3,2,7,2022-02-14 06:00:00,"GENERAR EL SISTEMA DE LECTURA DE C\xd3DIGOS QR EN 3 FASES, 3 CHECKS","1 CHECK PARA SERVICIOS M\xc9DICOS, SEGUNDO CHECK PARA ENTREGA DE N\xdaMERO Y EL 3ER CHECK AL FINALIZAR LA ENTREGA DE PLAYERA",2022-02-11 06:00:00,1,100
198,1,1,1,2022-02-12 06:00:00,Revisi\xf3n de equipo asignado a Ilienana Jocabo debido a que la licencia de Office se encuentra caduca,"Realizar la revisi\xf3n de la coordinadora de adquisiciones, debido a que reporta fallas con la licencia de office as\xed como su mouse, realizar dictamen a trav\xe9s de correo para cambio de mouse",2022-02-11 06:00:00,1,100
199,1,1,1,2022-02-08 06:00:00,Pablo Carrillo Configuraci\xf3n de inicio de Windows despu\xe9s de una actualizaci\xf3n ,poner correo gen\xe9rico de Hotmail de comude y configuraci\xf3n de inicio ,2022-02-08 06:00:00,1,100
200,1,1,1,2022-02-08 06:00:00,"Ayuda para compartir carpeta, al parecer se desconfiguro despu\xe9s de una actualizaci\xf3n de sistema ",apoyo en el \xe1rea de contralor\xeda para compartir una carpeta con el equipo del auxiliar y el jefe del \xe1rea ,2022-02-08 06:00:00,1,100
201,1,1,2,2022-02-18 06:00:00,Dar de baja el servicio de internet de Megacable de la unidad 6 ,realizar los tramites necesarios para dar de baja el servicio de Megacable de la unidad 6 debido a que ya se realizaron las  migraciones correspondientes a Telmex ,2022-02-09 06:00:00,1,100
202,1,1,2,2022-02-10 06:00:00,Dar de baja el servicio de internet de Totalplay de la unidad 6,Realizar todos tramites necesarios para la baja del servicio de totalplay de la unidad 6,2022-02-09 06:00:00,1,100
203,1,1,30,2022-02-08 06:00:00,configuracion de 6 usuarios meses escuelas.,configuracion de 6 usuarios meses escuelas.,2022-02-08 06:00:00,1,100
204,18,12,29,2022-02-09 06:00:00,Modificaci\xf3n usuario meses escuelas 4823 ,Modificaci\xf3n usuario meses escuelas 4823 ,2022-02-09 06:00:00,1,100
205,18,12,29,2022-02-10 06:00:00,Modificaci\xf3n de las categor\xedas del a\xf1o 2022 de voleibol y baloncesto,Modificaci\xf3n de las categor\xedas del a\xf1o 2022 de voleibol y baloncesto,2022-02-10 06:00:00,1,100
206,18,12,28,2022-02-10 06:00:00,Apoyo al \xe1rea de ingresos,Apoyo al \xe1rea de ingresos para la observaci\xf3n y modificaci\xf3n de un archivo erroneo en el proceso de oxxo,2022-02-10 06:00:00,1,100
207,3,2,7,2022-02-11 14:00:00,Realizar M\xf3dulo de Inscritos al 21KGDL en Minipaq para control interno,"Realizar un m\xf3dulo para 21KGDL para el control de los inscritos; edici\xf3n, impresi\xf3n de QR, b\xfasqueda y Alta",2022-02-10 14:00:00,1,100
208,1,1,1,2022-02-10 06:00:00,Configuraci\xf3n de la impresora de tickets de zona uno,Configuraci\xf3n de la impresora de tickets de zona uno para ajustar la resoluci\xf3n m\xe1s alta posible para la legibilidad de la informaci\xf3n.,2022-02-10 06:00:00,1,100
209,1,1,2,2022-02-10 06:00:00,Apoyo a Laura Mendez para subir archivos a la plataforma del ASEJ,asesor\xeda con Laura M\xe9ndez de administrativo para subir archivos en el programa de la auditoria superior del estado de Jalisco,2022-02-10 06:00:00,1,100
210,1,1,2,2022-02-10 06:00:00,Configuraci\xf3n del internet en Sala de juntas al personal medico,Configuraci\xf3n del internet en Sala de juntas al personal medico,2022-02-10 06:00:00,1,100
211,1,1,1,2022-02-10 06:00:00,Chequeo de la m\xe1quina de centro de informaci\xf3n perteneciente a Mary,"Chequeo de la m\xe1quina de centro de informaci\xf3n perteneciente a Mary, fallas con el navegador ya que el equipo cuenta con una sistema operativo obsoleto y no se puede actualizar por que los componentes no tienen remedio.",2022-02-10 06:00:00,1,100
212,1,1,2,2022-02-10 06:00:00,Cable de red ca\xeddo en \xe1rea de entrada al almac\xe9n ,"Volver a colocar el cable de red que se encuentra ca\xeddo en el pasillo que va hacia el almac\xe9n, hay que subirse a la azotea. ",2022-02-10 06:00:00,1,100
213,1,1,35,2022-02-10 06:00:00,"Recolecci\xf3n de firmas para comisiones de marat\xf3n, ir a unidad Tucson y v\xeda recreactiva ",apoyo para recabar las firmas de los comisionados para el 21 k,2022-02-10 06:00:00,1,100
214,1,1,2,2022-02-10 06:00:00,Acomodar cable de red de via recreativa por el orificio de la puerta ,Acomodar cable de red de v\xeda recreativa por el orificio de la puerta  que hicieron los de mantenimiento por que al abrir la puerta se puede trozar el cable ,2022-02-10 06:00:00,1,100
215,1,1,1,2022-02-11 06:00:00,Conseguir impresa de tickets que se usaba en pr\xe9stamo de bicicletas ,gestionar el pr\xe9stamo de la impresora que se usaba para el pr\xe9stamo de bicicletas de v\xeda recractiva para por imprimir los c\xf3digos qr durante la expo marat\xf3n ,2022-02-10 14:00:00,1,100
216,1,1,35,2022-02-11 06:00:00,Inducci\xf3n de como se hace el proceso de subida de documentos en cada usuario de comude,"Inducci\xf3n de como se hace el proceso de subida de documentos en cada usuario de comude, en centro de informaci\xf3n",2022-02-11 06:00:00,1,100
217,1,1,2,2022-02-11 06:00:00,Configuraci\xf3n de la contrase\xf1a a Cinthia mercado en sala de juntas,Configuraci\xf3n de la contrase\xf1a a Cinthia mercado en sala de juntas,2022-02-11 06:00:00,1,100
218,1,1,2,2022-02-11 06:00:00,"Cinthya Mercado, poner internet de la sala de juntas",configuraci\xf3n de internet en sala de juntas en laptop de Cinthya Mercado ,2022-02-11 06:00:00,1,100
219,1,1,1,2022-02-11 06:00:00,Asesor\xeda para configuraci\xf3n de micr\xf3fono en Reuni\xf3n de meet en sala de juntas ,Apoyo por que no se puede habilitar el micr\xf3fono en sesi\xf3n de meet ,2022-02-11 06:00:00,1,100
220,1,1,1,2022-02-12 06:00:00,"Centro de informaci\xf3n, la impresora de credenciales no enciende ",revisi\xf3n de impresora de credenciales por que dicen que no enciende ,2022-02-11 06:00:00,1,100
221,1,1,1,2022-02-11 06:00:00,suministro de cable VGA (tra\xeddo de almac\xe9n de baja) en centro de informaci\xf3n ,cambiar el cable VGA en centro de informaci\xf3n debido a que la pantalla se ve amarilla ,2022-02-11 06:00:00,1,100
222,1,1,30,2022-02-11 06:00:00,Actualizaci\xf3n del portal de transparencia correos del 11 febrero ,favor de actualizar el portal de transparencia en base a los correos recibidos el 11 de febrero por la unidad de transparencia ,2022-02-11 06:00:00,1,100
223,1,1,1,2022-02-11 06:00:00,Recolecci\xf3n de rollos de papel t\xe9rmico con Adad Ch\xe1vez en su bodega,pedir veh\xedculo e ir por Adad para que nos proporcione unos rollos para la ticketera t\xe9rmica ,2022-02-11 06:00:00,1,100
224,3,2,5,2022-02-20 06:00:00,REALIZAR LA GESTI\xd3N DE LOS SERVICIOS DE STREAMING CON LA GENTE DEL AYUNTAMIENTO,REALIZAR LA GESTI\xd3N CON LAS PERSONAS DE COMUNICACI\xd3N SOCIAL DEL AYUNTAMIENTO DE GUADALAJARA Y LA EMPRESA MEGACABLE PARA LA REALIZACI\xd3N DEL STREAMING EL DIA DEL EVENTO DESDE EL CANAL DE MEGACABLE PARA LAS REDES SOCIALES Y LA HUELLA DIGITAL,2022-02-11 06:00:00,1,100
225,1,1,1,2022-02-18 06:00:00,Realizar la activaci\xf3n de las licencias antivirus para el Comude,Realizar la activaci\xf3n de las licencias antivirus para el equipo del Comude Guadalajara debido a que las licencias ya se encuentras disponibles,2022-02-11 06:00:00,0,0
226,1,1,1,2022-02-14 06:00:00,Instalaci\xf3n de Adobe 2020 en la laptop de Bianca,Instalaci\xf3n de Adobe 2020 en la laptop de Bianca,2022-02-14 06:00:00,1,100
227,1,1,1,2022-02-14 06:00:00,Chequeo del internet de Andrea Navarro,Chequeo del internet de Andrea Navarro,2022-02-14 06:00:00,1,100
228,1,1,1,2022-02-14 06:00:00,Compartir Carpeta de la computadora de Hugo,Compartir Carpeta de la computadora de Hugo,2022-02-14 06:00:00,1,100
229,1,1,1,2022-02-14 06:00:00,Chequeo de una aplicaci\xf3n Web(Whatssap) de un equipo de v\xeda recreativa v\xeda remota,Chequeo de una aplicaci\xf3n Web(Whatssap) de un equipo de v\xeda recreativa v\xeda remota,2022-02-14 06:00:00,1,100
230,1,1,2,2022-02-14 06:00:00,Conexion de internet a un equipo de FD(Naty),Conexion de internet a un equipo de FD(Naty),2022-02-14 06:00:00,1,100
231,1,1,2,2022-02-14 06:00:00,Aracely de compras no tiene internet,apoyo con Chely de compras no tiene internet.,2022-02-14 06:00:00,1,100
232,1,1,1,2022-02-14 06:00:00,Instalaci\xf3n de adobe pdf pro en laptop de Bianca Mondrag\xf3n ,ayuda para instalar un pdf que puede testar documentos ,2022-02-14 06:00:00,1,100
233,3,2,6,2022-02-14 06:00:00,Supervisi\xf3n de instalaci\xf3n de fibra \xf3ptica en Expo deportiva ,Gestionar los tramites para solicitar veh\xedculo para ir al estadio de los astros cede de la expo 21k para supervisar  asegurar la instalaci\xf3n de la fibra \xf3ptica por parte de Megacable ,2022-02-14 06:00:00,1,100
234,30,20,45,2022-02-17 06:00:00,Entrega de incidencias,Presentar formatos de incidencias y comisiones ,2022-02-16 06:00:00,0,15
235,30,21,45,2023-02-17 00:00:00,Entrega de incidencias,Presentar formatos de incidencias y comisiones ,2023-02-16 00:00:00,0,0
236,18,12,29,2022-02-15 06:00:00,Usuario:2274 cambio a mes de febrero registro nuevo,Usuario:2274 cambio a mes de febrero registro nuevo,2022-02-15 06:00:00,1,100
237,3,2,7,2022-02-18 06:00:00,Elaboraci\xf3n del sistema de resultados oficiales 21KGDL para premiaci\xf3n a ganadores,Actualizar el sistema o plataforma de resultados oficiales para el 21KGDL con base en el sistema del marat\xf3n (firebase) actualizado seg\xfan la informaci\xf3n de premiaci\xf3n del evento 21GDL2022,2022-02-16 06:00:00,1,100
238,3,2,7,2022-02-20 06:00:00,Elaboraci\xf3n del sistema de Resultados Oficiales p\xe1gina web (Todos los resultados),Elaborar bajo el dise\xf1o del 21GDL 2022 el sistema de descarga de certificado de tiempo oficial al terminal la carrera para que los competidores puedan descargar su certificado de tiempo con sus registros realizados en el evento,2022-02-16 06:00:00,1,100
239,3,2,6,2022-02-17 06:00:00,Realizar la instalaci\xf3n de la red de internet para la Expo 21KGDL 2022 en el complejo de Avila Camacho,"Realizar la instalaci\xf3n de la red de internet que consta de 3 antenas de 5G Wifi para dar soporte a las siguientes \xe1reas que requirieron acceso (Servicios M\xe9dicos, Atenci\xf3n Paratletas, Entrega de Paquetes de la Expo, Comunicaci\xf3n, Entrega de Paquetes o Pl",2022-02-16 06:00:00,1,100
240,3,2,6,2022-02-20 06:00:00,RECEPCI\xd3N DE INSTALACIONES DE FIBRA Y ENLACES DE INTERNET PARA EL EVENTO,Recibir y probar los enlaces de internet dedicado solicitados para el evento 21KGDL,2022-02-19 06:00:00,1,100
241,3,2,4,2022-02-20 06:00:00,Recepci\xf3n de servicios Xview para zona de Hospitallity y Prensa con pantallas y servicio 3pack,Recepci\xf3n y acomodo de los equipos de TV con servicio de Xview para zona de Hospitallity y Prensa con pantallas y servicio 3pack,2022-02-19 06:00:00,1,100
242,1,1,30,2022-02-17 06:00:00,Actualizaci\xf3n del portal de transparencia,actualizar el portal de transparencia conforme a los correos del 11 al 16 de febrero 2021 ,2022-02-17 06:00:00,1,100
243,32,22,49,2022-02-24 06:00:00,Manuel de Capacitaciones,Practicas,2022-02-23 06:00:00,0,45
244,32,22,49,2022-04-14 05:00:00,Manual,Paso a paso,2022-04-02 06:00:00,0,71
245,3,2,7,2022-02-23 06:00:00,GENERADOR DE RECONOCIMIENTOS PARA GRUPOS DE APOYO,REALIZAR EL GENERADOR DE RECONOCIMIENTOS EN PDF PARA GRUPOS DE APOYO,2022-02-22 06:00:00,1,100
246,3,2,7,2022-02-21 06:00:00,REALIZAR EL SISTEMA PARA DESCARGA DE CERTIFICADO DE TIEMPO Y LISTADO DE RESULTADOS OFICIALES PAGINA 21KGDL,REALIZAR EL SISTEMA DE RESULTADOS OFICIALES E INTEGRAR EL CERTIFICADO DE TIEMPO EN LA LANDING PAGE DEL 21KGDL 2022,2022-02-20 06:00:00,1,100
247,1,1,30,2022-02-23 06:00:00,Actualizaci\xf3n del portal de transparencia ,actualizar la informaci\xf3n en base a los correos recibidos. ,2022-02-23 06:00:00,1,100
248,3,2,6,2022-02-17 06:00:00,Configuraci\xf3n de internet en laptops de Daniel Santana para 21k,configuraci\xf3n de wifi,2022-02-17 06:00:00,1,100
249,3,2,4,2022-02-17 06:00:00,Apoyo v\xeda remota para configuraci\xf3n de impresora en hotel de 21k ,configurar v\xeda teamviewer,2022-02-17 06:00:00,1,100
250,1,1,1,2022-02-21 06:00:00,Ivette no puede imprimir,apoyo para poder imprimir ,2022-02-21 06:00:00,1,100
251,1,1,1,2022-02-23 06:00:00,Asignaci\xf3n temporal de equipo para el \xe1rea jur\xeddica,Realizar la asignaci\xf3n temporal de equipo de c\xf3mputo del \xe1rea de inform\xe1tica al \xe1rea de jur\xeddico de manera temporal para servicio social,2022-02-23 06:00:00,1,100
252,1,1,1,2022-02-21 06:00:00,Angelica compras el CPU hace mucho ruido,Revisi\xf3n de equipo de Angelica de compras por que hace mucho ruido el cpu ,2022-02-21 06:00:00,1,100
253,1,1,2,2022-02-22 06:00:00,Configuraron internet wifi en laptop Bianca en centro de informaci\xf3n ,ayuda para configurar el internet v\xeda wifi en centro de informaci\xf3n ,2022-02-22 06:00:00,1,100
254,1,1,2,2022-02-22 06:00:00,Cable de red que va a mantenimiento trozado en zona de entrada a estacionamiento ,Suministro e instalaci\xf3n de nuevo cable de red desde site hasta el \xe1rea de mantenimiento debido a que trozaron el cable que suministraba el servicio ,2022-02-22 06:00:00,1,100
255,1,1,2,2022-02-22 06:00:00,Reconfiguraci\xf3n de routers y ap que se usaron en 21k ,Reconfiguraci\xf3n  de routers y ap del comude que se usaron en 21k y hay que regresarlos a las oficinas con sus nombres y contrase\xf1as de red que ten\xedan antes ,2022-02-22 06:00:00,1,100
256,1,1,30,2022-02-23 06:00:00,Actualizaci\xf3n del portal del transparencia ,correos del 16 al 21 de feb,2022-02-22 06:00:00,1,100
257,1,1,30,2022-02-22 06:00:00,Soporte en Minipaq para cambio de escuela de un usuario de la unidad 12 ,cambio de escuela de usuario ,2022-02-22 06:00:00,1,100
258,1,1,2,2022-02-22 06:00:00,Configuraci\xf3n de internet en laptop de personal con Taty,Configuraci\xf3n de internet en laptop de personal con Taty la red que les llegue mejor,2022-02-22 06:00:00,1,100
259,1,1,1,2022-02-24 06:00:00,Respaldo y Formateo de auxiliar del Director de Administrativo,"Revisi\xf3n de equipo, respaldo y formateo de computadora del asistente del director administrativo debido a que esta lenta y no inicia windows",2022-02-23 06:00:00,1,100
260,1,1,3,2022-02-23 06:00:00,Solicitud de revisi\xf3n de c\xe1maras de seguridad para Mario Guerrero ,apoyo a Mario Guerrero para revisi\xf3n de c\xe1maras de su \xe1rea ,2022-02-23 06:00:00,1,100
261,1,1,2,2022-02-23 06:00:00,Configuraci\xf3n de internet en sala de juntas antigua con Itzuri,apoyo con el wifi en su laptop para Itzuri en sala de juntas antigua ,2022-02-23 06:00:00,1,100
262,1,1,1,2022-02-23 06:00:00,Configuraci\xf3n de impresora con personal de Taty,apoyo para configurar impresora en laptop con el personal de taty,2022-02-23 06:00:00,1,100
263,1,1,2,2022-02-24 06:00:00,Configuraci\xf3n de internet en table de Jur\xeddico para capacitaci\xf3n. ,instalaci\xf3n de wifi en Tablet de jur\xeddico para tener una capacitaci\xf3n ,2022-02-24 06:00:00,1,100
264,1,1,30,2022-02-24 06:00:00,PUBLICAR CONVOCATORIA E IMAGEN DE LA LIGA DE VOLEIBOL 2022,REALIZAR LA PUBLICACI\xd3N DE LA CONVOCATORIA DE LA LIGA DE VOLEIBOL 2022,2022-02-24 06:00:00,1,100
265,1,1,30,2022-03-04 06:00:00,GENERAR UNA SECCI\xd3N PARA LOS CONCUROS Y LICITACIONES DONDE SE ORGANICE LA INFORMACI\xd3N PARTES DEL PROCESO,"GENERAR LA SECCION DE LICITACIONES EN EL PORTAL OFICIAL CONFORMADA POR LOS PROCESOS (BASE, JUNTA ACLARATORIA, APERTURA DE PROPUESTAS Y FALLO) ",2022-02-25 06:00:00,0,0
266,1,1,1,2022-03-11 06:00:00,ASIGNACI\xd3N Y CONFIGURACI\xd3N DE EQUIPO TECNOLOGICO A DIVERSA \xc1REAS,REALIZAR LA ASIGNACI\xd3N Y LA CONFIGURACI\xd3N DE EQUIPO TECNOLOGICO PARA LAS DIFERENTES \xc1REAS DEL COMUDE,2022-03-07 06:00:00,1,100
267,1,1,30,2022-02-28 06:00:00,"REALIZAR MODIFICACI\xd3N AL SISTEMA DE INSCRIPCIONES PARA LA COPA DE VOLEIBOL,",REALIZAR LA ACTUALIZACI\xd3N DE LA CATEGORIA JUVENIL CON BASE EN EL ARCHIVO ADJUNTO DE LA LIGA DE VOLEIBOL 2022 EN EL SISTEMA MINIPAQ,2022-02-28 06:00:00,1,100
268,1,1,30,2022-03-31 06:00:00,Realizar la integraci\xf3n de las cuentas y los saldos al Minipaq con indetec para pruebas del m\xf3dulo de requisiciones,Realizar la integraci\xf3n de las cuentas para generar las requisiciones con base en el presupuesto generado por el sistema Indetec en Minipaq,2022-03-28 06:00:00,0,4
269,1,1,1,2022-03-24 06:00:00,Instalaci\xf3n de impresora en Sindicato ,instalaci\xf3n de impresora en oficinas del sindicato ,2022-03-24 06:00:00,1,100
270,1,1,2,2022-03-24 06:00:00,Baja de servicio de internet de Megacable de la unidad 27,realizar todos los tramites y papeleo necesarios para dar de baja el servicio de internet de la unidad 27,2022-03-24 06:00:00,1,100
271,1,1,1,2022-02-28 06:00:00,Revisi\xf3n de equipo de log\xedstica no enciende ,Se reporto que la computadora de log\xedstica no enciende ,2022-02-28 06:00:00,1,100
272,1,1,2,2022-02-28 06:00:00,Realizar la baja del servicio de Megacable de la unidad 6,Realizar todos los tramites y papeleos necesarios para dar de baja el internet de la unidad 6 ,2022-02-28 06:00:00,1,100
273,1,1,1,2022-02-28 06:00:00,Sacar la informaci\xf3n del disco duro de la computadora de log\xedstica ,"Apoyo para sacar la informaci\xf3n de la computadora que ya no sirvi\xf3 de log\xedstica, usar cualquier m\xe9todo ",2022-02-28 06:00:00,1,100
274,1,1,35,2022-02-28 06:00:00,Entrega de playeras para colaboradores del 21k,asistir a las oficinas de Megacable para entregar playeras a los patrocinadores del evento 21k ,2022-02-28 06:00:00,1,100
275,1,1,1,2022-02-28 06:00:00,"Revisi\xf3n de laptop de Maly, no enciende despu\xe9s del apag\xf3n de luz",Apoyo para la revisi\xf3n de equipo personal ,2022-02-28 06:00:00,1,100
276,1,1,30,2022-03-01 06:00:00,Reconfiguraci\xf3n de la Credencial de Comude Guadalajara,Asesoramiento y reconfiguraci\xf3n de la credencial de Comude Guadalajara ,2022-03-01 06:00:00,1,100
277,1,1,35,2022-03-01 06:00:00,Realizar incidencias de la segunda quincena de Febrero 2022,realizar los formatos de incidencias y pas\xe1rselos a M\xf3nica para que los agregue al concentrado general ,2022-03-01 06:00:00,1,100
278,1,1,30,2022-03-01 06:00:00,Actualizacionde portal de transparencia correos del 23 al 25 de febrero ,actualizar la informaci\xf3n en base a los correos recibidos por parte de la unidad de transparencia ,2022-03-01 06:00:00,1,100
279,1,1,1,2022-03-01 14:00:00,Configuraci\xf3n de laptop en \xe1rea de contralor\xeda (impresora e internet y carpeta compartida),realizar la configuraci\xf3n en laptop de servicio social\n,2022-03-01 14:00:00,1,100
280,1,1,1,2022-03-01 06:00:00,Respaldo de cpu de Esfania Soto y pasarlo a su laptop ,Respaldo de cpu de Esfania Soto y pasarlo a su laptop ,2022-03-01 06:00:00,1,100
281,1,1,1,2022-03-01 06:00:00,ayuda con impresora sin conexi\xf3n con Ver\xf3nica Moreno,apoyo por que no puede imprimir en el \xe1rea de deportes ,2022-03-01 06:00:00,1,100
282,1,1,1,2022-03-01 06:00:00,Cambiar de lugar el servidor del SAACJ,mover el servidor hacia un lugar mas operacional para el \xe1rea de administrativo ,2022-03-01 06:00:00,1,100
283,1,1,1,2022-03-01 06:00:00,Generar reportar de troncal da\xf1ando con Telmex ,llamar para generar reporte de troncal da\xf1ada,2022-03-01 06:00:00,1,100
284,1,1,1,2022-03-01 06:00:00,Error de activaci\xf3n de Office con Isabel de compras,ayuda para activar el office con Isabel de compras,2022-03-01 06:00:00,1,100
285,1,1,1,2022-03-02 06:00:00,Nuevamente Generar reportar de troncal da\xf1ando con Telmex ,volver a generar reporte de troncal de telmex ,2022-03-02 06:00:00,1,100
286,1,1,1,2022-03-02 06:00:00,Instalaci\xf3n de impresora de tickets v\xeda anydesk con Israel Herrera ,configuraci\xf3n de driver de impresora de tickets ,2022-03-02 06:00:00,1,100
287,1,1,1,2022-03-02 06:00:00,"Sacar el respaldo de la computadora de Maricela Torres, formateo pendiente hasta que regrese de la incapacidad",sacar el respaldo de la computadora de maricela son aproximadamente 50 gb de informaci\xf3n ,2022-03-02 06:00:00,1,100
288,1,1,1,2022-03-02 06:00:00,Laptop de Andrea Navarro no detecta las redes wifi ,no esta instalado el driver de wifi en su laptop ,2022-03-02 06:00:00,1,100
289,1,1,1,2022-03-02 06:00:00,Configuraci\xf3n de Mac de log\xedstica para imprimir e internet ,Configurar la Mac que les prestaron al \xe1rea de log\xedstica para poder imprimir y tener internet ,2022-03-02 06:00:00,1,100
290,1,1,1,2022-03-02 06:00:00,Reconfigurar la impresora de jur\xeddico nuevamente en la computadora de Pablo Carrillo debido a que nuevamente se encuentra en esa \xe1rea ,Reconfigurar la impresora de jur\xeddico nuevamente en la computadora de Pablo Carrillo debido a que nuevamente se encuentra en esa \xe1rea ,2022-03-02 06:00:00,1,100
291,1,1,1,2022-03-03 06:00:00,Suministro y configuraci\xf3n de multifuncional Lexmark en \xe1rea de feria del deporte para todos los usuarios (unos 10 en promedio),Suministro y configuraci\xf3n de multifuncional Lexmark en \xe1rea de feria del deporte para todos los usuarios (unos 10 en promedio),2022-03-03 06:00:00,1,100
292,1,1,1,2022-03-03 06:00:00,Apoyo v\xeda telef\xf3nica con Minipaq para Bere de unidad 47,Ayuda con usuarios de ese centro de cobro ,2022-03-03 06:00:00,1,100
293,1,1,1,2022-03-03 06:00:00,Activaci\xf3n de Office en laptop de Fany de Zonas deportivas  ,activar el office en laptop de Fany,2022-03-03 06:00:00,1,100
294,1,1,1,2022-03-04 06:00:00,Respaldo y Formateo de mini laptop de via recreactiva,realizar el respaldo de la mini lap de v\xeda y ponerle windows 7 debido a que tiene xp y no funciona bien ,2022-03-03 06:00:00,1,100
295,1,1,1,2022-03-03 06:00:00,configuracion de equipo de Sandra Rios en el lugar de Andrea Navarro,"apoyo para configurar perif\xe9ricos en el lugar de Andrea Navarro, se la prestaron ",2022-03-03 06:00:00,1,100
296,1,1,1,2022-03-03 06:00:00,Revisi\xf3n de impresora de credenciales en cajas,no pueden mandar imprimir credenciales,2022-03-03 06:00:00,1,100
297,1,1,1,2022-03-03 06:00:00,apoyo con Ivette que no pude mandar imprimir,revisi\xf3n de impresora y red con Ivette,2022-03-03 06:00:00,1,100
298,1,1,2,2022-03-03 06:00:00,Configuraci\xf3n de internet en laptop en el \xe1rea de la alberca ,apoyo para poner la red de internet en una laptop ,2022-03-03 06:00:00,1,100
299,1,1,1,2022-03-04 06:00:00,Formateo y pasar respaldo a computadora de Marisela Torres de ingresos ,formatear e instalar programas basicos,2022-03-04 06:00:00,1,100
300,1,1,1,2022-03-07 06:00:00,Equipo para video conferencia  curso de  administraci\xf3n ,Poner un equipo con micr\xf3fono y web cam en \xe1rea administrativa  para capacitaci\xf3n  virtual a las 9am.,2022-03-07 06:00:00,1,100
301,34,34,59,2022-03-11 22:00:00,Entrega de agua,Se requiere que est\xe9 en comude ,2022-03-10 22:00:00,1,100
302,33,33,63,2022-03-25 13:00:00,Consolidar Convocatoria,Acordar bases; Elaborar; Solicitar autorizaci\xf3n (firmas); Publicar; Compartir,2022-03-08 14:00:00,0,7
303,37,39,64,2022-03-16 06:00:00,Elaboraci\xf3n de memor\xe1ndum ,Elaboraci\xf3n de memor\xe1ndum para pago del personal RIF/HONORARIOS/RESICO que presta sus servicios profesionales ,2022-03-15 06:00:00,0,1
304,38,39,65,2022-03-17 06:00:00,Recepci\xf3n de facturas ,Recepci\xf3n de facturas del personal del personal que presta sus servicios profesionales ,2022-03-15 06:00:00,0,0
305,42,40,73,2022-03-31 06:00:00,Temperatura de albercas ,Revisi\xf3n diaria de temperatura ,2022-03-08 06:00:00,0,53
306,43,45,76,0000-00-00 00:00:00,Solicitud de personal de limpieza,Comison del personal de la zona 2,0000-00-00 00:00:00,0,1
307,1,1,1,2022-03-08 06:00:00,Actividad demo,"Hola, Probando actividad demo",2022-03-07 06:00:00,1,100
308,1,1,1,2022-03-04 06:00:00,Formateo de cpu de Marisela Torres,formatear e instalar programas en computadora de Marisela,2022-03-04 06:00:00,1,100
309,1,1,1,2022-03-04 06:00:00,"Revisi\xf3n de multifuncionales para la entrega al proveedor y usar una para deportes, via recreactiva y feria del deporte ","Revisi\xf3n de multifuncionales para la entrega al proveedor y usar una para deportes, via recreactiva y feria del deporte ",2022-03-04 06:00:00,1,100
310,1,1,1,2022-03-04 06:00:00,Cambio de t\xf3ner de la impresora de deportes ,cambiar el t\xf3ner por uno de las impresoras que se van a entregar,2022-03-04 06:00:00,1,100
311,1,1,1,2022-03-04 06:00:00,Configuraci\xf3n de hojas oficio para imprimir en computadora de Sandra Rios,asesor\xeda para la configuraci\xf3n del tama\xf1o de pagina ,2022-03-04 06:00:00,1,100
312,1,1,3,2022-03-04 06:00:00,Revisi\xf3n con proveedores el conmutador Panasonic TDA200,estar con los proveedores y checar la revisi\xf3n del conmutador para su reparaci\xf3n ,2022-03-04 06:00:00,1,100
313,1,1,3,2022-03-04 06:00:00,Revisi\xf3n del servidor y contpaq debido a un apag\xf3n de corriente el\xe9ctrica ,revisar el site,2022-03-04 06:00:00,1,100
314,1,1,1,2022-03-08 06:00:00,ASIGNAR IMPRESORA MULTIFUNCIONAL PARA VIARECREACTIVA,ASIGNAR Y CONFIGURARA LA SEGUNDA IMPRESORA MULTIFUNCIONAL PARA VIA RECREACTIVA,2022-03-08 06:00:00,1,100
315,28,18,43,2023-01-24 06:00:00,digitalizacion,incidencias,2023-01-22 06:00:00,0,16
316,1,1,1,2022-03-07 06:00:00,Suministro y configuraci\xf3n de equipo para capacitaci\xf3n en administrativo ,Poner un equipo en el \xe1rea administrativa ,2022-03-07 06:00:00,1,100
317,1,1,2,2022-03-07 06:00:00,Cambio de cable de red en caja para la impresora de credenciales,Cambio de cable de red en caja para la impresora de credenciales poner uno mas largo,2022-03-07 06:00:00,1,100
318,1,1,2,2022-03-07 06:00:00,Cambio de cable de red en cajas para terminal de venta con tarjeta,poner un cable mas largo para la terminal ,2022-03-07 06:00:00,1,100
319,1,1,2,2022-03-07 06:00:00,Configuraci\xf3n de internet en laptop en sala de juntas nueva para Reuni\xf3n en zoom ,poner cable de red para Reuni\xf3n en zoom ,2022-03-07 06:00:00,1,100
320,1,1,1,2022-03-07 06:00:00,Revisi\xf3n de impresora de credenciales ( da\xf1o f\xedsico de tarjeta de red ),No sirve la impresora de credenciales,2022-03-07 06:00:00,1,100
321,1,1,1,2022-03-09 06:00:00,Reparaci\xf3n del Conmutador,Seguimiento para asistencia de reparaci\xf3n del servicio del conmutador ,2022-03-02 06:00:00,1,100
322,1,1,1,2022-03-11 06:00:00,Revisi\xf3n de equipo en el gimnasio  M\xe9xico 68,Realizar la revisi\xf3n  del equipo hp AIO asignado al gimnasio M\xe9xico 68,2022-03-10 06:00:00,1,100
323,49,57,80,2022-03-15 20:00:00,Cargo de Oficios,Cargar oficios de comisi\xf3n por miembros de la primera quincena,2022-03-02 22:00:00,0,2
324,1,1,1,2022-03-08 06:00:00,"No enciende la computadora de Isabel de compras despu\xe9s del apagon, ",Revisi\xf3n de computadora de Isabel de compras ,2022-03-08 06:00:00,1,100
325,1,1,1,2022-03-08 06:00:00,Suministro e instalaci\xf3n de multifuncional en V\xeda Recreactiva configurar todos los equipos unos 8 aprox,conseguir veh\xedculo y llevar la impresora y configurarla ,2022-03-08 06:00:00,1,100
326,1,1,1,2022-03-08 06:00:00,Lili G\xf3mez no puede imprimir ,revisi\xf3n de equipo en mantenimiento ,2022-03-08 06:00:00,1,100
327,1,1,1,2022-03-08 06:00:00,Revisi\xf3n de internet en general en direcci\xf3n general ,Revisar que si haya internet en el \xe1rea de direcci\xf3n general ,2022-03-08 06:00:00,1,100
328,1,1,1,2022-03-16 06:00:00,REALIZAR EL FORMATEO DEL EQUIPO ASIGNADO A LUIS HIDALGO,REALIZAR EL RESPALDO Y FORMATEO DEL EQUIPO ASIGNADO AL DIRECTOR EJECUTIVO LUIS HIDALGO,2022-03-14 06:00:00,1,100
329,1,1,1,2022-03-16 06:00:00,REALIZAR RESPALDO Y FORMATEO DEL EQUIPO ASIGNADO A ANGELICA ALCALA,REALIZAR EL RESPALDO Y FORMATEO DEL EQUIPO DE ANGELICA ALCALA PARA REASIGNACI\xd3N,2022-03-14 06:00:00,1,100
330,1,1,30,2022-03-14 06:00:00,Tranparencia Lunes 14 de Marzo,Realizar la actualizaci\xf3n de la secci\xf3n de transparencia lunes 14 de marzo,2022-03-14 06:00:00,1,100
331,1,1,1,2022-03-09 06:00:00,Supervisi\xf3n de instalaci\xf3n del conmutador ,Supervisar la instalaci\xf3n del conmutador y asegurarse que haya quedado reparado ,2022-03-09 06:00:00,1,100
332,1,1,1,2022-03-09 06:00:00,Suministro de no break para conmutador ,buscar un no break que funcione para ponerse en el conmutador,2022-03-09 06:00:00,1,100
333,1,1,2,2022-03-09 06:00:00,Configuraci\xf3n de internet en laptop de servidor social con Fito,Configuraci\xf3n de internet en laptop de servidor social con Fito,2022-03-09 06:00:00,1,100
334,1,1,1,2022-03-09 06:00:00,Elena de la zona 7 minerva los puertos usb de la laptop no funcionan,revisi\xf3n de equipo debido a que no se reconocen los puertos usb ,2022-03-09 06:00:00,1,100
335,1,1,1,2022-03-09 06:00:00,Instalaci\xf3n de impresora en deportes en \xe1rea t\xe9cnica y configuraci\xf3n en equipos de la misma ,"cablear y colocar la impresora multifuncional, as\xed como configurar los equipos cercanos a ella",2022-03-09 06:00:00,1,100
336,1,1,3,2022-03-10 06:00:00,"Revisi\xf3n de no break con Marisela Torres, esta pitando. ","Revisi\xf3n de no break con Marisela Torres, esta pitando. ",2022-03-10 06:00:00,1,100
337,1,1,2,2022-03-10 06:00:00,Poner internet cableado en CPU de Andrea Navarro,Poner cable de red en la computadora de Andrea Navarro ,2022-03-10 06:00:00,1,100
338,1,1,1,2022-03-14 06:00:00,Revisi\xf3n de impresora de credenciales de empleados marca Zebra,"se est\xe1n atorando las credenciales, revisar la impresora para ver cual es el problema ",2022-03-14 06:00:00,1,100
339,1,1,2,2022-03-14 06:00:00,Suministro de cable de red con Lic. Eugenia para su nuevo equipo de trabajo.,suministrar un cable de red de 3 metros para poder conectar mejor el equipo en este lugar. ,2022-03-14 06:00:00,1,100
340,1,1,1,2022-03-14 06:00:00,Revisi\xf3n de impresora de credenciales de centro de informaci\xf3n ,No salen las impresiones de las credenciales en centro de informaci\xf3n. ,2022-03-14 06:00:00,1,100
341,1,1,1,2022-03-14 06:00:00,Configuraci\xf3n de internet en laptop de servicios m\xe9dicos ,poner la red mas cercana en laptop de servicios m\xe9dicos ,2022-03-14 06:00:00,1,100
342,1,1,1,2022-03-14 06:00:00,Instalaci\xf3n de Office en laptop personal de Gabriela Rajas ,favor de instalar office en laptop debido a que usa su equipo para trabajar en comude ,2022-03-14 06:00:00,1,100
343,1,1,1,2022-03-14 06:00:00,Ivette instalaci\xf3n de office con activador debido que al que tiene ya caduco ,Ivette instalaci\xf3n de office con activador debido que al que tiene ya caduco ,2022-03-14 06:00:00,1,100
344,1,1,2,2022-03-14 06:00:00,Configuraci\xf3n de internet en laptop de compa\xf1era con Taty ,configurar la red mas cercana a la laptop de personal de con Taty ,2022-03-14 06:00:00,1,100
345,1,1,1,2022-03-14 06:00:00,Zona 7 minerva instalaci\xf3n de impresora de tickets ,instalar mediante anydesk la impresora de tickets en laptop ,2022-03-14 06:00:00,1,100
346,11,9,21,2022-03-31 06:00:00,Realizar gesti\xf3n de nueva afiliaci\xf3n para centro de pagos con Santander,"Realizar la gesti\xf3n en forma conjunta con el departamento de administrativo para gestionar una afiliaci\xf3n para el sistema Centro de Pagos, debido a que este ser\xe1 el mecanismo de recepci\xf3n de pagos de los sistemas de cobro del Comude tales como la APP y el",2022-02-01 14:00:00,0,0
353,1,1,1,2022-03-15 06:00:00,Instalaci\xf3n de equipo de Angelica Alcal\xe1 ,Configuracion de equipo que antes era de Angelica Alcala,2022-03-15 06:00:00,1,100
354,1,1,1,2022-03-15 06:00:00,Revisio de equipo HP de san Rafael via remota,Revisi\xf3n de equipo HP via remota en san Rafael ,2022-03-15 06:00:00,1,100
355,1,1,35,2022-03-15 06:00:00,Gestionar y comprar disco Duro de estado solido para laptop de Luis Fernando Hidalgo ,Gestionar con M\xf3nica tener recurso para la compra del ssd,2022-03-15 06:00:00,1,100
356,1,1,1,2022-03-15 06:00:00,Revisi\xf3n de impresora de tickets de caja,las impresiones salen en horizontal ,2022-03-15 06:00:00,1,100
357,1,1,30,2022-03-15 06:00:00,Actualizaci\xf3n del Portal de transparencia,Actualizar la informaci\xf3n enviada por la unidad de transparencia en el portal ,2022-03-15 06:00:00,1,100
358,1,1,1,2022-03-15 06:00:00,Configuraci\xf3n de Inicio de Laptop HP para Angelica Alcal\xe1 ,Configuraci\xf3n de Inicio de Laptop HP,2022-03-15 06:00:00,1,100
359,1,1,1,2022-03-16 06:00:00,Configuraci\xf3n de inicio de laptop hp para Ivette,Configuraci\xf3n de inicio de laptop,2022-03-16 06:00:00,1,100
360,1,1,1,2022-03-16 06:00:00,Suministro de cable de red desde la nueva sala de juntas hasta el estacionamiento para Malitzin ,apoyo con colocaci\xf3n de cable de red en \xe1rea de estacionamiento ,2022-03-16 06:00:00,1,100
361,1,1,1,2022-03-16 06:00:00,Ajuste de monitor en crt de Lalo futbol ,"apoyo para ajustar el monitor, solo se ve 3/4 de la pantalla",2022-03-16 06:00:00,1,100
362,1,1,1,2022-03-16 06:00:00,Configuraci\xf3n de impresora e internet en nueva laptop asignada a Andrea Navarro ,Configuraci\xf3n de impresora e internet ,2022-03-16 06:00:00,1,100
363,1,1,1,2022-03-18 06:00:00,Configuraci\xf3n de inicio de equipo all in one HP para M\xf3nica Ponce ,"Configurar la computadora, actualizar a wondows 11 y volver a restaurar el equipo para solucionar errores de configuraci\xf3n ",2022-03-16 06:00:00,1,100
364,1,1,1,2022-03-16 06:00:00,"Chely, ayuda con el teclado se activo el modo lectura",ayuda a quitar el modo lectura en windows ,2022-03-16 06:00:00,1,100
365,1,1,1,2022-03-25 06:00:00,Completar la relaci\xf3n de movimiento del equipo de c\xf3mputo con base en los equipos entregados,Realizar de forma detallada el archivo que permita controlar y relacionar los  movimientos de equipo de c\xf3mputo tras la llegada de nuevo equipo y reasignaci\xf3n a otros usuarios del equipo anterior,2022-03-22 06:00:00,1,100
366,1,1,1,2022-03-16 06:00:00,Configuraci\xf3n de laptop nueva hp Jazm\xedn ,Configuraci\xf3n de laptop nueva hp Jazm\xedn ,2022-03-16 06:00:00,1,100
367,1,1,1,2022-03-16 06:00:00,Configuraci\xf3n de laptop nueva hp Luis Abraham,Configuraci\xf3n de laptop nueva hp Luis Abraham,2022-03-16 06:00:00,1,100
368,1,1,1,2022-03-17 06:00:00,Configuraci\xf3n de laptop nueva hp Alejandro Gonz\xe1lez,Configuraci\xf3n de laptop nueva hp Alejandro Gonz\xe1lez,2022-03-17 06:00:00,1,100
369,1,1,30,2022-03-17 06:00:00,Actualizaci\xf3n del portal de transparencia ,Actualizar el portal de transparencia en base a los correos recibidos por la unidad de transparencia ,2022-03-17 06:00:00,1,100
370,1,1,2,2022-03-17 06:00:00,Configuraci\xf3n de internet en iPad de servidora social con Taty,Configuraci\xf3n de internet en iPad ,2022-03-17 06:00:00,1,100
371,1,1,1,2022-03-17 06:00:00,Configuraci\xf3n de inicio de laptop HP Itzuri ,Configuraci\xf3n de inicio de laptop HP Itzuri ,2022-03-17 06:00:00,1,100
372,1,1,1,2022-03-17 06:00:00,Configuraci\xf3n de inicio de laptop HP Adquisiciones ,Configuraci\xf3n de inicio de laptop HP Adquisiciones ,2022-03-17 06:00:00,1,100
373,1,1,1,2022-03-17 06:00:00,Configuraci\xf3n de inicio de PC all in one HP Silvia Magall\xf3n ,Configuraci\xf3n de inicio de PC all in one HP Silvia Magall\xf3n ,2022-03-17 06:00:00,1,100
374,1,1,1,2022-03-17 06:00:00,Apoyo con atasco de papel en impresora de feria del deporte,Apoyo con atasco de papel en impresora de feria del deporte,2022-03-17 06:00:00,1,100
375,1,1,1,2022-03-22 06:00:00,Configuraci\xf3n de inicio de computadora HP all in one de Eblin,Configuraci\xf3n de inicio de computadora HP all in one de Eblin,2022-03-18 06:00:00,1,100
376,1,1,1,2022-03-18 06:00:00,Configuraci\xf3n de inicio de computadora HP all in one de Se\xf1ora Anita,Configuraci\xf3n de inicio de computadora HP all in one de Se\xf1ora Anita,2022-03-18 06:00:00,1,100
377,1,1,1,2022-03-18 06:00:00,Configuraci\xf3n de inicio de computadora HP all in one de Se\xf1ora Lety,Configuraci\xf3n de inicio de computadora HP all in one de Se\xf1ora Lety,2022-03-18 06:00:00,1,100
378,1,1,1,2022-03-18 06:00:00,Configuraci\xf3n de inicio de computadora HP all in one de Gabriela Flores,Configuraci\xf3n de inicio de computadora HP all in one de Gabriela Flores,2022-03-18 06:00:00,1,100
379,1,1,2,2022-03-30 06:00:00,Realizar levantamiento de servicios de telefon\xeda e internet de todas las oficinas del Comude Guadalajara,Realizar una investigaci\xf3n y levantamiento de servicios de telefon\xeda e internet bajo el esquema actual para saber si es conveniente realizar la migraci\xf3n de servicios digitales a otra compa\xf1\xeda a trav\xe9s de una licitaci\xf3n publica,2022-03-23 06:00:00,0,59
380,1,1,35,2022-04-30 05:00:00,Asignaci\xf3n de Cuentas y Correos electr\xf3nicos de Zoho a personal del Comude Guadalajara,"Realizar el levantamiento y la asignaci\xf3n de cuentas de Zoho a personal del Comude para iniciar la migraci\xf3n de Google Workspace a Zoho Workspace, con las 25 cuentas estandar m\xe1s las 60 cuentas Email Lite",2022-03-24 06:00:00,0,0
381,71,92,120,2022-03-31 06:00:00,prueba,prueba,2022-03-26 06:00:00,0,0
383,72,93,121,2022-03-27 06:00:00,Capacitacion del Sistema,Capacitar a las personas para el uso de la plataforma,2022-03-27 06:00:00,0,0
384,73,94,123,2022-04-06 05:00:00,Generar una Landing Page o P\xe1gina de Aterrizaje que permita al usuario encontrar la informaci\xf3n de cada carrera serial,"La p\xe1gina deber\xe1 contener: Slider que muestre la siguiente carrera con detalles sobresalientes como colonia, fecha y cupo, men\xfa que contenga informaci\xf3n del cronograma de carreras siguientes, resultados, mapas de ruta, contacto, informaci\xf3n general o conv",2022-03-26 06:00:00,0,0

