uid,idUserToken,depto,email,name,isPush,admin,photoURL,direccion,emailVerified
0k6MvVV7PiTAeVyzj5NNbf9XhqY2,<blank>,0,dagoberto.sandoval@comudeguadalajara.gob.mx,Dagoberto Sandoal,0,0,https://lh3.googleusercontent.com/a-/AAuE7mBYnz4J24OKXFu-Djp9Qk4P0i_yyVSwdqMRrpYK0w=s96-c,0,false
1P5nto2IqvgNmYDFki6fN4PBCNs2,<blank>,0,isabelrosales@comudeguadalajara.gob.mx,Isabel Rosales,0,0,https://lh3.googleusercontent.com/a-/AAuE7mBYnz4J24OKXFu-Djp9Qk4P0i_yyVSwdqMRrpYK0w=s96-c,0,false
2h5F3gN3MBTymIqRqregYIGsZLE2,<blank>,0,grajeda5155@gmail.com,grajeda5155@gmail.com,0,0,https://lh3.googleusercontent.com/a-/AAuE7mBYnz4J24OKXFu-Djp9Qk4P0i_yyVSwdqMRrpYK0w=s96-c,0,false
3hHOfPuCqWdcS9fwmnLNU9D3VSF3,<blank>,2,ivan.curiel@comudeguadalajara.gob.mx,Ivan Curiel Mendoza,0,0,https://lh3.googleusercontent.com/a-/AAuE7mBYnz4J24OKXFu-Djp9Qk4P0i_yyVSwdqMRrpYK0w=s96-c,2,1
3m3aHXDtoRMys7jDPoldKLOBVmg1,<blank>,0,natividadvalencia@comudeguadalajara.gob.mx,Nati Valencia,0,0,https://lh3.googleusercontent.com/a-/AAuE7mBYnz4J24OKXFu-Djp9Qk4P0i_yyVSwdqMRrpYK0w=s96-c,0,false
3mZNd5I4YUUIVBJtsET6lC8d2oz1,0842c9bc-749a-11ec-8638-3643f4b03c8e,0,luisgonzalez@comudeguadalajara.gob.mx,Luis Alejandro Gonzalez Chavez,1,0,https://lh3.googleusercontent.com/a/AATXAJwcT5JEkgyLofITicV8NGdiNNc67QlRHdVHA7dF=s96-c,0,1
4oYSvqn09bXGMkMm7md6nMfdVg73,<blank>,4,jazmin.rodriguez@deportesguadalajara.gob.mx,Jazmin Rodriguez ,0,0,https://lh3.googleusercontent.com/a-/AAuE7mBYnz4J24OKXFu-Djp9Qk4P0i_yyVSwdqMRrpYK0w=s96-c,4,1
6dDxe1v4fRSAuh6AUItaS4sMo2x2,<blank>,4,enriquegarcia@deportesguadalajara.gob.mx,Luis Enrique Garc\xeda Rodr\xedguez,1,0,https://lh3.googleusercontent.com/a-/AAuE7mBYnz4J24OKXFu-Djp9Qk4P0i_yyVSwdqMRrpYK0w=s96-c,4,1
720uxVGvKiPzI2vQgnN1WziyYPr1,<blank>,0,monibarba.comudegdl@gmail.com,Monica Barba,0,0,https://lh3.googleusercontent.com/a-/AAuE7mBYnz4J24OKXFu-Djp9Qk4P0i_yyVSwdqMRrpYK0w=s96-c,0,false
7c19WMieCsXklZJhZWFCSDbxGI42,<blank>,2,jose.beltran@deportesguadalajara.gob.mx,Jos\xe9 Beltr\xe1n Ch\xe1vez,1,0,https://lh3.googleusercontent.com/a-/AAuE7mBYnz4J24OKXFu-Djp9Qk4P0i_yyVSwdqMRrpYK0w=s96-c,2,1
7KfiJmLzdNYMkImWWQT1Igwu4yk1,<blank>,4,estuvierlorena@gmail.com,Lorena Fabiola Estuvier G\xf3mez ,0,0,https://lh3.googleusercontent.com/a-/AAuE7mBYnz4J24OKXFu-Djp9Qk4P0i_yyVSwdqMRrpYK0w=s96-c,4,1
8ap8SWNQTLUkDwOjbJTvvHrnxKg2,<blank>,1,ileana.jacobo@deportesguadalajara.gob.mx,Ileana Roxana Jacobo Torres ,0,0,https://lh3.googleusercontent.com/a-/AAuE7mBYnz4J24OKXFu-Djp9Qk4P0i_yyVSwdqMRrpYK0w=s96-c,1,1
8hCcNIMqBcboQ1La0oxoHpavmZB2,<blank>,4,veronicamoreno@deportesguadalajara.gob.mx,Veronica Moreno Preciado,1,0,https://lh3.googleusercontent.com/a-/AAuE7mBYnz4J24OKXFu-Djp9Qk4P0i_yyVSwdqMRrpYK0w=s96-c,4,1
acZg6aLX6YQGyIsdmzyYuXPzxvr1,<blank>,0,chavesalejandro16@gmail.com,Luis Alejandro Glez Chavez,0,0,https://lh4.googleusercontent.com/-WvBSkZ7Vi8g/AAAAAAAAAAI/AAAAAAAAJmI/FWB3pr3AomI/s96-c/photo.jpg,0,1
axkAqUUPscYrl0VL4arTk6SEChI3,<blank>,0,almabarrera@viarecreactiva.org,Alma Barrera,0,0,https://lh3.googleusercontent.com/a-/AAuE7mBYnz4J24OKXFu-Djp9Qk4P0i_yyVSwdqMRrpYK0w=s96-c,0,false
BFeBKWPYqDVuEuhC3ZtHCQbpJak2,<blank>,4,avner1677@gmail.com,Abner Santiago,0,0,https://lh3.googleusercontent.com/a-/AAuE7mBYnz4J24OKXFu-Djp9Qk4P0i_yyVSwdqMRrpYK0w=s96-c,4,1
bldYLfNa7oYivpzzJIFnTqSRXtP2,<blank>,0,juanbespinosa7@gmail.com,juan barrera,0,0,https://lh3.googleusercontent.com/a/AATXAJzyN1vqxXnMCca-vsbcO-pcexOIPIaMMUPkh4tR=s96-c,0,true
BmhXgbmTercpBX7VmsHOUdXtVnk2,<blank>,0,jacc_400@hotmail.com,jacc_400@hotmail.com,0,0,https://lh3.googleusercontent.com/a-/AAuE7mBYnz4J24OKXFu-Djp9Qk4P0i_yyVSwdqMRrpYK0w=s96-c,0,false
bRQjke8efMfXUhwdVCRxRQ8x6ZZ2,<blank>,3,hugo.lomeli@deportesguadalajara.gob.mx,Hugo Enrique Lomel\xed jaramillo ,0,0,https://lh3.googleusercontent.com/a-/AAuE7mBYnz4J24OKXFu-Djp9Qk4P0i_yyVSwdqMRrpYK0w=s96-c,3,1
by0sEBspArPGQhu4sR8XwnjTyCG2,<blank>,4,gaby.rayas.novelo@gmail.com,Gabriela Rayas Novelo,0,0,https://lh3.googleusercontent.com/a-/AAuE7mBYnz4J24OKXFu-Djp9Qk4P0i_yyVSwdqMRrpYK0w=s96-c,4,1
c6iL32TTykTg0qYc2gdlRMNPa8J2,<blank>,2,araceli.contreras@deportesguadalajara.gob.mx,Araceli Contreras,0,0,https://lh3.googleusercontent.com/a-/AAuE7mBYnz4J24OKXFu-Djp9Qk4P0i_yyVSwdqMRrpYK0w=s96-c,2,1
c8l1Gtx3QyORwOtBvipdaowWlKG2,<blank>,3,marucarrillotl@hotmail.com,Maru Carrillo Torreslanda,0,0,https://lh3.googleusercontent.com/a-/AAuE7mBYnz4J24OKXFu-Djp9Qk4P0i_yyVSwdqMRrpYK0w=s96-c,3,1
cblX9TwTgPdVfSVGZsE9wrFG9Ci2,<blank>,0,izca.zamora@gmail.com,Izcalli Zamora,0,0,https://lh3.googleusercontent.com/a-/AOh14GhcQugG3X-X09zDRN8Z-LirBU6_r-RZd5zGF7y6748=s96-c,0,true
crnbZ5hCHJfUsdasii58vpXAs152,<blank>,4,jdiosdadoh@gmail.com,Jes\xfas Diosdado Haro,0,0,https://lh3.googleusercontent.com/a-/AAuE7mBYnz4J24OKXFu-Djp9Qk4P0i_yyVSwdqMRrpYK0w=s96-c,4,1
cW68QC8FSzVEVfwSAJ8DDdfQAsu1,<blank>,0,graficorodolfo@gmail.com,Rodolfo Covarruvias,0,0,https://lh6.googleusercontent.com/-7YfEKv0txGY/AAAAAAAAAAI/AAAAAAAAAHc/iI9M_9hoS2E/s96-c/photo.jpg,0,false
ddpRRrWbS8bpDBCRfBL8gL06DGV2,<blank>,0,lily_gr@hotmail.com,lily_gr@hotmail.com,0,0,https://lh3.googleusercontent.com/a-/AAuE7mBYnz4J24OKXFu-Djp9Qk4P0i_yyVSwdqMRrpYK0w=s96-c,0,false
e4aC3Y34sNe52EhG4EBztlSD15u1,<blank>,3,juancarlosalatorre@hotmail.com,Juan Carlos Alatoorre Azuela ,0,0,https://lh3.googleusercontent.com/a-/AAuE7mBYnz4J24OKXFu-Djp9Qk4P0i_yyVSwdqMRrpYK0w=s96-c,3,1
eC8sbYB3D4SwFFz9EjP6rweSZ3k2,732ca9b4-8dcc-11ec-81c5-8ab2b97441d3,0,tokyorock3@gmail.com,Alex Alcaraz,1,0,https://lh3.googleusercontent.com/a-/AOh14GieQYCOvq2fmMJK0aUtAECjf9PUr_8NiZtE8FAsyA=s96-c,0,1
Eg29DS7XCtUq2trQSOPip0uqqwj1,<blank>,0,daniel.santana@comudeguadalajara.gob.mx,Daniel Santan Ruelas,0,0,https://lh3.googleusercontent.com/a-/AOh14GhqcP5j77AuL2ZmxFACFhQ7BM34JM5cUs6_Po0p=s96-c,0,true
FbxjgjOMPLU5KpybHNEH14dMaIo1,<blank>,0,itzury.romero@deportesguadalajara.gob.mx,Diana Itzury Romero Echavarria,0,0,https://lh3.googleusercontent.com/a/AATXAJwaOHef9oKTKFTNmUKfHv-5HYwcIjNJPHklbf7g=s96-c,0,1
G8iag47dE2eF8cGv3aOc1xAKwfp2,<blank>,4,stefaniasoto@comudeguadalajara.gob.mx,Stefania Soto ,0,0,https://lh3.googleusercontent.com/a-/AAuE7mBYnz4J24OKXFu-Djp9Qk4P0i_yyVSwdqMRrpYK0w=s96-c,4,1
gqZJgj55CWfbmjbtUjIW66QHypP2,<blank>,0,lourdesloera@comudeguadalajara.gob.mx,Lourdes Loera,0,0,https://lh3.googleusercontent.com/a-/AAuE7mBYnz4J24OKXFu-Djp9Qk4P0i_yyVSwdqMRrpYK0w=s96-c,0,false
hDaOeKhARQTejyMLqnuFOnjCs8Y2,<blank>,4,angelinaguerrero@deportesguadalajara.gob.mx,Angelina Guerrero Mora ,1,0,https://lh3.googleusercontent.com/a-/AAuE7mBYnz4J24OKXFu-Djp9Qk4P0i_yyVSwdqMRrpYK0w=s96-c,4,1
I8PsAjRWCIeM95Gwy0OozTcixbp1,<blank>,4,antonio.gallo@deportesguadalajara.gob.mx,Jose Antonio Garc\xeda Gallo ,0,0,https://lh3.googleusercontent.com/a-/AAuE7mBYnz4J24OKXFu-Djp9Qk4P0i_yyVSwdqMRrpYK0w=s96-c,4,1
iLHnxqoM3ZeqqdrCX0WClmPGxPq2,<blank>,0,lulanavazquez@gmail.com,lourdes vazquez rodriguez,0,0,https://lh3.googleusercontent.com/a-/AOh14GiijOSDYu7K7D8kux9KMTaoT2KDYwJt3fdlK6dcuRU,0,true
IoZFlU35nGPUdsoiU6jjqMuHwkH3,<blank>,0,marypazeo64@gmail.com,Mary Paz,0,0,https://lh3.googleusercontent.com/a-/AAuE7mBYnz4J24OKXFu-Djp9Qk4P0i_yyVSwdqMRrpYK0w=s96-c,0,false
iSpsxnL3HMOB5gjk4okyu3hTxES2,<blank>,2,marakas70@gmail.com,Marcos Hernandez Martinez,0,0,https://lh3.googleusercontent.com/a-/AAuE7mBYnz4J24OKXFu-Djp9Qk4P0i_yyVSwdqMRrpYK0w=s96-c,2,1
J2y9h2MqKvd1JTGbZBy0PtRmTZp2,NULL,0,alex90tay@gmail.com,Axl Taylor,0,0,https://lh3.googleusercontent.com/a-/AOh14GjpYNKMkp7Gk5cB0ujmwgtuSe7UND_w9YykrWSekw=s96-c,0,1
jfkpgH21AbNenXI1cUR7te9W2l32,2821e494-98c0-11ec-8d21-160e7997b0af,0,araceliloera@deportesguadalajara.gob.mx,Araceli Loera Sanchez,1,0,https://lh6.googleusercontent.com/-IuexorKGfIA/AAAAAAAAAAI/AAAAAAAAAAA/AMZuuck10dho7oVj9p4k0zmYgCuEJOp7Fg/s96-c/photo.jpg,0,1
jGN0dLDxv3acw56RW0k2ZzVE39f1,<blank>,2,dancatmy@gmail.com,Daniela Cortes Jim\xe9nez,1,0,https://lh3.googleusercontent.com/a-/AAuE7mBYnz4J24OKXFu-Djp9Qk4P0i_yyVSwdqMRrpYK0w=s96-c,2,1
JPzRvnckGITzhUugAOc55caOrl23,<blank>,0,jnsasvc@gmail.com,Juan Carlos Casillas Campos,0,0,https://lh3.googleusercontent.com/a-/AOh14Ghz7v_w-w96uyKV0pHFcL9sY_SPwt6q6GOMY0JrEg=s96-c,0,1
jQAKyMGYy3dc6TLaDCFnEUhESfn1,<blank>,0,malintzin.negrete@comudeguadalajara.gob.mx,Malintzin Negrete Pimienta,0,0,https://lh3.googleusercontent.com/a-/AOh14GhJ8Fpm47cX2MPew10v_BoVlq9lWg-VwWsz4QQz=s96-c,0,1
jxNXNU6uq9XxJJKhshmdgigrkxa2,<blank>,0,ivanvazquez@viarecreactiva.org,Ivan Vazquez,0,0,https://lh5.googleusercontent.com/-dnhMZqS4SZ8/AAAAAAAAAAI/AAAAAAAAAAA/AKF05nCoqSsjqX6JSuwwKwISpvtw_lhlow/s96-c/photo.jpg,0,true
kC55nQWQysgHRJ5Li7VnxolbSYy1,<blank>,0,sgbc2148@hotmail.com,sgbc2148@hotmail.com,0,0,https://lh3.googleusercontent.com/a-/AAuE7mBYnz4J24OKXFu-Djp9Qk4P0i_yyVSwdqMRrpYK0w=s96-c,0,false
kV2WJUHrO8R0NdWJrUOZRmTGPe33,<blank>,0,poncejeannette393@gmail.com,Jeanette Ponce,0,0,https://lh3.googleusercontent.com/a-/AAuE7mBYnz4J24OKXFu-Djp9Qk4P0i_yyVSwdqMRrpYK0w=s96-c,0,false
L0mB1f6WkJhpUihSGNBMuveUQy92,<blank>,4,hector95antonio@gmail.com,H\xe9ctor Antonio Gonz\xe1lez Lara ,0,0,https://lh3.googleusercontent.com/a-/AAuE7mBYnz4J24OKXFu-Djp9Qk4P0i_yyVSwdqMRrpYK0w=s96-c,4,1
MmqkL5AKQWP0FvBtwNfNdjcgXb82,<blank>,3,susanadavila@deportesguadalajara.gob.mx,Susana Davila Garc\xeda ,0,0,https://lh3.googleusercontent.com/a-/AAuE7mBYnz4J24OKXFu-Djp9Qk4P0i_yyVSwdqMRrpYK0w=s96-c,3,1
MvLtcrvd0lOUYkPR67q3Vri0h9x2,<blank>,4,mariosepulveda422@gmail.com,Mario Antonio Sep\xfalveda de la Cerda ,0,0,https://lh3.googleusercontent.com/a-/AAuE7mBYnz4J24OKXFu-Djp9Qk4P0i_yyVSwdqMRrpYK0w=s96-c,4,1
n0D6TUmAiGMb0GuwpFmNWJvkKv72,<blank>,4,marioguerrero@deportesguadalajara.gob.mx,Mario Fernando Guerrero Jim\xe9nez,0,0,https://lh3.googleusercontent.com/a-/AAuE7mBYnz4J24OKXFu-Djp9Qk4P0i_yyVSwdqMRrpYK0w=s96-c,4,1
N7vKJbcVdQMeGXnT3RI0yPvtAY63,<blank>,0,ginagonzalez.lu@gmail.com,Gin Luna,0,0,https://lh3.googleusercontent.com/a-/AOh14Gimld3iJ91kKtTFKSp0_NZN1tgcTSHlxsuiJQDKyxA=s96-c,0,1
NkaVFmDaWac8RsrZ86djUMcKdYs2,<blank>,4,sasj37@hotmail.com,SERGIO ALBERTO SANTOS JORDAN ,0,0,https://lh3.googleusercontent.com/a-/AAuE7mBYnz4J24OKXFu-Djp9Qk4P0i_yyVSwdqMRrpYK0w=s96-c,4,1
nUdytrp3OUWpi1W6EUEMrVe420b2,<blank>,0,luis.cuevascasillas@gmail.com,Luis Leopoldo Cuevas Casillas ,0,0,https://lh3.googleusercontent.com/a-/AAuE7mBYnz4J24OKXFu-Djp9Qk4P0i_yyVSwdqMRrpYK0w=s96-c,0,1
odcTjfaHqwS1zHozzHug2m2Gt3B2,<blank>,0,locomap@hotmail.com,locomap@hotmail.com,0,0,https://lh3.googleusercontent.com/a-/AAuE7mBYnz4J24OKXFu-Djp9Qk4P0i_yyVSwdqMRrpYK0w=s96-c,0,false
OeoEOgZlm2N2rpbLGpj9OXz45W72,<blank>,0,sergiobeltrangdl@gmail.com,Sergio Beltran,0,0,https://lh3.googleusercontent.com/a-/AAuE7mBYnz4J24OKXFu-Djp9Qk4P0i_yyVSwdqMRrpYK0w=s96-c,0,false
oq4DZ3zvSzX7qTQeiRMfdLYu2KG3,<blank>,3,lauramendez@comudeguadalajara.gob.mx,Laura Mendez,0,0,https://lh3.googleusercontent.com/a-/AAuE7mBYnz4J24OKXFu-Djp9Qk4P0i_yyVSwdqMRrpYK0w=s96-c,3,1
peVjqNCxxHPmYu1JEw8g7BMET982,<blank>,0,comudeluis@gmail.com,Luis Comude,0,0,https://lh3.googleusercontent.com/a/AATXAJw6tAxLMT2RRfBApbkY_frqvyJXocS_oRmen-js=s96-c,0,1
pleZ8kBms6cR4VLH4NOnkqIrJYs1,<blank>,4,angelicats693@gmail.com,Ang\xe9lica Trujillo Soto ,1,0,https://lh3.googleusercontent.com/a-/AAuE7mBYnz4J24OKXFu-Djp9Qk4P0i_yyVSwdqMRrpYK0w=s96-c,4,1
PrARsohXdoSh5z6AVnO6zq8oaQG2,<blank>,0,javisdeportes@gmail.com,Javier,0,0,https://lh6.googleusercontent.com/-7YfEKv0txGY/AAAAAAAAAAI/AAAAAAAAAHc/iI9M_9hoS2E/s96-c/photo.jpg,0,false
q16vMZNDGYaFSUyJ2v5pp8aFqYq2,<blank>,3,mayraruiz@comudeguadalajara.gob.mx,Mayra Guadalupe Ruiz Carrazco,1,0,https://lh3.googleusercontent.com/a-/AAuE7mBYnz4J24OKXFu-Djp9Qk4P0i_yyVSwdqMRrpYK0w=s96-c,3,1
qFRhreByg2PHq8p8nPtGemHrS5v2,<blank>,0,marakas70@gmail.com,Marcos,1,0,https://lh3.googleusercontent.com/a-/AAuE7mBYnz4J24OKXFu-Djp9Qk4P0i_yyVSwdqMRrpYK0w=s96-c,0,1
qg6MZoLR9geVyWXcPm3scXrp1Qe2,<blank>,4,abraham.espinoza@deportesguadalajara.gob.mx,Luis Abraham Espinoza Lopez,1,0,https://lh3.googleusercontent.com/a-/AAuE7mBYnz4J24OKXFu-Djp9Qk4P0i_yyVSwdqMRrpYK0w=s96-c,4,1
qGbMDCaZ08RmP7q0t6IiAjsmXT63,<blank>,2,araceliloera@deportesguadalajara.gob.mx,Chely Loera,0,0,https://lh3.googleusercontent.com/a-/AAuE7mBYnz4J24OKXFu-Djp9Qk4P0i_yyVSwdqMRrpYK0w=s96-c,2,1
QRdO9ciMjdNlQS8pIPhtOI8TBqG2,d7f03b9c-71a0-11ec-802a-52ff614f3ef7,0,webmastergdl@comudeguadalajara.gob.mx,Marcos Hernandez,1,0,https://lh3.googleusercontent.com/a-/AAuE7mBYnz4J24OKXFu-Djp9Qk4P0i_yyVSwdqMRrpYK0w=s96-c,0,1
qV7QLlV14nc14nQpCbupMhwMUlR2,<blank>,4,daniel.santana@comudeguadalajara.gob.mx,Daniel Santana Ruelas ,1,0,https://lh3.googleusercontent.com/a-/AAuE7mBYnz4J24OKXFu-Djp9Qk4P0i_yyVSwdqMRrpYK0w=s96-c,4,1
qyFa887PmIOW6Vcbj03BpICsmSt1,<blank>,0,dim.comude@gmail.com,DISE\xd1O E IMAGEN COMUDE,0,0,https://lh3.googleusercontent.com/a/AATXAJxpQv9rC1nGoeVHaNFIpkFpdDiXnwUnQ5WE7zxp=s96-c,0,1
RDOE3hekuqU4NWny6VLRHFcJnSj2,<blank>,0,monicaponce@deportesguadalajara.gob.mx,Monica Ramirez,1,0,https://lh3.googleusercontent.com/-2PDSrcSNbuU/AAAAAAAAAAI/AAAAAAAAAAA/AMZuuckw5S9J5zNLfuaAh1hz7WYsFJAxDg/s96-c/photo.jpg,0,1
s0YN5VrdwtOqrUj0o4uVRSqBEAy1,<blank>,0,azarethmtz@gmail.com,Azareth Martinez,1,0,https://lh3.googleusercontent.com/a-/AAuE7mBYnz4J24OKXFu-Djp9Qk4P0i_yyVSwdqMRrpYK0w=s96-c,0,1
S7pYD2hpMkVkadRkUhaK4AsQNrA2,<blank>,0,sergio_hgo10@hotmail.com,null,0,0,null,0,false
sfxzEX8FS5gYDspILU03OCbQyKu1,<blank>,3,eugenia.peregrina@comudeguadalajara.gob.mx,Eugenia Guadalupe Peregrina Rodriguez,0,0,https://lh3.googleusercontent.com/a-/AAuE7mBYnz4J24OKXFu-Djp9Qk4P0i_yyVSwdqMRrpYK0w=s96-c,3,1
slBgy8NhCUTDjFvkjR2XhvNkE583,<blank>,0,cinthyamerlos@comudeguadalajara.gob.mx,Cinthya Merlos,0,0,https://lh6.googleusercontent.com/-7YfEKv0txGY/AAAAAAAAAAI/AAAAAAAAAHc/iI9M_9hoS2E/s96-c/photo.jpg,0,false
sLD8I6cBKibEADd4bvCsE60fTro1,<blank>,0,dolores.albarranm@gmail.com,Dolores Albarran,0,0,https://lh3.googleusercontent.com/a-/AAuE7mBYnz4J24OKXFu-Djp9Qk4P0i_yyVSwdqMRrpYK0w=s96-c,0,false
ThA5AFmJUvQscoOz6SFoDJCbW0Y2,<blank>,3,ana.torres@comudeguadalajara.gob.mx,Ana Paulina Torres ,0,0,https://lh3.googleusercontent.com/a-/AAuE7mBYnz4J24OKXFu-Djp9Qk4P0i_yyVSwdqMRrpYK0w=s96-c,3,1
tqV7OofTtPVCL2P7yAQ6VHhTvRl1,<blank>,4,almabarrera@viarecreactiva.org,Alma Luz Barrera Dur\xe1n ,0,0,https://lh3.googleusercontent.com/a-/AAuE7mBYnz4J24OKXFu-Djp9Qk4P0i_yyVSwdqMRrpYK0w=s96-c,4,1
TYWU52KEqsR6p1dVAZrSjNehyuj2,<blank>,0,aidevargas@deportesguadalajara.gob.mx,Aide Vargas,0,0,https://lh3.googleusercontent.com/a-/AAuE7mBYnz4J24OKXFu-Djp9Qk4P0i_yyVSwdqMRrpYK0w=s96-c,0,false
uDUlpuZ3rJOaFl8AbFQwbTlONl63,<blank>,2,franciscodavila@comudeguadalajara.gob.mx,francisco javier davila perez,0,0,https://lh3.googleusercontent.com/a-/AAuE7mBYnz4J24OKXFu-Djp9Qk4P0i_yyVSwdqMRrpYK0w=s96-c,2,1
UFjoVzO6SLY5Akum3WFowdg2bWB3,NULL,0,ivangomez@deportesguadalajara.gob.mx,Ivan G\xf3mez,1,0,https://lh6.googleusercontent.com/-7YfEKv0txGY/AAAAAAAAAAI/AAAAAAAAAHc/iI9M_9hoS2E/s96-c/photo.jpg,0,1
UKTSvPl9r7dCRlkD3T1TaqEZXyi1,<blank>,4,arelyslupercio@gmail.com,Arelys Montserrath Guzm\xe1n Lupercio ,1,0,https://lh3.googleusercontent.com/a-/AAuE7mBYnz4J24OKXFu-Djp9Qk4P0i_yyVSwdqMRrpYK0w=s96-c,4,1
uS3UQrx5GyVsuijSsUon5fmortm2,<blank>,0,18bl4500382@unedl.mx,Georgina Lizbeth Gonzalez Luna,0,0,https://lh3.googleusercontent.com/a-/AOh14GiViaAuOoytl3WYkn4Aj1BIPhY_7vFjEkjY3rNw=s96-c,0,1
vkww4jW794ZpZwr2J5N0Q1cPrDI2,<blank>,0,ivan.cueriel@comudeguadalajara.gob.mx,Ivan Curiel,0,0,https://lh3.googleusercontent.com/a-/AAuE7mBYnz4J24OKXFu-Djp9Qk4P0i_yyVSwdqMRrpYK0w=s96-c,0,false
vPm98zkJtkXOV84a3SugEslbtkO2,<blank>,4,armandogonzalez@deportesguadalajara.gob.mx,Armando Gonz\xe1lez,1,0,https://lh3.googleusercontent.com/a-/AAuE7mBYnz4J24OKXFu-Djp9Qk4P0i_yyVSwdqMRrpYK0w=s96-c,4,1
WifkGkHeDneVU3Aq9Df7gUYEdk52,d7f03b9c-71a0-11ec-802a-52ff614f3ef7,0,gaby_flores@viarecreactiva.org,Ana Gabriela Flores Cervantes,1,0,https://lh3.googleusercontent.com/-Y7ie8Pmdhmg/AAAAAAAAAAI/AAAAAAAAAAA/ACHi3reT6TVPJ1xdw4W22BvSfA2WeyWFjg/photo.jpg,0,1
wjEfzIno2QdPxLB2y7aAtzAKT9w2,<blank>,4,marcelamarchetti@comudeguadalajara.gob.mx,Marcela Nancy Marchetti Bollada,1,0,https://lh3.googleusercontent.com/a-/AAuE7mBYnz4J24OKXFu-Djp9Qk4P0i_yyVSwdqMRrpYK0w=s96-c,4,1
wukgifdm0vQmob4J9i95pDt2aLA3,<blank>,0,gera04945@gmail.com,Gerardo,0,0,https://lh3.googleusercontent.com/a-/AAuE7mBYnz4J24OKXFu-Djp9Qk4P0i_yyVSwdqMRrpYK0w=s96-c,0,false
xJMPojX2gQgVOJ4tiOXXW79SUi42,<blank>,1,cbasulto0720@gmail.com,Cesar Basulto,0,0,https://lh3.googleusercontent.com/a-/AAuE7mBYnz4J24OKXFu-Djp9Qk4P0i_yyVSwdqMRrpYK0w=s96-c,1,1
xvrMi2pvtwQt7FX5XpJrddNwQnp2,<blank>,4,ginarroyo303@gmail.com,Elva Georgina Rodr\xedguez Arroyo,0,0,https://lh3.googleusercontent.com/a-/AAuE7mBYnz4J24OKXFu-Djp9Qk4P0i_yyVSwdqMRrpYK0w=s96-c,4,1
yA170j8c6rcY1k5Sf3pv74GplJg2,<blank>,0,sandra.rios@deportesguadalajara.gob.mx,Sandra Rios,0,0,https://lh3.googleusercontent.com/a-/AAuE7mBYnz4J24OKXFu-Djp9Qk4P0i_yyVSwdqMRrpYK0w=s96-c,0,false
YdNEZ48y75VyNjSQEIqBMuIYa3e2,<blank>,4,izca.zamora@gmail.com,Izcalli Zamora ,0,0,https://lh3.googleusercontent.com/a-/AAuE7mBYnz4J24OKXFu-Djp9Qk4P0i_yyVSwdqMRrpYK0w=s96-c,4,1
YqfmSQ9PKjabQArmLMkANUamNh73,<blank>,4,joelsantacruz1@gmail.com,Joel Cuitlahuac Chavez Santacruz ,0,0,https://lh3.googleusercontent.com/a-/AAuE7mBYnz4J24OKXFu-Djp9Qk4P0i_yyVSwdqMRrpYK0w=s96-c,4,1
YyfbnvjiSEZ3HuKCj8M6AfQHVhq2,<blank>,2,angelicafigueroa@comudeguadalajara.gob.mx,Angelica Figueroa Alvarez,1,0,https://lh3.googleusercontent.com/a-/AAuE7mBYnz4J24OKXFu-Djp9Qk4P0i_yyVSwdqMRrpYK0w=s96-c,2,1
z0VnVKiBY9UpLcmMtHkbvsdCXLy1,<blank>,4,mariajosemedina@comudeguadalajara.gob.mx,Mar\xeda Jos\xe9 Medina Hern\xe1ndez ,0,0,https://lh3.googleusercontent.com/a-/AAuE7mBYnz4J24OKXFu-Djp9Qk4P0i_yyVSwdqMRrpYK0w=s96-c,4,1
Z1ESjo9VaxXXVQc5RuI1BmIxEyn1,<blank>,4,francisco.huerta@viarecreactiva.org,Paco Huerta,0,0,https://lh3.googleusercontent.com/a-/AAuE7mBYnz4J24OKXFu-Djp9Qk4P0i_yyVSwdqMRrpYK0w=s96-c,4,1
ZD9CsRQ1IUPZGrVqIz6R3KMjvWw2,<blank>,2,cinthiavaldez@deportesguadalajara.gob.mx,Cinthia Mercado,1,0,https://lh3.googleusercontent.com/a-/AAuE7mBYnz4J24OKXFu-Djp9Qk4P0i_yyVSwdqMRrpYK0w=s96-c,2,1
Zoq86deBuneGOQHkBCojS7DeK4F3,<blank>,0,davidaarizagar@gmail.com,David Arizaga,0,0,https://lh3.googleusercontent.com/a-/AAuE7mBYnz4J24OKXFu-Djp9Qk4P0i_yyVSwdqMRrpYK0w=s96-c,0,false

