user_id,umeta_id,meta_key,meta_value
1,1,nickname,Instituto Jalisciense de las Mujeres
1,2,first_name,<blank>
1,3,last_name,<blank>
1,4,description,"El Instituto Jalisciense de las Mujeres ejecuta diversas acciones y coadyuva con diferentes sectores gubernamental y organismos de la sociedad, a fin de transversalizar la perspectiva de género (PEG), con el objetivo de prevenir la violencia y discriminación para que las y los jaliscienses puedan mejorar sus condiciones de vida y ejercer sus derechos."
1,5,rich_editing,true
1,6,comment_shortcuts,false
1,7,admin_color,fresh
1,8,use_ssl,0
1,9,show_admin_bar_front,true
1,10,locale,<blank>
1,11,wpi_capabilities,"a:1:{s:13:""administrator"";b:1;}"
1,12,wpi_user_level,10
1,13,dismissed_wp_pointers,<blank>
1,14,show_welcome_panel,1
1,16,wpi_dashboard_quick_press_last_post_id,117
1,17,community-events-location,"a:1:{s:2:""ip"";s:13:""187.188.210.0"";}"
1,18,wpi_user-settings,imgsize=medium&hidetb=1&libraryContent=browse&align=none&urlbutton=file
1,19,wpi_user-settings-time,1502902471
1,20,nav_menu_recently_edited,3
1,21,managenav-menuscolumnshidden,"a:5:{i:0;s:11:""link-target"";i:1;s:11:""css-classes"";i:2;s:3:""xfn"";i:3;s:11:""description"";i:4;s:15:""title-attribute"";}"
1,22,metaboxhidden_nav-menus,"a:9:{i:0;s:23:""add-post-type-portfolio"";i:1;s:25:""add-post-type-testimonial"";i:2;s:25:""add-post-type-price_table"";i:3;s:21:""add-post-type-gallery"";i:4;s:12:""add-post_tag"";i:5;s:22:""add-portfolio-category"";i:6;s:17:""add-portfolio-tag"";i:7;s:24:""add-testimonial-category"";i:8;s:24:""add-price-table-category"";}"
2,26,nickname,laura.valladolid
2,27,first_name,Laura
2,28,last_name,Valladolid
2,29,description,<blank>
2,30,rich_editing,true
2,31,comment_shortcuts,false
2,32,admin_color,fresh
2,33,use_ssl,0
2,34,show_admin_bar_front,true
2,35,locale,<blank>
2,36,wpi_capabilities,"a:1:{s:13:""administrator"";b:1;}"
2,37,wpi_user_level,10
2,38,dismissed_wp_pointers,<blank>
2,39,session_tokens,"a:3:{s:64:""fffd662a7e51e43b4021708141942d819f7c8c965571a794ecddf7a021eabd2c"";a:4:{s:10:""expiration"";i:1504889234;s:2:""ip"";s:14:""189.141.219.39"";s:2:""ua"";s:109:""Mozilla/5.0 (Windows NT 6.1; WOW64) AppleWebKit/537.36 (KHTML, like Gecko) Chrome/60.0.3112.101 Safari/537.36"";s:5:""login"";i:1503679634;}s:64:""4ab95daf0debd337bcc993911e6c84740149b0177004d1ef6580ec4f621c28aa"";a:4:{s:10:""expiration"";i:1504889240;s:2:""ip"";s:14:""189.141.219.39"";s:2:""ua"";s:109:""Mozilla/5.0 (Windows NT 6.1; WOW64) AppleWebKit/537.36 (KHTML, like Gecko) Chrome/60.0.3112.101 Safari/537.36"";s:5:""login"";i:1503679640;}s:64:""1c10847e6b49605054a03e95c3d70c105f50b322456ac6740e9b7ec8e1153aee"";a:4:{s:10:""expiration"";i:1504889285;s:2:""ip"";s:14:""189.141.219.39"";s:2:""ua"";s:109:""Mozilla/5.0 (Windows NT 6.1; WOW64) AppleWebKit/537.36 (KHTML, like Gecko) Chrome/60.0.3112.101 Safari/537.36"";s:5:""login"";i:1503679685;}}"
2,40,wpi_dashboard_quick_press_last_post_id,144
2,41,community-events-location,"a:1:{s:2:""ip"";s:13:""189.141.207.0"";}"
2,42,closedpostboxes_page,a:0:{}
2,43,metaboxhidden_page,"a:6:{i:0;s:12:""revisionsdiv"";i:1;s:10:""postcustom"";i:2;s:16:""commentstatusdiv"";i:3;s:11:""commentsdiv"";i:4;s:7:""slugdiv"";i:5;s:9:""authordiv"";}"
2,44,wpi_user-settings,libraryContent=browse&editor=tinymce&hidetb=1
2,45,wpi_user-settings-time,1504038296

