meta_id,post_id,meta_key,meta_value
1,2,_wp_page_template,default
4,5,_wp_trash_meta_status,publish
5,5,_wp_trash_meta_time,1501621687
6,6,_wp_trash_meta_status,publish
7,6,_wp_trash_meta_time,1501621941
8,8,_menu_item_type,post_type
9,8,_menu_item_menu_item_parent,0
10,8,_menu_item_object_id,2
11,8,_menu_item_object,page
12,8,_menu_item_target,<blank>
13,8,_menu_item_classes,"a:1:{i:0;s:0:"""";}"
14,8,_menu_item_xfn,<blank>
15,8,_menu_item_url,<blank>
16,7,_wp_trash_meta_status,publish
17,7,_wp_trash_meta_time,1501622019
18,9,_wp_attached_file,2017/08/UNIDAD-DE-ANALISIS-LOGO.png
19,9,_wp_attachment_metadata,"a:5:{s:5:""width"";i:331;s:6:""height"";i:62;s:4:""file"";s:35:""2017/08/UNIDAD-DE-ANALISIS-LOGO.png"";s:5:""sizes"";a:4:{s:9:""thumbnail"";a:4:{s:4:""file"";s:34:""UNIDAD-DE-ANALISIS-LOGO-150x62.png"";s:5:""width"";i:150;s:6:""height"";i:62;s:9:""mime-type"";s:9:""image/png"";}s:6:""medium"";a:4:{s:4:""file"";s:34:""UNIDAD-DE-ANALISIS-LOGO-300x56.png"";s:5:""width"";i:300;s:6:""height"";i:56;s:9:""mime-type"";s:9:""image/png"";}s:7:""150x150"";a:3:{s:4:""file"";s:35:""UNIDAD-DE-ANALISIS-LOGO-150x150.png"";s:5:""width"";i:150;s:6:""height"";i:150;}s:7:""160x110"";a:3:{s:4:""file"";s:35:""UNIDAD-DE-ANALISIS-LOGO-160x110.png"";s:5:""width"";i:160;s:6:""height"";i:110;}}s:10:""image_meta"";a:12:{s:8:""aperture"";s:1:""0"";s:6:""credit"";s:0:"""";s:6:""camera"";s:0:"""";s:7:""caption"";s:0:"""";s:17:""created_timestamp"";s:1:""0"";s:9:""copyright"";s:0:"""";s:12:""focal_length"";s:1:""0"";s:3:""iso"";s:1:""0"";s:13:""shutter_speed"";s:1:""0"";s:5:""title"";s:0:"""";s:11:""orientation"";s:1:""0"";s:8:""keywords"";a:0:{}}}"
20,10,_wp_attached_file,2017/08/UNIDAD-DE-ANALISIS-LOGO-1.png
21,10,_wp_attachment_metadata,"a:5:{s:5:""width"";i:331;s:6:""height"";i:62;s:4:""file"";s:37:""2017/08/UNIDAD-DE-ANALISIS-LOGO-1.png"";s:5:""sizes"";a:4:{s:9:""thumbnail"";a:4:{s:4:""file"";s:36:""UNIDAD-DE-ANALISIS-LOGO-1-150x62.png"";s:5:""width"";i:150;s:6:""height"";i:62;s:9:""mime-type"";s:9:""image/png"";}s:6:""medium"";a:4:{s:4:""file"";s:36:""UNIDAD-DE-ANALISIS-LOGO-1-300x56.png"";s:5:""width"";i:300;s:6:""height"";i:56;s:9:""mime-type"";s:9:""image/png"";}s:7:""150x150"";a:3:{s:4:""file"";s:37:""UNIDAD-DE-ANALISIS-LOGO-1-150x150.png"";s:5:""width"";i:150;s:6:""height"";i:150;}s:7:""160x110"";a:3:{s:4:""file"";s:37:""UNIDAD-DE-ANALISIS-LOGO-1-160x110.png"";s:5:""width"";i:160;s:6:""height"";i:110;}}s:10:""image_meta"";a:12:{s:8:""aperture"";s:1:""0"";s:6:""credit"";s:0:"""";s:6:""camera"";s:0:"""";s:7:""caption"";s:0:"""";s:17:""created_timestamp"";s:1:""0"";s:9:""copyright"";s:0:"""";s:12:""focal_length"";s:1:""0"";s:3:""iso"";s:1:""0"";s:13:""shutter_speed"";s:1:""0"";s:5:""title"";s:0:"""";s:11:""orientation"";s:1:""0"";s:8:""keywords"";a:0:{}}}"
22,11,_edit_last,2
23,11,_edit_lock,1503935494:2
24,11,_wp_page_template,default
25,11,page-option-item-xml,<item-tag></item-tag>
26,11,page-option-enable-background,Yes
27,11,page-option-sidebar-template,right-sidebar
28,11,page-option-choose-left-sidebar,Columna derecha
29,11,page-option-choose-right-sidebar,Columna derecha
30,11,page-option-show-title,Yes
31,11,page-option-show-content,Yes
32,14,_menu_item_type,post_type
33,14,_menu_item_menu_item_parent,0
34,14,_menu_item_object_id,11
35,14,_menu_item_object,page
36,14,_menu_item_target,<blank>
37,14,_menu_item_classes,"a:1:{i:0;s:0:"""";}"
38,14,_menu_item_xfn,<blank>
39,14,_menu_item_url,<blank>
41,15,_edit_last,2
42,15,_wp_page_template,default
43,15,page-option-item-xml,<item-tag></item-tag>
44,15,page-option-enable-background,Yes
45,15,page-option-sidebar-template,right-sidebar
46,15,page-option-choose-left-sidebar,Columna derecha
47,15,page-option-choose-right-sidebar,Columna derecha
48,15,page-option-show-title,Yes
49,15,page-option-show-content,Yes
50,15,_edit_lock,1504037826:2
51,18,_edit_last,2
52,18,_wp_page_template,default
53,18,page-option-item-xml,<item-tag></item-tag>
54,18,page-option-enable-background,Yes
55,18,page-option-sidebar-template,right-sidebar
56,18,page-option-choose-left-sidebar,Columna derecha
57,18,page-option-choose-right-sidebar,Columna derecha
58,18,page-option-show-title,Yes
59,18,page-option-show-content,Yes
60,18,_edit_lock,1504042446:2
61,21,_edit_last,1
62,21,_wp_page_template,default
63,21,page-option-item-xml,<item-tag></item-tag>
64,21,page-option-enable-background,Yes
65,21,page-option-sidebar-template,right-sidebar
66,21,page-option-choose-left-sidebar,Columna derecha
67,21,page-option-choose-right-sidebar,Columna derecha
68,21,page-option-show-title,Yes
69,21,page-option-show-content,Yes
70,21,_edit_lock,1501873914:1
71,24,_edit_last,1
72,24,_wp_page_template,default
73,24,page-option-item-xml,<item-tag><Contact-Form><size>element1-1</size><email>unidadanalisisjalisco@gmail.com</email></Contact-Form></item-tag>
74,24,page-option-enable-background,Yes
75,24,page-option-sidebar-template,no-sidebar
76,24,page-option-choose-left-sidebar,Columna derecha
77,24,page-option-choose-right-sidebar,Columna derecha
78,24,page-option-show-title,Yes
79,24,page-option-show-content,Yes
80,24,_edit_lock,1502902053:1
81,27,_menu_item_type,post_type
82,27,_menu_item_menu_item_parent,0
83,27,_menu_item_object_id,24
84,27,_menu_item_object,page
85,27,_menu_item_target,<blank>
86,27,_menu_item_classes,"a:1:{i:0;s:0:"""";}"
87,27,_menu_item_xfn,<blank>
88,27,_menu_item_url,<blank>
90,28,_menu_item_type,post_type
91,28,_menu_item_menu_item_parent,0
92,28,_menu_item_object_id,21
93,28,_menu_item_object,page
94,28,_menu_item_target,<blank>
95,28,_menu_item_classes,"a:1:{i:0;s:0:"""";}"
96,28,_menu_item_xfn,<blank>
97,28,_menu_item_url,<blank>
99,29,_menu_item_type,post_type
100,29,_menu_item_menu_item_parent,0
101,29,_menu_item_object_id,18
102,29,_menu_item_object,page
103,29,_menu_item_target,<blank>
104,29,_menu_item_classes,"a:1:{i:0;s:0:"""";}"
105,29,_menu_item_xfn,<blank>
106,29,_menu_item_url,<blank>
108,30,_menu_item_type,post_type
109,30,_menu_item_menu_item_parent,0
110,30,_menu_item_object_id,15
111,30,_menu_item_object,page
112,30,_menu_item_target,<blank>
113,30,_menu_item_classes,"a:1:{i:0;s:0:"""";}"
114,30,_menu_item_xfn,<blank>
115,30,_menu_item_url,<blank>
117,31,_edit_last,1
118,31,_wp_page_template,default
119,31,page-option-item-xml,<item-tag></item-tag>
120,31,page-option-enable-background,Yes
121,31,page-option-sidebar-template,no-sidebar
122,31,page-option-choose-left-sidebar,Columna derecha
123,31,page-option-choose-right-sidebar,Columna derecha
124,31,page-option-show-title,Yes
125,31,page-option-show-content,Yes
126,31,_edit_lock,1501880541:1
127,35,_edit_last,1
128,35,_wp_page_template,default
129,35,page-option-item-xml,<item-tag></item-tag>
130,35,page-option-enable-background,Yes
131,35,page-option-sidebar-template,no-sidebar
132,35,page-option-choose-left-sidebar,<blank>
133,35,page-option-choose-right-sidebar,<blank>
134,35,page-option-show-title,Yes
135,35,page-option-show-content,Yes
136,35,_edit_lock,1501880585:1
137,38,_edit_last,1
138,38,_wp_page_template,default
139,38,page-option-item-xml,<item-tag></item-tag>
140,38,page-option-enable-background,Yes
141,38,page-option-sidebar-template,no-sidebar
142,38,page-option-choose-left-sidebar,Columna derecha
143,38,page-option-choose-right-sidebar,Columna derecha
144,38,page-option-show-title,Yes
145,38,page-option-show-content,Yes
146,38,_edit_lock,1502997383:2
165,43,_menu_item_type,post_type
166,43,_menu_item_menu_item_parent,0
167,43,_menu_item_object_id,31
168,43,_menu_item_object,page
169,43,_menu_item_target,<blank>
170,43,_menu_item_classes,"a:1:{i:0;s:0:"""";}"
171,43,_menu_item_xfn,<blank>
172,43,_menu_item_url,<blank>
174,2,_edit_lock,1503944157:2
175,46,_edit_last,2
176,46,_wp_page_template,default
177,46,page-option-item-xml,<item-tag><Slider><size>element1-1</size><slider-type>Flex Slider</slider-type><height>330</height><slider-item><slider><image>54</image><title></title><linktype>Link to URL</linktype><link>http://www.iieg.gob.mx/igualdad/?page_id=2</link><caption></caption></slider><slider><image>122</image><title></title><linktype>No Link</linktype><link></link><caption></caption></slider><slider><image>116</image><title></title><linktype>Link to URL</linktype><link>http://www.iieg.gob.mx/igualdad/?page_id=11</link><caption></caption></slider></slider-item></Slider><Divider><size>element1-1</size><margin-top></margin-top><margin-bottom></margin-bottom></Divider><Slider><size>element1-1</size><slider-type>Flex Slider</slider-type><height>129</height><slider-item><slider><image>119</image><title></title><linktype>Link to URL</linktype><link>http://www.iieg.gob.mx/igualdad/?page_id=2</link><caption></caption></slider></slider-item></Slider></item-tag>
178,46,page-option-enable-background,No
179,46,page-option-sidebar-template,no-sidebar
180,46,page-option-choose-left-sidebar,Columna derecha
181,46,page-option-choose-right-sidebar,Columna derecha
182,46,page-option-show-title,No
183,46,page-option-show-content,Yes
184,46,_edit_lock,1503936401:2
185,49,_menu_item_type,post_type
186,49,_menu_item_menu_item_parent,0
187,49,_menu_item_object_id,46
188,49,_menu_item_object,page
189,49,_menu_item_target,<blank>
190,49,_menu_item_classes,"a:1:{i:0;s:0:"""";}"
191,49,_menu_item_xfn,<blank>
192,49,_menu_item_url,<blank>
194,50,_edit_last,1
195,50,_edit_lock,1503930963:2
196,52,_wp_attached_file,2017/08/sieglogo.png
197,52,_wp_attachment_metadata,"a:5:{s:5:""width"";i:268;s:6:""height"";i:160;s:4:""file"";s:20:""2017/08/sieglogo.png"";s:5:""sizes"";a:3:{s:9:""thumbnail"";a:4:{s:4:""file"";s:20:""sieglogo-150x150.png"";s:5:""width"";i:150;s:6:""height"";i:150;s:9:""mime-type"";s:9:""image/png"";}s:7:""150x150"";a:3:{s:4:""file"";s:20:""sieglogo-150x150.png"";s:5:""width"";i:150;s:6:""height"";i:150;}s:7:""160x110"";a:3:{s:4:""file"";s:20:""sieglogo-160x110.png"";s:5:""width"";i:160;s:6:""height"";i:110;}}s:10:""image_meta"";a:12:{s:8:""aperture"";s:1:""0"";s:6:""credit"";s:0:"""";s:6:""camera"";s:0:"""";s:7:""caption"";s:0:"""";s:17:""created_timestamp"";s:1:""0"";s:9:""copyright"";s:0:"""";s:12:""focal_length"";s:1:""0"";s:3:""iso"";s:1:""0"";s:13:""shutter_speed"";s:1:""0"";s:5:""title"";s:0:"""";s:11:""orientation"";s:1:""0"";s:8:""keywords"";a:0:{}}}"
199,50,post-option-sidebar-template,no-sidebar
200,50,post-option-choose-left-sidebar,Columna derecha
201,50,post-option-choose-right-sidebar,Columna derecha
202,50,post-option-author-info-enabled,Yes
203,50,post-option-social-enabled,Yes
204,50,post-option-thumbnail-types,Image
205,50,post-option-thumbnail-video,<blank>
206,50,post-option-thumbnail-xml,<slider-item></slider-item>
207,50,post-option-inside-thumbnail-types,Image
208,50,post-option-inside-thumbnial-image,<blank>
209,50,post-option-inside-thumbnail-video,<blank>
210,50,post-option-inside-thumbnail-xml,<slider-item></slider-item>
212,54,_wp_attached_file,2017/08/Screen-Shot-2017-08-01-at-5.19.18-PM.png
213,54,_wp_attachment_metadata,"a:5:{s:5:""width"";i:1270;s:6:""height"";i:453;s:4:""file"";s:48:""2017/08/Screen-Shot-2017-08-01-at-5.19.18-PM.png"";s:5:""sizes"";a:9:{s:9:""thumbnail"";a:4:{s:4:""file"";s:48:""Screen-Shot-2017-08-01-at-5.19.18-PM-150x150.png"";s:5:""width"";i:150;s:6:""height"";i:150;s:9:""mime-type"";s:9:""image/png"";}s:6:""medium"";a:4:{s:4:""file"";s:48:""Screen-Shot-2017-08-01-at-5.19.18-PM-300x107.png"";s:5:""width"";i:300;s:6:""height"";i:107;s:9:""mime-type"";s:9:""image/png"";}s:12:""medium_large"";a:4:{s:4:""file"";s:48:""Screen-Shot-2017-08-01-at-5.19.18-PM-768x274.png"";s:5:""width"";i:768;s:6:""height"";i:274;s:9:""mime-type"";s:9:""image/png"";}s:5:""large"";a:4:{s:4:""file"";s:49:""Screen-Shot-2017-08-01-at-5.19.18-PM-1024x365.png"";s:5:""width"";i:1024;s:6:""height"";i:365;s:9:""mime-type"";s:9:""image/png"";}s:7:""150x150"";a:3:{s:4:""file"";s:48:""Screen-Shot-2017-08-01-at-5.19.18-PM-150x150.png"";s:5:""width"";i:150;s:6:""height"";i:150;}s:7:""160x110"";a:3:{s:4:""file"";s:48:""Screen-Shot-2017-08-01-at-5.19.18-PM-160x110.png"";s:5:""width"";i:160;s:6:""height"";i:110;}s:7:""940x330"";a:3:{s:4:""file"";s:48:""Screen-Shot-2017-08-01-at-5.19.18-PM-940x330.png"";s:5:""width"";i:940;s:6:""height"";i:330;}s:7:""420x330"";a:3:{s:4:""file"";s:48:""Screen-Shot-2017-08-01-at-5.19.18-PM-420x330.png"";s:5:""width"";i:420;s:6:""height"";i:330;}s:7:""433x191"";a:3:{s:4:""file"";s:48:""Screen-Shot-2017-08-01-at-5.19.18-PM-433x191.png"";s:5:""width"";i:433;s:6:""height"";i:191;}}s:10:""image_meta"";a:12:{s:8:""aperture"";s:1:""0"";s:6:""credit"";s:0:"""";s:6:""camera"";s:0:"""";s:7:""caption"";s:0:"""";s:17:""created_timestamp"";s:1:""0"";s:9:""copyright"";s:0:"""";s:12:""focal_length"";s:1:""0"";s:3:""iso"";s:1:""0"";s:13:""shutter_speed"";s:1:""0"";s:5:""title"";s:0:"""";s:11:""orientation"";s:1:""0"";s:8:""keywords"";a:0:{}}}"
214,50,_thumbnail_id,54
216,55,_wp_attached_file,2017/08/logo-web.png
217,55,_wp_attachment_metadata,"a:5:{s:5:""width"";i:220;s:6:""height"";i:69;s:4:""file"";s:20:""2017/08/logo-web.png"";s:5:""sizes"";a:3:{s:9:""thumbnail"";a:4:{s:4:""file"";s:19:""logo-web-150x69.png"";s:5:""width"";i:150;s:6:""height"";i:69;s:9:""mime-type"";s:9:""image/png"";}s:7:""150x150"";a:3:{s:4:""file"";s:20:""logo-web-150x150.png"";s:5:""width"";i:150;s:6:""height"";i:150;}s:7:""160x110"";a:3:{s:4:""file"";s:20:""logo-web-160x110.png"";s:5:""width"";i:160;s:6:""height"";i:110;}}s:10:""image_meta"";a:12:{s:8:""aperture"";s:1:""0"";s:6:""credit"";s:0:"""";s:6:""camera"";s:0:"""";s:7:""caption"";s:0:"""";s:17:""created_timestamp"";s:1:""0"";s:9:""copyright"";s:0:"""";s:12:""focal_length"";s:1:""0"";s:3:""iso"";s:1:""0"";s:13:""shutter_speed"";s:1:""0"";s:5:""title"";s:0:"""";s:11:""orientation"";s:1:""0"";s:8:""keywords"";a:0:{}}}"
220,57,_wp_attached_file,2017/08/default-logo.png
221,57,_wp_attachment_metadata,"a:5:{s:5:""width"";i:266;s:6:""height"";i:53;s:4:""file"";s:24:""2017/08/default-logo.png"";s:5:""sizes"";a:3:{s:9:""thumbnail"";a:4:{s:4:""file"";s:23:""default-logo-150x53.png"";s:5:""width"";i:150;s:6:""height"";i:53;s:9:""mime-type"";s:9:""image/png"";}s:7:""150x150"";a:3:{s:4:""file"";s:24:""default-logo-150x150.png"";s:5:""width"";i:150;s:6:""height"";i:150;}s:7:""160x110"";a:3:{s:4:""file"";s:24:""default-logo-160x110.png"";s:5:""width"";i:160;s:6:""height"";i:110;}}s:10:""image_meta"";a:12:{s:8:""aperture"";s:1:""0"";s:6:""credit"";s:0:"""";s:6:""camera"";s:0:"""";s:7:""caption"";s:0:"""";s:17:""created_timestamp"";s:1:""0"";s:9:""copyright"";s:0:"""";s:12:""focal_length"";s:1:""0"";s:3:""iso"";s:1:""0"";s:13:""shutter_speed"";s:1:""0"";s:5:""title"";s:0:"""";s:11:""orientation"";s:1:""0"";s:8:""keywords"";a:0:{}}}"
228,65,_wp_attached_file,2017/08/instituciones-logos.png
229,65,_wp_attachment_metadata,"a:5:{s:5:""width"";i:940;s:6:""height"";i:129;s:4:""file"";s:31:""2017/08/instituciones-logos.png"";s:5:""sizes"";a:6:{s:9:""thumbnail"";a:4:{s:4:""file"";s:31:""instituciones-logos-150x129.png"";s:5:""width"";i:150;s:6:""height"";i:129;s:9:""mime-type"";s:9:""image/png"";}s:6:""medium"";a:4:{s:4:""file"";s:30:""instituciones-logos-300x41.png"";s:5:""width"";i:300;s:6:""height"";i:41;s:9:""mime-type"";s:9:""image/png"";}s:12:""medium_large"";a:4:{s:4:""file"";s:31:""instituciones-logos-768x105.png"";s:5:""width"";i:768;s:6:""height"";i:105;s:9:""mime-type"";s:9:""image/png"";}s:7:""150x150"";a:3:{s:4:""file"";s:31:""instituciones-logos-150x150.png"";s:5:""width"";i:150;s:6:""height"";i:150;}s:7:""160x110"";a:3:{s:4:""file"";s:31:""instituciones-logos-160x110.png"";s:5:""width"";i:160;s:6:""height"";i:110;}s:7:""940x129"";a:3:{s:4:""file"";s:31:""instituciones-logos-940x129.png"";s:5:""width"";i:940;s:6:""height"";i:129;}}s:10:""image_meta"";a:12:{s:8:""aperture"";s:1:""0"";s:6:""credit"";s:0:"""";s:6:""camera"";s:0:"""";s:7:""caption"";s:0:"""";s:17:""created_timestamp"";s:1:""0"";s:9:""copyright"";s:0:"""";s:12:""focal_length"";s:1:""0"";s:3:""iso"";s:1:""0"";s:13:""shutter_speed"";s:1:""0"";s:5:""title"";s:0:"""";s:11:""orientation"";s:1:""0"";s:8:""keywords"";a:0:{}}}"
230,2,_edit_last,2
231,2,page-option-item-xml,<item-tag><Portfolio><size>element1-1</size><header>Integrantes</header><item-size>1/4</item-size><category>Integrantes</category><filterable>No</filterable><num-fetch>9</num-fetch><show-title>Yes</show-title><show-excerpt>Yes</show-excerpt><num-excerpt>120</num-excerpt><pagination>No</pagination></Portfolio></item-tag>
232,2,page-option-enable-background,Yes
233,2,page-option-sidebar-template,no-sidebar
234,2,page-option-choose-left-sidebar,Columna derecha
235,2,page-option-choose-right-sidebar,Columna derecha
236,2,page-option-show-title,Yes
237,2,page-option-show-content,Yes
238,69,_edit_last,1
239,69,_edit_lock,1501872384:1
240,71,_wp_attached_file,2017/08/cepal.png
241,71,_wp_attachment_metadata,"a:5:{s:5:""width"";i:206;s:6:""height"";i:208;s:4:""file"";s:17:""2017/08/cepal.png"";s:5:""sizes"";a:4:{s:9:""thumbnail"";a:4:{s:4:""file"";s:17:""cepal-150x150.png"";s:5:""width"";i:150;s:6:""height"";i:150;s:9:""mime-type"";s:9:""image/png"";}s:7:""150x150"";a:3:{s:4:""file"";s:17:""cepal-150x150.png"";s:5:""width"";i:150;s:6:""height"";i:150;}s:7:""160x110"";a:3:{s:4:""file"";s:17:""cepal-160x110.png"";s:5:""width"";i:160;s:6:""height"";i:110;}s:7:""386x386"";a:3:{s:4:""file"";s:17:""cepal-386x386.png"";s:5:""width"";i:386;s:6:""height"";i:386;}}s:10:""image_meta"";a:12:{s:8:""aperture"";s:1:""0"";s:6:""credit"";s:0:"""";s:6:""camera"";s:0:"""";s:7:""caption"";s:0:"""";s:17:""created_timestamp"";s:1:""0"";s:9:""copyright"";s:0:"""";s:12:""focal_length"";s:1:""0"";s:3:""iso"";s:1:""0"";s:13:""shutter_speed"";s:1:""0"";s:5:""title"";s:0:"""";s:11:""orientation"";s:1:""0"";s:8:""keywords"";a:0:{}}}"
242,72,_wp_attached_file,2017/08/iieg.png
243,72,_wp_attachment_metadata,"a:5:{s:5:""width"";i:206;s:6:""height"";i:208;s:4:""file"";s:16:""2017/08/iieg.png"";s:5:""sizes"";a:5:{s:9:""thumbnail"";a:4:{s:4:""file"";s:16:""iieg-150x150.png"";s:5:""width"";i:150;s:6:""height"";i:150;s:9:""mime-type"";s:9:""image/png"";}s:7:""150x150"";a:3:{s:4:""file"";s:16:""iieg-150x150.png"";s:5:""width"";i:150;s:6:""height"";i:150;}s:7:""160x110"";a:3:{s:4:""file"";s:16:""iieg-160x110.png"";s:5:""width"";i:160;s:6:""height"";i:110;}s:7:""386x386"";a:3:{s:4:""file"";s:16:""iieg-386x386.png"";s:5:""width"";i:386;s:6:""height"";i:386;}s:7:""433x191"";a:3:{s:4:""file"";s:16:""iieg-433x191.png"";s:5:""width"";i:433;s:6:""height"";i:191;}}s:10:""image_meta"";a:12:{s:8:""aperture"";s:1:""0"";s:6:""credit"";s:0:"""";s:6:""camera"";s:0:"""";s:7:""caption"";s:0:"""";s:17:""created_timestamp"";s:1:""0"";s:9:""copyright"";s:0:"""";s:12:""focal_length"";s:1:""0"";s:3:""iso"";s:1:""0"";s:13:""shutter_speed"";s:1:""0"";s:5:""title"";s:0:"""";s:11:""orientation"";s:1:""0"";s:8:""keywords"";a:0:{}}}"
244,73,_wp_attached_file,2017/08/inegi.png
245,73,_wp_attachment_metadata,"a:5:{s:5:""width"";i:206;s:6:""height"";i:208;s:4:""file"";s:17:""2017/08/inegi.png"";s:5:""sizes"";a:4:{s:9:""thumbnail"";a:4:{s:4:""file"";s:17:""inegi-150x150.png"";s:5:""width"";i:150;s:6:""height"";i:150;s:9:""mime-type"";s:9:""image/png"";}s:7:""150x150"";a:3:{s:4:""file"";s:17:""inegi-150x150.png"";s:5:""width"";i:150;s:6:""height"";i:150;}s:7:""160x110"";a:3:{s:4:""file"";s:17:""inegi-160x110.png"";s:5:""width"";i:160;s:6:""height"";i:110;}s:7:""386x386"";a:3:{s:4:""file"";s:17:""inegi-386x386.png"";s:5:""width"";i:386;s:6:""height"";i:386;}}s:10:""image_meta"";a:12:{s:8:""aperture"";s:1:""0"";s:6:""credit"";s:0:"""";s:6:""camera"";s:0:"""";s:7:""caption"";s:0:"""";s:17:""created_timestamp"";s:1:""0"";s:9:""copyright"";s:0:"""";s:12:""focal_length"";s:1:""0"";s:3:""iso"";s:1:""0"";s:13:""shutter_speed"";s:1:""0"";s:5:""title"";s:0:"""";s:11:""orientation"";s:1:""0"";s:8:""keywords"";a:0:{}}}"
246,74,_wp_attached_file,2017/08/insyde.png
247,74,_wp_attachment_metadata,"a:5:{s:5:""width"";i:206;s:6:""height"";i:208;s:4:""file"";s:18:""2017/08/insyde.png"";s:5:""sizes"";a:4:{s:9:""thumbnail"";a:4:{s:4:""file"";s:18:""insyde-150x150.png"";s:5:""width"";i:150;s:6:""height"";i:150;s:9:""mime-type"";s:9:""image/png"";}s:7:""150x150"";a:3:{s:4:""file"";s:18:""insyde-150x150.png"";s:5:""width"";i:150;s:6:""height"";i:150;}s:7:""160x110"";a:3:{s:4:""file"";s:18:""insyde-160x110.png"";s:5:""width"";i:160;s:6:""height"";i:110;}s:7:""386x386"";a:3:{s:4:""file"";s:18:""insyde-386x386.png"";s:5:""width"";i:386;s:6:""height"";i:386;}}s:10:""image_meta"";a:12:{s:8:""aperture"";s:1:""0"";s:6:""credit"";s:0:"""";s:6:""camera"";s:0:"""";s:7:""caption"";s:0:"""";s:17:""created_timestamp"";s:1:""0"";s:9:""copyright"";s:0:"""";s:12:""focal_length"";s:1:""0"";s:3:""iso"";s:1:""0"";s:13:""shutter_speed"";s:1:""0"";s:5:""title"";s:0:"""";s:11:""orientation"";s:1:""0"";s:8:""keywords"";a:0:{}}}"
248,75,_wp_attached_file,2017/08/integrante.png
249,75,_wp_attachment_metadata,"a:5:{s:5:""width"";i:206;s:6:""height"";i:208;s:4:""file"";s:22:""2017/08/integrante.png"";s:5:""sizes"";a:4:{s:9:""thumbnail"";a:4:{s:4:""file"";s:22:""integrante-150x150.png"";s:5:""width"";i:150;s:6:""height"";i:150;s:9:""mime-type"";s:9:""image/png"";}s:7:""150x150"";a:3:{s:4:""file"";s:22:""integrante-150x150.png"";s:5:""width"";i:150;s:6:""height"";i:150;}s:7:""160x110"";a:3:{s:4:""file"";s:22:""integrante-160x110.png"";s:5:""width"";i:160;s:6:""height"";i:110;}s:7:""386x386"";a:3:{s:4:""file"";s:22:""integrante-386x386.png"";s:5:""width"";i:386;s:6:""height"";i:386;}}s:10:""image_meta"";a:12:{s:8:""aperture"";s:1:""0"";s:6:""credit"";s:0:"""";s:6:""camera"";s:0:"""";s:7:""caption"";s:0:"""";s:17:""created_timestamp"";s:1:""0"";s:9:""copyright"";s:0:"""";s:12:""focal_length"";s:1:""0"";s:3:""iso"";s:1:""0"";s:13:""shutter_speed"";s:1:""0"";s:5:""title"";s:0:"""";s:11:""orientation"";s:1:""0"";s:8:""keywords"";a:0:{}}}"
251,77,_wp_attached_file,2017/08/jaliscocomovamos.png
252,77,_wp_attachment_metadata,"a:5:{s:5:""width"";i:206;s:6:""height"";i:208;s:4:""file"";s:28:""2017/08/jaliscocomovamos.png"";s:5:""sizes"";a:4:{s:9:""thumbnail"";a:4:{s:4:""file"";s:28:""jaliscocomovamos-150x150.png"";s:5:""width"";i:150;s:6:""height"";i:150;s:9:""mime-type"";s:9:""image/png"";}s:7:""150x150"";a:3:{s:4:""file"";s:28:""jaliscocomovamos-150x150.png"";s:5:""width"";i:150;s:6:""height"";i:150;}s:7:""160x110"";a:3:{s:4:""file"";s:28:""jaliscocomovamos-160x110.png"";s:5:""width"";i:160;s:6:""height"";i:110;}s:7:""386x386"";a:3:{s:4:""file"";s:28:""jaliscocomovamos-386x386.png"";s:5:""width"";i:386;s:6:""height"";i:386;}}s:10:""image_meta"";a:12:{s:8:""aperture"";s:1:""0"";s:6:""credit"";s:0:"""";s:6:""camera"";s:0:"""";s:7:""caption"";s:0:"""";s:17:""created_timestamp"";s:1:""0"";s:9:""copyright"";s:0:"""";s:12:""focal_length"";s:1:""0"";s:3:""iso"";s:1:""0"";s:13:""shutter_speed"";s:1:""0"";s:5:""title"";s:0:"""";s:11:""orientation"";s:1:""0"";s:8:""keywords"";a:0:{}}}"
253,78,_wp_attached_file,2017/08/usaid.png
254,78,_wp_attachment_metadata,"a:5:{s:5:""width"";i:206;s:6:""height"";i:208;s:4:""file"";s:17:""2017/08/usaid.png"";s:5:""sizes"";a:4:{s:9:""thumbnail"";a:4:{s:4:""file"";s:17:""usaid-150x150.png"";s:5:""width"";i:150;s:6:""height"";i:150;s:9:""mime-type"";s:9:""image/png"";}s:7:""150x150"";a:3:{s:4:""file"";s:17:""usaid-150x150.png"";s:5:""width"";i:150;s:6:""height"";i:150;}s:7:""160x110"";a:3:{s:4:""file"";s:17:""usaid-160x110.png"";s:5:""width"";i:160;s:6:""height"";i:110;}s:7:""386x386"";a:3:{s:4:""file"";s:17:""usaid-386x386.png"";s:5:""width"";i:386;s:6:""height"";i:386;}}s:10:""image_meta"";a:12:{s:8:""aperture"";s:1:""0"";s:6:""credit"";s:0:"""";s:6:""camera"";s:0:"""";s:7:""caption"";s:0:"""";s:17:""created_timestamp"";s:1:""0"";s:9:""copyright"";s:0:"""";s:12:""focal_length"";s:1:""0"";s:3:""iso"";s:1:""0"";s:13:""shutter_speed"";s:1:""0"";s:5:""title"";s:0:"""";s:11:""orientation"";s:1:""0"";s:8:""keywords"";a:0:{}}}"
255,69,_thumbnail_id,77
256,69,post-option-sidebar-template,no-sidebar
257,69,post-option-choose-left-sidebar,Columna derecha
258,69,post-option-choose-right-sidebar,Columna derecha
259,69,post-option-author-info-enabled,Yes
260,69,post-option-social-enabled,No
261,69,post-option-thumbnail-types,Image
262,69,post-option-featured-image-type,Link to Current Post
263,69,post-option-featured-image-url,<blank>
264,69,post-option-thumbnail-video,<blank>
265,69,post-option-thumbnail-xml,<slider-item></slider-item>
266,69,post-option-inside-thumbnail-types,Image
267,69,post-option-inside-thumbnial-image,<blank>
268,69,post-option-inside-thumbnail-video,<blank>
269,69,post-option-inside-thumbnail-xml,<slider-item></slider-item>
270,79,_edit_last,2
271,79,_edit_lock,1503940284:2
272,79,_thumbnail_id,72
273,79,post-option-sidebar-template,no-sidebar
274,79,post-option-choose-left-sidebar,Columna derecha
275,79,post-option-choose-right-sidebar,Columna derecha
276,79,post-option-author-info-enabled,Yes
277,79,post-option-social-enabled,No
278,79,post-option-thumbnail-types,Image
279,79,post-option-featured-image-type,Link to Current Post
280,79,post-option-featured-image-url,<blank>
281,79,post-option-thumbnail-video,<blank>
282,79,post-option-thumbnail-xml,<slider-item></slider-item>
283,79,post-option-inside-thumbnail-types,Image
284,79,post-option-inside-thumbnial-image,<blank>
285,79,post-option-inside-thumbnail-video,<blank>
286,79,post-option-inside-thumbnail-xml,<slider-item></slider-item>
287,81,_edit_last,1
288,81,_edit_lock,1501872510:1
289,81,_thumbnail_id,73
290,81,post-option-sidebar-template,no-sidebar
291,81,post-option-choose-left-sidebar,Columna derecha
292,81,post-option-choose-right-sidebar,Columna derecha
293,81,post-option-author-info-enabled,Yes
294,81,post-option-social-enabled,No
295,81,post-option-thumbnail-types,Image
296,81,post-option-featured-image-type,Link to Current Post
297,81,post-option-featured-image-url,<blank>
298,81,post-option-thumbnail-video,<blank>
299,81,post-option-thumbnail-xml,<slider-item></slider-item>
300,81,post-option-inside-thumbnail-types,Image
301,81,post-option-inside-thumbnial-image,<blank>
302,81,post-option-inside-thumbnail-video,<blank>
303,81,post-option-inside-thumbnail-xml,<slider-item></slider-item>
304,83,_edit_last,1
305,83,_edit_lock,1501872786:1
306,83,_thumbnail_id,71
307,83,post-option-sidebar-template,no-sidebar
308,83,post-option-choose-left-sidebar,Columna derecha
309,83,post-option-choose-right-sidebar,Columna derecha
310,83,post-option-author-info-enabled,Yes
311,83,post-option-social-enabled,No
312,83,post-option-thumbnail-types,Image
313,83,post-option-featured-image-type,Link to Current Post
314,83,post-option-featured-image-url,<blank>
315,83,post-option-thumbnail-video,<blank>
316,83,post-option-thumbnail-xml,<slider-item></slider-item>
317,83,post-option-inside-thumbnail-types,Image
318,83,post-option-inside-thumbnial-image,<blank>
319,83,post-option-inside-thumbnail-video,<blank>
320,83,post-option-inside-thumbnail-xml,<slider-item></slider-item>
321,85,_edit_last,1
322,85,_thumbnail_id,78
323,85,post-option-sidebar-template,no-sidebar
324,85,post-option-choose-left-sidebar,Columna derecha
325,85,post-option-choose-right-sidebar,Columna derecha
326,85,post-option-author-info-enabled,Yes
327,85,post-option-social-enabled,No
328,85,post-option-thumbnail-types,Image
329,85,post-option-featured-image-type,Link to Current Post
330,85,post-option-featured-image-url,<blank>
331,85,post-option-thumbnail-video,<blank>
332,85,post-option-thumbnail-xml,<slider-item></slider-item>
333,85,post-option-inside-thumbnail-types,Image
334,85,post-option-inside-thumbnial-image,<blank>
335,85,post-option-inside-thumbnail-video,<blank>
336,85,post-option-inside-thumbnail-xml,<slider-item></slider-item>
337,85,_edit_lock,1501872421:1
338,87,_edit_last,1
339,87,_edit_lock,1501872592:1
340,87,_thumbnail_id,74
341,87,post-option-sidebar-template,no-sidebar
342,87,post-option-choose-left-sidebar,Columna derecha
343,87,post-option-choose-right-sidebar,Columna derecha
344,87,post-option-author-info-enabled,Yes
345,87,post-option-social-enabled,No
346,87,post-option-thumbnail-types,Image
347,87,post-option-featured-image-type,Link to Current Post
348,87,post-option-featured-image-url,<blank>
349,87,post-option-thumbnail-video,<blank>
350,87,post-option-thumbnail-xml,<slider-item></slider-item>
351,87,post-option-inside-thumbnail-types,Image
352,87,post-option-inside-thumbnial-image,<blank>
353,87,post-option-inside-thumbnail-video,<blank>
354,87,post-option-inside-thumbnail-xml,<slider-item></slider-item>
355,89,_edit_last,2
356,89,_edit_lock,1503938783:2
357,89,_thumbnail_id,93
358,89,post-option-sidebar-template,no-sidebar
359,89,post-option-choose-left-sidebar,Columna derecha
360,89,post-option-choose-right-sidebar,Columna derecha
361,89,post-option-author-info-enabled,Yes
362,89,post-option-social-enabled,No
363,89,post-option-thumbnail-types,Image
364,89,post-option-featured-image-type,Link to Current Post
365,89,post-option-featured-image-url,<blank>
366,89,post-option-thumbnail-video,<blank>
367,89,post-option-thumbnail-xml,<slider-item></slider-item>
368,89,post-option-inside-thumbnail-types,Image
369,89,post-option-inside-thumbnial-image,<blank>
370,89,post-option-inside-thumbnail-video,<blank>
371,89,post-option-inside-thumbnail-xml,<slider-item></slider-item>
372,91,_edit_last,1
373,91,_edit_lock,1502127969:1
374,91,_thumbnail_id,75
375,91,post-option-sidebar-template,no-sidebar
376,91,post-option-choose-left-sidebar,Columna derecha
377,91,post-option-choose-right-sidebar,Columna derecha
378,91,post-option-author-info-enabled,Yes
379,91,post-option-social-enabled,No
380,91,post-option-thumbnail-types,Image
381,91,post-option-featured-image-type,Link to Current Post
382,91,post-option-featured-image-url,<blank>
383,91,post-option-thumbnail-video,<blank>
384,91,post-option-thumbnail-xml,<slider-item></slider-item>
385,91,post-option-inside-thumbnail-types,Image
386,91,post-option-inside-thumbnial-image,<blank>
387,91,post-option-inside-thumbnail-video,<blank>
388,91,post-option-inside-thumbnail-xml,<slider-item></slider-item>
389,93,_wp_attached_file,2017/08/ijm.png
390,93,_wp_attachment_metadata,"a:5:{s:5:""width"";i:206;s:6:""height"";i:208;s:4:""file"";s:15:""2017/08/ijm.png"";s:5:""sizes"";a:5:{s:9:""thumbnail"";a:4:{s:4:""file"";s:15:""ijm-150x150.png"";s:5:""width"";i:150;s:6:""height"";i:150;s:9:""mime-type"";s:9:""image/png"";}s:7:""150x150"";a:3:{s:4:""file"";s:15:""ijm-150x150.png"";s:5:""width"";i:150;s:6:""height"";i:150;}s:7:""160x110"";a:3:{s:4:""file"";s:15:""ijm-160x110.png"";s:5:""width"";i:160;s:6:""height"";i:110;}s:7:""386x386"";a:3:{s:4:""file"";s:15:""ijm-386x386.png"";s:5:""width"";i:386;s:6:""height"";i:386;}s:7:""433x191"";a:3:{s:4:""file"";s:15:""ijm-433x191.png"";s:5:""width"";i:433;s:6:""height"";i:191;}}s:10:""image_meta"";a:12:{s:8:""aperture"";s:1:""0"";s:6:""credit"";s:0:"""";s:6:""camera"";s:0:"""";s:7:""caption"";s:0:"""";s:17:""created_timestamp"";s:1:""0"";s:9:""copyright"";s:0:"""";s:12:""focal_length"";s:1:""0"";s:3:""iso"";s:1:""0"";s:13:""shutter_speed"";s:1:""0"";s:5:""title"";s:0:"""";s:11:""orientation"";s:1:""0"";s:8:""keywords"";a:0:{}}}"
391,105,_wp_attached_file,2017/08/unidad-analisis-logo.png
392,105,_wp_attachment_metadata,"a:5:{s:5:""width"";i:611;s:6:""height"";i:62;s:4:""file"";s:32:""2017/08/unidad-analisis-logo.png"";s:5:""sizes"";a:4:{s:9:""thumbnail"";a:4:{s:4:""file"";s:31:""unidad-analisis-logo-150x62.png"";s:5:""width"";i:150;s:6:""height"";i:62;s:9:""mime-type"";s:9:""image/png"";}s:6:""medium"";a:4:{s:4:""file"";s:31:""unidad-analisis-logo-300x30.png"";s:5:""width"";i:300;s:6:""height"";i:30;s:9:""mime-type"";s:9:""image/png"";}s:7:""150x150"";a:3:{s:4:""file"";s:32:""unidad-analisis-logo-150x150.png"";s:5:""width"";i:150;s:6:""height"";i:150;}s:7:""160x110"";a:3:{s:4:""file"";s:32:""unidad-analisis-logo-160x110.png"";s:5:""width"";i:160;s:6:""height"";i:110;}}s:10:""image_meta"";a:12:{s:8:""aperture"";s:1:""0"";s:6:""credit"";s:0:"""";s:6:""camera"";s:0:"""";s:7:""caption"";s:0:"""";s:17:""created_timestamp"";s:1:""0"";s:9:""copyright"";s:0:"""";s:12:""focal_length"";s:1:""0"";s:3:""iso"";s:1:""0"";s:13:""shutter_speed"";s:1:""0"";s:5:""title"";s:0:"""";s:11:""orientation"";s:1:""0"";s:8:""keywords"";a:0:{}}}"
398,108,_menu_item_type,custom
399,108,_menu_item_menu_item_parent,0
400,108,_menu_item_object_id,108
401,108,_menu_item_object,custom
402,108,_menu_item_target,<blank>
403,108,_menu_item_classes,"a:1:{i:0;s:0:"""";}"
404,108,_menu_item_xfn,<blank>
405,108,_menu_item_url,http://ijm.gob.mx/
407,109,_menu_item_type,custom
408,109,_menu_item_menu_item_parent,0
409,109,_menu_item_object_id,109
410,109,_menu_item_object,custom
411,109,_menu_item_target,<blank>
412,109,_menu_item_classes,"a:1:{i:0;s:0:"""";}"
413,109,_menu_item_xfn,<blank>
414,109,_menu_item_url,http://www.iieg.gob.mx/igualdad/?page_id=24
419,111,_wp_attached_file,2017/08/linea-mujer.png
420,111,_wp_attachment_metadata,"a:5:{s:5:""width"";i:100;s:6:""height"";i:105;s:4:""file"";s:23:""2017/08/linea-mujer.png"";s:5:""sizes"";a:2:{s:7:""150x150"";a:3:{s:4:""file"";s:23:""linea-mujer-150x150.png"";s:5:""width"";i:150;s:6:""height"";i:150;}s:7:""160x110"";a:3:{s:4:""file"";s:23:""linea-mujer-160x110.png"";s:5:""width"";i:160;s:6:""height"";i:110;}}s:10:""image_meta"";a:12:{s:8:""aperture"";s:1:""0"";s:6:""credit"";s:0:"""";s:6:""camera"";s:0:"""";s:7:""caption"";s:0:"""";s:17:""created_timestamp"";s:1:""0"";s:9:""copyright"";s:0:"""";s:12:""focal_length"";s:1:""0"";s:3:""iso"";s:1:""0"";s:13:""shutter_speed"";s:1:""0"";s:5:""title"";s:0:"""";s:11:""orientation"";s:1:""0"";s:8:""keywords"";a:0:{}}}"
421,112,_wp_attached_file,2017/08/jalisco.png
422,112,_wp_attachment_metadata,"a:5:{s:5:""width"";i:100;s:6:""height"";i:100;s:4:""file"";s:19:""2017/08/jalisco.png"";s:5:""sizes"";a:2:{s:7:""150x150"";a:3:{s:4:""file"";s:19:""jalisco-150x150.png"";s:5:""width"";i:150;s:6:""height"";i:150;}s:7:""160x110"";a:3:{s:4:""file"";s:19:""jalisco-160x110.png"";s:5:""width"";i:160;s:6:""height"";i:110;}}s:10:""image_meta"";a:12:{s:8:""aperture"";s:1:""0"";s:6:""credit"";s:0:"""";s:6:""camera"";s:0:"""";s:7:""caption"";s:0:"""";s:17:""created_timestamp"";s:1:""0"";s:9:""copyright"";s:0:"""";s:12:""focal_length"";s:1:""0"";s:3:""iso"";s:1:""0"";s:13:""shutter_speed"";s:1:""0"";s:5:""title"";s:0:"""";s:11:""orientation"";s:1:""0"";s:8:""keywords"";a:0:{}}}"
423,2,_thumbnail_id,54
424,116,_wp_attached_file,2017/08/banner-ijm.png
425,116,_wp_attachment_metadata,"a:5:{s:5:""width"";i:942;s:6:""height"";i:331;s:4:""file"";s:22:""2017/08/banner-ijm.png"";s:5:""sizes"";a:6:{s:9:""thumbnail"";a:4:{s:4:""file"";s:22:""banner-ijm-150x150.png"";s:5:""width"";i:150;s:6:""height"";i:150;s:9:""mime-type"";s:9:""image/png"";}s:6:""medium"";a:4:{s:4:""file"";s:22:""banner-ijm-300x105.png"";s:5:""width"";i:300;s:6:""height"";i:105;s:9:""mime-type"";s:9:""image/png"";}s:12:""medium_large"";a:4:{s:4:""file"";s:22:""banner-ijm-768x270.png"";s:5:""width"";i:768;s:6:""height"";i:270;s:9:""mime-type"";s:9:""image/png"";}s:7:""150x150"";a:3:{s:4:""file"";s:22:""banner-ijm-150x150.png"";s:5:""width"";i:150;s:6:""height"";i:150;}s:7:""160x110"";a:3:{s:4:""file"";s:22:""banner-ijm-160x110.png"";s:5:""width"";i:160;s:6:""height"";i:110;}s:7:""940x330"";a:3:{s:4:""file"";s:22:""banner-ijm-940x330.png"";s:5:""width"";i:940;s:6:""height"";i:330;}}s:10:""image_meta"";a:12:{s:8:""aperture"";s:1:""0"";s:6:""credit"";s:0:"""";s:6:""camera"";s:0:"""";s:7:""caption"";s:0:"""";s:17:""created_timestamp"";s:1:""0"";s:9:""copyright"";s:0:"""";s:12:""focal_length"";s:1:""0"";s:3:""iso"";s:1:""0"";s:13:""shutter_speed"";s:1:""0"";s:5:""title"";s:0:"""";s:11:""orientation"";s:1:""0"";s:8:""keywords"";a:0:{}}}"
426,118,_wp_attached_file,2017/08/slider-iieg.jpg
427,118,_wp_attachment_metadata,"a:5:{s:5:""width"";i:940;s:6:""height"";i:330;s:4:""file"";s:23:""2017/08/slider-iieg.jpg"";s:5:""sizes"";a:6:{s:9:""thumbnail"";a:4:{s:4:""file"";s:23:""slider-iieg-150x150.jpg"";s:5:""width"";i:150;s:6:""height"";i:150;s:9:""mime-type"";s:10:""image/jpeg"";}s:6:""medium"";a:4:{s:4:""file"";s:23:""slider-iieg-300x105.jpg"";s:5:""width"";i:300;s:6:""height"";i:105;s:9:""mime-type"";s:10:""image/jpeg"";}s:12:""medium_large"";a:4:{s:4:""file"";s:23:""slider-iieg-768x270.jpg"";s:5:""width"";i:768;s:6:""height"";i:270;s:9:""mime-type"";s:10:""image/jpeg"";}s:7:""150x150"";a:3:{s:4:""file"";s:23:""slider-iieg-150x150.jpg"";s:5:""width"";i:150;s:6:""height"";i:150;}s:7:""160x110"";a:3:{s:4:""file"";s:23:""slider-iieg-160x110.jpg"";s:5:""width"";i:160;s:6:""height"";i:110;}s:7:""940x330"";a:3:{s:4:""file"";s:23:""slider-iieg-940x330.jpg"";s:5:""width"";i:940;s:6:""height"";i:330;}}s:10:""image_meta"";a:12:{s:8:""aperture"";s:1:""0"";s:6:""credit"";s:0:"""";s:6:""camera"";s:0:"""";s:7:""caption"";s:0:"""";s:17:""created_timestamp"";s:1:""0"";s:9:""copyright"";s:0:"""";s:12:""focal_length"";s:1:""0"";s:3:""iso"";s:1:""0"";s:13:""shutter_speed"";s:1:""0"";s:5:""title"";s:0:"""";s:11:""orientation"";s:1:""0"";s:8:""keywords"";a:0:{}}}"
428,119,_wp_attached_file,2017/08/instituciones-logos-940x129-b.png
429,119,_wp_attachment_metadata,"a:5:{s:5:""width"";i:940;s:6:""height"";i:129;s:4:""file"";s:41:""2017/08/instituciones-logos-940x129-b.png"";s:5:""sizes"";a:6:{s:9:""thumbnail"";a:4:{s:4:""file"";s:41:""instituciones-logos-940x129-b-150x129.png"";s:5:""width"";i:150;s:6:""height"";i:129;s:9:""mime-type"";s:9:""image/png"";}s:6:""medium"";a:4:{s:4:""file"";s:40:""instituciones-logos-940x129-b-300x41.png"";s:5:""width"";i:300;s:6:""height"";i:41;s:9:""mime-type"";s:9:""image/png"";}s:12:""medium_large"";a:4:{s:4:""file"";s:41:""instituciones-logos-940x129-b-768x105.png"";s:5:""width"";i:768;s:6:""height"";i:105;s:9:""mime-type"";s:9:""image/png"";}s:7:""150x150"";a:3:{s:4:""file"";s:41:""instituciones-logos-940x129-b-150x150.png"";s:5:""width"";i:150;s:6:""height"";i:150;}s:7:""160x110"";a:3:{s:4:""file"";s:41:""instituciones-logos-940x129-b-160x110.png"";s:5:""width"";i:160;s:6:""height"";i:110;}s:7:""940x129"";a:3:{s:4:""file"";s:41:""instituciones-logos-940x129-b-940x129.png"";s:5:""width"";i:940;s:6:""height"";i:129;}}s:10:""image_meta"";a:12:{s:8:""aperture"";s:1:""0"";s:6:""credit"";s:0:"""";s:6:""camera"";s:0:"""";s:7:""caption"";s:0:"""";s:17:""created_timestamp"";s:1:""0"";s:9:""copyright"";s:0:"""";s:12:""focal_length"";s:1:""0"";s:3:""iso"";s:1:""0"";s:13:""shutter_speed"";s:1:""0"";s:5:""title"";s:0:"""";s:11:""orientation"";s:1:""0"";s:8:""keywords"";a:0:{}}}"
430,120,_wp_attached_file,2017/08/unidad-analisis-logo-b.png
431,120,_wp_attachment_metadata,"a:5:{s:5:""width"";i:766;s:6:""height"";i:62;s:4:""file"";s:34:""2017/08/unidad-analisis-logo-b.png"";s:5:""sizes"";a:5:{s:9:""thumbnail"";a:4:{s:4:""file"";s:33:""unidad-analisis-logo-b-150x62.png"";s:5:""width"";i:150;s:6:""height"";i:62;s:9:""mime-type"";s:9:""image/png"";}s:6:""medium"";a:4:{s:4:""file"";s:33:""unidad-analisis-logo-b-300x24.png"";s:5:""width"";i:300;s:6:""height"";i:24;s:9:""mime-type"";s:9:""image/png"";}s:7:""150x150"";a:3:{s:4:""file"";s:34:""unidad-analisis-logo-b-150x150.png"";s:5:""width"";i:150;s:6:""height"";i:150;}s:7:""160x110"";a:3:{s:4:""file"";s:34:""unidad-analisis-logo-b-160x110.png"";s:5:""width"";i:160;s:6:""height"";i:110;}s:7:""590x260"";a:3:{s:4:""file"";s:34:""unidad-analisis-logo-b-590x260.png"";s:5:""width"";i:590;s:6:""height"";i:260;}}s:10:""image_meta"";a:12:{s:8:""aperture"";s:1:""0"";s:6:""credit"";s:0:"""";s:6:""camera"";s:0:"""";s:7:""caption"";s:0:"""";s:17:""created_timestamp"";s:1:""0"";s:9:""copyright"";s:0:"""";s:12:""focal_length"";s:1:""0"";s:3:""iso"";s:1:""0"";s:13:""shutter_speed"";s:1:""0"";s:5:""title"";s:0:"""";s:11:""orientation"";s:1:""0"";s:8:""keywords"";a:0:{}}}"
432,121,_wp_attached_file,2017/08/unidad-analisis-logo-c.png
433,121,_wp_attachment_metadata,"a:5:{s:5:""width"";i:462;s:6:""height"";i:62;s:4:""file"";s:34:""2017/08/unidad-analisis-logo-c.png"";s:5:""sizes"";a:5:{s:9:""thumbnail"";a:4:{s:4:""file"";s:33:""unidad-analisis-logo-c-150x62.png"";s:5:""width"";i:150;s:6:""height"";i:62;s:9:""mime-type"";s:9:""image/png"";}s:6:""medium"";a:4:{s:4:""file"";s:33:""unidad-analisis-logo-c-300x40.png"";s:5:""width"";i:300;s:6:""height"";i:40;s:9:""mime-type"";s:9:""image/png"";}s:7:""150x150"";a:3:{s:4:""file"";s:34:""unidad-analisis-logo-c-150x150.png"";s:5:""width"";i:150;s:6:""height"";i:150;}s:7:""160x110"";a:3:{s:4:""file"";s:34:""unidad-analisis-logo-c-160x110.png"";s:5:""width"";i:160;s:6:""height"";i:110;}s:7:""590x260"";a:3:{s:4:""file"";s:34:""unidad-analisis-logo-c-590x260.png"";s:5:""width"";i:590;s:6:""height"";i:260;}}s:10:""image_meta"";a:12:{s:8:""aperture"";s:1:""0"";s:6:""credit"";s:0:"""";s:6:""camera"";s:0:"""";s:7:""caption"";s:0:"""";s:17:""created_timestamp"";s:1:""0"";s:9:""copyright"";s:0:"""";s:12:""focal_length"";s:1:""0"";s:3:""iso"";s:1:""0"";s:13:""shutter_speed"";s:1:""0"";s:5:""title"";s:0:"""";s:11:""orientation"";s:1:""0"";s:8:""keywords"";a:0:{}}}"
434,122,_wp_attached_file,2017/08/slider-iieg-b.jpg
435,122,_wp_attachment_metadata,"a:5:{s:5:""width"";i:940;s:6:""height"";i:330;s:4:""file"";s:25:""2017/08/slider-iieg-b.jpg"";s:5:""sizes"";a:6:{s:9:""thumbnail"";a:4:{s:4:""file"";s:25:""slider-iieg-b-150x150.jpg"";s:5:""width"";i:150;s:6:""height"";i:150;s:9:""mime-type"";s:10:""image/jpeg"";}s:6:""medium"";a:4:{s:4:""file"";s:25:""slider-iieg-b-300x105.jpg"";s:5:""width"";i:300;s:6:""height"";i:105;s:9:""mime-type"";s:10:""image/jpeg"";}s:12:""medium_large"";a:4:{s:4:""file"";s:25:""slider-iieg-b-768x270.jpg"";s:5:""width"";i:768;s:6:""height"";i:270;s:9:""mime-type"";s:10:""image/jpeg"";}s:7:""150x150"";a:3:{s:4:""file"";s:25:""slider-iieg-b-150x150.jpg"";s:5:""width"";i:150;s:6:""height"";i:150;}s:7:""160x110"";a:3:{s:4:""file"";s:25:""slider-iieg-b-160x110.jpg"";s:5:""width"";i:160;s:6:""height"";i:110;}s:7:""940x330"";a:3:{s:4:""file"";s:25:""slider-iieg-b-940x330.jpg"";s:5:""width"";i:940;s:6:""height"";i:330;}}s:10:""image_meta"";a:12:{s:8:""aperture"";s:1:""0"";s:6:""credit"";s:0:"""";s:6:""camera"";s:0:"""";s:7:""caption"";s:0:"""";s:17:""created_timestamp"";s:1:""0"";s:9:""copyright"";s:0:"""";s:12:""focal_length"";s:1:""0"";s:3:""iso"";s:1:""0"";s:13:""shutter_speed"";s:1:""0"";s:5:""title"";s:0:"""";s:11:""orientation"";s:1:""0"";s:8:""keywords"";a:0:{}}}"
436,131,_wp_attached_file,2017/08/cuadernillo-3-educación.pdf
437,134,_edit_last,1
438,134,_edit_lock,1502902478:1
439,136,_wp_attached_file,2017/08/Screen-Shot-2017-08-14-at-1.31.05-PM.png
440,136,_wp_attachment_metadata,"a:5:{s:5:""width"";i:444;s:6:""height"";i:508;s:4:""file"";s:48:""2017/08/Screen-Shot-2017-08-14-at-1.31.05-PM.png"";s:5:""sizes"";a:5:{s:9:""thumbnail"";a:4:{s:4:""file"";s:48:""Screen-Shot-2017-08-14-at-1.31.05-PM-150x150.png"";s:5:""width"";i:150;s:6:""height"";i:150;s:9:""mime-type"";s:9:""image/png"";}s:6:""medium"";a:4:{s:4:""file"";s:48:""Screen-Shot-2017-08-14-at-1.31.05-PM-262x300.png"";s:5:""width"";i:262;s:6:""height"";i:300;s:9:""mime-type"";s:9:""image/png"";}s:7:""150x150"";a:3:{s:4:""file"";s:48:""Screen-Shot-2017-08-14-at-1.31.05-PM-150x150.png"";s:5:""width"";i:150;s:6:""height"";i:150;}s:7:""590x260"";a:3:{s:4:""file"";s:48:""Screen-Shot-2017-08-14-at-1.31.05-PM-590x260.png"";s:5:""width"";i:590;s:6:""height"";i:260;}s:7:""160x110"";a:3:{s:4:""file"";s:48:""Screen-Shot-2017-08-14-at-1.31.05-PM-160x110.png"";s:5:""width"";i:160;s:6:""height"";i:110;}}s:10:""image_meta"";a:12:{s:8:""aperture"";s:1:""0"";s:6:""credit"";s:0:"""";s:6:""camera"";s:0:"""";s:7:""caption"";s:0:"""";s:17:""created_timestamp"";s:1:""0"";s:9:""copyright"";s:0:"""";s:12:""focal_length"";s:1:""0"";s:3:""iso"";s:1:""0"";s:13:""shutter_speed"";s:1:""0"";s:5:""title"";s:0:"""";s:11:""orientation"";s:1:""0"";s:8:""keywords"";a:0:{}}}"
441,134,post-option-sidebar-template,right-sidebar
442,134,post-option-choose-left-sidebar,Columna derecha
443,134,post-option-choose-right-sidebar,Columna derecha
444,134,post-option-author-info-enabled,Yes
445,134,post-option-social-enabled,Yes
446,134,post-option-thumbnail-types,Image
447,134,post-option-thumbnail-video,<blank>
448,134,post-option-thumbnail-xml,<slider-item></slider-item>
449,134,post-option-inside-thumbnail-types,Image
450,134,post-option-inside-thumbnial-image,121
451,134,post-option-inside-thumbnail-video,<blank>
452,134,post-option-inside-thumbnail-xml,<slider-item></slider-item>
453,134,_encloseme,1
454,134,_encloseme,1
455,134,_encloseme,1
456,134,_wp_trash_meta_status,publish
457,134,_wp_trash_meta_time,1502904140
458,134,_wp_desired_post_slug,obra-de-teatro
459,148,_wp_trash_meta_status,publish
460,148,_wp_trash_meta_time,1502997866
461,151,_wp_attached_file,2017/08/CEDAW.pdf
462,152,_wp_attached_file,2017/08/ConvencionBelemDoPara.pdf
463,153,_wp_attached_file,2017/08/LGAMVLV_220617.pdf
464,157,_wp_attached_file,2017/08/LGIMH_240316.pdf
465,160,_wp_attached_file,2017/08/Ley-de-Acceso-de-las-Mujeres-a-una-Vida-Libre-de-Violencia-del-Estado-de-Jalisco.pdf
466,161,_wp_attached_file,2017/08/Ley-Estatal-para-la-Igualdad-entre-Mujeres-y-Hombres.pdf
467,175,_wp_attached_file,2017/08/cuadernillo-4-POB-INDIGENA.pdf
468,176,_wp_attached_file,2017/08/cuadernillo-5-POB-JAL.pdf
469,177,_wp_attached_file,2017/08/cuadernillo-6-ECONOMIA.pdf
470,178,_wp_attached_file,2017/08/cuadernillo-7-NATALIDAD.pdf
471,179,_wp_attached_file,2017/08/cuadernillo-8-SALUD.pdf
472,180,_wp_attached_file,2017/08/cuadernillo-9JUSTICIA.pdf
473,181,_wp_attached_file,2017/08/cuadernillo-10-infancia.pdf
474,182,_wp_attached_file,2017/08/cuadernillo-11-gobierno.pdf
475,187,_wp_attached_file,2017/08/Scan_20170629_100849-1.pdf
477,193,_wp_attached_file,2017/08/INDICADORES-MESECVI.pdf

