ip,dia,mes,nic,anio,grup,soft,color,fecha,hp_5m,lotus,marca,host,driver,hp_845,modelo,subred,winzip,gateway,hp_2200,hp_4500,hp_8100,memoria,monitor,program,subfijo,usuario,ado_acro,autodesk,dns_prim,unidad_l,unidad_n,unidad_r,unidad_s,adaptador,antivirus,dns_secun,impresora,nom_equip,photoshop,prog_otro,sist_otro,macromedia,resolucion,sist_opera,descripcion,pague_maker,responsable,office_std_97,office_std_xp,antivirus_otro,impresora_otro,office_prof_97,office_prof_xp,ado_acro_reader,office_std_2000,office_std_2003,office_prof_2000,office_prof_2003,tipo_mantenimiento
qwer,NULL,NULL,qwer,NULL,qwer,qwer,qwer,qwer,Hp Laser Jet 5M,Lotus Notes,qwer,qwer,qwer,Hp Laser 845 C,qwer,qwer,Winzip,qwer,Hp Laser Jet 2200,Hp Laser 4500,Hp Laser Jet 8100,qwer,qwer,qwer,qwer,qwer,Adobe Acrobat,Autedesk,qwer,Unidad L,Unidad N,Unidad R,Unidad S,qwer,Norton Antivirus 2001,qwer,<blank>,qwer,Photoshop,qwer,qwer,Macromedia,qwer,Windows 95,NULL,Pague maker,qwer,Office Std 97,Office Std XP,qwer,qwer,Office Prof 97,Office Prof XP,Adobe Acrobat Reader,Office Std 2000,Office Std 2003,Office Prof 2000,Office Prof 2003,NULL
<blank>,0,<blank>,<blank>,<blank>,<blank>,<blank>,<blank>,NULL,<blank>,<blank>,<blank>,<blank>,<blank>,<blank>,<blank>,<blank>,<blank>,<blank>,<blank>,<blank>,<blank>,<blank>,<blank>,<blank>,<blank>,<blank>,<blank>,<blank>,<blank>,<blank>,<blank>,<blank>,<blank>,<blank>,<blank>,<blank>,<blank>,<blank>,<blank>,<blank>,<blank>,<blank>,<blank>,<blank>,NULL,<blank>,<blank>,<blank>,<blank>,<blank>,<blank>,<blank>,<blank>,<blank>,<blank>,<blank>,<blank>,<blank>,NULL
<blank>,0,<blank>,<blank>,<blank>,<blank>,<blank>,<blank>,NULL,<blank>,<blank>,<blank>,<blank>,<blank>,<blank>,<blank>,<blank>,<blank>,<blank>,<blank>,<blank>,<blank>,<blank>,<blank>,<blank>,<blank>,<blank>,<blank>,<blank>,<blank>,<blank>,<blank>,<blank>,<blank>,<blank>,<blank>,<blank>,<blank>,<blank>,<blank>,<blank>,<blank>,<blank>,<blank>,<blank>,NULL,<blank>,<blank>,<blank>,<blank>,<blank>,<blank>,<blank>,<blank>,<blank>,<blank>,<blank>,<blank>,<blank>,NULL
<blank>,0,<blank>,<blank>,<blank>,<blank>,<blank>,<blank>,NULL,<blank>,<blank>,<blank>,<blank>,<blank>,<blank>,<blank>,<blank>,<blank>,<blank>,<blank>,<blank>,<blank>,<blank>,<blank>,<blank>,<blank>,<blank>,<blank>,<blank>,<blank>,<blank>,<blank>,<blank>,<blank>,<blank>,<blank>,<blank>,<blank>,<blank>,<blank>,<blank>,<blank>,<blank>,<blank>,<blank>,NULL,<blank>,<blank>,<blank>,<blank>,<blank>,<blank>,<blank>,<blank>,<blank>,<blank>,<blank>,<blank>,<blank>,NULL
<blank>,0,<blank>,<blank>,<blank>,<blank>,<blank>,<blank>,NULL,<blank>,<blank>,<blank>,<blank>,<blank>,<blank>,<blank>,<blank>,<blank>,<blank>,<blank>,<blank>,<blank>,<blank>,<blank>,<blank>,<blank>,<blank>,<blank>,<blank>,<blank>,<blank>,<blank>,<blank>,<blank>,<blank>,<blank>,<blank>,<blank>,<blank>,<blank>,<blank>,<blank>,<blank>,<blank>,<blank>,descripcion,<blank>,<blank>,<blank>,<blank>,<blank>,<blank>,<blank>,<blank>,<blank>,<blank>,<blank>,<blank>,<blank>,tipo_mantenimiento
<blank>,0,<blank>,<blank>,<blank>,<blank>,<blank>,<blank>,NULL,<blank>,<blank>,<blank>,<blank>,<blank>,<blank>,<blank>,<blank>,<blank>,<blank>,<blank>,<blank>,<blank>,<blank>,<blank>,<blank>,<blank>,<blank>,<blank>,<blank>,<blank>,<blank>,<blank>,<blank>,<blank>,<blank>,<blank>,<blank>,<blank>,<blank>,<blank>,<blank>,<blank>,<blank>,<blank>,<blank>,descripcion,<blank>,<blank>,<blank>,<blank>,<blank>,<blank>,<blank>,<blank>,<blank>,<blank>,<blank>,<blank>,<blank>,tipo_mantenimiento
<blank>,0,<blank>,<blank>,<blank>,<blank>,<blank>,<blank>,NULL,<blank>,<blank>,<blank>,<blank>,<blank>,<blank>,<blank>,<blank>,<blank>,<blank>,<blank>,<blank>,<blank>,<blank>,<blank>,<blank>,<blank>,<blank>,<blank>,<blank>,<blank>,<blank>,<blank>,<blank>,<blank>,<blank>,<blank>,<blank>,<blank>,<blank>,<blank>,<blank>,<blank>,<blank>,<blank>,<blank>,descripcion,<blank>,<blank>,<blank>,<blank>,<blank>,<blank>,<blank>,<blank>,<blank>,<blank>,<blank>,<blank>,<blank>,tipo_mantenimiento
<blank>,0,<blank>,<blank>,<blank>,<blank>,<blank>,<blank>,NULL,<blank>,<blank>,<blank>,<blank>,<blank>,<blank>,<blank>,<blank>,<blank>,<blank>,<blank>,<blank>,<blank>,<blank>,<blank>,<blank>,<blank>,<blank>,<blank>,<blank>,<blank>,<blank>,<blank>,<blank>,<blank>,<blank>,<blank>,<blank>,<blank>,<blank>,<blank>,<blank>,<blank>,<blank>,<blank>,<blank>,descripcion,<blank>,<blank>,<blank>,<blank>,<blank>,<blank>,<blank>,<blank>,<blank>,<blank>,<blank>,<blank>,<blank>,tipo_mantenimiento
<blank>,0,<blank>,<blank>,<blank>,<blank>,<blank>,<blank>,NULL,<blank>,<blank>,<blank>,<blank>,<blank>,<blank>,<blank>,<blank>,<blank>,<blank>,<blank>,<blank>,<blank>,<blank>,<blank>,<blank>,<blank>,<blank>,<blank>,<blank>,<blank>,<blank>,<blank>,<blank>,<blank>,<blank>,<blank>,<blank>,<blank>,<blank>,<blank>,<blank>,<blank>,<blank>,<blank>,<blank>,descripcion,<blank>,<blank>,<blank>,<blank>,<blank>,<blank>,<blank>,<blank>,<blank>,<blank>,<blank>,<blank>,<blank>,tipo_mantenimiento
<blank>,0,<blank>,<blank>,<blank>,<blank>,<blank>,<blank>,NULL,<blank>,<blank>,<blank>,<blank>,<blank>,<blank>,<blank>,<blank>,<blank>,<blank>,<blank>,<blank>,<blank>,<blank>,<blank>,<blank>,<blank>,<blank>,<blank>,<blank>,<blank>,<blank>,<blank>,<blank>,<blank>,<blank>,<blank>,<blank>,<blank>,<blank>,<blank>,<blank>,<blank>,<blank>,<blank>,<blank>,descripcion,<blank>,<blank>,<blank>,<blank>,<blank>,<blank>,<blank>,<blank>,<blank>,<blank>,<blank>,<blank>,<blank>,tipo_mantenimiento
<blank>,0,<blank>,<blank>,<blank>,<blank>,<blank>,<blank>,NULL,<blank>,<blank>,<blank>,<blank>,<blank>,<blank>,<blank>,<blank>,<blank>,<blank>,<blank>,<blank>,<blank>,<blank>,<blank>,<blank>,<blank>,<blank>,<blank>,<blank>,<blank>,<blank>,<blank>,<blank>,<blank>,<blank>,<blank>,<blank>,<blank>,<blank>,<blank>,<blank>,<blank>,<blank>,<blank>,<blank>,descripcion,<blank>,<blank>,<blank>,<blank>,<blank>,<blank>,<blank>,<blank>,<blank>,<blank>,<blank>,<blank>,<blank>,tipo_mantenimiento
<blank>,0,<blank>,<blank>,<blank>,<blank>,<blank>,<blank>,NULL,<blank>,<blank>,<blank>,<blank>,<blank>,<blank>,<blank>,<blank>,<blank>,<blank>,<blank>,<blank>,<blank>,<blank>,<blank>,<blank>,<blank>,<blank>,<blank>,<blank>,<blank>,<blank>,<blank>,<blank>,<blank>,<blank>,<blank>,<blank>,<blank>,<blank>,<blank>,<blank>,<blank>,<blank>,<blank>,<blank>,descripcion,<blank>,<blank>,<blank>,<blank>,<blank>,<blank>,<blank>,<blank>,<blank>,<blank>,<blank>,<blank>,<blank>,tipo_mantenimiento
<blank>,0,<blank>,<blank>,<blank>,<blank>,<blank>,<blank>,NULL,<blank>,<blank>,<blank>,<blank>,<blank>,<blank>,<blank>,<blank>,<blank>,<blank>,<blank>,<blank>,<blank>,<blank>,<blank>,<blank>,<blank>,<blank>,<blank>,<blank>,<blank>,<blank>,<blank>,<blank>,<blank>,<blank>,<blank>,<blank>,<blank>,<blank>,<blank>,<blank>,<blank>,<blank>,<blank>,<blank>,descripcion,<blank>,<blank>,<blank>,<blank>,<blank>,<blank>,<blank>,<blank>,<blank>,<blank>,<blank>,<blank>,<blank>,tipo_mantenimiento
<blank>,0,<blank>,<blank>,<blank>,<blank>,<blank>,<blank>,NULL,<blank>,<blank>,<blank>,<blank>,<blank>,<blank>,<blank>,<blank>,<blank>,<blank>,<blank>,<blank>,<blank>,<blank>,<blank>,<blank>,<blank>,<blank>,<blank>,<blank>,<blank>,<blank>,<blank>,<blank>,<blank>,<blank>,<blank>,<blank>,<blank>,<blank>,<blank>,<blank>,<blank>,<blank>,<blank>,<blank>,descripcion,<blank>,<blank>,<blank>,<blank>,<blank>,<blank>,<blank>,<blank>,<blank>,<blank>,<blank>,<blank>,<blank>,tipo_mantenimiento
<blank>,0,<blank>,<blank>,<blank>,<blank>,<blank>,<blank>,NULL,<blank>,<blank>,<blank>,<blank>,<blank>,<blank>,<blank>,<blank>,<blank>,<blank>,<blank>,<blank>,<blank>,<blank>,<blank>,<blank>,<blank>,<blank>,<blank>,<blank>,<blank>,<blank>,<blank>,<blank>,<blank>,<blank>,<blank>,<blank>,<blank>,<blank>,<blank>,<blank>,<blank>,<blank>,<blank>,<blank>,descripcion,<blank>,<blank>,<blank>,<blank>,<blank>,<blank>,<blank>,<blank>,<blank>,<blank>,<blank>,<blank>,<blank>,tipo_mantenimiento
<blank>,0,<blank>,<blank>,<blank>,<blank>,<blank>,<blank>,NULL,<blank>,<blank>,<blank>,<blank>,<blank>,<blank>,<blank>,<blank>,<blank>,<blank>,<blank>,<blank>,<blank>,<blank>,<blank>,<blank>,<blank>,<blank>,<blank>,<blank>,<blank>,<blank>,<blank>,<blank>,<blank>,<blank>,<blank>,<blank>,<blank>,<blank>,<blank>,<blank>,<blank>,<blank>,<blank>,<blank>,descripcion,<blank>,<blank>,<blank>,<blank>,<blank>,<blank>,<blank>,<blank>,<blank>,<blank>,<blank>,<blank>,<blank>,tipo_mantenimiento
<blank>,0,<blank>,<blank>,<blank>,<blank>,<blank>,<blank>,NULL,<blank>,<blank>,<blank>,<blank>,<blank>,<blank>,<blank>,<blank>,<blank>,<blank>,<blank>,<blank>,<blank>,<blank>,<blank>,<blank>,<blank>,<blank>,<blank>,<blank>,<blank>,<blank>,<blank>,<blank>,<blank>,<blank>,<blank>,<blank>,<blank>,<blank>,<blank>,<blank>,<blank>,<blank>,<blank>,<blank>,descripcion,<blank>,<blank>,<blank>,<blank>,<blank>,<blank>,<blank>,<blank>,<blank>,<blank>,<blank>,<blank>,<blank>,tipo_mantenimiento
<blank>,25,07,<blank>,2005,<blank>,<blank>,<blank>,NULL,<blank>,<blank>,<blank>,<blank>,<blank>,<blank>,<blank>,<blank>,<blank>,<blank>,<blank>,<blank>,<blank>,<blank>,<blank>,<blank>,<blank>,<blank>,<blank>,<blank>,<blank>,<blank>,<blank>,<blank>,<blank>,<blank>,Norton Antivirus 2002,<blank>,<blank>,<blank>,<blank>,<blank>,<blank>,<blank>,<blank>,Windows XP,descripcion,<blank>,<blank>,<blank>,<blank>,<blank>,<blank>,<blank>,<blank>,<blank>,<blank>,<blank>,Office Prof 2000,<blank>,tipo_mantenimiento
10.7.2.1,31,Mayo,intel(R)PRO/100 VM Network Connection,2005,seijal,<blank>,<blank>,<blank>,<blank>,Lotus Notes,<blank>,<blank>,<blank>,<blank>,<blank>,255.255.255.0,Winzip,10.7.2.1,Hp Laser Jet 2200,<blank>,Hp Laser Jet 8100,256,<blank>,<blank>,jalisco.gob.mx,<blank>,<blank>,Autedesk,10.13.1.6,Unidad L,Unidad N,Unidad R,Unidad S,intel(R)82845g/GL/GE/PE/GV Graphics Controller,Norton Antivirus 2002,192.168.0.8,<blank>,czepeda,Photoshop,<blank>,<blank>,Macromedia,1024*768,windows xp,formateo pc,<blank>,rafa,<blank>,<blank>,<blank>,<blank>,<blank>,<blank>,Adobe Acrobat Reader,<blank>,<blank>,Office Prof 2000,<blank>,correctivo
<blank>,25,06,<blank>,2005,<blank>,<blank>,<blank>,NULL,<blank>,<blank>,<blank>,<blank>,<blank>,<blank>,<blank>,<blank>,<blank>,<blank>,<blank>,<blank>,<blank>,<blank>,<blank>,<blank>,<blank>,<blank>,<blank>,<blank>,<blank>,<blank>,<blank>,<blank>,<blank>,<blank>,Elija opci�,<blank>,<blank>,<blank>,<blank>,<blank>,<blank>,<blank>,<blank>,Windows XP,descripcion,<blank>,<blank>,<blank>,<blank>,<blank>,<blank>,<blank>,<blank>,<blank>,<blank>,<blank>,Office Prof 2000,<blank>,tipo_mantenimiento
<blank>,0,<blank>,<blank>,<blank>,<blank>,<blank>,<blank>,NULL,<blank>,<blank>,<blank>,<blank>,<blank>,<blank>,<blank>,<blank>,<blank>,<blank>,<blank>,<blank>,<blank>,<blank>,<blank>,<blank>,<blank>,<blank>,<blank>,<blank>,<blank>,<blank>,<blank>,<blank>,<blank>,<blank>,<blank>,<blank>,<blank>,<blank>,<blank>,<blank>,<blank>,<blank>,<blank>,<blank>,descripcion,<blank>,<blank>,<blank>,<blank>,<blank>,<blank>,<blank>,<blank>,<blank>,<blank>,<blank>,<blank>,<blank>,tipo_mantenimiento
<blank>,0,<blank>,<blank>,<blank>,<blank>,<blank>,<blank>,NULL,<blank>,<blank>,<blank>,<blank>,<blank>,<blank>,<blank>,<blank>,<blank>,<blank>,<blank>,<blank>,<blank>,<blank>,<blank>,<blank>,<blank>,<blank>,<blank>,<blank>,<blank>,<blank>,<blank>,<blank>,<blank>,<blank>,<blank>,<blank>,<blank>,<blank>,<blank>,<blank>,<blank>,<blank>,<blank>,<blank>,descripcion,<blank>,<blank>,<blank>,<blank>,<blank>,<blank>,<blank>,<blank>,<blank>,<blank>,<blank>,<blank>,<blank>,tipo_mantenimiento
<blank>,0,<blank>,<blank>,<blank>,<blank>,<blank>,<blank>,NULL,<blank>,<blank>,<blank>,<blank>,<blank>,<blank>,<blank>,<blank>,<blank>,<blank>,<blank>,<blank>,<blank>,<blank>,<blank>,<blank>,<blank>,<blank>,<blank>,<blank>,<blank>,<blank>,<blank>,<blank>,<blank>,<blank>,<blank>,<blank>,<blank>,<blank>,<blank>,<blank>,<blank>,<blank>,<blank>,<blank>,descripcion,<blank>,<blank>,<blank>,<blank>,<blank>,<blank>,<blank>,<blank>,<blank>,<blank>,<blank>,<blank>,<blank>,tipo_mantenimiento
<blank>,0,<blank>,<blank>,<blank>,<blank>,<blank>,<blank>,NULL,<blank>,<blank>,<blank>,<blank>,<blank>,<blank>,<blank>,<blank>,<blank>,<blank>,<blank>,<blank>,<blank>,<blank>,<blank>,<blank>,<blank>,<blank>,<blank>,<blank>,<blank>,<blank>,<blank>,<blank>,<blank>,<blank>,<blank>,<blank>,<blank>,<blank>,<blank>,<blank>,<blank>,<blank>,<blank>,<blank>,descripcion,<blank>,<blank>,<blank>,<blank>,<blank>,<blank>,<blank>,<blank>,<blank>,<blank>,<blank>,<blank>,<blank>,tipo_mantenimiento
<blank>,0,<blank>,<blank>,<blank>,<blank>,<blank>,<blank>,NULL,<blank>,<blank>,<blank>,<blank>,<blank>,<blank>,<blank>,<blank>,<blank>,<blank>,<blank>,<blank>,<blank>,<blank>,<blank>,<blank>,<blank>,<blank>,<blank>,<blank>,<blank>,<blank>,<blank>,<blank>,<blank>,<blank>,<blank>,<blank>,<blank>,<blank>,<blank>,<blank>,<blank>,<blank>,<blank>,<blank>,descripcion,<blank>,<blank>,<blank>,<blank>,<blank>,<blank>,<blank>,<blank>,<blank>,<blank>,<blank>,<blank>,<blank>,tipo_mantenimiento
<blank>,0,<blank>,<blank>,<blank>,<blank>,<blank>,<blank>,NULL,<blank>,<blank>,<blank>,<blank>,<blank>,<blank>,<blank>,<blank>,<blank>,<blank>,<blank>,<blank>,<blank>,<blank>,<blank>,<blank>,<blank>,<blank>,<blank>,<blank>,<blank>,<blank>,<blank>,<blank>,<blank>,<blank>,<blank>,<blank>,<blank>,<blank>,<blank>,<blank>,<blank>,<blank>,<blank>,<blank>,descripcion,<blank>,<blank>,<blank>,<blank>,<blank>,<blank>,<blank>,<blank>,<blank>,<blank>,<blank>,<blank>,<blank>,tipo_mantenimiento
10.7.2.33,31,10,<blank>,2005,seijal,<blank>,<blank>,NULL,<blank>,<blank>,hp,<blank>,<blank>,<blank>,<blank>,255.255.255.0,<blank>,10.7.2.1,Hp Laser Jet 2200,<blank>,Hp Laser Jet 8100,<blank>,<blank>,<blank>,jalisco.gob.mx,<blank>,<blank>,<blank>,10.13.1.3,Unidad L,<blank>,Unidad R,<blank>,<blank>,Norton Antivirus 2002,10.13.1.6,<blank>,ichavez,<blank>,<blank>,<blank>,<blank>,<blank>,Windows 98,descripcion,<blank>,<blank>,<blank>,<blank>,<blank>,<blank>,<blank>,<blank>,<blank>,Office Std 2000,<blank>,<blank>,<blank>,tipo_mantenimiento
10.7.2.39,1,11,<blank>,2005,seijal,<blank>,<blank>,NULL,<blank>,<blank>,hp,<blank>,<blank>,<blank>,<blank>,255.255.255.0,<blank>,10.7.2.1,Hp Laser Jet 2200,<blank>,<blank>,<blank>,hp,<blank>,jalisco.gob.mx,<blank>,<blank>,<blank>,10.13.1.6,Unidad L,<blank>,<blank>,<blank>,<blank>,Norton Antivirus 2002,10.13.1.3,<blank>,ivazquez,<blank>,<blank>,<blank>,<blank>,<blank>,Windows 98,descripcion,<blank>,<blank>,<blank>,<blank>,<blank>,<blank>,<blank>,<blank>,<blank>,<blank>,<blank>,Office Prof 2000,<blank>,tipo_mantenimiento
<blank>,0,<blank>,<blank>,<blank>,<blank>,<blank>,<blank>,NULL,<blank>,<blank>,<blank>,<blank>,<blank>,<blank>,<blank>,<blank>,<blank>,<blank>,<blank>,<blank>,<blank>,<blank>,<blank>,<blank>,<blank>,<blank>,<blank>,<blank>,<blank>,<blank>,<blank>,<blank>,<blank>,<blank>,<blank>,<blank>,<blank>,<blank>,<blank>,<blank>,<blank>,<blank>,<blank>,<blank>,descripcion,<blank>,<blank>,<blank>,<blank>,<blank>,<blank>,<blank>,<blank>,<blank>,<blank>,<blank>,<blank>,<blank>,tipo_mantenimiento
<blank>,0,<blank>,<blank>,<blank>,<blank>,<blank>,<blank>,NULL,<blank>,<blank>,<blank>,<blank>,<blank>,<blank>,<blank>,<blank>,<blank>,<blank>,<blank>,<blank>,<blank>,<blank>,<blank>,<blank>,<blank>,<blank>,<blank>,<blank>,<blank>,<blank>,<blank>,<blank>,<blank>,<blank>,<blank>,<blank>,<blank>,<blank>,<blank>,<blank>,<blank>,<blank>,<blank>,<blank>,descripcion,<blank>,<blank>,<blank>,<blank>,<blank>,<blank>,<blank>,<blank>,<blank>,<blank>,<blank>,<blank>,<blank>,tipo_mantenimiento
<blank>,0,<blank>,<blank>,<blank>,<blank>,<blank>,<blank>,NULL,<blank>,<blank>,<blank>,<blank>,<blank>,<blank>,<blank>,<blank>,<blank>,<blank>,<blank>,<blank>,<blank>,<blank>,<blank>,<blank>,<blank>,<blank>,<blank>,<blank>,<blank>,<blank>,<blank>,<blank>,<blank>,<blank>,<blank>,<blank>,<blank>,<blank>,<blank>,<blank>,<blank>,<blank>,<blank>,<blank>,descripcion,<blank>,<blank>,<blank>,<blank>,<blank>,<blank>,<blank>,<blank>,<blank>,<blank>,<blank>,<blank>,<blank>,tipo_mantenimiento
<blank>,0,<blank>,<blank>,<blank>,<blank>,<blank>,<blank>,NULL,<blank>,<blank>,<blank>,<blank>,<blank>,<blank>,<blank>,<blank>,<blank>,<blank>,<blank>,<blank>,<blank>,<blank>,<blank>,<blank>,<blank>,<blank>,<blank>,<blank>,<blank>,<blank>,<blank>,<blank>,<blank>,<blank>,<blank>,<blank>,<blank>,<blank>,<blank>,<blank>,<blank>,<blank>,<blank>,<blank>,descripcion,<blank>,<blank>,<blank>,<blank>,<blank>,<blank>,<blank>,<blank>,<blank>,<blank>,<blank>,<blank>,<blank>,tipo_mantenimiento
<blank>,0,<blank>,<blank>,<blank>,<blank>,<blank>,<blank>,NULL,<blank>,<blank>,<blank>,<blank>,<blank>,<blank>,<blank>,<blank>,<blank>,<blank>,<blank>,<blank>,<blank>,<blank>,<blank>,<blank>,<blank>,<blank>,<blank>,<blank>,<blank>,<blank>,<blank>,<blank>,<blank>,<blank>,<blank>,<blank>,<blank>,<blank>,<blank>,<blank>,<blank>,<blank>,<blank>,<blank>,descripcion,<blank>,<blank>,<blank>,<blank>,<blank>,<blank>,<blank>,<blank>,<blank>,<blank>,<blank>,<blank>,<blank>,tipo_mantenimiento
<blank>,0,<blank>,<blank>,<blank>,<blank>,<blank>,<blank>,NULL,<blank>,<blank>,<blank>,<blank>,<blank>,<blank>,<blank>,<blank>,<blank>,<blank>,<blank>,<blank>,<blank>,<blank>,<blank>,<blank>,<blank>,<blank>,<blank>,<blank>,<blank>,<blank>,<blank>,<blank>,<blank>,<blank>,<blank>,<blank>,<blank>,<blank>,<blank>,<blank>,<blank>,<blank>,<blank>,<blank>,descripcion,<blank>,<blank>,<blank>,<blank>,<blank>,<blank>,<blank>,<blank>,<blank>,<blank>,<blank>,<blank>,<blank>,tipo_mantenimiento
<blank>,0,<blank>,<blank>,<blank>,<blank>,<blank>,<blank>,NULL,<blank>,<blank>,<blank>,<blank>,<blank>,<blank>,<blank>,<blank>,<blank>,<blank>,<blank>,<blank>,<blank>,<blank>,<blank>,<blank>,<blank>,<blank>,<blank>,<blank>,<blank>,<blank>,<blank>,<blank>,<blank>,<blank>,<blank>,<blank>,<blank>,<blank>,<blank>,<blank>,<blank>,<blank>,<blank>,<blank>,descripcion,<blank>,<blank>,<blank>,<blank>,<blank>,<blank>,<blank>,<blank>,<blank>,<blank>,<blank>,<blank>,<blank>,tipo_mantenimiento
<blank>,0,<blank>,<blank>,<blank>,<blank>,<blank>,<blank>,NULL,<blank>,<blank>,<blank>,<blank>,<blank>,<blank>,<blank>,<blank>,<blank>,<blank>,<blank>,<blank>,<blank>,<blank>,<blank>,<blank>,<blank>,<blank>,<blank>,<blank>,<blank>,<blank>,<blank>,<blank>,<blank>,<blank>,<blank>,<blank>,<blank>,<blank>,<blank>,<blank>,<blank>,<blank>,<blank>,<blank>,descripcion,<blank>,<blank>,<blank>,<blank>,<blank>,<blank>,<blank>,<blank>,<blank>,<blank>,<blank>,<blank>,<blank>,tipo_mantenimiento
<blank>,0,<blank>,<blank>,<blank>,<blank>,<blank>,<blank>,NULL,<blank>,<blank>,<blank>,<blank>,<blank>,<blank>,<blank>,<blank>,<blank>,<blank>,<blank>,<blank>,<blank>,<blank>,<blank>,<blank>,<blank>,<blank>,<blank>,<blank>,<blank>,<blank>,<blank>,<blank>,<blank>,<blank>,<blank>,<blank>,<blank>,<blank>,<blank>,<blank>,<blank>,<blank>,<blank>,<blank>,descripcion,<blank>,<blank>,<blank>,<blank>,<blank>,<blank>,<blank>,<blank>,<blank>,<blank>,<blank>,<blank>,<blank>,tipo_mantenimiento
<blank>,0,<blank>,<blank>,<blank>,<blank>,<blank>,<blank>,NULL,<blank>,<blank>,<blank>,<blank>,<blank>,<blank>,<blank>,<blank>,<blank>,<blank>,<blank>,<blank>,<blank>,<blank>,<blank>,<blank>,<blank>,<blank>,<blank>,<blank>,<blank>,<blank>,<blank>,<blank>,<blank>,<blank>,<blank>,<blank>,<blank>,<blank>,<blank>,<blank>,<blank>,<blank>,<blank>,<blank>,descripcion,<blank>,<blank>,<blank>,<blank>,<blank>,<blank>,<blank>,<blank>,<blank>,<blank>,<blank>,<blank>,<blank>,tipo_mantenimiento
<blank>,0,<blank>,<blank>,<blank>,<blank>,<blank>,<blank>,NULL,<blank>,<blank>,<blank>,<blank>,<blank>,<blank>,<blank>,<blank>,<blank>,<blank>,<blank>,<blank>,<blank>,<blank>,<blank>,<blank>,<blank>,<blank>,<blank>,<blank>,<blank>,<blank>,<blank>,<blank>,<blank>,<blank>,<blank>,<blank>,<blank>,<blank>,<blank>,<blank>,<blank>,<blank>,<blank>,<blank>,descripcion,<blank>,<blank>,<blank>,<blank>,<blank>,<blank>,<blank>,<blank>,<blank>,<blank>,<blank>,<blank>,<blank>,tipo_mantenimiento
<blank>,0,<blank>,<blank>,<blank>,<blank>,<blank>,<blank>,NULL,<blank>,<blank>,<blank>,<blank>,<blank>,<blank>,<blank>,<blank>,<blank>,<blank>,<blank>,<blank>,<blank>,<blank>,<blank>,<blank>,<blank>,<blank>,<blank>,<blank>,<blank>,<blank>,<blank>,<blank>,<blank>,<blank>,<blank>,<blank>,<blank>,<blank>,<blank>,<blank>,<blank>,<blank>,<blank>,<blank>,descripcion,<blank>,<blank>,<blank>,<blank>,<blank>,<blank>,<blank>,<blank>,<blank>,<blank>,<blank>,<blank>,<blank>,tipo_mantenimiento
<blank>,0,<blank>,<blank>,<blank>,<blank>,<blank>,<blank>,NULL,<blank>,<blank>,<blank>,<blank>,<blank>,<blank>,<blank>,<blank>,<blank>,<blank>,<blank>,<blank>,<blank>,<blank>,<blank>,<blank>,<blank>,<blank>,<blank>,<blank>,<blank>,<blank>,<blank>,<blank>,<blank>,<blank>,<blank>,<blank>,<blank>,<blank>,<blank>,<blank>,<blank>,<blank>,<blank>,<blank>,descripcion,<blank>,<blank>,<blank>,<blank>,<blank>,<blank>,<blank>,<blank>,<blank>,<blank>,<blank>,<blank>,<blank>,tipo_mantenimiento
<blank>,0,<blank>,<blank>,<blank>,<blank>,<blank>,<blank>,NULL,<blank>,<blank>,<blank>,<blank>,<blank>,<blank>,<blank>,<blank>,<blank>,<blank>,<blank>,<blank>,<blank>,<blank>,<blank>,<blank>,<blank>,<blank>,<blank>,<blank>,<blank>,<blank>,<blank>,<blank>,<blank>,<blank>,<blank>,<blank>,<blank>,<blank>,<blank>,<blank>,<blank>,<blank>,<blank>,<blank>,descripcion,<blank>,<blank>,<blank>,<blank>,<blank>,<blank>,<blank>,<blank>,<blank>,<blank>,<blank>,<blank>,<blank>,tipo_mantenimiento
<blank>,0,<blank>,<blank>,<blank>,<blank>,<blank>,<blank>,NULL,<blank>,<blank>,<blank>,<blank>,<blank>,<blank>,<blank>,<blank>,<blank>,<blank>,<blank>,<blank>,<blank>,<blank>,<blank>,<blank>,<blank>,<blank>,<blank>,<blank>,<blank>,<blank>,<blank>,<blank>,<blank>,<blank>,<blank>,<blank>,<blank>,<blank>,<blank>,<blank>,<blank>,<blank>,<blank>,<blank>,descripcion,<blank>,<blank>,<blank>,<blank>,<blank>,<blank>,<blank>,<blank>,<blank>,<blank>,<blank>,<blank>,<blank>,tipo_mantenimiento

