id,hechos_calle,hechos_cruce,victima_edad,victima_sexo,hechos_colonia,num_necropsioa,hechos_municipio,fecha_levantamiento,fecha_hora_insercion,pendiente_conclusion,pendiente_validacion,usuario_id_insercion,carpeta_investigacion,clasificacion_delito_inicial
298,CORONA,ANAHUAC,28,MASCULINO,CENTRO,1269/2016,ZAPOPAN,2016-04-30,2016-08-11 16:46:56,SI ,NO,2,D-I/34/2017,HOMICIDIO DOLOSO
299,SE IGNORA,SE IGNORA,22,FEMENINO,SE IGNORA,32,CASIMIRO CASTILLO,2016-05-23,2016-08-11 16:46:56,SI ,NO,2,DR08C/000264,FEMINICIDIO
300,CUAHUTEMOC,GALEANA,51,FEMENINO,CENTRO,SIN DATO,OJUELOS DE JALISCO,2016-03-17,2016-08-11 16:46:56,SI ,NO,2,DI03/000841,PARRICIDIO
301,AGUSTIN DE ITURBIDE,SE IGNORA,37,MASCULINO,CENTRO,SIN DATO,LAGOS DE MORENO,2016-02-07,2016-08-11 16:46:56,SI ,NO,2,DI03/000411,HOMICIDIO DOLOSO
302,AGUSTIN DE ITURBIDE,SE IGNORA,19,MASCULINO,CENTRO,SIN DATO,LAGOS DE MORENO,2017-02-07,2016-08-11 16:46:56,SI ,NO,2,DI03/000411,HOMICIDIO DOLOSO
303,AGUSTIN DE ITURBIDE,SE IGNORA,EN INVESTIGACIÓN,MASCULINO,CENTRO,SIN DATO,LAGOS DE MORENO,2018-02-07,2016-08-11 16:46:56,SI ,NO,2,DI03/000411,HOMICIDIO DOLOSO
310,CORONA,ANAHUAC,28,MASCULINO,CENTRO,1269/2016,ZAPOPAN,2016-04-30,2016-09-26 13:29:55,SI ,NO,1,D-I/34/2017,HOMICIDIO DOLOSO
311,SE IGNORA,SE IGNORA,22,FEMENINO,SE IGNORA,32,CASIMIRO CASTILLO,2016-05-23,2016-09-26 13:29:55,SI ,NO,1,DR08C/000264,FEMINICIDIO
312,CUAHUTEMOC,GALEANA,51,FEMENINO,CENTRO,SIN DATO,OJUELOS DE JALISCO,2016-03-17,2016-09-26 13:29:55,SI ,NO,1,DI03/000841,PARRICIDIO
313,AGUSTIN DE ITURBIDE,SE IGNORA,37,MASCULINO,CENTRO,SIN DATO,LAGOS DE MORENO,2016-02-07,2016-09-26 13:29:55,SI ,NO,1,DI03/000411,HOMICIDIO DOLOSO
314,AGUSTIN DE ITURBIDE,SE IGNORA,19,MASCULINO,CENTRO,SIN DATO,LAGOS DE MORENO,2017-02-07,2016-09-26 13:29:55,SI ,NO,1,DI03/000411,HOMICIDIO DOLOSO
315,AGUSTIN DE ITURBIDE,SE IGNORA,EN INVESTIGACIÓN,MASCULINO,CENTRO,SIN DATO,LAGOS DE MORENO,2018-02-07,2016-09-26 13:29:55,SI ,NO,1,DI03/000411,HOMICIDIO DOLOSO
316,CORONA,ANAHUAC,28,MASCULINO,CENTRO,1269/2016,ZAPOPAN,2016-04-30,2016-09-26 20:50:38,SI ,NO,1,D-I/34/2017,HOMICIDIO DOLOSO
317,SE IGNORA,SE IGNORA,22,FEMENINO,SE IGNORA,32,CASIMIRO CASTILLO,2016-05-23,2016-09-26 20:50:39,SI ,NO,1,DR08C/000264,FEMINICIDIO
318,CUAHUTEMOC,GALEANA,51,FEMENINO,CENTRO,SIN DATO,OJUELOS DE JALISCO,2016-03-17,2016-09-26 20:50:41,SI ,NO,1,DI03/000841,PARRICIDIO
319,AGUSTIN DE ITURBIDE,SE IGNORA,37,MASCULINO,CENTRO,SIN DATO,LAGOS DE MORENO,2016-02-07,2016-09-26 20:50:41,SI ,NO,1,DI03/000411,HOMICIDIO DOLOSO
320,AGUSTIN DE ITURBIDE,SE IGNORA,19,MASCULINO,CENTRO,SIN DATO,LAGOS DE MORENO,2017-02-07,2016-09-26 20:50:42,SI ,NO,1,DI03/000411,HOMICIDIO DOLOSO
321,AGUSTIN DE ITURBIDE,SE IGNORA,EN INVESTIGACIÓN,MASCULINO,CENTRO,SIN DATO,LAGOS DE MORENO,2018-02-07,2016-09-26 20:50:43,SI ,NO,1,DI03/000411,HOMICIDIO DOLOSO

