id,email,perfil,fullname,password,username,created_at
1,silvia.torres@jalisco.gob.mx,1,Silvia Torres Naranjo.,S1L_1Ieg@2016,Silvia,2016-07-12 15:09:55
2,dante.delagadillo@jalisco.gob.mx,1,Dante Delgadillo Rojas.,d4n_1ieg_2016,Dante,2016-07-12 15:09:55
3,salvador.cardenas@jalisco.gob.mx,2,Salvador Cárdenas Martos.,S4l_I1eg@2016,Salvador ,2016-08-25 15:36:34
4,alex.sanchezt73@gmail.com,2,Alejandro Sánchez Torres,4l3_I1eg_2016,Alejandro,2016-08-25 15:44:56
5,trujillo.kary@gmail.com,2,Karina Trujillo Hernández.,k4R_1Ieg@2016,Karina,2016-08-25 15:48:30
6,rogelio.campos@jalisco.gob.mx,2,Rogelio Campos Cornejo.,R06_I1eg@2016,Rogelio,2016-08-25 15:52:08
7,sincorreo@prueba.com,1,Marco  Barrera ,M4r_I1eg_2016,Marco,2016-08-25 16:00:01
9,sincorreo1@prueba.com,2,Marianela Manríquez Chávez,M4R_1ieg@2016,Marianela,2016-08-26 09:44:56
10,sincorreo2@prueba.com,2,Emanuel Hernández Gómez ,3m4_I1eg_2016,Emanuel,2016-08-26 09:47:20

