id,tipo,nombre,eliminado,ubicacion,created_at,updated_at
1,Pública,Consejo Consultivo Turístico Del Estado De Jalisco,0,Av. Corona #31 Palacio De Gobierno Col. Centro,2018-05-10 12:47:57,2018-10-31 19:25:22
2,Pública,Consejo Consultivo Delegacional Jalisco,0,Jalisco,2018-05-10 12:48:23,2018-10-31 19:26:16
3,Pública,Consejos Consultivos Ciudadanos,0,Jalisco,2018-10-31 19:26:36,2018-10-31 19:26:36
4,Pública,Consultivo Municipal De Turismo De Zapona,0,Zapopan,2018-10-31 19:27:01,2018-10-31 19:30:54
5,Pública,Consejo Consultivo ITEI,0,"Av. Ignacio L. Vallarta #1312, Col. Americana, C.P. 44160 Guadalajara",2018-10-31 19:29:43,2018-10-31 19:29:43

