id_item,url,nom_item
1,entidad.php,Entidad
2,ranking_gral.php,Ranking General
3,min_max.php,Calcular Min - Max
4,ranking_subind.php,Ranking Subindice
5,ranking.php,Ranking
6,mejora_factible.php,Mejora Factible
7,resultados.php,Resultados por Indicador
8,comova.php,Como va Jalisco
9,grafic.php,Grafica
10,comoesta.php,¿Como esta Jalisco?
11,resultadosgral.php,Resultados Generales
12,pruebaarray.php,prueba
13,proyectos.php,Proyectos
14,proyectos_agr.php,Proyecto - Agrupar
15,escenarios.php,Escenarios

