id_usr,nom,ap_mat,ap_pat,passwd,status,username,status_proy
1,Denisse,Villanueva,Ibarra,dibarra,1,dibarra,1
2,Consulta IIEG,NULL,Revisión,iieg2016,1,iieg,1
3,Francisco ,Dominguez,Segura,fsegura001,1,fsegura,0
4,Politico001,-,-,politico001,1,politico1,0
5,Politico002,-,-,politico002,1,politico2,0
6,Margarita,Ponce,Casillas,mcasillas001,1,mcasillas,0
7,Relaciones001,-,-,relaciones001,1,relaciones1,0
8,Relaciones002,-,-,relaciones002,1,relaciones2,0
9,Radamanto,Tinajero,Portilla,rportilla,1,rportilla,0
10,Derecho001,-,-,derecho001,1,derecho1,0
11,Derecho002,-,-,derecho2,1,derecho2,0
12,Felipe,Aguilar,Munguía,fmunguia,1,fmunguia,0
13,Innovacion001,-,-,innovacion1,1,innovacion1,0
14,Innovacion002,-,-,innovacion002,1,innovacion2,0
15,Mario Alberto,Martínez,Morales,mmorales,1,mmorales,0
16,Sociedad001,-,-,sociedad001,1,sociedad1,0
17,Sociedad002,-,-,sociedad002,1,sociedad2,0
18,Mónica,González,Mariscal,mmariscal,1,mmariscal,0
19,Precursores001,-,-,precursores1,1,precursores1,0
20,Precursores002,-,-,precursores2,1,precursores2,0
21,Elvira,Pérez,Ponce,eponce,1,eponce,0
22,Ambiente001,-,-,ambiente1,1,ambiente1,0
23,Ambiente002,-,-,ambiente2,1,ambiente2,0
24,VictorArmando,Ortega,Ortíz,vortiz,1,vortiz,0
25,Laboral001,-,-,laboral1,1,laboral1,0
26,Laboral002,-,-,laboral2,1,laboral2,0
27,Esteban,Ceballos,Rodriguez,erodriguez,1,erodriguez,0
28,Gobierno001,-,-,gobierno1,1,gobierno1,0
29,Gobierno002,-,-,gobierno2,1,gobierno2,0
30,Alberto,López,Loza,aloza,1,aloza,0
31,Economia001,-,-,economia1,1,economia1,0
32,Economia002,-,-,economia2,1,economia2,0
33,Humberto,Gútierrez,Pulido,hpulido,1,hpulido,1
34,Valida001,-,-,valida1,1,valida1,1
35,Valida002,-,-,valida2,1,valida2,1
36,Invitado,NULL,NULL,invitado15,1,invitado,0
37,IIEG,NULL,NULL,iieg2015,1,iieg,1

