iduser,idadmonproy,idsubindice,fecha,activo
1,1,1,NULL,1
1,2,2,NULL,1
1,3,4,NULL,1
3,4,4,NULL,1
4,5,4,NULL,1
5,6,4,NULL,1
6,7,9,NULL,1
7,8,9,NULL,1
8,9,9,NULL,1
9,10,1,NULL,1
10,11,1,NULL,1
11,12,1,NULL,1
12,13,10,NULL,1
13,14,10,NULL,1
14,15,10,NULL,1
15,16,3,NULL,1
16,17,3,NULL,1
17,18,3,NULL,1
18,19,8,NULL,1
19,20,8,NULL,1
20,21,8,NULL,1
21,22,2,NULL,1
22,23,2,NULL,1
23,24,2,NULL,1
24,25,6,NULL,1
25,26,6,NULL,1
26,27,6,NULL,1
27,28,5,NULL,1
28,29,5,NULL,1
29,30,5,NULL,1
30,31,7,NULL,1
31,32,7,NULL,1
32,33,7,NULL,1
1,34,5,NULL,1
1,35,6,NULL,1
1,36,7,NULL,1
1,37,8,NULL,1
1,38,9,NULL,1
1,39,10,NULL,1
1,40,3,NULL,1
2,41,1,NULL,1
2,42,2,NULL,1
2,43,3,NULL,1
2,44,4,NULL,1
2,45,5,NULL,1
2,46,6,NULL,1
2,47,7,NULL,1
2,48,8,NULL,1
2,49,9,NULL,1
2,50,10,NULL,1

