idciudad,identidad,ciudad,cve_ciudad
1,1,Aguascalientes,1
2,2,Tijuana,2
3,2,Mexicali,3
4,7,La Laguna,4
5,7,Saltillo,5
6,7,Monclova-Frontera,6
7,7,Piedras Negras,7
8,8,Colima-Villa de Álvarez,8
9,8,Tecomán,9
10,5,Tuxtla Gutiérrez,10
11,6,Juárez,11
12,6,Chihuahua,12
13,9,Valle de México,13
14,11,León,14
15,11,San Francisco del Rincón,15
16,12,Acapulco,16
17,13,Pachuca,17
18,13,Tulancingo,18
19,13,Tula,19
20,14,Guadalajara,20
21,14,Puerto Vallarta,21
22,14,Ocotlán,22
23,15,Toluca,23
24,16,Morelia,24
25,16,Zamora-Jacona,25
26,11,La Piedad-Pénjamo,26
27,17,Cuernavaca,27
28,17,Cuautla,28
29,18,Tepic,29
30,19,Monterrey,30
31,20,Oaxaca,31
32,20,Tehuantepec-Salina Cruz,32
33,21,Puebla-Tlaxcala,33
34,21,Tehuacán,34
35,22,Querétaro,35
36,23,Cancún,36
37,24,San Luis Potosí-Soledad,37
38,24,Rioverde-Ciudad Fernández,38
39,26,Guaymas,39
40,27,Villahermosa,40
41,28,Tampico-Pánuco,41
42,28,Reynosa-Río Bravo,42
43,28,Matamoros,43
44,28,Nuevo Laredo,44
45,29,Tlaxcala-Apizaco,45
46,30,Veracruz,46
47,30,Xalapa,47
48,30,Poza Rica,48
49,30,Orizaba,49
50,30,Minatitlán,50
51,30,Coatzacoalcos,51
52,30,Córdoba,52
53,31,Mérida,53
54,32,Zacatecas-Guadalupe,54
55,2,Ensenada,55
56,3,La Paz,56
57,3,Los Cabos,57
58,4,Campeche,58
59,4,Ciudad del Carmen,59
60,8,Manzanillo,60
61,5,Tapachula,61
62,10,Durango,62
63,11,Celaya,63
64,11,Guanajuato,64
65,11,Irapuato,65
66,11,Salamanca,66
67,16,Uruapan,67
68,22,San Juan del Río,68
69,25,Los Mochis,69
70,25,Culiacán,70
71,25,Mazatlán,71
72,26,Ciudad Obregon,72
73,26,Hermosillo,73
74,27,Cárdenas,74
75,28,Ciudad Victoria,75
76,23,Chetumal,76
77,12,Chilpancingo,77
78,11,Moroléon-Uriangato,78

