idfuente,fuentes
1,AMIS
2,Anexo estadístico del Informe de Gobierno 2013
3,ANUIES
4,Artículo 19
5,CEFP
6,CEMEFI
7,CENAPRED
8,Censos económicos
9,"CIDE, BIIACS"
10,CNBV
11,CNN Expansión
12,COFETEL
13,CONACULTA
14,CONACYT
15,"CONACYT, Censo económico 2009"
16,"CONACYT, UNAM, POLI"
17,CONAGUA
18,"CONAGUA, Estadísticas del agua en México"
19,CONAPO
20,Congresos locales
21,CTS/Banobras/EPC
22,Doing Business
23,ENOE
24,"ENOE, CONEVAL"
25,ENVIPE
26,EPC
27,"Fuente citada en el documento: ""SEMARNAT, Sistema Nacional de Información Ambiental y de Recursos Naturales."""
28,IFE
29,IMCO
30,IMCO con cifra del Índice de Competitividad Forestal Estatal 2014
31,IMCO con datos de la CONANP
32,IMCO con información de microdatos de ENSANUT  2012
33,"IMCO, ENOE"
34,"IMCO, mediante la revisión de la información del gasto en comunicación social reportado por las 32 entidades federativas en las cuentas públicas 2012."
35,IMSS
36,INAH
37,"INE, Elecciones en México"
38,INEGI
39,INEGI (Censo)
40,INEGI (DENUE)
41,"INEGI, BIE"
42,"INEGI, DENUE"
43,"INEGI, DENUE/Censo Económico 2009"
44,"INEGI, ENCIG"
45,"INEGI, ENDUTIH"
46,"INEGI, ENOE"
47,"INEGI, ENVIPE"
48,"INEGI, Estadística de finanzas públicas estatales y municipales (Registros Administrativos)"
49,"INEGI, Registros administrativos"
50,"INEGI, SIMBAD"
51,"INEGI,BIE"
52,INEGI/SECTUR
53,"INEGI/SEP, SNIE"
54,"INEGI; Registros administrativos, Accidentes de tránsito terrestre en zonas urbanas y suburbanas"
55,MCS (CONEVAL)
56,Mejora tu Escuela
57,PEMEX
58,PGR
59,PROFEPA
60,QS Top Universities
61,SAGARPA/CONAGUA
62,SCT
63,SCT y Centrales Camioneras
64,Secretaría de Economía
65,"Secretariado Ejecutivo del Sistema Nacional de Seguridad Pública, SEGOB"
66,SECTUR
67,SEDATU
68,SEDESOL
69,SEGOB
70,"SEGOB, Bancos Jurídicos Interguberanamentales"
71,"SEGOB, Secretariado Ejecutivo del Sistema Nacional de Seguridad Pública"
72,SEMARNAT
73,"SEP, ENLACE"
74,"SEP, Sistema Nacional de Información Educativa"
75,SESNSP
76,SHCP
77,SIICYT
78,SINAIS
79,SNIEG
80,"SS, SINAIS"
81,SSA (SINAIS)
82,UNESCO
83,Visit Mexico

