identidad,idproyecto,iduser_val,iduser_created,activo,agrupado,validado,descripcion,fec_created,fec_validar,nom_proyecto
14,1,2,1,1,NULL,1,"LA REALIZACIÓN DEL PROYECTO IMPLICA LA CONSTRUCCIÓN DE 195 KM. DE VÍA NUEVA (A RESERVA DEL LEVANTAMIENTO DE LA INFRAESTRUCTURA EXISTENTE), LLEVANDO A CABO PREVIAMENTE LOS ESTUDIOS Y PROYECTOS DE INGENIERÍA, QUE PERMITAN EVALUAR LAS CONDICIONES ACTUALES DE LA INFRAESTRUCTURA EXISTENTE, VERIFICACIÓN DE TRAZO, ESTATUS DEL DERECHO DE VÍA, VIABILIDAD TÉCNICA, OPERATIVA, FINANCIERA Y LEGAL DEL ACORTAMIENTO Y UNA VEZ VALIDADO, LLEVAR A CABO LOS TRABAJOS DE UN LADERO, OBRAS DE DRENAJE, OBRAS DE TERRACERÍA, TÚNELES, VIADUCTOS, PASOS SUPERIORES E INFERIORES VEHICULARES, UNA TERMINAL DE PRODUCTOS AGRÍCOLAS, INSTALACIONES ESPECIALES Y OBRAS INDUCIDAS.\n",2016-02-29 12:28:43,2016-03-01 15:11:16,"CONSTRUCCIÓN DEL ACORTAMIENTO FERROVIARIO ""ENCARNACIÓN - EL CASTILLO” (CG 029)\n"
14,2,2,1,1,NULL,1,"EL PROYECTO CONSISTE EN LA MODERNIZACIÓN Y AMPLIACIÓN DE LA INFRAESTRUCTURA Y EQUIPAMIENTO DE LA LÍNEA 1 DEL TREN LIGERO DE GUADALAJARA, PARA QUE PUEDA OPERAR CON UNA CONFIGURACIÓN DE TRENES DE 3 VAGONES CON 900 PASAJEROS EN LUGAR DE LOS ACTUALES TRENES DE 2 VAGONES PARA 600 PASAJEROS, CON OBJETO DE AMPLIAR LA CAPACIDAD EN UN 50% Y ASÍ ATENDER LA DEMANDA ACTUAL Y LA ESPERADA.\n",2016-02-29 12:29:53,2016-03-01 15:16:08,AMPLIACIÓN Y MODERNIZACIÓN DE LA LÍNEA 1 DEL TREN LIGERO DE GUADALAJARA (TLG-1)\n
14,3,2,1,1,NULL,1,"EL PROYECTO CONSISTE EN LA MODERNIZACIÓN DE LA CARRETERA EL TUITO-MELAQUE, MEDIANTE LA AMPLIACIÓN DE LA SECCIÓN TRANSVERSAL A UNA SECCIÓN TIPO A2, CON UN ANCHO DE CORONA DE 12.0 M, PARA ALOJAR 2 CARRILES DE CIRCULACIÓN DE 3.5 M DE ANCHO CADA UNO Y ACOTAMIENTOS EXTERNOS DE 2.5 M CADA UNO, EN UN TRAMO DE 140.2 KM, A UNA SECCIÓN TIPO A4 DE 21.0 M PARA ALOJAR 4 CARRILES DE CIRCULACIÓN DE 3.5 M, ACOTAMIENTOS EXTERNOS DE 2.5 M E INTERNOS DE 0.5 M CADA UNO Y FAJA SEPARADORA CENTRAL DE 1.0 M, EN UN TRAMO DE 28.8 KM, ASÍ COMO LA RECTIFICACIÓN DE CURVAS EN ALGUNOS TRAMOS, EN UNA LONGITUD TOTAL DE 169.0 KM, EN TERRENO LOMERÍO.\n",2016-02-29 12:30:23,2016-04-22 23:21:26,"AMPLIACIÓN Y MODERNIZACIÓN DE LA CARRETERA FEDERAL MEX 200 PUERTO VALLARTA - MANZANILLO, TRAMO: EL TUITO - MELAQUE, DEL KM 61+600 AL KM 230+600. (CG-232)\n"
14,4,2,1,1,NULL,1,"EL PROYECTO CONSISTE EN MODERNIZAR Y AMPLIAR LA SECCIóN TRANSVERSAL DE 4 TRAMOS DE LA AUTOPISTA GUADALAJARA-COLIMA DE ACUERDO A LO SIGUIENTE: • EL TRAMO 0, ACATLáN -ENT. SAYULA, DEL KM 0+000 AL KM 069+100, CON LA CONSTRUCCIóN DE ENTRONQUES TEOCUITATLáN Y ATOYAC; CONSTRUCCIóN DE LAS PLAZAS DE COBRO ACATLáN II Y SAYULA; CONSTRUCCIóN DEL ENTRONQUE SAYULA; Y LA ADECUACIóN DE CONDUCCIóN DE FIBRA óPTICA. • EL TRAMO 1, ENT. SAYULA - ATENQUIQUE (CUATRO CAMINOS), DEL KM 69+100 AL KM 103+510, CON UNA LONGITUD DE 34.41 KM, SE AMPLIARá A UNA SECCIóN TIPO A4, DE 22 M DE ANCHO, PARA ALOJAR 4 CARRILES DE CIRCULACIóN DE 3.5 M CADA UNO (2 POR SENTIDO), ACOTAMIENTOS EXTERNOS DE 2.5 M E INTERNOS DE 1.0 M Y UN ESPACIO CENTRAL DE 0.8 M., SE INCLUYE LA AMPLIACIóN DE ESTRUCTURAS Y OBRAS DE DRENAJE. • EL T\r\n",2016-02-29 12:30:47,2016-04-22 22:16:30,"MODERNIZACIóN Y AMPLIACIóN DE LA AUTOPISTA GUADALAJARA - COLIMA, TRAMO: ENTRONQUE SAYULA - LíMITE DE ESTADOS JALISCO - COLIMA, DEL KM. 0+000 AL KM. 127+200 EN EL ESTADO DE JALISCO, Y DEL KM 127+200 AL KM 148+000 EN EL ESTADO DE COLIMA.\n"
14,5,2,2,1,NULL,1,"""CENTRAL CICLO COMBINADO DE 908 MW (ORIGINALMENTE ESTABLECIDA EN EL POISE) 795 MW (ACTUALMENTE ESTABLECIDA EN EL PRODESEN) Y AMPLIACIóN DE 3 LÍNEAS DE TRANSMISIÓN""\t\t\n\t\t\t\t\t\n\t\t\t\t\t\t\n",2016-02-29 13:01:07,2016-03-01 15:29:00,C.C. GUADALAJARA I (CENTRAL CICLO COMBINADO DE CON UNA CAPACIDAD ORIGINAL EN EL POISE DE 908 MW Y ACUTALMENTE EN EL PRODESEN DE 795 MW DE GB)
14,6,2,2,1,NULL,1,"EL PROYECTO CONSISTE EN LA EJECUCIÓN DE TRES TRAMOS, SIENDO LOS SIGUIENTES:\n\nTRAMO 1\nVIADUCTO I (ZAPOPAN – NORMAL) 7 ESTACIONES   8.65 KMS.\nOBRA CIVIL VIADUCTO 1, ENTRE PERIFéRICO-ZAPOPAN Y FEDERALISMO, CON SIETE ESTACIONES ELEVADAS Y ADECUACIóN URBANíSTICA EN ZAPOPAN.\nEMPRESAS MOTA-ENGIL, SACYR, PRODI Y TRENA.\n\nTRAMO 2\nTúNEL (NORMAL – PLAZA DE LA BANDERA) 5 ESTACIONES   5.35 KMS.\nOBRA CIVIL VIADUCTO 2, DESDE LA GLORIETA “LA NORMAL” HASTA PLAZA DE LA BANDERA, CON CINCO ESTACIONES SUBTERRÁNEAS Y  ADECUACIÓN URBANÍSTICA EN GUADALAJARA.\nEMPRESA  MOTA-ENGIL, SACYR, GRUPO PROMOTOR Y CONSTRUCTORA RAL.\n \nTRAMO 3\nVIADUCTO II PLAZA DE LA BANDERA-NUEVA CENTRAL DE AUTOBUSES   6 ESTACIONES    7.45 KMS.\nOBRA CIVIL VIADUCTO 3, DESDE AV. REVOLUCIóN HASTA NUEVA CENTRAL CAMIONERA, CON SEIS ES",2016-02-29 13:04:42,2016-03-01 15:35:14,"CONSTRUCCIóN DE LA LíNEA 3 DEL TREN LIEGRO EN LOS MUNICIPIOS DE ZAPOPAN, GUADALAJARA Y TLAQUEPAQUE, CON UNA LONGITUD DE 21.3 KM., CONSTITUIDO POR 18 ESTACIONES, 13 SERáN SUPERFICIALES Y 5 SUBTERRáNEAS."
14,7,2,2,1,NULL,1,"ES UN PROGRAMA PARA PROMOVER LA REALIZACIóN DE ACCIONES SOCIALES Y LA EJECUCIóN DE OBRA PARA CREAR SITIOS DE USO PúBLICO O RECUPERAR SITIOS DE RECREACIóN QUE PRESENTEN DETERIORO, ABANDONO Y EN ALGUNOS CASOS INSEGURIDAD.\r\n\r\nESTE PROGRAMA CONTEMPLA EL MEJORAMIENTO DE áREAS VERDES, INSTALACIóN DE JUEGOS INFANTILES, MáQUINAS DE EJERCICIO PARA DISCAPACITADOS ENTRE OTRAS COSAS, FAVORECIENDO LA CONVIVENCIA SOCIAL, EL SENTIDO DE PERMANENCIA, LA SOLIDARIDAD Y LA PARTICIPACIóN DE LA SOCIEDAD BENEFICIADA.",2016-02-29 13:05:58,2016-03-01 15:40:22,IMPLEMENTACIóN DEL PROGRAMA DE ESPACIOS PÚBLICOS Y  DE CONVIVENCIA FAMILIAR.
14,8,2,2,1,NULL,1,"CONSTRUCCIÓN DE GASODUCTO PARA INCREMENTAR LA CAPACIDAD DE TRANSPORTE DE GAS NATURAL, SUBSANAR LOS CUELLOS DE BOTELLA DERIVADOS DEL INCREMENTO EN LA DEMANDA DE ESTE COMBUSTIBLE Y LA FALTA DE EXPANSIÓN DEL SISTEMA NACIONAL. ",2016-02-29 13:07:14,2016-04-25 10:00:17,GASODUCTO TULA-VILLA DE REYES Y VILLA DE REYES-AGUASCALIENTES-GUADALAJARA
14,9,1,2,1,NULL,1,"EL PROYECTO CONSISTE EN LA CONSTRUCCIÓN DE UNA AUTOPISTA TIPO A4, CON ANCHO DE CORONA DE 21.0 M PARA ALOJAR 4 CARRILES DE CIRCULACIÓN DE 3.5 M CADA UNO, ACOTAMIENTOS LATERALES EXTERNOS DE 2.5 M, EN UNA LONGITUD DE 111.4 KILÓMETROS,INCLUYE LA CONSTRUCCIÓN DE 7 ENTRONQUES: ZAPOTLANEJO, AUTOPISTA MéXICO-GUADALAJARA, ATEQUIZA, CHAPALA, SANTA CECILIA, TALA Y ARENAL.",2016-02-29 13:08:14,2016-04-25 11:04:10,"CONSTRUCCIÓN DEL LIBRAMIENTO SUR DE GUADALAJARA, TRAMO: ENTRONQUE (AUTOPISTA GUADALAJARA - LAGOS) - ENTRONQUE (AUTOPISTA GUADALAJARA - TEPIC), DEL KM 0+000 AL KM 111+400"
14,10,1,2,1,NULL,1,"REALIZAR LOS ESTUDIOS DE FACTIBILIDAD TÉCNICA Y PROYECTOS DE ADECUACIÓN DE LA INFRAESTRUCTURA VIAL NECESARIOS PARA LA OPERACIÓN DE LOS CORREDORES METROPOLITANOS: ESTUDIOS DE DEMANDA DE TRANSPORTE PÚBLICO, ANÁLISIS DE LA DEMANDA, DISEÑO OPERACIONAL BASE Y PROYECTO DE SEÑALIZACIÓN HORIZONTAL Y VERTICAL Y EQUIPAMIENTO, PROYECTO CONCEPTUAL Y EJECUTIVO DE CORREDOR TRONCAL CON CARRIL CONFINADO Y ESTACIONES CENTRALES. IMPLEMENTAR EL PROYECTO Y CONSTRUIR SUS ELEMENTOS DE INFRAESTRUCTURA FÍSICA Y TECNOLÓGICA, IMPLEMENTAR LA CREACIÓN DE LAS PERSONAS MORALES Y ENTES PÚBLICOS NECESARIOS PARA LA OPERACIÓN DEL SISTEMA.\nLA INFRAESTRUCTURA NECESARIA PARA IMPLEMENTAR EL SISTEMA INTEGRADO PERIBúS, PRIMERA ETAPA, CONSISTE EN LA HABILITACIÓN DE UN CARRIL CONFINADO A LO LARGO DE UN TRAMO DE 41.5 KILÓMETROS EN",2016-02-29 13:16:28,2016-04-25 10:37:36,IMPLEMENTACIÓN DEL NUEVO MODELO DE TRANSPORTE PÚBLICO EN EL ÁREA METROPOLITANA DE GUADALAJARA (PERIBÚS)
14,11,1,2,1,NULL,1,"EL PROYECTO CONSISTE EN UNA PRIMERA INSTANCIA, EN LA ADQUISICIóN DE LOS PREDIOS NECESARIOS (165 HAS.) PARA CONSOLIDAR LAS RESERVAS TERRITORIALES QUE PERMITAN GARANTIZAR LAS CONDICIONES FíSICAS Y JURíDICAS PARA, EN UNA SEGUNDA INSTACIA, IMPLANTAR UNA SEGUNDA PISTA DE ATERRIZAJE DENTRO DEL áREA QUE CIRCUNDA ACTUALMENTE EL AEROPUERTO, UNA VEZ QUE ALCANCE SU PUNTO DE SATURACIóN OPERATIVA.",2016-02-29 13:22:00,2016-04-25 11:06:47,"AMPLIACIÓN Y MODERNIZACIÓN DEL AEROPUERTO INTERNACIONAL ""MIGUEL HIDALGO Y COSTILLA"" DE GUADALAJARA (ADQUISICIÓN DE TERRENOS PARA LA IMPLEMENTACIÓN DE LA 2DA. PISTA)."
14,13,2,2,1,NULL,1,"ES UN SISTEMA DE TRANSPORTE PÚBLICO PERSONAL, QUE POR MEDIO DE RENTA DE BICICLETAS EL GOBIERNO DEL ESTADO ATENDERÁ LA NECESIDAD DE DESPLAZAMIENTOS EN LAS ZONAS DE COBERTURA. EL SISTEMA FUNCIONA EN BASE A UNA RED DE ESTACIONES QUE INTEGRAN UN KIOSKO INTERACTIVO DE INFORMACIÓN Y SERVICIO, PUERTOS DE ANCLAJE DE BICICLETAS, Y BICICLETAS. LA ESTACIÓN FUNCIONA CON ENERGÍA SOLAR.",2016-02-29 13:43:15,2016-03-01 17:03:09,IMPLEMENTACION DEL SISTEMA DE BICICLETA PúBLICA METROPOLITANO MI BICI
14,14,2,2,1,NULL,1,"LA AGENDA DE INNOVACIóN DE JALISCO DEFINE LAS ESTRATEGIAS DE ESPECIALIZACIóN INTELIGENTE QUE PERMITEN IMPULSAR EL PROGRESO CIENTíFICO, TECNOLóGICO Y DE INNOVACIóN, CON BASE EN LAS VOCACIONES ECONóMICAS Y CAPACIDADES LOCALES DE JALISCO. EN LA AGENDA DE INNOVACIóN ESTáN DEFINIDOS LOS SECTORES ESTRATéGICOS DEL ESTADO, QUE SON LA BASE PARA IMPLEMENTAR LAS PLATAFORMAS TECNOLóGICAS DE JALISCO. SE PRIORIZAN TRES áREAS DE ESPECIALIZACIóN CON UN COMPONENTE SECTORIAL: AGROALIMENTARIA, SALUD E INDUSTRIA FARMACéUTICA, Y TIC E INDUSTRIAS CREATIVAS, MáS UNA CUARTA áREA CON UN COMPONENTE TRANSVERSAL: BIOTECNOLOGíA.\r\n\r\nEL PROGRAMA PRETENDE IMPLEMENTAR LOS PROYECTOS ESTRATéGICOS DEFINIDOS EN LA AGENDA DE INNOVACIóN, QUE TIENEN UN ALTO POTENCIAL E IMPACTO PARA DETONAR LOS NICHOS Y LAS OPORTUNIDADES IDENTIFI",2016-02-29 13:45:12,2016-03-01 17:15:19,IMPLEMENTACIÓN DE PROYECTOS ESTRATÉGICOS DE AGENDA DE INNOVACIÓN DE JALISCO
14,15,2,2,1,NULL,1,EL PROYECTO IMPLEMENTA HERRAMIENTAS TECNOLóGICAS EN LAS AULAS DE LAS ESCUELAS SECUNDARIAS PúBLICAS DE JALISCO QUE FORTALECEN LAS ESTRATEGIAS DE APRENDIZAJE Y BRINDA UN APOYO MULTIMEDIA AL DOCENTE QUE SE COMPLEMENTA CON ACCIONES DE FORMACIÓN Y ACOMPAÑAMIENTO QUE BRINDAN LAS ÁREAS COMPETENTES DE LA DEPENDENCIA.,2016-02-29 13:46:24,2016-03-01 17:41:14, IMPLEMENTACIÓN ESTRATEGIA ESTATAL AULAS INTERACTIVAS PARA SECUNDARIAS PUBLICAS DE JALISCO
14,16,2,2,1,NULL,1,LOGRAR LA CERTIFICACIÓN Y ACREDITACIÓN EN LAS HABILIDADES LINGÜISTICAS DEL INGLÉS A TRAVÉS DE LA PLATAFORMA EN LÍNEA DUOLINGO PARA DIVERSOS SECTORES DE LA SOCIEDAD EN JALISCO. ,2016-02-29 13:48:56,2016-03-01 17:49:44,JALISCO BILINGÜE
14,17,2,2,1,NULL,1,"EL OBJETIVO PRINCIPAL DEL PROYECTO CONSISTE EN LA CONSTRUCCIÓN DE UN ESPACIO QUE CUENTA CON LA INFRAESTRUCTURA NECESARIA PARA EL DESARROLLO DE LA INDUSTRIA CREATIVA Y DE INNOVACIÓN DE JALISCO EN UNA ZONA DE LA CIUDAD CARENTE DE ELLOS . ESTE COMPLEJO, DISPONDRÁ DE LOS ESPACIOS Y SERVICIOS QUE PERMITA POTENCIALIZAR LAS CAPACIDADES DE PRODUCCIÓN Y COMPETITIVIDAD DE LAS EMPRESAS AHÍ INSTALADAS.\nEL COMPLEJO DISPONDRÁ DE UN DISEÑO DE ESPACIOS DE COSTO MODERADO Y SERVICIOS COMPARTIDOS PARA PEQUEÑAS Y MEDIANAS EMPRESAS. ADEMáS, ALBERGARÁ A GRUPOS QUE TRABAJAN EN PROYECTOS A CORTO PLAZO Y A PRODUCTORES INDEPENDIENTES, PARA QUIENES LAS INSTALACIONES ADECUADAS COMO LOS ESPACIOS DE TRABAJO EN EQUIPO Y LAS SALAS DE TELE PRESENCIA SON UNA NECESIDAD. EL COMPLEJO CREATIVO DIGITAL CONSISTE EN UN BLOQUE MU",2016-02-29 13:50:02,2016-03-01 18:20:02,CONSTRUCCIÓN DEL COMPLEJO CREATIVO DE CIUDAD CREATIVA DIGITAL
14,18,2,2,1,NULL,1,"SISTEMA DE INNOVACIÓN DEL ESTADO, QUE BUSCA VINCULAR Y DESARROLLAR EL ECOSISTEMA DE EMPRENDIMIENTO DE ALTO IMPACTO, CIENTÍFICO, TECNOLÓGICO Y SOCIAL, A TRAVÉS DE CENTROS DE INNOVACIÓN Y ALIADOS ESTRATÉGICOS, QUE PERMITA CREAR, IMPULSAR Y FORTALECER EMPRESAS DE BASE TECNOLÓGICA QUE TENGAN LA CAPACIDAD DE COMPETIR EN MERCADOS INTERNACIONALES",2016-02-29 13:55:13,2016-03-01 21:10:37,DESARROLLO DEL SISTEMA DE INNOVACIÓN CIADE (CENTRO DE INNOVACIÓN PARA EL ACELERAMIENTO DEL DESARROLLO ECONÓMICO)
14,19,2,2,1,NULL,1,"SE ORIENTA A DESARROLLAR UNA NUEVA ESCUELA CON UNA JORNADA ESCOLAR ENTRE 6 Y 8 HORAS DIARIAS, ENLA QUE SE FAVOREZCA LA CALIDAD EDUCATIVA CON EQUIDAD, AL PROPICIAR EL AVANCE CONTINUO DE LOS APRENDIZAJES DEL ALUMNADO A TRAVéS DE LA AMPLIACIóN Y EL USO EFICIENTE DEL TIEMPO ESCOLAR; LA MEJORA DE LAS PRáCTICAS DE ENSEñANZA; EL TRABAJO COLABORATIVO Y COLEGIADO; EL FORTALECIMIENTO DE LA AUTONOMíA DE GESTIóN ESCOLAR Y LA INCORPORACIóN DE NUEVOS MATERIALES EDUCATIVOS. ",2016-02-29 13:56:31,2016-03-01 21:32:11,INSTALACIÓN DEL PROGRAMA ESCUELAS DE TIEMPO COMPLETO 
14,20,2,2,1,NULL,1,CONSOLIDAR EN LA UNIVERSIDAD TECNOLÓGICA DE JALISCO (UTJ) EL LÍDER DE IMPLEMENTACIÓN Y SEGUIMIENTO,2016-02-29 14:17:37,2016-03-01 21:53:08,CREACIÓN DE LA UNIVERSIDAD DIGITAL DEL ESTADO DE JALISCO
14,21,1,2,1,NULL,1,"ES UN PROGRAMA QUE PROMUEVE EL APRENDIZAJE FORMAL DE LA MÚSICA COMO UNA HERRAMIENTA PARA EL DESARROLLO SOCIAL A TRAVÉS DE LA INSTALACIÓN Y/O ADOPCIÓN DE NÚCLEOS COMUNITARIOS DE ENSEÑANZA EN DELEGACIONES Y COLONIAS MARGINADAS DE JALISCO. SON ESPACIOS COMUNITARIOS DONDE NIÑOS Y JÓVENES ENTRE 6 Y 14 AÑOS ASISTEN DE MANERA REGULAR A ESTUDIAR MÚSICA Y APRENDER A TOCAR UN INSTRUMENTO. EL PROGRAMA DE ESTUDIOS ESTÁ FUNDAMENTADO EN EL RESPETO Y LA CONVIVENCIA PRACTICADOS MEDIANTE EL TRABAJO GRUPAL  CONTINUO, LA METODOLOGÍA PERMITE QUE LOS BENEFICIARIOS  Y SUS FAMILIAS SE SIENTAN IDENTIFICADOS CON UNA ACTIVIDAD CONJUNTA PERMITIENDO QUE TANTO ALUMNOS COMO COMUNIDADES SE INVOLUCREN CORRESPONSABLEMENTE EN LAS DIVERSAS ACTIVIDADES DE LOS NÚCLEOS.",2016-02-29 14:18:37,2016-04-25 11:09:12,"INSTALACIÓN DE ECOS, MÚSICA PARA EL DESARROLLO (SISTEMA ESTATAL DE ORQUESTAS Y ENSAMBLES COMUNITARIOS)"
14,22,2,2,1,NULL,1,"EL ESTABLECIMIENTO DE UNA AGENDA DE INGLÉS COMO ESTRATEGIA INTEGRAL QUE GARANTICE UN INCREMENTO EN EL DOMINIO DEL INGLÉS DE LA POBLACIÓN JALISCIENSE QUE A SU VEZ SEA SOSTENIBLE. ENTRE OTRAS COSAS, LO ANTERIOR IMPLICA NECESARIAMENTE EL DISEÑO DE UNA POLÍTICA EDUCATIVA ESTATAL. ",2016-02-29 14:21:06,2016-03-01 22:34:25,PLAN ESTATAL DE INGLÉS 
14,23,2,2,1,NULL,1,DOTAR DE ESPACIOS ADECUADOS EN AQUELLAS ESCUELAS QUE UTILIZAN ESPACIOS PROVISIONALES PARA EL SERVICIO EDUCATIVO.\nPROPORCIONAR SEGURIDAD  Y ESPACIOS QUE PROPICIEN LA CALIDAD EDUCATIVA.  \nINCREMENTAR LA CAPACIDAD DE OFERTA EDUCATIVA EN PLANTELES DE EDUCACIÓN BÁSICA QUE ENFRENTAN DÉFICIT DE ESPACIOS.,2016-02-29 14:22:00,2016-03-01 23:15:16,SUSTITUCIÓN DE AULAS PROVISIONALES EN ESCUELAS DE EDUCACIÓN BÁSICA
14,24,2,2,1,NULL,1,APOYO A PRODUCTORES PARA LA CONSTRUCCIÓN DE INVERNADEROS DE DIFERENTES CARACTERÍSTICAS QUE PERMITAN PROTEGER LAS HECTÁREAS DE CULTIVOS DE TAL MANERA QUE LA PRODUCCIÓN DE HORTALIZAS SEA DE CALIDAD. ,2016-02-29 14:23:55,2016-03-02 00:01:46,APOYO A PRODUCTORES PARA LA PROTECCION DE HECTAREAS DE CULTIVO BAJO LAS CONDICIONES DE INVERNADERO (AGRICULTURA PROTEGIDA)
14,25,1,2,1,NULL,1,"OTORGAR INCENTIVOS ECONÓMICOS A MICRO Y PEQUEÑAS EMPRESAS DE LOS SECTORES ESTRATÉGICOS DEL ESTADO. PARTICIPA EL GOBIERNO ESTATAL E INICIATIVA PRIVADA.  CON EL APOYO OTORGADO A LOS PARTICIPANTES SE REALIZARÁN LAS GESTIONES NECESARIAS ENTRE LA INICIATIVA PúBLICA Y LA PRIVADA, INCLUYENDO A LOS PROVEEDORES; ADEMÁS DE CAPACITACIÓN ESPECIALIZADA, ADQUISICIÓN DE EQUIPO Y CONSTRUCCIÓN DE  INFRAESTRUCTURA, QUE LES PERMITIRÁ MEJORAR SUS PROCESOS PRODUCTIVOS, Y CON ELLO, SER MáS COMPETITIVOS Y GENERAR MÁS EMPLEOS FORMALES, FOMENTANDO ASÍ, LA ESPECIALIZACIÓN DE LA MANO DE OBRA.\n\nEL FIN PRINCIPAL DEL PROGRAMA ES APOYAR A LAS MIPYMES CON LA CONSTRUCCIóN DE INFRAESTRUCTURA PRODUCTIVA Y EQUIPAMIENTO DE SUS PROCESOS CON EL FIN DE INCREMENTAR LA COMPETITIVIDAD DE LAS MISMAS Y ABONAR AL DESARROLLO DE LAS R",2016-02-29 14:25:02,2016-03-03 13:09:09,"IMPLEMENTACIÓN DEL PROGRAMA DE APOYO A LAS MICRO, PEQUEÑAS Y MEDIANAS EMPRESAS PARA EL FORTALECIMIENTO DE INFRAESTRUCTURA PRODUCTIVA Y EQUIPAMIENTO (BIEN EMPLEO)"
14,26,2,2,1,NULL,1,"PROGRAMA DE APOYO A EMPRENDEDORES Y MICROEMPRESARIOS PARA LA ADQUISICIÓN DE EQUIPO O MOBILIARIO PRODUCTIVO NUEVO. PORCENTAJE DE APOYO CON UN MÁXIMO DE 85% SOBRE EL TOTAL DE LA COTIZACIÓN HASTA $12, 000 PESOS (DEPENDE DE LA DISPONIBILIDAD PRESUPUESTAL PARA EL AÑO). EL PROGRAMA BUSCA IMPULSAR LA FORMALIDAD Y EL AUMENTO DE VENTAS, PRODUCTIVIDAD Y MEJORA DE LA ATENCIÓN EN LOS SERVICIOS. ",2016-02-29 14:26:09,2016-03-02 00:49:20,"APOYO PARA LA COMPRA DE MOBILIARIO, HERRAMIENTA Y EQUIPO PRODUCTIVO NUEVO (BIEN EMPRENDO)"
14,27,1,2,1,NULL,1,"OTORGAR TIERRA A PRECIO CERO LOCALIZADA EN LOS PARQUES INDUSTRIALES PROPIEDAD DEL GOBIERNO ESTATAL PARA LAS PEQUEñAS, MEDIANAS Y GRANDES EMPRESAS INSTALADAS O POR INSTALARSE EN JALISCO PARA PROYECTOS DE CRECIMIENTO, AMPLIACIóN Y CONSTRUCCIóN.  \r\n\r\nPOR SU PARTE, LOS BENEFICIARIOS, DEBERáN REALIZAR INVERSIóN Y GENERAR Y CONSERVAR EMPLEOS DE CALIDAD.",2016-02-29 14:28:49,2016-03-03 13:14:54,PROGRAMA DE OTORGAMIENTO DE TIERRA A PRECIO CERO LOCALIZADA EN LOS PARQUES INDUSTRIALES PROPIEDAD DEL GOBIERNO DEL ESTADO (BIEN INVIERTO)
14,28,1,2,1,NULL,1,"EL PROGRAMA INVIERTE EN JALISCO CONTEMPLA ACCIONES A REALIZAR POR PARTE DEL GOBIERNO DEL ESTADO DE JALISCO A TRAVÉS DE LA SECRETARÍA DE DESARROLLO ECONÓMICO, EN EL CUAL SE PROMOCIONE Y BRINDE LAS OPORTUNIDADES E INCENTIVOS NECESARIOS A LOS EMPRESARIOS (NACIONALES, ESTATALES O INTERNACIONALES) QUE ESTÉN ESTABLECIDOS O ESTÉN INTERESADOS EN INVERTIR EN EL ESTADO Y QUE POR ENDE GENEREN EMPLEOS MEJOR REMUNERADOS, DESARROLLEN NUEVOS PORLOS DE DESARROLLO Y REACTIVEN LA ECONOMÍA DEL ESTADO CONTRIBUYENDO DE ESTA MANERA AL DESARROLLO DEL PAÍS",2016-02-29 14:29:54,2016-04-25 11:22:25,"PROGRAMA DE IMPULSO A LA COMPETITIVIDAD E INVERSIÓN NACIONAL Y EXTRANJERA: ""INVIERTE EN JALISCO"""
14,29,2,2,1,NULL,1,"CONSTRUCCIÓN Y EQUIPAMIENTO DE UN PARQUE TECNOLÓGICO AGROPECUARIO QUE CONTARÁ CON UN  CENTRO DE INNOVACIÓN AGROINDUSTRIAL Y UN CENTRO DE USOS MÚLTIPLES. AMBOS CONTARAN CON EQUIPO (MOBILIARIO, EQUIPO AUDIOVISUAL, ETC) NECESARIO PARA SU CORRECTO FUNCIONAMIENTO, SOFTWARE DE LA ADMINISTRACIÓN DE LA INFRAESTRUCTURA PRODUCTIVA. ESTE PROYECTO BENEFICIA LA REGION SUR DEL ESTADO EN EL IMPULSO DE LAS MIPYMES PARA DETONAR EL DESARROLLO ECONOMICO",2016-02-29 14:30:46,2016-03-02 02:12:27,PARQUE TECNOLóGICO AGROPECUARIO CIUDAD GUZMáN     
14,30,1,2,1,NULL,1,"COMPRENDE LA CONSTRUCCIÓN DE LA INFRAESTRUCTURA PERIFÉRICA DEL PARQUE INDUSTRIAL EN LAGOS DE MORENO, LA CUAL SE DIVIDE EN DOS ETAPAS:      \nETAPA I. AMPLIACIÓN DE LA SUBESTACIÓN ELÉCTRICA.  \nETAPA II. ABASTECIMIENTO Y TRATAMIENTO DE AGUA.   ",2016-02-29 14:31:54,2016-04-25 11:14:41,"DESARROLLAR UN PARQUE INDUSTRIAL EN LAGOS DE MORENO         \n\nCONSTRUCCIÓN DE LA INFRAESTRUCTURA PERIFÉRICA DEL PARQUE INDUSTRIAL EN LAGOS DE MORENO, ETAPAS I Y II.                                                                                                                                              "
14,31,1,2,1,NULL,1,"EL SISTEMA INTEGRAL PREVÉ LLEVAR A BUEN TERMINO LAS SIGUIENTES OBRAS: \n1A. ETAPA:\n 1.- PRESA DERIVADORA Y OBRA DE TOMA EN EL SITIO PURGATORIO, ACTUALMENTE EN PROCESO DE CONSTRUCCIÓN, BAJO CONTRATO DE LA CEA POR $ 660 MDP, ). \n1A.- LUMBRERA DE 22 METROS DE DIáMETRO Y 114 M DE ALTURA\n2DA. ETAPA:\n  2.- CONSTRUCCIÓN DE   PLANTA DE BOMBEO PARA 5.6 M³S COMO FASE INICIAL DE APROVECHAMIENTO DE LAS AGUAS RESERVADAS DEL RIO VERDE PARA EL AMG    3.-  2500 M DE LÍNEAS DE IMPULSIÓN,  4.- LAGUNA DE REGULACIÓN DE 250 000 METROS CÚBICOS COMO FASE INICIAL DE REGULACIÓN.   5.-  4100 M DE CONDUCCIÓN A GRAVEDAD DE LA LAGUNA DE REGULACIÓN  ""LAS MULATAS""  A LA PLANTA POTABILIZADORA SAN GASPAR.  6.- AMPLIACIÓN Y MODERNIZACIÓN  DE LA PLANTA POTABILIZADORA SAN GASPAR  HASTA 5.6M³/S.     7.- INFRAESTRUCTURA DE",2016-02-29 14:34:00,2016-03-03 13:25:58,CONSTRUCCIÓN DE SISTEMA DE BOMBEO Y Y PRESA DERIVADORA EL PURGATORIO-SAN GASPAR-OCOTILLO (PURGATORIO - ARCEDIANO) EN ZAPOTLANEJO E IXTLAHUACAN DE LOS MEMBRILLOS.
14,32,1,2,1,NULL,1,"EL PROGRAMA ESTATAL ESTÁ INTEGRADO POR UN OBJETIVO GENERAL DE DONDE SE DESPRENDEN LAS ACTIVIDADES ESTRATÉGICAS DE PREVENCIÓN FÍSICA Y CULTURAL PRINCIPALMENTE DE MANERA PROGRAMADA, CONSIDERANDO LA PARTICIPACIÓN DE LOS TRES ÓRDENES DE GOBIERNO Y EL SECTOR SOCIAL A TRAVÉS DE LAS ASOCIACIONES DE SILVICULTORES PRINCIPALMENTE.\nASIMISMO EL PROGRAMA CONSIDERA LAS ACCIONES ESTRATÉGICAS DE COORDINACIÓN INTERINSTITUCIONAL PARA LA ATENCIÓN OPORTUNA Y DE SER EL CASO AMPLIADA DE LOS INCENDIOS FORESTALES QUE SE DETECTAN Y ATIENDEN CON LAS BRIGADAS INSTITUCIONALES A TRAVÉS DE LA INFRAESTRUCTURA ESTABLECIDA, SISTEMA DE RADIOCOMUNICACIÓN Y EQUIPO Y HERRAMIENTAS ESPECIALIZADOS.",2016-02-29 14:34:54,2016-04-25 11:19:33,PROGRAMA ESTATAL DE PREVENCIÓN Y COMBATE DE INCENDIOS FORESTALES Y MANEJO DEL FUEGO
14,33,1,2,1,NULL,1,"POR MEDIO DE ESTE PROGRAMA SE OTORGA EL APOYO ECONÓMICO A PRODUCTORES PARA LA TECNIFICACIÓN DE HECTÁREAS DE RIEGO MEDIANTE EL ESTABLECIMIENTO DE EQUIPOS PARA RIEGO: SEMIPRESURIZADO, POR GOTEO, ASPERSIÓN, MICROASPERSIÓN, TUBERÍA Y VALVULA CENTRAL E INCLUYE EQUIPAMIENTO DE LA FUENTE DE ABASTECIMIENTO EN PROYECTOS INTEGRALES",2016-02-29 14:36:05,2016-04-25 11:24:52,PROGRAMA DE APOYO A RIEGO TECNIFICADO.
14,34,1,2,1,NULL,1,"SE PREVÉ DISEÑAR Y CONSTRUIR LOS COLECTORES NECESARIOS PARA COMPLETAR LA CONDUCCIÓN DE LAS AGUAS RESIDUALES A LAS PLANTAS DE TRATAMIENTO DE AGUAS RESIDUALES (PTARS) YA CONSTRUIDAS (AGUA PRIETA, EL AHOGADO, ENTRE OTRAS) Y A LAS QUE SE LE CONSTRUIRÁN EN LA CUENCA ALTA DEL RÍO SANTIAGO, CUENCA RÍO VERDE Y CUENCAS DE ATEMEJAC Y EL AHOGADO EN EL ÁREA METROPOLITANA DE GUADALAJARA",2016-02-29 14:48:28,2016-04-25 11:29:45,"SANEAMIENTO DEL RÍO SANTIAGO (CUENCA RÍO VERDE, ALTO SANTIAGO (RÍO ZULA) Y REÚSO DE AGUAS RESIDUALES TRATADAS EN LAS REGIONES ALTOS SUR, ALTOS NORTE Y CIÉNEGA) "
14,35,1,2,1,NULL,1,"EL PROYECTO ADEMÁS DE LA CONSTRUCCIÓN DE LA PRESA ZAPOTILLO BAJO CONTROL DIRECTO DE CONAGUA,  PREVÉ LA CONSTRUCCIÓN DEL ACUEDUCTO PRINCIPAL ZAPOTILLO-  ALTOS -  LEON, CON PARTICIPACIÓN DEL GOBIERNO DEL ESTADO DE GUANAJUATO Y EL SAPAL ORGANISMO OPERADOR DE LA CIUDAD DE LEÓN. \nPOR PARTE DEL GOBIERNO DE  JALISCO SE PREVÉ  INTEGRE LAS OBRAS COMPLEMENTARIAS PARA EL  ABASTECIMIENTO DE AGUA POTABLE A LOCALIDADES DE 13 MUNICIPIOS DE LA REGIóN ALTOS DE JALISCO,  LAS CUALES SON:\n PLANTA DE BOMBEO (SUMINISTRO E INSTALACIÓN DE EQUIPOS DE BOMBEO PARA 1800 LPS (56.8 MILLONES DE METROS CÚBICOS ANUALES), EQUIPAMIENTO PARA POTABILIZAR 1.8 M³/S), LA CONEXIÓN - DERIVACIÓN DE  LOS ACUEDUCTOS RAMALES AL ACUEDUCTO PRINCIPAL  Y LOS PROPIOS RAMALES HASTA LAS CABECERAS MUNICIPALES DE LOS MUNICIPIOS BENEFICIADOS.",2016-02-29 14:49:50,2016-04-25 11:33:39,SISTEMA PRESA  ZAPOTILLO Y ACUEDUCTO ZAPOTILLO - ALTOS - LEON
14,36,2,2,1,NULL,1,"ES EL INSTRUMENTO MEDIANTE EL CUAL SE ESTABLECEN LAS POLÍTICAS PÚBLICAS ESTATALES PARA LA PREVENCIÓN Y GESTIÓN INTEGRAL DE RESIDUOS A PARTIR DEL DIAGNÓSTICO ACTUAL DEL MANEJO QUE SE DA. DETERMINA  LAS LÍNEAS ESTRATÉGICAS A SEGUIR, MISMAS QUE CONTIENEN UNA SERIE DE DIAGNÓSTICOS, SUBPROGRAMAS, LÍNEAS DE ACCIÓN ESPECÍFICAS, INDICADORES DE CUMPLIMIENTO, FUENTES DE FINANCIAMIENTO, RESPONSABLES DE SU APLICACIÓN, METAS CUANTIFICABLES Y MEDIBLES, ASÍ COMO EL COSTO Y CALENDARIO DE EJECUCIÓN RESPECTIVOS.",2016-02-29 14:50:54,2016-03-02 09:54:13,PROGRAMA ESTATAL DE PREVENCIÓN Y GESTIÓN INTEGRAL DE RESIDUOS
14,38,2,2,1,NULL,1,"TIENE COMO OBJETIVO EL FOMENTAR Y CONCERTAR CON LAS EMPRESAS, EL CUMPLIMIENTO VOLUNTARIO A LA NORMATIVIDAD AMBIENTAL APLICABLE, E INCLUSO A ESPECIFICACIONES TéCNICAS MáS ESTRICTAS (PREVIA CONCERTACIóN CON LOS REPRESENTANTES DE LOS ESTABLECIMIENTOS), ASí COMO ESTABLECER SISTEMAS DE CERTIFICACIóN DE PROCESOS QUE SEAN COMPATIBLES O QUE PRESERVEN, MEJOREN O RESTAUREN EL MEDIO AMBIENTE.",2016-02-29 14:58:12,2016-03-02 10:43:02,PROGRAMA DE CUMPLIMIENTO AMBIENTAL VOLUNTARIO (PCAV)
14,39,1,2,1,NULL,1,"APOYAR A LOS DUEñOS O POSEEDORES DE TERRENOS FORESTALES CUYOS PREDIOS MANTIENEN UNA COBERTURA EN BUEN ESTADO DE CONSERVACIóN QUE DE MANERA VOLUNTARIA DECIDAN PARTICIPAR EN EL PROGRAMA DE PAGO POR SERVICIOS AMBIENTALES E INCORPORAR BUENAS PRáCTICAS DE MANEJO DE LOS ECOSISTEMAS Y FOMENTAR LA PROVISIóN EN EL LARGO PLAZO DE SERVICIOS TALES COMO CAPTACIóN DE AGUA, MANTENIMIENTO DE LA BIODIVERSIDAD Y CAPTURA DE CARBONO.",2016-02-29 14:59:10,2016-04-25 11:37:36,SERVICIOS AMBIENTALES
14,40,1,2,1,NULL,1,"PROMOVER EL APROVECHAMIENTO FORESTAL DE LOS RECURSOS FORESTALES EN EL ESTADO, REACTIVAR LA ECONOMÍA DEL SECTOR Y CONTRIBUIR A LA GENERACIÓN DE EMPLEO, INGRESOS Y LA CALIDAD DE VIDA DE LOS HABITANTES DE LAS ZONAS FORESTALES; ASÍ COMO MANTENER E INCREMENTAR LA PROVISIÓN DE BIENES Y SERVICIOS AMBIENTALES A LA SOCIEDAD Y REDUCIR LAS EMISIONES DE CARBONO GENERADAS POR LA DEFORESTACIÓN Y DEGRADACIÓN FORESTAL.",2016-02-29 15:00:15,2016-03-02 13:57:34,PRODUCCIÓN Y  PRODUCTIVIDAD FORESTAL
14,41,1,2,1,NULL,1,"EL GOBIERNO DE LA REPÚBLICA A TRAVÉS DEL PROGRAMA NACIONAL FORESTAL (PRONAFOR) APOYA A LOS DUEÑOS Y POSEEDORES DE BOSQUES, SELVAS Y ZONAS ÁRIDAS, PARA CUIDAR, MEJORAR Y APROVECHAR SUSTENTABLEMENTE LOS RECURSOS FORESTALES PRESENTES EN ESTOS ECOSISTEMAS.",2016-02-29 15:01:06,2016-04-25 11:40:51,RESTAURACIÓN FORESTAL Y RECONVERSIÓN PRODUCTIVA.
14,42,1,2,1,NULL,1,"SERá UN ESPACIO FíSICO QUE FACILITE LA ATRACCIóN DE INVERSIóN EN EL SECTOR, DE EXCELENCIA PARA LA AGROINDUSTRIA, PARA GENERAR VALOR AGREGADO A LAS CADENAS PRODUCTIVAS DE ALIMENTOS Y DONDE CONFLUYAN EMPRESAS E INSTITUCIONES BIOTECNOLóGICAS QUE FAVOREZCAN EL DESARROLLO CIENTíFICO Y TECNOLóGICO Y DE GENERACIóN Y TRANSFERENCIA DE CONOCIMIENTOS. TIENE ADEMáS EL OBJETIVO DE ATRAER EMPRESAS LOCALES, NACIONALES O INTERNACIONALES, OFRECIENDO UN ENTORNO FAVORABLE PARA CRECIMIENTO DE NUEVAS INICIATIVAS EMPRESARIALES. \r\n\r\nLA FACTIBILIDAD DEL PARQUE ESTá BASADA EN LA DEMANDA EXISTENTE POR PARTE DE HASTA EL MOMENTO,  16 EMPRESAS DEL SECTOR ALIMENTICIO PARA ESTABLECER SUS PROYECTOS PRODUCTIVOS EN INSTALACIONES ADECUADAS A LA INDUSTRIA, MISMAS QUE GENERARáN CERCA DE 1,500 EMPLEOS Y UNA INVERSIóN DE ALREDE",2016-02-29 15:02:11,2016-03-02 15:23:07,PARQUE AGROINDUSTRIAL DE ZAPOPAN
14,43,1,2,1,NULL,1,"REALIZAR AUDITORíAS INTEGRALES/TRANSVERSALES (CRUCE DE GRANDES BASES DE DATOS) \r\nIMPLEMENTAR INSTRUMENTOS EFECTIVOS PARA LA DETECCIóN Y PREVENCIóN DE ACTIVIDADES FUERA DE NORMA\r\nLA CONTRALORíA GENERAL DEL ESTADO DENTRO DE SU PROGRAMA DE TRABAJO ESTA LA ADQUISICIóN DE UN SOFTWARE DE ALTA ESPECIALIDAD EN LA ADMINISTRACIóN, ANáLISIS DE GRANDES VOLúMENES DE INFORMACIóN Y BASES DE DATOS, CON APLICATIVO PARA CUALQUIER TIPO DE PLATAFORMA, RECONOCIDO A NIVEL NACIONAL E INTERNACIONAL, QUE PERMITA LLEVAR A CABO EL PROYECTO DE  AUDITORíA EN LíNEA DE ACUERDO A LAS MEJORES PRáCTICAS INTERNACIONALES  Y APEGADO A LOS LINEAMIENTOS DEL SISTEMA NACIONAL DE FISCALIZACIóN.",2016-02-29 15:03:03,2016-03-02 15:46:27,AUDITAR EN LÍNEA A LAS DEPENDENCIAS DEL EJECUTIVO
14,46,1,2,1,NULL,1,"SE DEFINE COMO LA HERRAMIENTA EN LA CUAL SE REGISTRA LA INFORMACIÓN TÉCNICA, ECONÓMICA Y FINANCIERA DE LOS PROYECTOS DEL ESTADO, SU ASIGNACIÓN PRESUPUESTAL Y LAS FUENTES DE FINANCIAMIENTO; PERMITE CONTROLAR Y EVALUAR LA EJECUCIÓN FÍSICA Y PRESUPUESTAL DE LOS PROYECTOS ALINEADOS CON LA PLANEACIÓN INSTITUCIONAL.  ES UN INSTRUMENTO DE GESTIÓN DE INFORMACIÓN DE LA INVERSIÓN, EN EL QUE SE EVALÚAN LOS PROYECTOS VIABLES (TÉCNICA, AMBIENTAL, SOCIOECONÓMICA Y GEOESPACIALMENTE), SUSCEPTIBLES DE SER FINANCIADOS O COFINANCIADOS CON RECURSOS MUNICIPALES, ESTATALES, NACIONALES E INTERNACIONALES Y QUE A TRAVÉS DE UN EJERCICIO DE PRIORIZACIÓN MULTICRITERIO OFRECE UNA CARTERA DE PROYECTOS JERARQUIZADA PARA LA TOMA DE DECISIONES",2016-02-29 15:09:21,2016-03-02 15:26:34,"DISEÑO, IMPLEMENTACIÓN Y OPERACIÓN DEL BANCO DE PROYECTOS JALISCO EN EL ESTADO."
14,47,1,2,1,NULL,1,"LA COMPLEJIDAD DE LA CUESTIÓN PÚBLICA ES CADA VEZ MAYOR Y EL NIVEL DE CONOCIMIENTOS Y HABILIDADES PARA PARTICIPAR EFECTIVAMENTE EN LA MISMA CRECE EN IGUAL MEDIDA. NO EXISTE DEMOCRACIA EN QUE LA MAYORÍA DE LOS CIUDADANOS PARTICIPEN CON INTENSIDAD O PROFUNDIDAD, SIN EMBARGO PUEDE CAPACITARSE A SECTORES PARTICULARMENTE ACTIVOS O A CIUDADANOS CONSCIENTES DE SU PAPEL, CON EL OBJETO DE QUE LA LABOR QUE ELLOS HAGAN, SUPERVISANDO O COLABORANDO CON LAS INSTITUCIONES DEL ESTADO, INCIDA EN EL BIENESTAR GENERAL DE LA POBLACIÓN; EVENTUALMENTE, ESTOS EJEMPLOS VIRTUOSOS TIENEN LA CAPACIDAD DE GENERAR UN EFECTO DE CONTAGIO EN SECTORES Y PERSONAS GENERALMENTE APÁTICOS.  PARA ELLO, ESTE TIPO INUSUAL DE CIUDADANOS U ORGANIZACIONES, DEBERÁN ESTAR CAPACITADOS PARA LA OBSERVACIÓN CRÍTICA DE NOTICIAS , LA DIFUSI",2016-02-29 15:10:32,2016-04-25 11:43:37,FACULTACIÓN DE CAPACIDADES PARA EL EJERCICIO PLENO DE LA CIUDADANÍA (CIUDADANO ACTIVO)
14,48,1,2,1,NULL,1,"DIVERSOS AVANCES TECNOLÓGICOS Y COMUNICATIVOS PERMITEN AHORA ACORTAR LAS DISTANCIAS ENTRE CIUDADANOS Y AUTORIDADES; SIN EMBARGO LAS CAPACIDADES DE MUCHAS ONGS Y GOBIERNOS PEQUEÑOS SON LIMITADAS, ESTE PROYECTO PRETENDE CONTRIBUIR A EXPANDIRLAS. ",2016-02-29 15:11:49,2016-04-25 11:51:20,FACULTACIÓN DE ORGANIZACIONES NO GUBERNAMENTALES (ONGS) Y GRUPOS DE LA SOCIEDAD CIVIL PARA EL EMPLEO DE REDES SOCIALES Y DATOS ABIERTOS (DEMOCRACIA)
14,49,1,2,1,NULL,1,"ES EL INSTRUMENTO QUE   PERMITE AGILIZAR LOS TRÁMITES QUE OFRECEN LAS DEPENDENCIAS  Y ORGANISMOS  A LA CIUDADANÍA, PROPORCIONANDO SEGURIDAD, CONFIDENCIALIDAD  Y CERTEZA JURÍDICA  A TRAVÉS DEL USO DE LAS TECNOLOGÍAS DE LA INFORMACIÓN Y LA COMUNICACIÓN, LAS CUALES  PERMITEN, REDUCIR LOS TIEMPOS  DE RESPUESTA Y EVITAR EL USO DE PAPEL; IMPLICANDO  LA RESPONSABILIDAD DE  RESPALDAR Y ALMACENAR LOS CERTIFICADOS DIGITALES QUE SEAN GENERADOS  CON MOTIVO DEL USO DE LA FIRMA ELECTRONICA EN JALISCO.",2016-02-29 15:12:40,2016-03-02 15:32:15,IMPLEMENTACIÓN GENERALIZADA DE LA FIRMA ELECTRÓNICA AVANZADA
14,50,1,2,1,NULL,1,"LA DINáMICA DE RECAUDACIóN HA MOSTRADO UNA TENDENCIA CRECIENTE FAVORECEDORA, SIN EMBARGO LA DIVERSIFICACIóN DE CONTRIBUCIONES DEL RESTO DE LAS ENTIDADES PONE EN RIESGO LA POSICIóN EN LA TABLA DEL COEFICIENTE DE DISTRIBUCIóN DE PARTICIPACIONES FEDERALES, MOTIVO POR EL CUAL ES PRIORITARIO LA IMPLEMENTACIóN DE PROGRAMAS QUE POTENCIALICEN LAS CAPACIDADES RECAUDATORIAS INSTITUCIONALES, TALES COMO EL UTILIZAR TECNOLOGíA PARA CRUZAR INFORMACIóN SOBRE EL CUMPLIMIENTO DE OBLIGACIONES FISCALES ESTATALES, APROVECHANDO LA BASE DE DATOS DE OTRAS INSTANCIAS DE GOBIERNO PARA GENERAR ACCIONES EJECUTIVAS EN LA DETERMINACIóN DE OMISIONES; EJERCER FISCALIZACIóN áGIL Y MASIVA EN LOS SEGMENTOS DE CONTRIBUYENTES QUE EL ESTADO NO HA INCURSIONADO EN LA VERIFICADO EL CUMPLIMIENTO DE LAS OBLIGACIONES EN EL MARCO LE",2016-02-29 15:13:44,2016-03-02 15:34:13,PROGRAMA PARA INCREMENTAR LA RECAUDACIóN DE INGRESOS
14,51,1,2,1,NULL,1,"EL INTERÉS DE LOS CIUDADANOS EN PARTICIPAR ES GENERALMENTE ESCASO Y EN MUCHOS CASOS EFÍMERO. ESTE PROYECTO BUSCA APOYAR LAS INICIATIVAS DE INCIDENCIA PÚBLICA DE LA SOCIEDAD CIVIL AL DOTARLES DE CONOCIMIENTO Y HERRAMIENTAS EN MATERIA LEGAL, FISCAL, ORGANIZATIVA, DE PLANEACIÓN E INCIDENCIA PÚBLICA, A EFECTO DE QUE ESTE TIPO DE ESFUERZOS SE CONSOLIDEN EN LUGAR DE AGOTARSE AL PASAR LA FASE DE ENTUSIASMO INICIAL.",2016-02-29 15:14:37,2016-04-25 11:55:06,INCUBACIÓN DE ORGANIZACIONES NO GUBERNAMENTALES (ONGS).
14,52,1,2,1,NULL,1,MEJORAR EL MANEJO DE LA DEUDA PÚBLICA DEL ESTADO DE JALISCO CON EL FIN DE GENERAR AHORROS PARA QUE ÉSTOS SEAN RE-ORIENTADOS A INVERSIONES PÚBLICAS,2016-02-29 15:15:39,2016-04-25 12:00:18,REESTRUCTURACIÓN DE LA DEUDA PÚBLICA DEL ESTADO DE JALISCO
14,53,1,2,1,NULL,1,ESTRATEGIA ESTATAL DE MONITOREO DE INDICADORES DEL DESARROLLO DE JALISCO Y LA EVALUACIÓN DE POLÍTICAS Y PROGRAMAS PÚBLICOS VINCULADOS AL PLAN ESTATAL DE DESARROLLO E INSTRUMENTOS DERIVADOS CONTENIDOS EN EL SISTEMA DE PLANEACIÓN DEMOCRÁTICA. ,2016-02-29 15:16:24,2016-03-02 15:41:17,MONITOREO DEL DESARROLLO Y EVALUACIÓN DE POLÍTICAS PÚBLICAS
14,54,1,2,1,NULL,1,GENERAR Y DIVULGAR CONTENIDOS Y MATERIALES DIDÁCTICOS PARA FORTALECER LA CULTURA CÍVICO-DEMOCRÁTICA DEL MAYOR NÚMERO DE SEGMENTOS DE LA SOCIEDAD JALISCIENSE EN DISTINTOS SOPORTES. ,2016-02-29 15:17:18,2016-04-25 12:04:22,IMPLEMENTACIÓN DE LA PLATAFORMA EDUCAR PARA LA DEMOCRACIA. 
14,55,1,2,1,NULL,1,"DESARROLLAR UN PROGRAMA DE TELEVISIÓN PARA PRODUCIR Y TRANSMITIR  CONTENIDOS DE CALIDAD PARA LA DIFUSIóN DE LOS VALORES DEMOCRÁTICOS, LA PARTICIPACIÓN CIUDADANA  Y LA EDUCACIÓN CÍVICA",2016-02-29 15:18:04,2016-03-02 16:10:51,PROGRAMA DE TELEVISIÓN DEL INSTITUTO ELECTORAL Y DE PARTICIPACIÓN CIUDADANA DEL ESTADO DE JALISCO.  
14,56,1,2,1,NULL,1,ES UNA HERRAMIENTA DE POLíTICA PúBLICA QUE PERMITE DIAGNóSTICAR Y EVALUAR LA OPERACIóN DE LOS MóDULOS DE APERTURA RáPIDA DE EMPRESAS.  EL PROGRAMA SE LLEVA A CABO A TRAVéS DE UN CUESTIONARIO QUE PERMITE ELABORAR UN DIAGNóSTICO QUE ESTUDIA LOS PRINCIPIOS BáSICOS DEL MóDULO SARE CON EL OBJETIVO DE OBTENER UNA EVALUCACIóN PARA DILUCIDAR LAS PRINCIPALES áREAS DE OPORTUNIDAD.,2016-02-29 15:18:57,2016-03-02 16:14:12,PROGRAMA DE RECONOCIMIENTO Y OPERACIóN DEL SISTEMA DE APERTURA RáPIDA DE EMPRESAS - PROSARE
14,57,1,2,1,NULL,1,"RENOVACIÓN DEL CATÁLOGO DE TRÁMITES Y SERVICIOS DEL ESTADO DE JALISCO (REPTE), ALINEADOS AL CATÁLOGO NACIONAL DE TRÁMITES Y SERVICIOS Y AL PORTAL GOB.MX DEL GOBIERNO FEDERAL, UTILIZANDO EL COSTEO ESTÁNDAR PARA LOS TRÁMITES ESTATALES A TRAVÉS DEL PROGRAMA SIMPLIFICA DE LA COFEMER.  ESTA PLATAFORMA ELECTRÓNICA SERÁ LA PRIMERA EN SU TIPO EN EL PAÍS Y LA PRIMERA EN SUMARSE A LA PLATAFORMA FEDERAL.",2016-02-29 15:19:42,2016-03-02 15:51:23,PLATAFORMA ELECTRÓNICA DEL REGISTRO PÚBLICO DE TRÁMITES (REPTE)
14,58,1,2,1,NULL,1,"UNA DE LAS PRIMERAS ACCIONES QUE SE REALIZÓ DURANTE LA PRESENTE ADMINISTRACIÓN FUE LA VERIFICACIÓN DE UN INVENTARIO DETALLADO POR SECCIÓN DE LIBROS FÍSICOS Y SUS IMÁGENES CORRESPONDIENTES ASÍ COMO DE LAS CARPETAS EN LAS EN QUE SE ENCUENTRAN ORGANIZADOS LOS DOCUMENTOS SOPORTE DE FOLIOS ELECTRÓNICOS; CON ELLO SE DETERMINO QUE AUN CUANDO EL FOLIO ELECTRÓNICO YA SE ENCUENTRA DEBIDAMENTE GENERADO, SE LLEVARA A CABO LA DIGITALIZACIÓN TOTAL DE LOS DOCUMENTOS QUE SOPORTAN LAS INSCRIPCIONES DE ESTOS FOLIOS ELECTRÓNICOS, ASOCIÁNDOSE LAS IMÁGENES DIGITALIZADAS A LOS ACTOS CAPTURADOS LO QUE GENERARA LA POSIBILIDAD DE LA CONSERVACIÓN ELECTRÓNICA DE LA INFORMACIÓN Y UN ACCESO RÁPIDO Y OPORTUNO DE LA MISMA.\nEL PROCESO DE DIGITALIZACIÓN SE REALIZA ACTUALMENTE RESPECTO DE TODOS LOS DOCUMENTOS QUE INGRESAN",2016-02-29 15:21:20,2016-03-02 15:53:37,ADQUISICIÓN Y DIGITALIZACIÓN DEL REGISTRO PÚBLICO DE LA PROPIEDAD.
14,59,1,2,1,NULL,1,"DESARROLLAR E IMPLEMENTAR UN SISTEMA DE APERTURA RÁPIDA DE EMPRESAS – SARE EN LOS MUNICIPIOS DEL ESTADO DE JALISCO REALIZANDO UN DIAGNOSTICO DEL PROCESO ACTUAL QUE SE LLEVA A CABO DENTRO DE LAS DEPENDENCIAS DEL MUNICIPIO INVOLUCRADAS PARA OTORGAR UNA LICENCIA MUNICIPAL PARA MICRO, PEQUEÑAS Y MEDIANAS EMPRESAS QUE DESEAN APERTURAR UN NEGOCIO DENOMINADO COMO DE “BAJO RIESGO”. DE ACUERDO AL ANÁLISIS Y EVALUACIÓN DE DICHO DIAGNÓSTICO SE DETERMINA EL PROCESO DE PLANEACIÓN, ORGANIZACIÓN, EJECUCIÓN Y CONTROL DEL MÓDULO QUE PERMITA FACILITAR Y AGILIZAR EL PROCESO PARA LA APERTURA DE ESTE TIPO DE NEGOCIOS, GARANTIZANDO UNA REDUCCIÓN EN EL NÚMERO DE TRÁMITES, TIEMPOS, REQUISITOS Y, EN LO POSIBLE, DE COSTOS PARA LOS EMPRESARIOS DEL MUNICIPIO Y DE LA MISMA REGIÓN.",2016-02-29 15:22:05,2016-03-02 15:55:58,SISTEMA DE APERTURA RÁPIDA DE EMPRESAS - SARE.
14,60,1,2,1,NULL,1,"TIENE COMO FINALIDAD  REGISTRAR, CONTROLAR, SEGUIMIENTO Y MONITOREAR LAS AUDITORIAS, PARA DAR CUMPLIMIENTO A LAS OBLIGACIONES QUE TIENE LA CONTRALORÍA DENTRO DEL MARCO JURÍDICO. ",2016-02-29 15:23:58,2016-03-02 15:58:25,PROGRAMA DE EVALUACION PARA MEJORA GUBERNAMENTAL (SIRCA)
14,61,1,2,1,NULL,1,ES UNA VENTANILLA ELECTRÓNICA ÚNICA PARA AGILIZAR Y CENTRALIZAR LOS TRÁMITES DE DOCUMENTOS Y ASUNTOS GENERADOS EN EL QUEHACER DEL GOBIERNO DE JALISCO. DANDO COMO RESULTADO LA AUTOMATIZACIÓN DE LOS PROCESOS DE GESTIÓN DOCUMENTAL.,2016-02-29 15:24:57,2016-03-02 16:01:50,IMPLEMENTACIÓN DE SISTEMA INTEGRAL DE CONTROL DE GESTIÓN EN LAS DEPENDENCIAS DEL ESTADO POR MEDIO DE UNA VENTANILLA ELECTRÓNICA ÚNICA PARA AGILIZAR Y CENTRALIZAR LOS TRÁMITES DE DOCUMENTOS Y ASUNTOS GENERADOS EN EL QUEHACER DEL GOBIERNO DEL ESTADO DE JALISCO.
14,62,1,2,1,NULL,1,"EL PROYECTO CONTEMPLA ACTOS ADMINISTRATIVOS CONCRETADOS ELECTRóNICAMENTE DE 170 TRáMITES Y SERVICIOS. \r\nTIENE POR OBJETO Y META GENERAL, LA OBTENCIóN DE MEJORAS SIGNIFICATIVAS EN EL RUBRO DE ATENCIóN A LA CIUDADANíA PONIENDO A SU ALCANCE HERRAMIENTAS TECNOLóGICAS QUE PERMITAN LLEVAR A CABO LOS TRáMITES DE MANERA EFICIENTE.\r\n\r\nPOR OTRA PARTE LOS FUNCIONARIOS DEL GOBIERNO DEL ESTADO DE JALISCO TENDRáN LA OPORTUNIDAD DE MEJORAR SUS LABORES DIARIAS A TRAVéS DE LAS MISMAS HERRAMIENTAS, CREANDO ENTONCES UN AMBIENTE DE COLABORACIóN Y EFICIENCIA PARA EL OTORGAMIENTO Y LA PRESTACIóN DE SERVICIOS ESTATALES.\r\nESTá ALINEADO A LOS ESTáNDARES DE INTEROPERABILIDAD DEL GOBIERNO FEDERAL. POR LO QUE SE FORTALECE LA GESTIóN ADMINISTRATIVA GARANTIZANDO LA FUNCIONALIDAD, OPERATIVIDAD Y PERMANENCIA DE LOS OBJET",2016-02-29 15:27:25,2016-03-02 16:05:33,SISTEMATIZACIóN Y DIGITALIZACIóN DE 170 TRáMITES ESTATALES
14,63,1,2,1,NULL,1,"INTEGRAR AVERIGUACIONES PREVIAS DERIVADAS DE LAS DENUNCIAS INTERPUESTAS POR LA CIUDADANÍA EN CONTRA DE SERVIDORES PúBLICOS QUE INCURRAN EN ACTOS DE CORRUPCIÓN, REALIZAR VISITAS PERIÓDICAS DE INSPECCIÓN  EN AGENCIAS DEL MINISTERIO PúBLICO DE ZONA METROPOLITANA Y DEL INTERIOR DEL ESTADO, ASÍ COMO DE LA POLICÍA INVESTIGADORA; LLEVAR A CABO AUDITORIAS PARA DAR SEGUIMIENTO A LA CORRECTA UTILIZACIóN DE LOS RECURSOS MATERIALES, HUMANOS Y FINANCIEROS, DE ACUERDO A LOS ESTABLECIDO EN LAS NORMAS JURÍDICAS Y CONTABLES APLICABLES, IMPLEMENTAR GUARDIAS PARA LA DETENCIÓN EN FLAGRANCIA DE FUNCIONARIOS POR ACTOS DE CORRUPCIÓN, MONITOREAR DE MANERA OPORTUNA EL ACTUAR DE LOS FUNCIONARIOS AL MOMENTO DE LOS HECHOS, Y  ACUDIR AL SITIO DE INTERÉS OTORGANDO ATENCIÓN A LOS CIUDADANOS QUE ASÍ LO REQUIERAN, BRINDÁN",2016-02-29 15:29:02,2016-04-25 12:07:17,"IMPLEMENTACIÓN DE ACCIONES PARA COMBATIR LA CORRUPCIÓN, EN LA FISCALÍA GENERAL DEL ESTADO DE JALISCO."
14,64,1,2,1,NULL,1,"APOYO A LAS DIRECCIONES DE SEGURIDAD PÚBLICA MUNICIPAL Y LA CIUDADANÍA DE JALISCO, ATENDIENDO Y DESPACHANDO LAS SOLICITUDES QUE SE REALICEN VÍA TELEFÓNICA O POR CUALQUIER OTRO MEDIO QUE SE RECIBAN EN EL CASO DE REQUERIR ALGÚN APOYO QUE REQUIERA LA INTERVENCIÓN POLICIAL, SERVICIOS MÉDICOS O DE EMERGENCIA, ESTABLECIENDO PARA ELLO LAS NORMAS, POLÍTICAS Y LINEAMIENTOS QUE PROPICIEN LA OPTIMA UTILIZACIÓN DEL SISTEMA DE LA RED INTEGRAL DE TELECOMUNICACIONES.",2016-02-29 15:30:07,2016-04-25 12:10:38,"ATENCIÓN DE APOYOS SOLICITADOS POR LOS MUNICIPIOS Y CIUDADANÍA DEL ESTADO DE JALISCO POR CONDUCTO DEL ÁREA DE TELECOMUNICACIONES DEL ESTADO, PARA SU CORRECTA CANALIZACIÓN Y ATENCIÓN."
14,65,1,2,1,NULL,1,"LA POLICíA ESTATAL APOYA E INTERVIENE CON RESPONSABILIDAD COMPARTIDA EN LOS CASOS Y EVENTOS QUE AMERITAN LA PRESENCIA POLICIAL DONDE EXISTAN RIESGOS A LA INTEGRIDAD Y BIENES DE LAS PERSONAS, ASí COMO EL ORDEN PúBLICO, DONDE LOS MUNICIPIOS NO TIENEN LA CAPACIDAD DE RESPONDER POR LAS LIMITACIONES DE SUS RECURSOS HUMANOS Y MATERIALES.",2016-02-29 15:31:01,2016-04-21 10:16:48,APOYOS DE SEGURIDAD PARA AUTORIDADES Y CIUDADANOS JALISCIENSES EN SITUACIONES ESPECIALES Y EN EVENTOS EXTRAORDINARIOS.
14,66,1,2,1,NULL,1,"APOYO A LOS MUNICIPIOS MEDIANTE LA PRESENCIA DE CONVOYS DE LA FUERZA UNICA DE JALISCO EN COORDINACIóN CON LAS POLICíAS MUNICIPALES Y CON LAS AUTORIDADES FEDERALES. SUS FINES SON COMBATIR LA DELINCUENCIA ORGANIZADA, PRESTAR ASISTENCIA A LA POBLACIóN Y MANTENER LA PAZ Y EL ORDEN PúBLICO. ",2016-02-29 15:31:46,2016-03-02 16:23:23,APOYO A LOS MUNICIPIOS MEDIANTE LA PRESENCIA DE LA FUERZA ÚNICA DE JALISCO.
14,67,1,2,1,NULL,1,"EL PRESENTE PROGRAMA TIENE POR OBJETO: * QUE CADA AYUNTAMIENTO SE CONSTITUYA COMO CENTRO PúBLICO DE PRESTACIóN DE SERVICIOS DE MéTODOS ALTERNOS*.\r\nINSTALAR UNA SEDE REGIONAL DE JUSTITICIA ALTERNATIVA EN CADA DISTRITO JUDICIAL, CADA CENTRO DEBERA CONTAR CON UN ESPACIO ADECUADO PARA LLEVAR A CABO LAS SESIONES DE MEDIACIóN Y CONCILIACIóN, CON UN APROXIMADO DE 5 ELEMENTOS PROFESIONALES EN LA MATERIA, ASI COMO LAS CARACTERíSTICAS FíSICAS Y MOBILIARIO ESPECIFICO QUE PROPORCIONE UN ESTADO DE CONFORT Y TRANQUILIDAD A LOS USUARIOS DEL SERVICIO, DE TAL FORMA QUE FACILITE LA COMUNICACIóN Y UNA AMIGABLE COMPOSICIóN ENTRE LAS PARTES.",2016-02-29 15:32:42,2016-03-02 16:26:30,CREACIóN DE CENTROS PúBLICOS Y PRIVADOS DE RESOLUCIóN DE CONFLICTOS PARA LA APLICACIóN DE LOS MEDIOS ALTERNOS.
14,68,1,2,1,NULL,1,"INVESTIGACIONES DE HECHOS PRESUNTAMENTE DELICTIVOS PARA APOYAR AL MINISTERIO PúBLICO A ESCLARECERLOS MEDIANTE PROCESOS CONTINUOS Y CONCATENADOS DE ACTIVIDADES, ORGANIZADOS, ESPECIALIZADOS, METóDICOS Y LEGALES.",2016-02-29 15:33:23,2016-03-02 16:29:58,INVESTIGACIONES DE APOYO AL MINISTERIO PúBLICO
14,69,2,2,1,NULL,1,"EL PROYECTO DE MODERNIZACIóN DE LA DENUNCIA TIENE COMO OBJETIVO PRINCIPAL INNOVAR LA PRESENTACIóN DE UNA DENUNCIA POR PARTE DE CIUDADANOS QUE FUERON VíCTIMAS DE UN DELITO, A TRAVéS DEL USO DE TECNOLOGIAS COMO ES EL INTERNET. SE LLEVARá A CABO POR MEDIO DE UN SISTEMA INFORMáTICO QUE PERMITA A CUALQUIER CIUDADANO PRESENTAR UNA DENUNCIA EN LA PáGINA WEB DEL GOBIERNO DEL ESTADO. ESTE PROYECTO DE DENUNCIA EN LíNEA  PERMIRTIRá A LA CIUDADANíA PRESENTAR SU DENUNCIA DESDE CUALQUIER LUGAR EN DONDE SE TENGA ACCESO A INTERNET, SIN NECESIDAD DE ACUDIR A UNA AGENCIA DEL MINISTERIO PúBLICO. ESTE PROYECTO SE COMPLEMENTA CON LA INSTALACIóN DE KIOSCOS ELECTRóNICOS, QUE FUNCIONARáN COMO UNA VENTANILLA AUTOMATIZADA DE AUTOSERVICIO QUE ELIMINE BUROCRACIA Y PERDIDA DE TIEMPO PARA PROPORCIONAR UN MEJOR SERVICIO",2016-02-29 15:34:09,2016-04-26 16:04:53,IMPULSO A LA MODERNIZACIóN DE LA DENUNCIA EN EL ESTADO DE JALISCO
14,70,1,2,1,NULL,1,"DISEÑO Y PROYECCIÓN DE TODAS LAS ACCIONES LEGISLATIVAS, CAMBIOS ESTRUCTURALES, JURISDICCIONALES Y ADMINISTRATIVOS, OPERACIÓN, EQUIPAMIENTO, INFRAESTRUCTURA, CAPACITACIÓN Y DIFUSIÓN SOCIAL PARA IMPLEMENTAR EL NUEVO SISTEMA DE JUSTICIA PENAL EN LA ENTIDAD.",2016-02-29 15:35:48,2016-03-02 15:49:01,IMPLEMENTACIÓN DEL NUEVO SISTEMA DE JUSTICIA PENAL PARA EL ESTADO DE JALISCO (JUICIOS ORALES)
14,73,2,2,1,NULL,1,"PROGRAMA  CREADO PARA  DISMINUIR LAS MUERTES RELACIONADAS CON EL ALCOHOL Y VOLANTE, ASí COMO CONCIENTIZAR A LA POBLACIóN EN LA PREVENCIóN DE ACCIDENTES RELACIONADOS CON ESTE FACTOR DE RIESGO, ASí COMO PROPICIAR UNA MAYOR CULTURA VIAL. ",2016-02-29 15:40:50,2016-04-26 15:05:00,PROGRAMA SALVANDO VIDAS
14,74,1,2,1,NULL,1,"ES UN PROYECTO DENTRO DEL DE VENTANILLA ÚNICA, EN EL CUAL SE IMPLEMENTARá EL TRAMITE DE CANCELACIONES DE HIPOTECAS DE INFONAVIT DE FORMA ELECTRóNICA, SIN PRESENCIA DEL USUARIO EN LA DEPENDENCIA,  PARA LOGRAR UNA MAYOR EFICIENCIA Y EFICACIA EN LOS MISMOS, INICIANDO COMO TRAMITE PILOTO, LAS CANCELACIONES DE HIPOTECA DEL INFONAVIT.\r\n",2016-02-29 15:41:31,2016-03-02 11:50:15,IMPLEMENTACIÓN DE PROTOCOLO ELECTRÓNICO
14,75,1,NULL,NULL,1,1,NULL,NULL,2016-03-02 23:53:49,"CONSTRUCCIÓN DEL ACORTAMIENTO FERROVIARIO ""ENCARNACIÓN - EL CASTILLO” (CG 029)\n ,AMPLIACIÓN Y MODERNIZACIÓN DE LA LÍNEA 1 DEL TREN LIGERO DE GUADALAJARA (TLG-1)\n ,AMPLIACIÓN Y MODERNIZACIÓN DE LA CARRETERA FEDERAL MEX 200 PUERTO VALLARTA - MANZANILLO, TRAMO: EL TUITO - MELAQUE, DEL KM 61+600 AL KM 230+600. (CG-232)\n ,MODERNIZACIóN Y AMPLIACIóN DE LA AUTOPISTA GUADALAJARA - COLIMA, TRAMO: ENTRONQUE SAYULA - LíMITE DE ESTADOS JALISCO - COLIMA, DEL KM. 0+000 AL KM. 127+200 EN EL ESTADO DE JALISCO, "
14,76,1,NULL,NULL,1,1,NULL,NULL,2016-03-03 00:37:58,"CONSTRUCCIÓN DEL ACORTAMIENTO FERROVIARIO ""ENCARNACIÓN - EL CASTILLO” (CG 029)\n ,AMPLIACIÓN Y MODERNIZACIÓN DE LA LÍNEA 1 DEL TREN LIGERO DE GUADALAJARA (TLG-1)\n ,AMPLIACIÓN Y MODERNIZACIÓN DE LA CARRETERA FEDERAL MEX 200 PUERTO VALLARTA - MANZANILLO, TRAMO: EL TUITO - MELAQUE, DEL KM 61+600 AL KM 230+600. (CG-232)\n ,MODERNIZACIóN Y AMPLIACIóN DE LA AUTOPISTA GUADALAJARA - COLIMA, TRAMO: ENTRONQUE SAYULA - LíMITE DE ESTADOS JALISCO - COLIMA, DEL KM. 0+000 AL KM. 127+200 EN EL ESTADO DE JALISCO, "
14,78,NULL,1,1,NULL,NULL,SSS,2016-04-04 21:16:17,NULL,SSSS
14,79,2,NULL,NULL,1,1,NULL,NULL,2016-04-21 13:36:16,"CONSTRUCCIÓN DEL ACORTAMIENTO FERROVIARIO ""ENCARNACIÓN - EL CASTILLO” (CG 029)\n ,AMPLIACIÓN Y MODERNIZACIÓN DE LA LÍNEA 1 DEL TREN LIGERO DE GUADALAJARA (TLG-1)\n ,C.C. GUADALAJARA I (CENTRAL CICLO COMBINADO DE CON UNA CAPACIDAD ORIGINAL EN EL POISE DE 908 MW Y ACUTALMENTE EN EL PRODESEN DE 795 MW DE GB) "
14,80,1,1,1,NULL,1,ESCOLARIDAD,2016-06-15 13:53:26,2016-06-15 14:39:25,ESCOLARIDAD - JALISCO

