identidad,idproyecto,idproyrank,idindicador,idsubindice,anio,aniot,indianio,posicion,anio_char,indianiot,posiciont,anio_chart,v_normalizado,punt_indicador,punt_subindice,v_normalizadot,punt_indicadort,punt_subindicet
14,0,343796,1,1,2012,2015,12012,32,d,12015,32,c,NULL,NULL,NULL,NULL,NULL,NULL
14,0,343797,2,1,2012,2015,22012,32,d,22015,32,c,NULL,NULL,NULL,NULL,NULL,NULL
14,0,343798,3,1,2012,2015,32012,32,d,32015,32,c,NULL,NULL,NULL,NULL,NULL,NULL
14,0,343799,4,1,2012,2015,42012,32,d,42015,32,c,NULL,NULL,NULL,NULL,NULL,NULL
14,0,343800,5,1,2012,2015,52012,32,d,52015,32,c,NULL,NULL,NULL,NULL,NULL,NULL
14,0,343801,6,1,2012,2015,62012,32,d,62015,32,c,NULL,NULL,NULL,NULL,NULL,NULL
14,0,343802,7,1,2012,2015,72012,32,d,72015,32,c,NULL,NULL,NULL,NULL,NULL,NULL
14,0,343803,8,1,2012,2015,82012,32,d,82015,32,c,NULL,NULL,NULL,NULL,NULL,NULL
14,0,343804,9,1,2012,2015,92012,32,d,92015,32,c,NULL,NULL,NULL,NULL,NULL,NULL
14,0,343805,10,1,2012,2015,102012,32,d,102015,32,c,NULL,NULL,NULL,NULL,NULL,NULL
14,0,343806,11,2,2012,2015,112012,32,d,112015,32,c,NULL,NULL,NULL,NULL,NULL,NULL
14,0,343807,12,2,2012,2015,122012,32,d,122015,32,c,NULL,NULL,NULL,NULL,NULL,NULL
14,0,343808,13,2,2012,2015,132012,32,d,132015,32,c,NULL,NULL,NULL,NULL,NULL,NULL
14,0,343809,14,2,2012,2015,142012,32,d,142015,32,c,NULL,NULL,NULL,NULL,NULL,NULL
14,0,343810,15,2,2012,2015,152012,32,d,152015,32,c,NULL,NULL,NULL,NULL,NULL,NULL
14,0,343811,16,2,2012,2015,162012,32,d,162015,32,c,NULL,NULL,NULL,NULL,NULL,NULL
14,0,343812,17,2,2012,2015,172012,32,d,172015,32,c,NULL,NULL,NULL,NULL,NULL,NULL
14,0,343813,18,2,2012,2015,182012,32,d,182015,32,c,NULL,NULL,NULL,NULL,NULL,NULL
14,0,343814,19,2,2012,2015,192012,32,d,192015,32,c,NULL,NULL,NULL,NULL,NULL,NULL
14,0,343815,20,2,2012,2015,202012,32,d,202015,32,c,NULL,NULL,NULL,NULL,NULL,NULL
14,0,343816,21,2,2012,2015,212012,32,d,212015,32,c,NULL,NULL,NULL,NULL,NULL,NULL
14,0,343817,22,3,2012,2015,222012,32,d,222015,32,c,NULL,NULL,NULL,NULL,NULL,NULL
14,0,343818,23,3,2012,2015,232012,32,d,232015,32,c,NULL,NULL,NULL,NULL,NULL,NULL
14,0,343819,24,3,2012,2015,242012,32,d,242015,32,c,NULL,NULL,NULL,NULL,NULL,NULL
14,0,343820,25,3,2012,2015,252012,32,d,252015,32,c,NULL,NULL,NULL,NULL,NULL,NULL
14,0,343821,26,3,2012,2015,262012,32,d,262015,32,c,NULL,NULL,NULL,NULL,NULL,NULL
14,0,343822,27,3,2012,2015,272012,32,d,272015,32,c,NULL,NULL,NULL,NULL,NULL,NULL
14,0,343823,28,3,2012,2015,282012,32,d,282015,32,c,NULL,NULL,NULL,NULL,NULL,NULL
14,0,343824,29,3,2012,2015,292012,32,d,292015,32,c,NULL,NULL,NULL,NULL,NULL,NULL
14,0,343825,30,3,2012,2015,302012,32,d,302015,32,c,NULL,NULL,NULL,NULL,NULL,NULL
14,0,343826,31,3,2012,2015,312012,32,d,312015,32,c,NULL,NULL,NULL,NULL,NULL,NULL
14,0,343827,32,3,2012,2015,322012,32,d,322015,32,c,NULL,NULL,NULL,NULL,NULL,NULL
14,0,343828,33,3,2012,2015,332012,32,d,332015,32,c,NULL,NULL,NULL,NULL,NULL,NULL
14,0,343829,34,3,2012,2015,342012,32,d,342015,32,c,NULL,NULL,NULL,NULL,NULL,NULL
14,0,343830,35,3,2012,2015,352012,32,d,352015,32,c,NULL,NULL,NULL,NULL,NULL,NULL
14,0,343831,36,3,2012,2015,362012,32,d,362015,32,c,NULL,NULL,NULL,NULL,NULL,NULL
14,0,343832,37,3,2012,2015,372012,32,d,372015,32,c,NULL,NULL,NULL,NULL,NULL,NULL
14,0,343833,38,3,2012,2015,382012,32,d,382015,32,c,NULL,NULL,NULL,NULL,NULL,NULL
14,0,343834,39,3,2012,2015,392012,32,d,392015,32,c,NULL,NULL,NULL,NULL,NULL,NULL
14,0,343835,40,4,2012,2015,402012,32,d,402015,32,c,NULL,NULL,NULL,NULL,NULL,NULL
14,0,343836,41,4,2012,2015,412012,32,d,412015,32,c,NULL,NULL,NULL,NULL,NULL,NULL
14,0,343837,42,4,2012,2015,422012,32,d,422015,32,c,NULL,NULL,NULL,NULL,NULL,NULL
14,0,343838,43,4,2012,2015,432012,32,d,432015,32,c,NULL,NULL,NULL,NULL,NULL,NULL
14,0,343839,44,4,2012,2015,442012,32,d,442015,32,c,NULL,NULL,NULL,NULL,NULL,NULL
14,0,343840,45,5,2012,2015,452012,32,d,452015,32,c,NULL,NULL,NULL,NULL,NULL,NULL
14,0,343841,46,5,2012,2015,462012,32,d,462015,32,c,NULL,NULL,NULL,NULL,NULL,NULL
14,0,343842,47,5,2012,2015,472012,32,d,472015,32,c,NULL,NULL,NULL,NULL,NULL,NULL
14,0,343843,48,5,2012,2015,482012,32,d,482015,32,c,NULL,NULL,NULL,NULL,NULL,NULL
14,0,343844,49,5,2012,2015,492012,32,d,492015,32,c,NULL,NULL,NULL,NULL,NULL,NULL
14,0,343845,50,5,2012,2015,502012,32,d,502015,32,c,NULL,NULL,NULL,NULL,NULL,NULL
14,0,343846,51,5,2012,2015,512012,32,d,512015,32,c,NULL,NULL,NULL,NULL,NULL,NULL
14,0,343847,52,6,2012,2015,522012,32,d,522015,32,c,NULL,NULL,NULL,NULL,NULL,NULL
14,0,343848,53,6,2012,2015,532012,32,d,532015,32,c,NULL,NULL,NULL,NULL,NULL,NULL
14,0,343849,54,6,2012,2015,542012,32,d,542015,32,c,NULL,NULL,NULL,NULL,NULL,NULL
14,0,343850,55,6,2012,2015,552012,32,d,552015,32,c,NULL,NULL,NULL,NULL,NULL,NULL
14,0,343851,56,6,2012,2015,562012,32,d,562015,32,c,NULL,NULL,NULL,NULL,NULL,NULL
14,0,343852,57,6,2012,2015,572012,32,d,572015,32,c,NULL,NULL,NULL,NULL,NULL,NULL
14,0,343853,58,6,2012,2015,582012,32,d,582015,32,c,NULL,NULL,NULL,NULL,NULL,NULL
14,0,343854,59,7,2012,2015,592012,32,d,592015,32,c,NULL,NULL,NULL,NULL,NULL,NULL
14,0,343855,60,7,2012,2015,602012,32,d,602015,32,c,NULL,NULL,NULL,NULL,NULL,NULL
14,0,343856,61,7,2012,2015,612012,32,d,612015,32,c,NULL,NULL,NULL,NULL,NULL,NULL
14,0,343857,62,7,2012,2015,622012,32,d,622015,32,c,NULL,NULL,NULL,NULL,NULL,NULL
14,0,343858,63,7,2012,2015,632012,32,d,632015,32,c,NULL,NULL,NULL,NULL,NULL,NULL
14,0,343859,64,7,2012,2015,642012,32,d,642015,32,c,NULL,NULL,NULL,NULL,NULL,NULL
14,0,343860,65,7,2012,2015,652012,32,d,652015,32,c,NULL,NULL,NULL,NULL,NULL,NULL
14,0,343861,66,7,2012,2015,662012,32,d,662015,32,c,NULL,NULL,NULL,NULL,NULL,NULL
14,0,343862,67,8,2012,2015,672012,32,d,672015,32,c,NULL,NULL,NULL,NULL,NULL,NULL
14,0,343863,68,8,2012,2015,682012,32,d,682015,32,c,NULL,NULL,NULL,NULL,NULL,NULL
14,0,343864,69,8,2012,2015,692012,32,d,692015,32,c,NULL,NULL,NULL,NULL,NULL,NULL
14,0,343865,70,8,2012,2015,702012,32,d,702015,32,c,NULL,NULL,NULL,NULL,NULL,NULL
14,0,343866,71,8,2012,2015,712012,32,d,712015,32,c,NULL,NULL,NULL,NULL,NULL,NULL
14,0,343867,72,8,2012,2015,722012,32,d,722015,32,c,NULL,NULL,NULL,NULL,NULL,NULL
14,0,343868,73,8,2012,2015,732012,32,d,732015,32,c,NULL,NULL,NULL,NULL,NULL,NULL
14,0,343869,74,8,2012,2015,742012,32,d,742015,32,c,NULL,NULL,NULL,NULL,NULL,NULL
14,0,343870,75,8,2012,2015,752012,32,d,752015,32,c,NULL,NULL,NULL,NULL,NULL,NULL
14,0,343871,76,9,2012,2015,762012,32,d,762015,32,c,NULL,NULL,NULL,NULL,NULL,NULL

