idsubindice,img,subindice,peso_subindice
1,Cderecho.png,Sistema de derecho confiable y objetivo,0.100767902
2,CAmbiente.png,Manejo sustentable del medio ambiente,0.084006661
3,CSociedad.png,"Sociedad incluyente, preparada y sana",0.143665577
4,CPolitico.png,Sistema político estable y funcional,0.054215753
5,CGobierno.png,Gobiernos eficientes y eficaces,0.071840498
6,CLaboral.png,Mercado laboral,0.089480664
7,CEconomia.png,Economía estable,0.121183618
8,CPrecursores.png,Precursores,0.125886634
9,CRelaciones.png,Aprovechamiento de las relaciones internacionales,0.086042065
10,CInnovacion.png,Innovación de los sectores económicos,0.122910627

