idunidad,unidad
1,Hospitales certificados.
2,# aerolíneas que operan en el aeropuerto
3,# de veces que se requirió apoyo del FONDEN en los últimos tres años
4,# emergencias reportadas
5,# líneas de autobús
6,# sitios UNESCO a 50 km de la ciudad
7,% de escuelas excelentes dentro del municipio
8,% de ingresos totales
9,% de la cartera hipotecaria total
10,% de la oferta total
11,% de la PEA
12,% de personas mayores de 25 años
13,% de personas que se sienten inserguros en su municipio
14,% de residuos que se disponen en rellenos sanitarios
15,% de viviendas habitadas
16,% del total de la red carretera
17,% entre 2006 y 2012
18,% jóvenes estudiante del total de jóvenes en edad de estudiar
19,% lista nominal de elecciones federales
20,% oferta total de cuartos
21,% pasajeros vuelan o vienen del extranjero
22,% PEA
23,% PIB en sectores que crecen a una tasa de crecimiento superior al promedio
24,% población ocupada
25,% superficie total de unidades económicas
26,(% Superficie estatal)
27,(Hectómetros cúbicos anuales)
28,(Km2)
29,(Millones de pesos de 2008)
30,(Millones de pesos)
31,(Número)
32,(Personas)
33,(Pesos mensuales)
34,(Pesos por dólar)
35,% de alumnos de educación básica y media superior en niveles Bueno y Excelente en Matemáticas de prueba ENLACE
36,Accidentes por cada 100 mil vehículos.
37,"Alumnos con nivel de logro ""Bueno"" y ""Excelente"" en la prueba Enlace de matemáticas como porcentaje del total de los alumnos."
38,Alumnos egresados como porcentaje de los alumnos que ingresaron en la generación correspondiente.
39,Alumnos que ingresaron al primer grado de educación superior como porcentaje de alumnos que egresaron de educación media superior en el ciclo escolar inmediato anterior.
40,Años
41,Años (ajustado por el resultado en la prueba ENLACE)
42,Años.
43,Áreas naturales protegidas como porcentaje de la superficie estatal total.
44,Autos y motos
45,Cajeros automáticos por cada 10 mil adultos.
46,Camas por cada mil personas.
47,Coeficiente de Gini salarial (menos es mejor)
48,Consultas especializadas por cada mil personas.
49,Consumo diesel/10 mil hab/km carretera
50,Crecimiento mancha urbana 05-10/ Crecimiento población 05-10
51,Crecimiento real promedio de los últimos 3 años.
52,Créditos por cada mil habitantes
53,Decesos de menores de un año por cada mil nacidos vivos
54,Defunciones de menores de un año por cada mil nacimientos.
55,Delitos del fuero común denunciados como porcentaje de los delitos totales.
56,Delitos del fuero común por cada mil personas.
57,Despegues y aterrizajes al año por cada 10 mil personas.
58,Deuda pública como porcentaje de las Participaciones Federales.
59,Días
60,Diferencia votos entre 1º lugar y el 2º como % del total de votos de elecciones federales
61,Dólares per cápita (promedio 3 años)
62,Dólares por millar de PIB.
63,"Dummy (0=ninguna, 1=puerto, 2=frontera)"
64,"Dummy (0=no hay, 1=aprobado proy ejecutivo (BANOBRAS), 2=en construcción (o <250 mil hab), 3=listo)"
65,Empresas e instituciones científicas y tecnológicas por cada 100 mil de la población económicamente activa.
66,En relación al del hombre
67,Estudiantes foráneos de nuevo ingreso como porcentaje del total de estudiantes de nuevo ingreso a nivel licenciatura en modalidad escolarizada.
68,Exportaciones como porcentaje PIB.
69,Gigawatts hora por millar de PIB.
70,Habitantes
71,Habitantes por km2 (2010)
72,Hectómetros cúbicos
73,Hectómetros cúbicos anuales.
74,Hogares con acceso a alcantarillado como porcentaje de los hogares totales.
75,Hogares con internet como porcentaje del total de hogares.
76,Hogares con servicios de agua potable como porcentaje del total de los hogares.
77,Homicidios por cada 100 mil personas.
78,"Impuestos, derechos, productos, aprovechamientos y contribuciones de mejoras como porcentaje del total de ingresos."
79,Índice (0-100).
80,Índice (0-5).
81,Índice (0-?).
82,"Índice, más es mejor (0-100)"
83,"Índice, Valores de 0-3, en función a si mide, publica datos y tiene un Proaire"
84,Investigadores por cada 100 mil de la población económicamente activa.
85,Kilogramos por cada mil personas.
86,Kilogramos por persona.
87,kms2
88,"l/s por cada 1,000 hab"
89,Litros por segundo por cada mil personas.
90,m3 combustibles / millón de PIB
91,m3 per cápita
92,Médicos por cada mil personas.
93,Miembros del SNI por cada 10 mil PEA
94,Migrantes netos como porcentaje de la población total.
95,Miles de pesos
96,Miles de pesos 2012
97,Miles de pesos de 2012 por trabajador (descontando el efecto del sector minero)
98,Miles de pesos por hectómetro cúbico.
99,Miles de pesos por PEA
100,Muertes de menores de 5 años por cada 100 mil menores de 5 años.
101,Muertes por cada 100 mil personas.
102,Mujeres diputadas como porcentaje del total de diputados locales.
103,Mujeres en la PEA como % del total de mujeres en edad laboral
104,Nacimientos observados por cada mil mujeres entre 15 y 19 años.
105,Notarios por cada 100 mil PEA
106,Notarios por cada 100 mil personas.
107,Nuevos certificados por cada mil unidades económicas.
108,Número Certificados de industria limpia emitidos por cada 10 mil unidades económicas.
109,Número de sectores económicos presentes en la ciudad
110,Número promedio de grados escolares aprobados por la población entre 25 y 64 años.
111,Patentes solicitadas por cada 100 mil de la población económicamente activa.
112,Percentil medio del índice de agilidad del registro público (0-100).
113,Percentil medio del índice de apertura de una empresa (0-100).
114,Percentil medio del índice de cumplimiento de contratos (0-100).
115,Percentil promedio
116,Periodistas muertos o desaparecidos en los últimos 5 años
117,Periodistas muertos o desaparecidos en los últimos 5 años.
118,Personas de 15 años o más que no saben leer ni escribir un recado como porcentaje del total de las personas mayores de 14 años.
119,Personas de 25 años o más que cuentan con estudios universitarios como % del total de personas de 25 años o más
120,Personas en edad no laboral como proporción del número de personas en edad laboral.
121,Personas en pobreza multidimensional como porcentaje de la población total.
122,Personas mayores de 20 años diagnosticadas con diabetes como porcentaje de la población mayor de 20 años.
123,Personas que trabajan pero carecen de seguridad social como porcentaje de la Población Económicamente Activa Ocupada (PEAO).
124,Personas sin acceso a instituciones de salud como porcentaje de la población total.
125,Pesos
126,Pesos 2012 por cada millón de pesos de PIB
127,Pesos al mes.
128,Pesos autorizados al FONDEN por habitante
129,Pesos de 2008 por persona.
130,Pesos por cada mil pesos de PIB
131,Pesos por millar de PIB.
132,Pesos por persona económicamente activa.
133,Pesos por persona mayor de 18 años.
134,Pesos por persona.
135,PIB de turismo como porcentaje del PIB total.
136,Población cuya percepción de seguridad en la entidad federativa aumentó como proporción de la población cuya percepción de seguridad en la entidad disminuyó.
137,Población económicamente activa ocupada como porcentaje de la población total.
138,Población económicamente activa que ha recibido capacitación como porcentaje la población económicamente activa total.
139,Por adultos
140,Por cada 10 mil empresas
141,Por cada 10 mil habitantes
142,"Por cada 10,000 adultos"
143,Por cada 100 mil de PEA
144,Por cada 100 mil habitantes
145,Por cada 100 mil PEA
146,Por cada 100 viviendas
147,Por cada 100 viviendas habitadas
148,Por cada cien mil habitantes
149,Por cada mil empresas
150,Por cada mil habitantes
151,Por cada mil PEA
152,Por cada mil vehículos registrados
153,Porcentaje de adultos urbanos que afirman que los actos de corrupción en el gobierno de su entidad federativa son frecuentes o muy frecuentes.
154,Porcentaje de adultos urbanos que afirman que los actos de corrupción en los partidos políticos de su entidad federativa son frecuentes o muy frecuentes.
155,Porcentaje de adultos urbanos que considera que el gobierno pone a disposición información.
156,Porcentaje.
157,Proporción del área del municipio con acuíferos sobreexplotados
158,Proporción.
159,Región
160,Sectores económicos presentes en la entidad.
161,Secuestros por cada 100 mil personas.
162,"Sí=1, No=0"
163,Superficie reforestada como porcentaje de la superficie de bosques y selvas de la entidad federativa.
164,Suscripciones a teléfonos celulares móviles por cada 100 personas.
165,Tamaño (según población 2012)
166,Tasa de cambio (%) entre 2008 y 2012
167,Tasa de interés nominal.
168,Twits por hora por cada mil habitantes
169,Universidades dentro de las 300 mejores de América Latina
170,Vehículos robados por cada 100 mil personas.
171,Visitantes extranjeros del estado como porcentaje del total de visitantes extranjeros del país.
172,Viviendas
173,Votos para elección presidencial como porcentaje del padrón electoral.

