idfuente,idunidad,idgestion,idmasmejor,idindicador,idsubindice,idvarciudad,indicador,ponderador,cve_indicador
22,59,2,2,1,10,1,Ejecución de contratos,0.5,1
75,152,1,2,2,10,2,Robo de vehículos,0.5,2
69,105,2,1,3,10,3,Competencia en servicios notariales,0.5,3
38,148,1,2,4,10,4,Tasa de homicidios,1,4
1,126,1,2,5,10,5,Monto reportado en robo de mercancías,0.10000000149011612,5
38,25,2,2,6,10,6,Tierra ejidal,0.5,6
25,13,1,2,7,10,7,Percepción de inseguridad,0.5,7
17,157,2,2,8,7,8,Sobreexplotación de acuíferos,1,8
17,91,1,2,9,7,9,Consumo de agua,0.5,9
38,88,1,1,10,7,10,Capacidad de tratamiento de agua en operación,1,10
29,83,1,1,11,7,11,Índice de gestión de calidad del aire,0.5,11
67,14,1,1,12,7,12,Disposición adecuada de residuos sólidos,0.5,12
68,162,1,1,13,7,13,Aprovechamiento del biogás en rellenos sanitarios,0.5,13
59,149,2,1,14,7,14,"Empresas certificadas como ""limpia""",0.5,14
7,3,1,2,15,7,15,Desastres naturales,1,15
57,90,2,2,16,7,16,Economía intensiva en energía,1,16
59,4,2,2,17,7,17,Emergencias ambientales,0.5,17
13,150,1,1,18,12,18,Espacios culturales,0.10000000149011612,18
6,140,2,1,19,12,19,Empresa socialmente responsable,0.10000000149011612,19
36,150,1,1,20,12,20,Visitas a museos INAH,0.5,20
60,169,2,1,21,12,21,Universidades de calidad,0.5,21
56,35,2,1,22,12,22,Rendimiento académico,0.5,22
56,7,2,1,23,12,23,Escuelas de calidad,1,23
78,141,2,2,24,12,24,Mortalidad por diabetes,0.5,24
38,53,2,2,25,12,25,Mortalidad infantil,0.5,25
81,141,2,1,26,12,26,Médicos,0.5,26
81,141,2,1,27,12,27,Camas de hospital,0.5,27
23,11,2,1,28,12,28,Acceso a instituciones de salud,0.5,28
23,166,2,1,29,12,29,Crecimiento en acceso a servicios de salud,0.5,29
23,166,1,1,30,12,30,Crecimiento en población altamente calificada,1,30
55,147,1,1,31,12,31,Viviendas con drenaje (sólo conexión a red pública),0.5,31
55,147,1,2,32,12,32,Viviendas con piso de tierra,0.10000000149011612,32
39,146,1,2,33,12,33,Viviendas deshabitadas,0.5,33
24,22,2,2,34,12,34,Personas por debajo de la línea de bienestar,1,34
33,47,2,2,35,12,35,Desigualdad en las ciudades,0.10000000149011612,35
23,103,2,1,36,12,36,Mujeres en la fuerza laboral,0.5,36
23,66,2,1,37,12,37,Ingreso promedio de la mujer,0.5,37
29,40,1,1,38,11,38,Duración de período para ediles y delegados,0.5,38
28,19,2,1,39,11,39,Participación ciudadana,0.5,39
28,60,2,2,40,11,40,Competencia electoral,0.10000000149011612,40
69,144,2,1,41,11,41,Organizaciones de la sociedad civil,0.5,41
4,116,2,2,42,11,42,Periodistas muertos o desaparecidos,0.5,42
29,82,1,1,43,5,43,Índice de información presupuestal,1,43
38,8,1,1,44,5,44,Ingresos propios,1,44
22,115,1,2,45,5,45,Apertura de un negocio,0.5,45
22,115,1,2,46,5,46,Registro de una propiedad,0.5,46
78,144,1,2,47,5,47,Muertes por infecciones intestinales,0.10000000149011612,47
23,24,2,1,48,5,48,Empleados en el sector formal,1,48
23,166,2,1,49,5,49,Crecimiento en los empleados en el sector formal,1,49
68,50,1,2,50,5,50,Crecimiento de la mancha urbana,1,50
68,71,1,1,51,5,51,Densidad poblacional,0.5,51
23,125,2,1,52,8,52,Salario promedio mensual para trabajadores de tiempo completo,0.5,52
23,11,2,2,53,8,53,Jornadas laborales muy largas  (+48 horas semanales),0.5,53
23,166,2,2,54,8,54,Crecimiento en jornadas laborales muy largas,0.5,54
38,97,2,1,55,8,55,Productividad media del trabajo,1,55
23,24,2,2,56,8,56,Población ocupada sin ingresos,0.5,56
23,166,2,2,57,8,57,Crecimiento de la población ocupada sin ingresos,0.5,57
38,151,2,2,58,8,58,Demandantes de conflicto laboral,0.5,58
10,130,2,1,59,4,59,Crédito a las empresas,1,59
10,52,2,1,60,4,60,Tamaño del mercado hipotecario,0.5,60
10,9,2,2,61,4,61,Cartera hipotecaria vencida,0.5,61
38,23,2,1,62,4,62,Sectores que han presentado alto crecimiento (2008-2012),0.5,62
38,17,2,1,63,4,63,Crecimiento del PIB estatal,0.5,63
23,166,2,1,64,4,64,Crecimiento del salario promedio,0.5,64
40,109,2,1,65,4,65,Diversificación económica,0.5,65
23,11,2,2,66,4,66,Desempleo,0.5,66
55,15,2,1,67,9,67,Viviendas con líneas telefónicas móviles,0.5,67
55,15,2,1,68,9,68,Viviendas con computadora,0.5,68
29,168,2,1,69,9,69,Uso deTwitter como proxy de uso de tecnologías de información,0.10000000149011612,69
78,144,1,2,70,9,70,Muertes por accidentes relacionados con transporte,0.5,70
21,64,1,1,71,9,71,Sistema de transporte masivo,0.5,71
38,16,2,1,72,9,72,Red carretera avanzada,0.5,72
29,2,2,1,73,9,73,Aerolíneas,0.5,73
62,150,2,1,74,9,74,Flujo de pasajeros aéreos,0.5,74
63,5,2,1,75,9,75,Líneas de autobús,0.5,75
10,139,2,1,76,9,76,Uso de servicios financieros,0.5,76
10,142,2,1,77,9,77,Acceso a servicios financieros,0.10000000149011612,77
38,49,1,2,78,9,78,Consumo de diesel en transporte de bienes,0.5,78
64,61,2,1,79,3,79,Inversión extranjera directa (neta),0.5,79
62,21,2,1,80,3,80,Flujo de pasajeros del o hacia el extranjero,0.5,80
66,20,2,1,81,3,81,Oferta hotelera 4 y 5 estrellas,0.5,81
66,10,2,1,82,3,82,Ocupacion hotelera,0.10000000149011612,82
82,6,1,1,83,3,83,Sitios UNESCO,0.5,83
29,63,2,1,84,3,84,Ciudad fronteriza o portuaria,0.10000000149011612,84
35,151,2,1,85,6,85,Empresas,0.5,85
11,149,2,1,86,6,86,Grandes empresas según CNN Expansión,1,86
14,149,2,1,87,6,87,Empresas certificadas con ISO-9000 y 14000,0.10000000149011612,87
16,143,2,1,88,6,88,Centros de investigación,0.5,88
14,145,2,1,89,6,89,Posgrados de calidad,0.5,89
14,145,2,1,90,6,90,Patentes,0.5,90
38,99,3,1,91,1,91,Inversión,NULL,91
23,41,3,1,92,1,92,Grado de escolaridad efectiva,NULL,92
23,18,3,1,93,1,93,Absorción de la demanda estudiantil,NULL,93
23,24,3,1,94,1,94,Licenciados ocupados,NULL,94
23,12,3,1,95,1,95,Migrantes (nal y ext) con educación superior,NULL,95
14,93,3,1,96,1,96,Investigadores,NULL,96
19,70,3,3,97,2,97,Población,NULL,97
23,70,3,3,98,2,98,Población para variables de ENOE,NULL,98
19,70,3,3,99,2,99,Población mayor a 18 años,NULL,99
23,70,3,3,100,2,100,Población mayor a 25 años para variables de ENOE,NULL,100
23,70,3,3,101,2,101,Población ocupada,NULL,101
23,70,3,3,102,2,102,PEA,NULL,102
39,172,3,3,103,2,103,Viviendas habitadas,NULL,103
8,96,3,3,104,2,104,PIB,NULL,104
38,87,3,3,105,2,105,Superficie,NULL,105
38,44,3,3,106,2,106,Vehículos,NULL,106
29,165,3,3,107,2,107,Tamaño de la ciudad,NULL,107
29,159,3,3,108,2,108,Región,NULL,108
39,172,3,3,109,2,109,Viviendas totales,NULL,109

