id,id_usuario,rfc,pais,fecha,ciudad,correo,estado,sector,colonia,contacto,telefono,municipio,telefono2,telefono3,calle_numero,razon_social,verificacion,codigo_postal
4,32,ROMF810805KB1,93,2013-11-11 18:27:37,Guadalajara,frodriguez@corporativobajacalifornia.com,14,10,Rinconada del Bosque,Felipe Geraldo Rodríguez,33.1660.1581,39,<blank>,<blank>,Av. Mariano Otero #1105 piso 5 Edificio CompuSoluciones,Corporativo Baja California,1,44530
5,36,CJM0407234W4,93,2013-11-12 11:52:15,Guadalajara,mariacjmv@hotmail.com,14,30,Paseos del Sol,María Sánchez,31210192,120,<blank>,<blank>,Cuauhtémoc 676,Corporativo JMV,0,45050
8,52,ARS051205Q56,93,2013-11-14 13:16:23,Cancún,reclutamiento@avispl.com,23,31,Región 510,Gloria Suarez,9982087447,-1,<blank>,<blank>,Av. Cancún Mz. 56 Lt.3,AVI RENTAL SERVICES DE MEXICO S. DE R.L. DE C.V.,1,77535
6,45,SEC851127T75,93,2013-11-13 16:48:51,Guadalajara,rhumanos@infinityfuneraria.com.mx,14,9,americana,Adriana Alatorre,36306127,39,36306128,36306111,marsella 155,Sistemas Especializados de Comercializacion s.a de c.v.,1,44160
7,48,EBM880311177,93,2013-11-14 08:27:43,Zapopan ,contabilidad@ebime.com.mx,14,36,EL VIGIA ,JESUS CERVANTES ,30035300,120,<blank>,<blank>,PROL. PINO SUAREZ NO. 1820,EQUIPOS DE BIOMEDICINA DE MEXICO SA DE CV ,1,45140
9,53,EVA0706141K8,141,2013-11-14 14:20:48,MEXICO,alvanellyo@evolucione.mx,-1,30,DEL VALLE,ALVANELLY OLIVARES,01 55 15194800,-1,<blank>,<blank>,MATIAS ROMERO #1221 PB,EVOLUCIONE DEL VALLE,0,3100
10,0,<blank>,0,2013-11-16 15:58:13,<blank>,<blank>,-1,0,<blank>,<blank>,<blank>,-1,<blank>,<blank>,<blank>,<blank>,1,0
11,0,<blank>,0,2013-11-16 19:13:28,<blank>,<blank>,-1,0,<blank>,<blank>,<blank>,-1,<blank>,<blank>,<blank>,<blank>,1,0
12,0,<blank>,0,2013-11-18 07:11:47,<blank>,<blank>,-1,0,<blank>,<blank>,<blank>,-1,<blank>,<blank>,<blank>,<blank>,1,0
13,95,MTA9207276P8,93,2013-11-26 10:37:45,Zapopan,maderastarahumara@hotmail.com,14,23,Mariano Otero,Oscar Rangel,36891366,120,36891373,0443310878943,Prol. Mariano Otero 680,"Maderas Tarahumara, S.A. de C.V.",1,45067
14,109,ISP990309IJ9,93,2013-11-28 16:57:44,GUADALAJARA,cecylya__@hotmail.com,14,30,FRACCIONAMIENTO COLON INDUSTRIAL,ANA CECILIA VILLASEÑOR,38265021,39,38265022,<blank>,AV. COLON 2637,INTERSEP SEGURIDAD PRIVADA SA DE CV,0,44930
15,123,GONR880211EE8,93,2013-12-02 13:39:20,guadalajara,g.novela@gmail.com,14,20,san juan de dios,RICARDO GONZALEZ NOVELA,3332032333,39,(044) 3312448000,<blank>,gigantes 583,RICARDO GONZALEZ NOVELA,0,44360
16,124,AGV130417RL7,93,2013-12-02 16:05:06,ZAPOPAN,ejecutivo2@airgascompany.com.mx,14,36,SAN JUAN DE OCOTAN,GABRIELA DEL TORO,3336738680,120,<blank>,<blank>,PERIFERICO PONIENTE,AIRGAS CO GVA S. DE R.L. DE C.V.,1,45019
17,131,SAA0508292P1,93,2013-12-03 09:59:36,Guadalajara,anarosa@avifoma.com.mx,14,30,Parques del Nilo,Ana Rosa Peña Martinez,33-36055557,39,<blank>,<blank>,Cipriano Campos N 752 int 118,Servicios Administrativos Agropecuarios de Occidente S de RL de CV,1,44810
18,136,REP0309296SA,93,2013-12-04 11:27:29,Guadalajara,admin@repstronics.com,14,36,Colonia Verde Valle,ERIKA GARCIA,3331220999,39,<blank>,<blank>,Av Mariano Otero 3433 Int 306,REPSTRONICS SA DE CV,1,44550
19,150,CEB1002096JA,93,2013-12-05 10:50:24,Guadalajara,agomez@delico.com.mx,14,2,El Fresno,Carlos Torres,33- 3812 3062,39,<blank>,<blank>,Limon 1372,Celebrando el buen comer S de RL de CV,1,44909
20,156,PGJ10020545A,93,2013-12-06 12:12:51,Zapopan,rh.pgjb@hotmail.com,14,36,Jardines del Valle,LIC. GABRIELA AGUAYO AMARAL,36248912,120,<blank>,<blank>,Valle de Ameca # 2151,PROTECCION GLOBAL JB S.A DE C.V,0,45138
21,158,CMU041210GH5,93,2013-12-06 14:43:14,ZAPOPAN,fjimene70@hotmail.com,14,10,JARDINES DE TEPEYAC,FERNANDO JIMENEZ LUNA,33 36286802,120,<blank>,<blank>,AV. MANUEL J CLOUTHIER  888 PLAZA CORDILLERAS,COMERCIALIZADORA MULTISHOP S DE RL DE CV,0,45050
22,159,FME911216IR8,93,2013-12-06 18:57:19,Mexicali ,rhmxli@fetasa.com,2,24,san fernando,ELOY SERVIN,016865559602,-1,<blank>,<blank>,carret. a ahumadita lote #18,FETASA MEXICALI SA DE CV,0,21000
57,653,IMO9907129P9,93,2014-02-27 17:16:59,Guadalajara,proyectos@intermoda.com.mx,14,30,JARDINES DEL BOSQUE ,Juan Miguel Pérez,31 22 44 99 ext. 119,39,<blank>,<blank>,Av. Tonantzin #1061,Internacionales de la Moda S.A de C.V.,1,44520
24,181,ACO850222FX5,93,2013-12-11 14:31:31,Tlaquepaque,reclutamiento@acopol.com.mx,14,36,PARQUE INDUSTRIAL DEL BOSQUE,CARMEN SALAZAR,(477) 778 18 00,98,<blank>,<blank>,AV. DEL BOSQUE 1189,ACOPOL S.A. DE C.V.,1,45590
25,188,Gagl120968al8,93,2013-12-12 17:21:34,Zapopan,Lauragasmex@hotmail.com,14,30,Prado san ignacio,Laura garcia,3314711047,120,<blank>,<blank>,Blvd el rodeo 221,Laura Garcia,0,45158
26,192,COM130404CK7,93,2013-12-13 12:20:53,GUADALAJARA,comuxpress_rh@hotmail.com,14,31,LADRON DE GUEVARA,Alejandro Vivanco,18151023,39,338180207,<blank>,HERRERA Y CAIRO 1941,COMUXPRESS. S.A. DE C.V.,0,44600
27,185,CUU750929A5A,93,2013-12-18 16:51:04,Guadalajara ,oscar.aguilar@uteg.edu.mx,14,14,La Aurora,Lic. Oscar Aguilar,1078-8000,39,<blank>,<blank>,Heroes Ferrocarrileros,Centro Universitario UTEG A.C.,0,44460
28,222,SER030331H6A,93,2013-12-27 13:48:55,GUADALAJARA,druizcabr@independencia.com.mx,14,36,LADRON DE GUEVARA,DAVID RUIZ,36151344,39,36150727,36151244,AV. AMERICAS 161,FINANCIERA INDEPENDENCIA,1,44600
29,234,ERE951011R04,93,2014-01-02 11:22:21,Zapopan,fabricaciones.de.oocidente.rh@outlook.com,14,27,Zona Industrial Zapopan Norte ,Lic. Beatriz Sanchez,1676 2837,120,<blank>,<blank>,Industria Mecanica No. 45,Fabricaciones de Occidente ,0,45147
30,248,RLI050128T45,93,2014-01-03 11:40:08,Zapopan,rhaux@h-apparel.com,14,33,San Juan de Ocotan,Francisco Guerrero,30016070,120,<blank>,<blank>,Av. Aviacion # 10002,Raso Limite S.A de C.V.,1,45190
31,254,lme060508e84,93,2014-01-04 13:11:37,guadalajara,jantonio@loal.com.mx,14,31,villaseñor,Juan Antonio Alvarez,35-85-41-15,39,35-85-41-16,38-48-45-48,Garibaldi No. 1227,"Loal de Mexico, S.A. de C.V.",1,44600
32,290,SAD011005643,93,2014-01-08 11:18:20,Guadalajara,enrique.garcia@sadepsa.com,14,30,Moderna,Jose Enrique Garcia Vidrio,33439570,39,<blank>,<blank>,Vidrio 1552 Des. 111,SADEP SA DE CV,1,44190
33,292,GIC130711FN0,93,2014-01-08 11:43:02,guadalajara,jcsanchez@grupocovza.com,14,30,vallarta norte,Juan Carlos Sanchez,33439968,39,35872289,35872290,Av Hidalgo 2375 3 er piso,GRUPO COVZA,1,44690
34,278,MAS101029QG0,93,2014-01-09 17:36:40,Miguel Hidalgo,hassel.guerrero@rhtargetzone.com,9,30,Granada,Hassel Guerrero ,01 5580001775,-1,<blank>,<blank>,Miguel Cervantes Saveedra s/n ,Masters & Services SCP ,0,11520
44,493,ROMF810805KB1,93,2014-02-04 17:05:38,Guadalajara,rp@corporativobajacalifornia.com,14,10,Rinconada del Bosque,Zaira Mendoza,18177779,39,18177798,<blank>,Av. Mariano Otero #1105 piso 5 Edificio CompuSoluciones,Club Empresarial Guadalajara,0,44530
36,327,maae8103149k5,93,2014-01-12 21:39:24,zapopan,simcogdl@hotmail.com,14,36,el briseño,maria elena madrigal,12570470,120,<blank>,<blank>,santa martha,maria elena madrigal altamirano,0,45236
37,343,SES961107MA0,93,2014-01-14 17:50:51,GUADALAJARA,auxrhgdl@codigouno.com.mx,14,30,VALLARTA NORTE,CLAUDIA GONZALEZ PEREGRINA,31239253,39,31239254,31217311,CALLE JUANA DE ARCO N.212,"SISTEMAS ESPECIALIZADOS DE SEGURIDAD PRIVADA, S.A.DE C.V.",0,44690
38,356,CMA051020154,93,2014-01-16 10:57:13,Guadalajara,reclutamientomrod@gmail.com,14,10,El Dean,Marisela Rodrìguez Navarro,3314098965,39,<blank>,<blank>,"Av, Gobernador Curiel 2549",Comercializadora de Muebles America SA,0,4440
39,379,AMR030410869,93,2014-01-20 12:44:41,ZAPOPAN,mrojo@amermedia.com.mx,14,36,LAS AGUILAS,Miguel Rojo,36320316,120,3315545671,<blank>,AV. LOPEZ MATEOS 5295 LOCAL C9,CI PRESTAMOS PENSIONADOS,0,45070
40,418,NLA820723FL4,93,2014-01-24 11:50:20,Zapopan,reclutamiento@natturalabs.com,14,9,Parque Industrial Belenes,Giovanni Loreto,38363850,120,38363878,<blank>,Pedro Martinez Rivas 746,Nattura Laboratorios S.A. de C.V.,1,45150
41,426,GHE1111175U4,93,2014-01-25 11:34:59,GUADALAJARA ,hflores@herflor.com,14,30,LOMAS DE PROVIDENCIA ,HERIBERTO FLORES MALDONADO,3333345040,39,EXT. 804,<blank>,Sicilia 2938-1,GRUPO HERFLOR SA DE CV,1,44647
42,447,MAC030313HH3,93,2014-01-28 10:59:43,Guadalajara,alejandro.lozano@martinicastell.com,14,30,Country Club,Alejandro Lozano Orozco,38102357,39,<blank>,<blank>,Mar Báltico 2240 int. 505,Martini Castell y Compañía S.C.,1,44610
43,448,EEI070924283,93,2014-01-28 12:37:38,Guadalajara,flor@suawa.com.mx,14,12,Prados de Santa María,Flor Hernandez,(55) 52504503,98,<blank>,<blank>,Los pinos 230,Equipos e ingeniería del agua S.A. de C.V.,0,45601
45,511,CLJ071122HI1,93,2014-02-06 16:55:00,ZAPOPAN,gerencia@globoselmexicano.com,14,28,MARCELINO GARCIA BARRAGAN,LIC. CECILIA AYALA ACEVEDO,33-36241093,120,<blank>,<blank>,CAMINO ANTIGUO A COPALITA 2005,"CORPORACION DE LATEX JALISCO, S.A. DE C.V.",1,45053
46,551,VCA800308R22,93,2014-02-11 13:32:19,guadalajara,valeria@viajescapistrano.com,14,30,JARDINES UNIVERSIDAD,VALERIA FRANCO,36731415,120,<blank>,<blank>,Av.Patria #600,VIAJES CAPISTRANO SA DE CV,1,45110
47,552,SAC120903JB3,93,2014-02-12 08:40:03,México ,aarrieta@e-gisnet.com,15,20,Bosques de las Lomas,Annel Arrieta Zavaleta,11077775,-1,<blank>,<blank>,"Carretera México - Toluca, No. 5631",Servicios Administrativos Corum S.A de C.V.,0,5120
48,567,DCV840904PY8,93,2014-02-13 09:02:34,ZAPOPAN,reclutamiento@damy.com,14,24,Los Pinos,FABIOLA GOMEZ DE LA TORRE,38132525,120,<blank>,<blank>,Av. Los Pinos 7-A,NORTRAK-DAMY CAMBIOS DE VIA ,0,45120
49,572,MIO120518SI0,93,2014-02-13 15:55:37,GUADALAJARA,karina.cruz@q-bo.com.mx,14,23,5 DE MAYO,KARINA CRUZ,36458162,39,<blank>,<blank>,GREGORIO ALMADA NO.1024,MULTISERVICIOS INTEGRALES OCC-TE SA DE CV,0,44970
50,549,NGC081218AFA,93,2014-02-13 17:12:48,ZAPOPAN,nventas@telmexmail.com,14,30,jardines vallarta,Erica Marquez,36305624,120,<blank>,<blank>,Avenida patria Num. 44 int. 101,NUEVA GENERACION DE CONSULTORES SC,0,45027
51,589,SJC971021M98,93,2014-02-20 09:41:22,Tlajomulco de Zuñiga,gmitre@sanjorgeconstrucciones.com.mx,14,30,Colonia Real del Valle,Gustavo Mitre ,15626255,97,<blank>,<blank>,"Av. Adolf Horn #3513, Plaza Regina, Local 25",San Jorge Construcciones Sa de Cv,1,45654
52,623,MOFM730101EG2,93,2014-02-24 15:55:44,guadalajara,maximus.publicidad@gmail.com,14,30, la perla,manuel montaño fragoso,3314447519,39,<blank>,<blank>,republica # 1170,dsmax,0,44380
53,624,RPR1211066Q1,93,2014-02-25 10:57:52,GUADALAJARA,apr17022014@gmail.com,14,36,SANTA ANITA,JESUS MARTIN BARBOSA ARANDA,3316550193,97,<blank>,<blank>,AV LOPEZ MATEOS SUR 5555,Residentes provenza ac,0,45645
54,640,FODM8203262G9,93,2014-02-26 13:09:50,zapopan,sushi.kyotori@hotmail.com,14,2,Residencial Loma Bonita,Jose Flores,38558517,120,<blank>,<blank>,Av. Lopez Mateos Sur 4186 L 18,Sushi Kyotori,0,45085
55,0,<blank>,0,2014-02-26 22:42:05,<blank>,<blank>,-1,0,<blank>,<blank>,<blank>,-1,<blank>,<blank>,<blank>,<blank>,1,0
56,648,GAGL6206211L1,93,2014-02-27 12:37:04,GUADALAJARA,nuevaimagen_163@hotmail.com,14,36,SAN JUAN DE DIOS,JESSICA ROMERO,36178942,39,35856806,<blank>,MANUEL DOBLOADO163,Luis Manuel Gallardo Gracian,0,44360
58,665,IEM0509211F9,93,2014-03-03 10:05:20,LAGOS DE MORENO,contabilidad2@corporativoiemi.com.mx,14,12,LA ADELITA,JOSE GUADALUPE YAÑEZ GONZALEZ,4747427315,53,<blank>,<blank>,AV. JALISCO 249,"INSTALACIONES ELECTROMECANICAS Y MANTENIMIENTO INDUSTRIAL DE LAGOS, S.A. DE C.V. ",1,47432
59,678,ACB0511246N4,93,2014-03-05 10:45:33,Guadalajara,reclutamiento@tvconsultores.com.mx,14,30,Fraccionamiento Altamira,Fabiola Lomelí,36562211,120,<blank>,<blank>,Romanos 12,Asesores Corporativos Beta S de RL de CV,0,45160
60,682,helb751230m53,93,2014-03-06 13:33:21,tlajomulco de zuñiga,leonardo@nissialambrados.com,14,12,real del valle,LEONARDO FRANCO PINEDA,5213310963209,97,5213310963209,5213310963209,san nicolas 1439,nissialambrados,0,44564
61,691,CLOC897856K08,93,2014-03-07 10:42:11,tlaquepaque,climaconfort_occ@hotmail.com,14,30,los altos,CARLOS CERVANTES,15256610,98,3318925792,<blank>,morelos 562                                                                               ,CLIMACONFORT DE OCCIDENTE,0,45405
62,591,CDE091221UW4,93,2014-03-10 11:57:19,Guadalajara,rhgerencia@yahoo.com,14,12,Americana,Elias Ruiz,38 25 36 88,39,<blank>,<blank>,Madero 1050,Concorteck Edificaciones SA de CV,0,44100
63,715,GAL8302027S0,93,2014-03-12 11:49:39,GUADALAJARA,avillena@galber.com,14,19,ZONA INDUSTRIAL,ALICIA VILLENA,300016130 EXT 122,39,<blank>,<blank>,"CALLE 2, No 2711",GALBER SA DE CV,0,44940
64,724,SFI0710168F0,93,2014-03-13 14:48:00,Guadalajara,sfi_ventas@hotmail.com,14,10,5 DE MAYO,SAMUEL LEE FONG,33-3670-2657,39,33-3675-6373,<blank>,JUAN VALVDIVIA 98,"SISTEMAS Y FLUIDOS INDUSTRIALES, S.A. DE C.V.",0,44970
86,910,PPM000928V13,93,2014-04-23 12:29:46,ZAPOPAN,asistenciatecnica@polimexmexicana.com.mx,14,36,TECNOLOGY PARK,ALEJANDRO BUSTOS ,37777777,120,<blank>,<blank>,AV. INGLATERRA 4980,POLIMEX PM MEXICANA S.A DE C.V,0,45010
65,743,mofm730101hdf,93,2014-03-18 18:44:49,guadalajara,maximus.publicidad@gmail.com,14,36,zona oblatos,manuel montaño fragoso,3314447519,39,<blank>,<blank>,republica # 1170,maximus publicidad sa de cv,0,44380
66,751,CJM0407234W4,93,2014-03-19 16:12:38,Zapopan,rhcjmv@gmail.com,14,30,Cd. del Sol,María Villanueva,31210192,120,31224298,<blank>,Cuauhtémoc 676,CORPORATIVO JMV,0,45050
67,752,ONMA780104H43,93,2014-03-19 17:26:37,Guadalajara,tukasaconmario@live.com.mx,14,30,Bosques de la Victoria,Mario Ortega N.,1522-0725,39,04433-1412-1285,<blank>,Av. Topacio 2717,Mario Alberto Ortega Nepomuceno,0,44540
68,758,GFM040226QV6,93,2014-03-20 12:46:13,GUADALAJARA,rhumanos@grupoamutio.com,14,9,MODERNA,GABRIELA MACIAS,36160699,39,<blank>,<blank>,AV CHAPULTEPEC ,GRUPO FERRETERO MILENIO SA DE CV ,1,44190
69,772,RMS011015C72,93,2014-03-24 14:33:50,DF,jennyisabel.gonzalezdelangel@iqor.com,9,30,Roma,Jenny Gonzalez,018005014860 ext7407,-1,<blank>,<blank>,Durango 269 Piso 2 Int 14,RECEIVABLE MANAGEMENT SERVICES DE MEXICO S DE RL DE CV,0,6700
70,778,IEO890214JPA,93,2014-03-25 08:57:01,Zapopan,beatriz.flores@tecnolite.com.mx,14,9,Fracc. Los Robles,Beatriz Flores,38363300,120,<blank>,<blank>,Av. Dr. Ángel Leaño 401 nave 2 int. B.,Iluminación especializada de occidente SA de CV,0,45134
71,816,PCO121114BL0,93,2014-04-01 11:41:19,ZAPOPAN,veronica.cicler@pcfconstucciones.com,14,12,MIRADOR DEL SOL,Ing. Verónica Cicler Díaz.,33 3125 5587,120,<blank>,<blank>,Patria 944-A,"PCF CONSTRUCCIONES, S.A. DE C.V.",0,45054
72,817,NWM9709244W4,93,2014-04-01 13:17:16,Zapopan,rpulvac@hotmail.com,14,10,Santa Margarita,Emilio Barrios,3338329410,120,3338329321,<blank>,Av. Santa Margarit 43,Nueva WalMart de México SRL de CV,0,45140
73,821,CSO030515D83,93,2014-04-02 12:55:05,CULIACAN,lbarraza@compuexpress.com.mx,25,20,GUADALUPE,Luis Barraza,(667) 7120692,-1,(667) 7122778,<blank>,JUAN DE DIOS BATIZ #135 PTE,"Compuexpress Soluciones, S.A. de C.V.",0,80220
74,829,GFI120329RM8,93,2014-04-03 11:10:23,Monterrey,reclutamiento1@gfi.org.mx,19,9,Burócratas del Estado,Elizabeth Avila,(81) 83 73 53 53,-1,(81) 83 73 12 10 ,<blank>,Revolucion 532,GRUPO INDUSTRIAL FORESTAL MEXICANO,0,64380
75,834,MEX020130QD3,93,2014-04-04 10:43:28,TEPIC,lmejia@mexifrutas.com,18,2,SAN CAYETANO,LAURA MEJIA JOYA,01 311 231 6045,-1,044 311 122 73 76,<blank>,CARRET INT GDL TEPIC KM 214 MAS 086,"MEXIFRUTAS, S.A. DE C.V.",0,63511
76,846,SSJ970331PM5,93,2014-04-07 10:33:13,LAGOS DE MORENO,GRACCI_VELA@HOTMAIL.COM,14,29,COL. CENTRO,LI. GRACIELA GUZMAN OROZCO,4747423508,53,4747423879,474726925,FRANCISCO I MADERO ESQ 16 DE SEPTIEMBRE S/N ,HOSPITAL REGIONAL LAGOS DE MORENO,0,47400
77,855,OUGJ790623DH2,93,2014-04-08 13:27:10,zapopan,armando.osuna@quosis.com,14,20,jardines de guadalupe,Armando Osuna,18125890,120,18125891,18125893,guadalupe 5490 maya 41,Quosis,0,45030
78,857,ACT6808066SA,93,2014-04-08 18:24:47,Leon,mcordova@tresguerras.com.mx,11,34,San Carlos,Fernanda Serrano,7-72-58-63-,-1,1316,<blank>,Blvd. Aeropuerto #1905,Autotransporte de Carga Tresguerras S.A. de C.V.,0,38110
79,860,LOMP170370MJC,93,2014-04-09 13:50:29,MEXICO,CYBERDISA@GMAIL.COM,14,14,ECHEVERRIA,PATI,31440850,39,<blank>,<blank>,ALBERTO CORREA 1647,ESTANCIA INFANTIL PEQUEÑOS JUGETONES,0,44970
80,870,ZARJ5610277E3,93,2014-04-12 11:03:18,ZAPOPAN,dulce.saenz@gmail.com,14,29,HACIENDAS DEL VALLE,DULCE MARIA SAENZ,11993461,120,<blank>,<blank>,AV. SANTA MARGARITA 4000,TODO PARA SUS PIES VALLE REAL,0,45130
81,883,STC940520AE6,93,2014-04-15 16:04:29,EL SALTO,reclutamiento@corey.com.mx,14,24,Localidad San José Del Castillo,YOSHIMARA TRIGUEROS/MARTIN GUTIERREZ,36680606,70,36680626,<blank>,Carretera a la Capilla km. 1.5,"SERVICIOS TECNICOS COREY, S.A. DE C.V.",0,45685
82,898,ALP1104118RA,93,2014-04-21 13:23:04,Guadalajara,omtoga@yahoo.com,14,20,Centro,Manuel Torres,(33) 3613 4458,39,(33) 3613 7015,01 (800) 500 7050,Galeana 125,"AlphaStar, S de RL de CV",0,44100
83,899,SDE040413G69,93,2014-04-21 13:55:58,GUADALAJARA,arios@solucion-digital.com.mx,14,10,BARRERA,LIC. ALBERTO RIOS MENA ROMANO,36160330,39,<blank>,<blank>,UNION No. 581,SOLUCION DIGITAL EMPRESARIAL S. A. DE C. V. ,0,44150
84,904,ATE961121GCA,93,2014-04-22 10:34:45,Zapopan,aramirez@atencion.com,14,30,Ciudad Granja,Alex Ramirez ,3318934227,120,3318934227,<blank>,Av. Vallarta #6503,ATENCION TELEFONICA S.A. DE C.V.,0,45010
85,909,AIN050920DI2,93,2014-04-23 12:11:19,Zapopan,rhumanos@albe.com.mx,14,9,CIUDAD GRANJA,ARTURO SANCHEZ,12537034,120,1253700,<blank>,CALZADA NORTE 7336,ALBE INTERNACIONAL SA DE CV,0,45010
87,921,IMA070925VCA,93,2014-04-25 11:24:46,Guadalajara,talent.733@gmail.com,14,30,COLONIA VILLA CALIFORNIA,Norma Cruz,045 449 114 1184,97,<blank>,<blank>,LOS ARCOS #27,IMALOG S DE RL DE CV,0,45645
88,930,SPR920131P86,93,2014-04-28 09:42:29,Guadalajara,lorena_bermudez@servipres.com.mx,14,30,El Refugio,Lic. Lorena Bermudez,39428402,39,39428400,<blank>,Angulo 592,ServiPres S.A. de C.V.,0,44100
89,943,TEC811023U11,93,2014-04-28 18:53:20,Monterrey,anibal.flores@tectrol.com.mx,19,15,Bernardo Reyes,Anibal Flores Garduño,33 3165 5956,-1,<blank>,<blank>,Av. Alfonso Reyes 3107,Tectrol SA de CV,0,64280
90,937,RIP140321FV9,93,2014-04-30 13:55:08,guadalajara,lic.fernandogarcia@hotmail.com,14,30,san marcos,FERNANDO GARCIA,3335782640,39,<blank>,<blank>,av. circunvalacion 1173,RESGUARDO PREVENTIVO INTEGRAL PROFESIONAL,0,44330
91,985,GTC071011L58,93,2014-05-05 12:01:25,ZAPOPAN,lorenac@adcpromotores.com.mx,14,36,bosques del Centinela II,Lorena Ceja,3336655626,120,<blank>,<blank>,Av. San Isidro 1475,GDL Tetlan,0,45187
92,987,GDO080820RP7,93,2014-05-05 14:45:25,Guadalajara,reclutamiento6.gyd@gmail.com,14,30,Jardines del Bosque,LP. VERONICA REYES,36478438,39,<blank>,<blank>,Av. Niños Heroes 2826-4,GESTION Y DESARROLLO ORGANIZACIONAL ,0,44520
93,991,PHO011004136,93,2014-05-06 11:23:39,GUADALAJARA,credito.cobranzapolar@telmexmail.com,14,9,Ladrón de Guevara ,ELIZABETH LOBATO ,36153661,39,<blank>,<blank>,luis perez verdia 274,POLAR HOSPITALARIA,0,44600
94,1005,INN101223RG7,93,2014-05-08 10:27:08,Guadalajara,dolores@innenmarketing.mx,14,31,Artesanos,Dolores Lozano,38982627,39,<blank>,<blank>,"Nicolás Romero 95, tercer piso",INNENMARKETING SA DE CV,0,44200
95,1020,CDT0808149M4,93,2014-05-13 09:44:09,Guadalajara,laura.aguilar@dish.com.mx,14,31,Zona Industrial,Marina Aguilar,013336787865,39,<blank>,<blank>,Av. 8 de Julio No. 2685,Dish,1,44600
96,1032,MOVK711123EXA,93,2014-05-14 14:55:03,ZAPOPAN,kmorenov@hotmail.com,14,9,RESIDENCIAL MOCTEZUMA PONIENTE,Karla Guadalupe Moreno Vizcarra,33 31 25 36 59,120,<blank>,<blank>,NICOLÁS COPERNICO 1442-A,KARLA GUADALUPE MORENO VIZCARRA,0,45059
97,1041,VCO0809087P4,93,2014-05-15 17:35:34,Guadalajara,kayrol@gmail.com,14,30,COL. AMERICANA,Kayrol Jose Cerda,3334989088,39,<blank>,<blank>,"LERDO DE TEJADA 2007 PISO 4, DESP. 6 ",VALEXA CONSULTORES S.C,0,44160
98,1044,PFA961023H84,93,2014-05-16 11:30:36,Guadalajara,cavila@tequilacampoazul.com,14,32,Mezquitan Country,Cristina Avila,3338231644,39,<blank>,<blank>,Av. Plan de San Luis N°1402,PRODUCTOS FINOS DE AGAVE SA DE CV,1,44260
99,1045,EDI121030FG4,93,2014-05-16 13:27:52,Guadalajara,jtavizon@engranedigital.com,14,36,Jardines de la paz norte,Lic. Jahzeel Tavizon,3338600313,39,<blank>,<blank>,Francisco Huizar 944-21,Engrane Digital S.de R.L. de C.V.,0,44860
100,1046,PCM140326QW1,93,2014-05-16 14:42:31,GUADALAJARA,lnava@psiconetrh.com.mx,14,30,SANTA EDUWIGUES,LUIS NAVA,33 37 97 42 68,39,33 15 24 33 94,33 15 24 72 43,AV. TOPACIO #3015 INT 3,PSICONET CONSULTING MEXICO SC.,0,44580
101,1060,HESK881012CJ6,93,2014-05-19 16:30:57,Guadalajara,kether@cyp-talentohumano.com,14,30,Huentitan el bajo,Kether Hernández Santamaría,33302273,39,3317994754,<blank>,Volcan de Orizaba #286 int 3,C&P Talento Humano,1,44250
102,1078,KAD101206G49,93,2014-05-22 11:34:26,Zapopan,llopez@kadled.mx,14,15,Agua Blanca Ingustrial,Alejandro López,36406462,120,<blank>,<blank>,Vicente Guerrero,KADLED S.A. DE C.V.,0,45235
103,1094,HCH0402112U3,93,2014-05-26 17:22:10,Guadalajara,reclutamiento@hermesgdl.com.mx,14,30,Americana,Bertha Gutierrez,31230505,39,31224914,<blank>,Lopez Cotilla 735 1,HERMES C.H SA DE CV,0,44160
104,1095,PIS111026TM1,93,2014-05-26 17:39:31,GUADALAJARA,karina@albarran.com.mx,14,30,ZONA INDUSTRIAL ,KARINA PATIÑO,33433333,39,33433328,<blank>,AV. 8 DE JULIO NO.2447,PROVEDORA INTEGRAL DE SERVICIOS EXPRESS,0,44940
105,1106,GRA121108GY7,93,2014-05-29 11:59:07,Guadalajara,r.h.godinezrobledo@outlook.com,14,30,Los Arcos,Selene Lara,18135511 EXT. 0,39,18135511 EXT. 106,<blank>,Luis Perez Verdia No. 86,Godinez-Robledo y Asociados S.A. De C.V.,0,44500
106,1108,TAC140217PN6,93,2014-05-29 16:05:39,Guadalajara,ceballos.toil@outlook.com,14,30,Vallarta Norte,Marcos Ceballos,41625852,39,<blank>,<blank>,Av. Mexico # 2798 Piso 5-B,Toil Consulting,0,44680
107,1112,FTE140429FP3,93,2014-05-30 15:31:47,Guadalajara,angier_2005@hotmail.com,14,33,atlas,Angelica Rubio,3332886883,39,<blank>,<blank>,Rio tototlan 1672,FORMA TEXTIL S DE RL DE CV,0,44767
108,1120,ESY100929Y39,93,2014-06-02 12:46:17,Guadalajara,rosa.eximex@hotmail.com,14,30,Jardines del Country,Lic. Rosa Linda,36281686,39,<blank>,<blank>,Circunvalación # 2009,Exymex Servicios y Recursos Humanos S. C.,0,44210
109,1156,COH040921RY1,93,2014-06-05 14:11:39,ZAPOPAN,rh@cohmedic.com,14,36,AGUA BLANCA INDUSTRIAL,Paola Sánchez,31887807,120,31889810,<blank>,Justo Sierra No. 508-A,COHMEDIC SA DE CV,0,45235
110,1104,CEF061016ENA,93,2014-06-07 09:59:42,Zapopan,guadalajara.rechumsur@famsa.com,14,10,Zapopan,Fabiola Santos,38365160,120,<blank>,<blank>,Blv. Bosques de San Isidro s/n,CEFINPRO S.A.DE C.V. (GRUPO FAMSA),0,45130
111,1178,OIG100330DPA,93,2014-06-10 10:26:59,Zapopan,paola.gonzalez@oceanusint.com,14,9,El Campanario,Paola González Cazares,31355106,120,12026991,<blank>,Ramal La Tijera,OCEANUS INTERNATIONAL,0,45234
112,1180,DOO910306HB9,93,2014-06-10 12:40:40,GUADALAJARA,doorsa@prodigy.net.mx,14,36,JARDINES DEL BOSQUE,SRA. LILIA DE SALAZAR,36474359,39,31216206,31226504,AV. MARIANO OTERO 1240,"DOOR, S.A. DE C.V.",0,44550
113,1185,SCC071126I64,93,2014-06-10 17:06:55,LAGOS DE MORENO,ruiz_fernando@hotmail.com,14,12,NAZAS DEL CALVILLO,JUAN FERNANDO RUIZ PEREZ,(33)31563489,53,(474)7467440,<blank>,CAMINO A LA CONCORDIA 600,SERVICIOS CONCRETO CEMEX S.A. DE C.V.,0,47470
114,1160,PSI8906083F8,93,2014-06-11 17:52:19,tampico,recursos_vallenbajio@hotmail.com,28,9,Universidad Pte,Fabiola Robledo,442 2481595,-1,<blank>,<blank>,Blvd. Adolfo Lopez Mateos # 4000,Proveedora de Seguridad Industrial del Golfo,0,89366
115,1195,GME070601JB2,93,2014-06-12 10:42:52,zapopan,administracion@gclmx.com,14,12,Tepeyac,ING DORIS PENEDO,33 31658810,120,33 1202 2582,<blank>,Prolongacion Laureles No. 403,GCL MEXICANA,0,45150
116,1207,PCL120301MR5,93,2014-06-13 17:32:13,Guadalajara,alex.morales@micomercio.mx,14,20,Vallarta Norte,Alex Morales,3336164234,39,<blank>,<blank>,Av. México 2819 int. 102,MERCURIO CLOUD SAPI DE CV,0,46120
117,1210,MDO120118MF7,93,2014-06-16 10:27:26,Leon,franco.blanca@hotmail.com,11,30,San Miguel ,Blanca Esthela Guzman Franco,01 477 707 21 15,-1,<blank>,<blank>,Blvd. Hermanos Aldama #1102,Maison D Or SA de CV ,0,37390
118,1215,SAJ890612RT8,93,2014-06-17 16:20:00,guadalajara,adriana.olvera@jat.com.mx,14,28,tepeyac,ADRIANA OLVERA ROBLEDO,36330147,120,<blank>,<blank>,san juan 85,SISTEMAS AGROPECUARIOS JAT S.A. DE C.V.,1,45150
119,1229,DSA8412043D2,93,2014-06-19 16:23:51,Guadalajara,jnavarro@sajor.mx,14,9,el Rosario,Jorge Eduardo Navarro Ramos,39427070,39,<blank>,<blank>,Rio Juarez # 1447,Distribuidora Sajor s.a. de c.v.,0,44898
120,1208,LWE020225IB5,93,2014-06-21 11:52:07,ZAPOPAN,leticiagallardo@laserworld.com.mx,14,3,LA CALMA,LCP LETICIA GALLARDO DE GUTIERREZ,3616 4060,120,04433 3676 0956,<blank>,AV. MARIANO OTERO 4671,LASER WORLD EXCELENCIA EN RECONOCIMIENTOS SA DE CV,0,45070
121,1255,ISS140314I87,93,2014-06-24 12:55:44,guadalajara,armando1402@hotmail.com,14,10,1952-01,Armando Perez,3333618222,39,<blank>,<blank>,Hidalgo,INTERACTIV SERVICIOS Y SOLUCIONES S DE RL DE CV,0,44200
122,1284,MAT1312099S3,93,2014-06-27 11:44:02,EL SALTO,maquitsa@hotmail.com,14,36,San Jose del 15,Claudia Preciado,37356133,70,<blank>,<blank>,Carr. a Chapala 7777 (casi frente a aeropuerto),Maquinaria Agricola Tapatia SA CV,0,45693
123,1285,MOC0710042W7,93,2014-06-27 15:28:31,ZAPOPAN,ventas@polimexmexicana.com.mx,14,12,CARRETERA GUADALAJARA-NOGALES KM. 13,LIC. ALEJANDRO BUSTOS MONTES DE OCA,37777777,120,37777778,37777773,"AV. INGLATERRA #4980 INT. GUADALAJARA TECHNOLOGY PARK,",LA MARTINA DE OCCIDENTE S.A. DE C.V,0,45010
124,1323,GRO0806235V9,93,2014-07-04 18:09:26,GUADALAJARA,GERENCIA@D-AQUA.COM.MX,14,10,MODERNA,CRISTINA GONZALEZ,12019797,39,<blank>,<blank>,AV NIÑOS HEROES 1916,GRUPO ROLMAC SA DE CV ,0,44190
125,1334,fodm8203262g9,93,2014-07-07 12:19:47,zapopan,sushi.kyotori@hotmail.com,14,2,Residencial Loma Bonita,Martin Flores,36146794,120,<blank>,<blank>,Av. Lopez Mateos Sur 4186 L 18,Sushi kyotori,1,45086
126,1343,AULM760317I75,93,2014-07-08 11:21:48,Tlaquepaque ,huma-in@hotmail.com,14,30,Jardínes de Santa María,Manuel Aguiñaga,(33)31337295,98,<blank>,<blank>,Privada Tecolote No. 17,huma-in Asesoría en Capital Humano,0,45530
127,1344,HEGE880216T16,93,2014-07-08 12:17:46,Guadalajara,eduardo.hernandez@rpomanpower.com.mx,14,30,Niños Heroes,Eduardo Hernandez,013338364840,39,34001,<blank>,Av. Avila Camacho #1824,Manpower S. A de C.V,0,44260
128,1349,pfff909087c67,93,2014-07-08 17:50:11,zapopan,josemarzu55@gmail.com,14,2,ciudad granja,jose martinez,3627 4000,120,044 33 13431027,044 333 4764725 ,"av. central 111 local 4 , plaza zenter III ",las fabulosas papas ciudad granja,0,45010
129,1359,SMO970923DG1,93,2014-07-09 17:27:41,Guadalajara,contacto@smosellos.com,14,24,ZONA INDUSTRIAL,Leticia Guzmán,1368 0890,39,1368 0891,1368 0892,CALLE 4 NO. 2720,SELLOS MECANICOS DE OCCIDENTE SA DE CV,0,44940
130,1364,DAD120127LA5,93,2014-07-10 10:24:53,Guadalajara ,umorenop@atencion.com,14,31,Jardines Vallarta,Ulises Moreno,3312886016,120,<blank>,<blank>,Av Vallarta 5160 ,DAD CLUB SA DE CV ,0,45050
131,1369,ATE961121GCA,93,2014-07-10 17:41:46,Zapopan,ggoveac@atencion.com,14,31,Cd. Granja,Grace Castellón,10575232,120,10575209,3315452335,"Av. Vallarta 6503 Local E15, cruza con Periférico Pte.",Atención Telefónica,0,45100
132,1372,CBP101214Q67,93,2014-07-11 10:42:11,GUADALAJARA,corporativo@berriesparadise.com.mx,14,36,LOS ARCOS,Blanca Sandoval,36699940,39,<blank>,<blank>,FRANCISCO DE QUEVEDO NO. 117 PISO 1-A,CORPORATIVO BERRIES PARADISE,0,44500
133,1391,STC930419MI0,93,2014-07-15 11:48:19,Guadalajara,vacantes.gdl@sertec.com.mx,14,30,Col. ,Angel Marín Bernal,36690686,39,018006000854,<blank>,"Av. Chapultepec No. 15, Piso 17",SERVICIOS TECNICOS DE COBRANZA,0,44600
134,1396,GCD111123658,93,2014-07-15 20:05:59,GUADALAJARA,zinricdex@gmail.com,14,36,fracc monraz,SR. ZINRI MICHEL,3318629150,39,<blank>,<blank>,av san francisco 120,GRUPO CDEX SAPI DE CV,0,40670
135,1418,SMO970923DG1,93,2014-07-19 13:00:29,Guadalajara,leticia.guzman@innovaseals.com.mx,14,24,ZONA INDUSTRIAL,Leticia Guzmán,1368 0890,39,1368 0891,<blank>,CALLE 4 NO. 2720,SELLOS MECANICOS DE OCCIDENTE SA DE CV,0,44940
136,1421,AURA830330SY3,93,2014-07-20 19:07:53,Guadalajara,colegiobeethoven@gmail.com,14,14,Magaña,Gretchen Higuera,36577183,39,<blank>,<blank>,Carlos Fuero 426,Centro Educativo Beethoven,0,44800
137,1404,zas031218lw5,93,2014-07-21 15:49:30,guadalajara,patojeria1@hotmail.com,14,10,centro,patricio jeria,17349461,39,3312062560,<blank>,vidrio plaza local 182,agencia serpro gdl,0,45060
138,1438,SIC061003DB1,93,2014-07-22 12:19:01,Guadalajara,ana.valdes@mueblesplacencia.com,14,36,Loma Bonita,Ana Valdes,31340318,39,<blank>,<blank>,Lopez Mateos Sur 2565,Servicios Integrales Corporativos Placencia SA de CV,0,45086
139,1440,AERA420813P36,93,2014-07-22 13:21:30,Guadalajara,aurelioaceves@hotmail.com,14,3,Ladrón de Guevara,Aurelio Aceves,3616-2851,39,<blank>,<blank>,eulogio Parra # 2335,La Técnica,0,44600
140,1038,ACA080822161,93,2014-07-24 10:34:21,Guadalajara,reclutamiento@ascapacitacion.com,14,14,Jardines Alcalde,Esthela Peña,3338242188,39,332802578,<blank>,Circunvalacion 862,As Capacitacion,0,44298
141,1481,HIL0605167Y7,93,2014-07-28 14:02:55,GUADALAJARA,hilen@prodigy.net.mx,14,28,QUINTA VELARDE,MARIO VEGA VAZQUEZ,3338388396,39,3338386118,3331055536,RIO BALSAS # 1319-A,HI-LEN S DE RL DE CV,0,44430
142,1488,NSF060913N72,93,2014-07-29 11:09:03,Guadalajara,carmen.bahena@gruponichos.com,14,30,Americana,Carmen Bahena,3331221043,39,3331221256,<blank>,Marsella Núm. 246,Nichos Sales Force S.A. de C.V.,0,44160
143,1487,AME1105044J4,93,2014-07-29 11:33:45,GUADALAJARA,rh@aleux.com,14,20,ROJAS LADRON DE GUEVARA,ADRIAN NAVARRO,3338989100,39,<blank>,<blank>,REFORMA 2510,ALEUX MEXICO S. DE R.L. DE C.V.,0,44650
144,1496,PVE930113JS1,93,2014-07-30 15:16:45,Guadalajara,vanditoz@hotmail.com,14,18,Arcos Sur,Sergio Arceo Garcia,36167622,39,35639320,<blank>,Efrain Gonzalez Luna,Comité Estatal del PVEM Jalisco,0,44130
145,1486,CMA0510201S4,93,2014-07-31 17:32:56,Guadalajara,fj.leal@mueblesamerica.mx,14,10,El Dean,Javier Leal,3314797341,39,<blank>,<blank>,Gobernador Curiel #2549,"Comercializadora de muebles america, S.A. de C.V.",0,44100
146,1510,LOM990211KQ2,93,2014-08-01 12:23:25,Zapopan,seleccion.recluta@hotmail.com,14,17,PARQUE INDUSTRIAL EL COLLI,Marisol Facio,10021130,120,<blank>,<blank>,chicle 234,LOMEDIC S.A DE CV,0,45069
147,1527,EPC050826L2A,93,2014-08-05 09:43:51,GUADALAJARA,RORTEGA@DCONSUMO.COM.MX,14,2,ZONA INDUSTRIAL,RODRIGO ORTEGA GONZALEZ,3312820182,39,3332682870,<blank>,CALLE 3 # 809,COMPAÑIA ESPECIALIZADA DE PRODUCTOS AL CONSUMO SA DE CV,0,44940
148,1542,MAP9803206F6,93,2014-08-07 12:47:42,guadalajara,sergio.perez@apliacada.com.mx,14,19,el hormiguero,SERGIO PEREZ GOMEZ,3665-1001 ,39,<blank>,<blank>,Ciencias #2761 ,MICROBIOLOGIA APLICADA,0,44810
149,1552,ATE961121GCA,93,2014-08-08 15:27:04,JALISCO,ffloresd@atencion.com,14,30,JARDINES DE VALLARTA ,FERNANDO FLORES DELGADO ,31344504,120,0445537562040,<blank>,AV. VALLARTA 5160,ATENCIÓN TELEFÓNICA SA DE CV ,0,45027
150,1565,RNE070725SH4,93,2014-08-11 12:48:47,Guadalajara,juan.bolanos@roalcom.com,14,31,Jardines del Bosque,Juan Francisco Bolaños Zarate,17 25 03 98,39,<blank>,<blank>,Av. Niños Heroes 2903 int5,Roalcom Negocios S.A. de C.V.,0,44510
151,1571,UFO1207175Z8,93,2014-08-12 10:48:17,Guadalajara,david.sanchez@grupofarmapronto.com,14,17,Zalatitan,David Sanchez,(33) 36 02 0049,101,<blank>,<blank>,Avenida Paeque ,UNION DE FARMACEUTICOS DE OCCIDENTE A.C.,0,44100
152,1613,mufj901007k77,93,2014-08-18 14:54:06,Guadalajara,juanjosemunguiaflores@gmail.com,14,9,dean,juan jose,3310948728,39,3316008451,<blank>,2549,comercializadora muebles america,0,77770
153,1059,PCE0806037T7,93,2014-08-19 10:11:06,Guadalajara,rhtif501@outlook.com,14,8,La Nogalera,Olga Martinez Cortes,31452324,39,<blank>,<blank>,cañas 3662,Productos Carnicos Especializados S.A. de C.V.,0,4470
154,1111,CME040325IZ8,93,2014-08-19 14:03:15,Guadalajara,mrodriguezn@credomatic.com,14,10,Jardines de los Arcos,Marisela Rodriguez ,38803780,120,<blank>,<blank>,Av. Lázaro Cárdenas 3590,Credomatic de Mexico SA de CV,0,45540
155,1543,CAHA640405PT5,93,2014-08-20 12:46:28,Guadalajara,recursoshumanos2@ac-mexico.com.mx,14,5,QUINTA VELARDE ,LIC. Wendy Moreno,36193917,39,<blank>,<blank>,RIO RHIN 1121-B,AC MEXICO,0,44430
156,1635,EGO791127NW1,93,2014-08-22 13:15:21,Zapopan,rh@electro.mx,14,30,Colli Urbano,Manuel Barrera,8332287420,120,<blank>,<blank>,Volcan Cofre de Perote 5195,"Electroconstructora del Golfo, S.A. de C.V.",0,45070
157,1644,ELA100218UX0,93,2014-08-24 18:26:00,GUADALAJARA,VENTASCAPITALHUMANO580@GMAIL.COM,14,30,MESQUITAN CONTRY,JOSE  ENRIQUEZ,19552777,39,3335885422,------,AVENIDA  ENRIQUE  DIAZ DE  LEON 1031  INT 1,ENRIQUEZ LORENCE  Y ASOCIADOS S.C.,0,44269
158,1655,ECO890424P22,93,2014-08-26 12:56:35,Guadalajara,recursos_humanos@ecosa.com.mx,14,20,Colonia Providencia,Cynthia Sención,3817-0066,39,<blank>,<blank>,Avenida Américas 1237,ECOSA,0,44630
159,1656,SOO870109DP2,93,2014-08-26 14:30:11,Guadalajara,recursoshumanos@clinicasantalucia.com,14,29,Fraccionamiento terraniva,Lae Claudia Elenes Fernandez,36428181,39,<blank>,<blank>,Av. Manuel Acuña 2941,"SERVICIOS OPTOMETRICOS Y OPTICOS, S.A. DE C.V.",0,44689
160,1659,CVI120525LP7,93,2014-08-26 18:32:48,Zapopan,alealvarez@vivri.com,14,29,Jardines de los Arcos,ALEJANDRA ALVAREZ,36211563,120,<blank>,<blank>,Lázaro Cárdenas 4070 B,COMERCIALIZADORA VIVRI S DE RL,1,45048
162,1665,PLO7904255K0,93,2014-08-27 12:51:57,TLAQUEPAQUE,smeza@botanaslily.com,14,2,CENTRO ,SEBASTIAN MEZA,36395800,98,<blank>,<blank>,RIO TINTO 2632,PRODUCTOS LILY DE OCCIDENTE SA DE CV,0,45500
163,1667,CAN950831LC3,93,2014-08-27 14:18:56,Guadalajara,levis.outlet.guadalajara@gmail.com,14,9,Tlajomulco Zuñiga,"Enrique Enzaldo, Berenice Alavarez",36861994,97,<blank>,<blank>,Carretera Guadalajara - Morelia Km 12.5,Comercializadora Anfis SA de CV,0,45640
164,1692,SEP940812754,93,2014-09-02 09:53:48,Guadalajara ,eiglesias@sepromex.com.mx,14,30,AMERICANA,Yadet Galicia,38255200,39,<blank>,<blank>,Pedro Moreno #1342,Servicios Especializados de Protección en México SEPROMEX,0,44160
165,1695,GRE060629LG7,93,2014-09-02 10:45:09,GUADALAJARA,admon@redhogar.com.mx,14,36,HUENTITAN EL BAJO,JANETTE GUTIERREZ,3336986003,39,3332856060,3319442759,VOLCAN VILLARRICA 5545,GRUPO REDHOGAR SA DE CV,0,44250
166,1707,INT060425FG1,93,2014-09-03 12:39:42,Guadalajara,jayala@integroup.com.mx,14,30,Lomas de Guevara,Jorge Ayala,36157815,39,3311319818,<blank>,Jose Maria Vigil 2735 piso 4,Integroup S.C.,0,44657
167,1724,MADE680215tba,93,2014-09-06 18:32:14,Zapopan,emaynez@newland.edu.mx,14,14,cabecera municipal ,Elizabeth Maynez,36337535,120,0443310235372,<blank>,"Calle 5 mayo 388 A, ",Newland School,0,45100
168,1726,IEB130709S82,93,2014-09-07 10:39:46,Guadalajara,bmxnorie@gmail.com,14,9,La Perla,Francisco Noriega,36181554,39,36543506,<blank>,Aquiles Serdan #177,IMPORTACIONES EL ESPEJO BLANCO S.A DE C.V,0,44380
169,1743,ees030624bk2,93,2014-09-09 16:22:16,MEXICO,reclutamiento@pronacionales.com,9,36,SECTOR POPULAR,BLANCA GONZALEZ,5520650553,-1,5520650554,5520650552,SUR 97A,EFECTO ESTRATEGICO,0,9060
170,1747,ROGG690306912,93,2014-09-10 13:37:45,El Salto,rojospanaderia@hotmail.com,14,27,CENTRO,ALVARO VAZQUEZ BARBA,01 33 3732 0766,70,01 33 3732 1076,<blank>,PLAN DE GUADALUPE No.46,ROJO GONZALEZ GUSTAVO,0,45680
171,1757,JIOG7510115J8,93,2014-09-11 14:37:30,La Barca,kindercolibri@hotmail.com,14,14,Loma Bonita,Girasol Jiménez,3939352181,18,<blank>,<blank>,Rio Duero 28,Jardin de Niños Colibri,0,47910
172,1773,MAC981024KZ7,93,2014-09-14 16:26:51,guadalajara,talentoskatty@hotmail.com,14,30,Arcos Vallarta,Lic Catalina Castellanos,36693694,39,<blank>,<blank>,Circunvalacion Agustin Yañez No. 2692-202,MACEVES CONSULTORES S.C. NEW YORK LIFE,0,44130
173,1778,LSI090130BR5,93,2014-09-15 13:43:15,Guadalajara,n_vivanco@hotmail.com,14,31,Residencial Victoria,Lic. Nadya Vivanco,31217611,120,36472958,<blank>,Av. Mariano Otero 1901 int 502,LB Sistemas S.A. de C.V.,0,45060
174,1789,ASF020311UQ5,93,2014-09-17 12:43:40,atizapan de zaragoza,rh.softlution@gmail.com,15,36,las arboledas,Adriana Gutiérrez ,55 53782105,-1,<blank>,<blank>,condor # 6 ,AUTOMATION SOLUTIONS FACTORY,0,52950
175,1792,SAN910625686,93,2014-09-17 14:37:07,GUADALAJARA,karla_rhumanos@sanayarit.com,14,5,LAS CONCHAS,KARLA M. QUIÑONES VILLALOBOS,311 1332687,39,<blank>,<blank>,5 DE MAYO NO. 684,SUSPENSIONES AUTOMOTRICES DE NAYARIT SA DE CV,0,44460
176,1793,VEE050518DN2,93,2014-09-17 16:10:48,guadalajara,fitacosa@hotmail.com,14,30,general real,LIC. ALMA SOFIA CONTRERAS SIORDIA,33428080,39,36172553,<blank>,aldama 617,VILLA EDUCATIVA EVERGREEN,0,44450
177,1860,BEV070720US7,93,2014-09-29 12:14:17,México ,reclutamiento@atencion.com,9,36,16 de Septiembre ,Recursos Humanos ,(0155) 56275787,-1,<blank>,<blank>,Av. Observatorio #444,Humana RSS S.A. de C.V ,0,2480
178,1864,SPC051025CZA,93,2014-09-29 17:05:06,Zapopan,caty1658_14@hotmail.com,14,35,RINCONADA DEL SOL,catalina ramirez,38803700,120,<blank>,<blank>,Av.Mariano Otero 1390,Servicios de Promoción y Comercialización de Mariano Otero S.A de C.V,0,45055
179,1865,SSO960411436,93,2014-09-29 18:10:21,guadalajara ,gabriela.becerra@gia.org.mx,14,30,la estancia,Gabriela Becerra,36158721,120,36158749,<blank>,Sebastian Bach  # 5187,Salud y Seguridad de Occidente. S.C,0,45030
180,1869,cma051020154,93,2014-10-01 10:37:23,guadalajara,licivoluisma@gmail.com,14,9,eldean,luis morales alatorre,3314084154,39,<blank>,<blank>,gobernador curiel 2549,comercializadora muebles america sa de cv,0,44200
181,1878,DFO000419UP6,93,2014-10-01 17:36:17,zapopan,despachofiscal03@hotmail.com,14,30,Paseos del Sol 1a seccion,mario sodi garcia,3336345768,120,<blank>,<blank>,Horacio Gaytan,Despacho Fiscal de Occidente SC,0,45030
182,1887,BEMU8605134I8,93,2014-10-02 19:57:56,TLAQUEPAQUE,pablo.garciam@arcacontal.com,14,6,LAS FUENTES,PABLO CESAR GARCIA MORANDO,38841808,98,20172,20166,LOPEZ MATEOS SUR 6285,BEBIDAS MUNDIALES S DE RL DE CV,0,45500
183,1893,DOS0703139A2,93,2014-10-03 17:20:25,Guadalajara,ale.aleman.rh@gmail.com,14,30,AMERICANA,CLAUDIA ALEMAN,38253688,39,<blank>,<blank>,MADERO N°1050,DICKENS OUTSOURCING SERVICES S.A. DE C.V.,0,44160
184,1755,COR050131II7,93,2014-10-06 13:36:34,Zapopan ,e.quiroz@corporinter.com,14,29,La Estancia,ERIKA QUIROZ,013336299844,120,<blank>,<blank>,Johannes Brahms 345,CORPORINTER SA DE CV,0,45020
185,1899,BLS0803146BA,93,2014-10-06 18:28:39,GUADALAJARA,belastinglg@gmail.com,14,30,chapultepec country,ANTONIO LOPEZ,3315961922,120,3315961923,<blank>,ayuntamiento 2159,BELASTING LG SERVICES SC,0,44620
186,0,CMA140826743,93,2014-10-07 12:32:41,ZAPOPAN,cgmaquinaria.adm@gmail.com,14,9,Los Periodistas,DANIEL RODRIGUEZ ALDRETE,3338296098,120,<blank>,<blank>,PERIFERICO 2560,CG MAQUINARIA SA DE CV,1,45235
187,1905,CMA140826743,93,2014-10-07 12:56:36,ZAPOPAN,cgmaquinaria.adm@gmail.com,14,9,Los Periodistas,DANIEL RODRIGUEZ ALDRETE,3338296098,120,<blank>,<blank>,PERIFERICO 2560,CG MAQUINARIA SA DE CV,0,45235
188,1922,tsp080825qw7,93,2014-10-09 14:07:01,leon,jose@tag-research.com.mx,11,30,valle del campestre,jose lehi herrera saldaña,3118538,-1,<blank>,<blank>,valle de oaxaca,tag strategy ,0,37510
189,1932,REM140116HK6,93,2014-10-10 13:23:30,Zapopan,m.enriquez@remodelmx.com,14,12,Jardines de Guadalupe,Marcela Enriquez,36298229,120,<blank>,<blank>,Santo Tomás de Aquino,REMODELMEXICO SA DE CV,0,45030
190,1940,MAVL891009CD4,93,2014-10-13 11:08:05,Zapopan,recluta4@grupoapro.com.mx,14,36,2912,Alejandra Marquez,3336477601,120,<blank>,<blank>,Lazpizlazulli ,GRUPO APRO,0,45890
191,1176,CTR940509JF6,93,2014-10-13 13:32:20,ZAPOPAN,laura.flores@calzadodetrabajo.com,14,9,PARQUE INDUSTRIAL EL COLLI,LAURA JUDITH FLORES BARAJAS,3310282266,120,<blank>,<blank>,PERIFERICO PONIENTE 10171,CALZADO DE TRABAJO SA DE CV,0,45069
192,1946,LDD080125LR7,93,2014-10-13 16:59:13,GUADALAJARA,claudia@bktmobiliario.com,14,24,JESUS,CLAUDIA VOLCAN,38257333,39,31658582,<blank>,HERRERA Y CAIRO 980,LAB-GD DESARROLLO DE PRODUCTOS S. DE R.L. DE C.V.,0,44200
193,1958,CAO030922Q20,93,2014-10-15 11:13:44,NOGALES,jeannette.estrella@orveintl.com,26,30,DEL ROSARIO,LIC. JEANNETTE ESTRELLA ,6313128152,-1,6313161758,<blank>,BOULEVARD LUIS DONALDO COLOSIO 24 A INT A,CORPORATIVO ADUANAL ORVE SC,0,84020
194,1962,CPV021210V40,93,2014-10-16 13:15:09,Puerto Vallarta,gzarate@cosmored.net,14,31,Diaz Ordaz,Guillermo Zàrate ,2255588,67,<blank>,<blank>,Av. Francisco Medina Ascencio Km. 2.5 Plaza Caracol Mezaninne,Cosmored Puerto Vallarta S: A; de C:V:,0,48310
195,1969,LTE071114UV2,93,2014-10-20 11:54:32,ZAPOPAN,hilda@ilumite.mx,14,9,SAN JUAN DE OCOTÁN,HILDA CORREA,3331650969,120,<blank>,<blank>,"AVENIDA AVIACION 5051, INT NAVE 4","LIGHTING TECHNOLOGIES, S.A. DE C.V.",0,45019
196,1977,RPR0010245D6,93,2014-10-20 17:31:52,GUADALAJARA,rebek.nats@gmail.com,14,30,ENTRE PATRIA Y CLUTHIER,rebeca,18136631,39,<blank>,<blank>,BETHOVEN 4914,promocionales,0,44330
202,0,SPP0701196G1,93,2014-10-31 13:33:18,Guadalajara,ejimenez@valsi.mx,14,24,Zona Industrial,EILEEN JIMENEZ,30011071,39,<blank>,<blank>,calle 22 #2795,SERVICIOS DE PERSONAL POR PROYECTOS S.A DE C.V.,1,44940
199,1989,BAI0205236Y8,93,2014-10-22 12:13:59,TEPATITLAN,rhzonaguanajuato@gmail.com,14,9,CENTRO,JUAN MANUEL LOZANO MEDINA,4772193953,93,<blank>,<blank>,ZARAGOZA No. 73,BANCO AZTECA SA INSTITUCION DE BANCA MULTIPLE,0,47600
200,1998,APS120508KY3,93,2014-10-23 10:57:34,IZTAPALAPA,paulina.lsq@gmail.com,9,30,REAL DEL MORAL,PAULINA SOLORZANO,0155635567,-1,<blank>,<blank>,AVENIDA FERROCARRIL RIO FRIO 419,adamantium,0,9010
201,2005,CNI9812189Q2,93,2014-10-24 14:57:54,"México, D.F.",arquivera@yahoo.com.mx,9,36,Guadalupe Inn,Arq. Alejandro Vera Morales,9512348155,-1,9512060194,2225740144,Insurgentes Sur 1915 Int. 601,"Consultoría en Normatividad e Informática, S.A. de C.V.",0,1020
203,2054,SPP0701196G1,93,2014-10-31 13:35:20,GUADALAJARA,ejimenez@valsi.mx,14,24,ZONA INDUSTRIAL,EILEEN JIMENEZ,30011071,39,<blank>,<blank>,calle 22 #2795,SERVICIOS DE PERSONAL POR PROYECOS S.A. DE C.V.,0,44940
204,2108,GEE1202099K4,93,2014-11-10 17:49:04,DF,diana.tapia@ginpresa.com,9,30,Granada,Diana Tapia,52550208 Ext 116,-1,<blank>,<blank>,"Ejercito Nacional 505, Piso 14",Grupo Integracional de Negocios ,0,11520
205,2116,CMJ870602HU0,93,2014-11-11 12:29:15,Zapopan,aflores@cafemarino.com.mx,14,2,Industrial Zapopan Norte,Lic. Antonio Flores,(33)36332080,120,(33)36333364,<blank>,Industria del Plastico 2042,Café El Marino de Jalisco S.A. de C.V.,1,45130
206,2114,hme871019dn2,93,2014-11-11 12:35:53,Guadalajara,erik_ihm@hotmail.com,14,30,americana,Erik Hernandez ,3316610969,39,<blank>,<blank>,av. fco. Javier Gamboa 102-D,lustra express,0,44160
207,2121,REC0808189A0,93,2014-11-11 20:05:14,GUADALAJARA,alejandro.alvarez@recocom.com,14,30,MODERNA,RECOCOM,38984459,39,38984460,<blank>,MEXICALTZINGO 1601,RECOCOM S.C. DE R.L. DE C.V.,0,44190
208,2123,GCS050629GT6,93,2014-11-12 11:41:17,guadalajara ,LAYALA@GRUPOCAMACHO.COM.MX,14,36,ARCOS DE ZAPOPAN,GLORIA LILIANA AYALA CAMACHO,33643834,120,6144141844,6144141847,ARCO PERALTADO 1686 -2 ,"GRUPO CAMACHO Y SUCESORES, S. DE R.L. DE C.V. ",0,45130
209,2132,HTG050509RJ5,93,2014-11-13 11:55:48,Guadalajara,francisco.ortiz@teleperformance.com,14,31,Ciudad Granja,Francisco Ortiz,30011229,39,<blank>,<blank>,Periferico Poniente 7651,Teleperformance Hispanic S.A de C.V.,0,45010
210,2145,AAHL8106156I5,93,2014-11-18 17:39:01,Guadalajara,contacto@behuman.mx,14,30,Americana,Lic. Linda Andrade,38254039,39,0443311553113,<blank>,Libertad 1980 int 2A,BEHUMAN,0,44160
211,2160,COC100722JV0,93,2014-11-20 14:07:05,Guadalajara,efren.ochoa@tecnocopy.com.mx,14,30,Artesanos,Efren Ochoa,38266500,39,<blank>,<blank>,Cruz Verde 521,Copiadoras Ochoa SA de CV,0,44200
212,1906,CEC0804225T9,93,2014-11-21 17:59:06,zapopan,rh.ecoheat@gmail.com,14,9,San juan de ocotan,Elizabeth Lopez,36276800,120,<blank>,<blank>,San Miguel #283-82,"Comercializadora Ecoheat, S.A. de C.V.",0,45019
213,2178,PAL0807109L5,93,2014-11-24 14:11:44,Guadalajara ,contabilidad@pinturasalti.com,14,36,Zona Industrial ,JESUS CERVANTES MARTINEZ ,10285477,39,<blank>,<blank>,Calle 14 No. 2674,PINTURAS ALTI SA DE CV ,0,44940
214,2192,GRE130604DX7,93,2014-11-28 13:18:39,Guadalajara,reclutamiento@bcpconsultores.com.mx,14,30,Moderna,Lic. Gerardo Gómez,00000000,39,<blank>,<blank>,Justo Sierra,BCP Consultores,0,44200
215,2191,DON131115SU2,93,2014-11-28 14:39:00,Puebla (Heroica Puebla),reclutamiento.puebla@donecg.com,21,30,La Paz,Israel Leal,01 222 2 48 96 36,-1,01 800 841 84 97,<blank>,Chapulco no 6,DONE CONSULTING,0,72140
216,2207,RCO140305149,93,2014-12-01 14:16:21,Guadalajara,mstoledo@conecta-solutions.com,14,30,ATEMAJAC,MA. DEL SOCORRO TOLEDO,3331214992,39,3331214835,<blank>,FEDERALISMO 3518-122-33,Ratnik Corporativo S de RL de CV,0,44218
217,2208,ROCG850707M57,93,2014-12-01 15:00:18,Zapopan,gerardo.rosas@quieropromo.com,14,30,FRacc. Real Acueducto ,Gerardo Rosas Casas,33 47373370,120,3313089337,<blank>,Avenida Acueducto # 4857 Piso 4 ,Fernando Oviedo,0,45115
218,2213,OPA860512SY9,93,2014-12-01 20:46:19,Guadalajara,xavierrias54@hotmail.com,14,33,Jardines Alcalde,Xavier Rivas,30773360,39,38532363,38237192,Amado Aguirre 544,Originales Paquirri S.A.de C.V.,0,44298
219,2214,AIE0403104W6,93,2014-12-02 10:12:28,Guadalajara ,olga@agindelec.com,14,30,el fresno,Olga Munñoz,39135726,39,<blank>,<blank>,Zapote 1361,AG indelec,0,44909
220,2215,SIA090129N78,93,2014-12-02 12:33:38,GUADALAJARA,gpocomunica@gmail.com,14,30,VALLARTA PONIENTE,LETICIA CHAGOYA,3331226817,39,<blank>,<blank>,SAN JUAN DE LOS LAGOS 153 A,GRUPO CEPRON,0,44110
286,2788,LJU821006T53,93,2015-03-10 16:38:59,Guadalajara,emiliarh@laboratoriosjulio.com,14,9,AMERICANA,Emilia Macías,31202318,39,31202336,<blank>,AV VALLARTA 1502,LABORATORIOS JULIO SA DE CV,1,44140
222,2225,NFE031215MB3,93,2014-12-04 11:40:07,ZAPOPAN,marketing@neofeet.com,14,29,CHAPALITA,LIC. ANDREA CAZARES,31220182,120,<blank>,<blank>,AV. GUADALUPE 1382,NEOFEET SA DE CV ,0,44500
223,2230,IME900426R74,93,2014-12-06 09:39:31,TLAQUEPAQUE,aadministracion@elmartillo.mx,14,23,PASEOS DEL LAGO,LOURDES ARREOLA,01 33 36899032,98,01 33 36899033,01 33 36899034,PERIFERICO SUR 1539,EL MARTILLO,0,45590
224,2238,OAL120124HQ2,93,2014-12-08 15:25:57,guadalajara,lcotilla@eldeposito.com.mx,14,6,americana,ANGEL GARCIA,33159973,39,3313825934,<blank>,lopez cotilla 1905 int 2,operadora aljemi s.a de c.v.,0,44160
225,2264,TME031127FV1,93,2014-12-12 12:41:06,Guadalajara,kandrade@teledinamica.com.mx,14,31,Ladron de Guevara,Karina Andrade Díaz,0443315992026,39,<blank>,<blank>,Av Lopez Mateos Norte No. 563 Int. 102,TELEDINAMICA MEXICO SA DE CV,0,44600
226,2262,GDE130408H20,93,2014-12-13 10:46:50,CULIACAN,reclutamientoyseleccion@pagopro.com.mx,25,36,DESARROLLO URBANO 3 RIOS,ZULEMA JAUREGUI,667 712 30 55,-1,<blank>,<blank>,ENRIQUE FELIX CASTRO #968 PTE,GESTION Y DESTREZA EMPRESARIAL SA DE CV,0,80020
227,2279,MAC100625UE6,93,2014-12-16 15:30:07,GUADALAJARA,rh@hospitaldelacruz.com,14,29,JADINES DE LA CRUZ,LIZETH TRUJILLO,38102290,39,<blank>,<blank>,ISLA MARGARITA 2890,MEDICOS ASOCIADOS DE LA CRUZ S.A. DE C.V.,0,44950
228,2007,SIL1108242VA,93,2014-12-19 15:55:13,GUADALAJARA,rr.hh@sil-automotriz.com.mx,14,9,EL ROSARIO,LIC. ALEJANDRA RUIZ,38377510,39,<blank>,<blank>,GONZALEZ GALLO 2433,SERVICIO INTEGRACION Y LIDERAZGO AUTOMOTRIZ S DE RL DE CV,0,44898
229,2309,DAD120127LA5,93,2014-12-28 23:18:33,Zapopan,reclutamientoyevipc@gmail.com,14,31,Jardines Vallarta,Lic. Eva Piña,31344545,120,31344511,3314120891,Av. Vallarta,DADCLUB SA DE CV,0,44440
230,2316,SAI120416H9A,93,2014-12-30 10:30:15,guadalajara,cesar.torres@vianko.com.mx,14,30,morelos,LIC CESAR TORRES,33 15 48 00 60,39,30708123,<blank>,calle mirlo #1227,grupo vianko,0,44910
231,2321,RAR860813H76,93,2014-12-30 16:26:26,TLAQUEPAQUE,gte_rh@refaccionariaarboledas.com.mx,14,9,ALAMO INDUSTRIAL,JUAN MANUEL PONCE DE LEON,38371280,98,<blank>,<blank>,ALTOS HORNOS No.2755,REFACCIONARIA ARBOLEDAS S.A. DE C.V.,0,45560
232,2339,CAGX710215SA5,93,2015-01-05 09:59:35,GUADALAJARA,rhumanos@karlamaria.com,14,10,SAN JUAN DE DIOS,AMALIA GUADALUPE,36495683,39,<blank>,<blank>,ALVARO OBREGON,AMALIA GUADALUPE CARVAJAL GUEDEA,0,44360
233,2358,CAD850514L17,93,2015-01-07 15:50:47,apodaca,lbjasso@cadeco.com.mx,19,9,parque industrial,Agustin Lara,11569900,-1,<blank>,<blank>,mundial 144 ,CADECO REFACCIONES SA DE CV,0,66633
234,2377,cxi930914277,93,2015-01-12 12:23:01,GUADALAJARA,colegioxitlalin@hotmail.com,14,14,sutaj,Mtra. Ma. del Rosario Gonzalez,36579976,39,0443339004833,0443335843407,hernando martell 583,colegio xitlalin ac,0,44840
235,2379,IME0403183Z7,93,2015-01-12 15:04:10,Guadalajara,rodrigo.romo@istra.com.mx,14,30,Vallarta San Jorge,LCP Rodrigo Romo,33 1204 3650,39,<blank>,<blank>,Av. Juan Palomar y Arias No. 133,GRUPO ISTRA,0,44690
236,2385,CAD830223QQ3,93,2015-01-13 11:45:41,GUADALAJARA ,ventas@martisantextil.com,14,33,ALCALDE BARRANQUITAS ,JOSE MARIA ARIAS H,013336137552,39,<blank>,<blank>,MEZQUITAN # 714 ,CORTINAS YA ALFOMBRAS DECORATIVAS S.A. DE C.V.,0,44290
237,2409,RUEJ771203F52,93,2015-01-19 10:27:06,GUAALAJARA,JRUIZCONSULTORES@HOTMAIL.COM,14,30,JARDINES DEL BOSQUE,ANTONIO RUIZ,3317090918,39,<blank>,<blank>,AV TONANTZIN 1163,HEREDIA ASESORES,0,44990
238,2411,vivo650201685,93,2015-01-19 13:07:03,Guadalajara,acontecervivo@hotmail.com,14,23,Centro,ING. VIVANCO,17310342,39,<blank>,<blank>,nueva galicia 1001,RDN,0,44100
239,2437,RMG080520HM1,93,2015-01-22 11:49:36,Tlaquepaque,rh.gaba@hotmail.com,14,30,Santa Maria Tequepexpan,Esmeralda Gonzalez,00000000000,98,<blank>,<blank>,Av. Comonfort 396,Reciclados y Maquilas Gaba,0,45601
240,2445,CAR080219P6A,93,2015-01-23 13:22:38,ZAPOPAN,administracion@artekpanel.com,14,12,CD. GRANJA,JORGE GALLEGOS,36271240,120,<blank>,<blank>,CALZ. LOS ANGELES 12,CRISAL ARTEKPANEL SA DE CV,0,44550
241,2449,CMA0510201S4,93,2015-01-23 18:03:42,GUADALAJARA,hf.garcia@mueblesamerica.mx,14,9,El Dean,Hugo García,3316008389,39,<blank>,<blank>,Gobernador Curiel 2549,COMERCIALIZADORA DE MUEBLES AMERICA,1,44440
242,2462,CPI030114NA1,93,2015-01-26 11:28:57,GUADALAJARA,recursoshumanos@cpi19.com.mx,14,30,Barrera,Rosalina Robles García,(33) 3825-3787,39,(33) 3826-0889,<blank>,Efraín González Luna 1844,"CORPORATIVO PROTECCION INTEGRAL DE GUADALAJARA, S.A. DE C.V.",0,44150
243,2466,VER090507HQ6,93,2015-01-26 13:37:28,Mexico DF,capitalhumano@venreh.com.mx,9,30,Hipodromo Condesa,Eder Lopez Ojeda,5552656030,-1,<blank>,<blank>,Av. Baja California N 245 piso 8,VENTAS EN RECURSOS HUMANOS,0,6100
244,2482,SER120524LNA,93,2015-01-27 11:30:20,Guadalajara,rh@sertelin.com.mx,14,30,Centro,Emmanuel Arreola,40400210,39,<blank>,<blank>,Av. Hidalgo 861-A,Sertelin S.A. de C.V.,0,44100
245,2485,DCS0401234W2,93,2015-01-27 13:18:38,Zapopan,mrodriguez@convertsolutions.com,14,36,Guadalajara Technology Park,Monica Rodriguez,30020604,120,38365060,<blank>,Av. Inglaterra 5176,DIE CUT SOLUTIONS S DE RL DE CV,0,45010
246,0,DTA9601235Z9,93,2015-01-28 10:47:02,GUADALAJARA,mauricio.morales@distamex.com.mx,14,9,MODERNA,MAURICIO MORALES,01 (33) 15880982,39,01 (33) 15880983,<blank>,AVE ALEMANIA NO 1221 ,DISTRIBUIDORA TAMEX SA DE CV,1,44190
247,2498,DTA9601235Z9,93,2015-01-28 10:53:50,GUADALAJARA,mauricio.morales@distamex.com.mx,14,9,MODERNA,MAURICIO MORALES,01(33) 15780982,39,<blank>,<blank>,AVENIDA ALEMANIA NO 1221,DISTRIBUIDORA TAMEX SA DE CV,0,44190
248,2500,oogs6509053c6,93,2015-01-28 11:27:01,Guadalajara,sonyely8a@hotmail.com,14,30,fracc. nueva galicia,Lic. Sonia Elizabeth Ochoa Gamboa,31887909,97,3313468344,<blank>,Prolongacion Mariano Otero 1507 Int 29 ,Servicios de Reclutamiento y Seleccion de personal Head hunter,0,45600
249,2501,INI110606QN8,205,2015-01-28 11:32:28,TLAJOMULCO DE ZUÑIGA,abril@abafor.com,-1,36,cuexcomatitlan,Abril,37 72 51 30,-1,<blank>,<blank>,circuito metropolitano,ABAFOR,0,45660
250,2508,SAG901018S41,93,2015-01-28 15:05:12,Tlajomulco de Zuñiga,pquezada@wtcconfianza.com,14,34,Aeropuerto internacional las animas,Paola Quezada,32842776,97,32842789,<blank>,Av Recinto Fiscal de la Aduana 480,Servicios administrativos GWTC SA de CV,0,45659
251,2509,MHU950109PC0,93,2015-01-28 16:18:49,"GUADALAJARA, JAL.",medicahumana@yahoo.com,14,29,LADRON DE GUEVARA,TERESA ROBLEDO SALAZAR,3336159156,39,3336165569,<blank>,MORELOS 2060,MEDICA HUMANA,0,44600
252,2516,GIC831130H51,93,2015-01-29 11:10:48,"GUADALAJARA, JAL.",fruiz@vantech.com.mx,24,5,ANALCO,LIC. FRANCISCO RUIZ HERNANDEZ,3338276211,-1,3338271165,3338276232,ANTONIO BRAVO No. 77,"GRUPO INDUSTRIAL CYF, SA DE CV",0,44450
253,2520,GAZD790119FB8,93,2015-01-29 17:49:36,Guadalajara,recursoshumanos@farmaciasdg.com,14,17,Rancho Nuevo,Nelyda Herrera,11993903,39,<blank>,<blank>,"Calzada Independencia Norte 3295, M26",David Roberto García Zepeda,0,44240
333,3035,BBA030510GX3,93,2015-04-27 18:56:03,Guadalajara,aliciag@benitezbarragan.com,14,30,Rojas Ladron de Guevara,Alicia Gutierrrez,36292525,39,<blank>,<blank>,Av. Lopez Mateos Norte # 328 int 403,BENITEZ BARRAGAN Y ASOCIADOS SC,1,44650
255,2525,CET830408PL2,93,2015-01-29 23:37:24,Guadalajara,desarrollo.curricular@ceti.mx,14,14,Providencia,María Teresa Loza Anaya,36413250,39,<blank>,<blank>,Nueva Escocia 1885,Centro de Enseñanza Técnica Industrial,0,44638
256,2491,HSA121207G32,93,2015-02-03 10:00:45,zapopan,marvin.hernandez@humanservices21.com,14,30,chapalita sur ,Marvin Hernandez,31229907,120,31229457,31218239,guadalupe #175 int. 10,HUMAN SERVICES & LOGISTICS SOLUTIONS SA DE CV,0,45040
257,2540,varl710301e22,93,2015-02-03 11:49:01,zapopan,altata-cevicheria@hotmail.com,14,2,volcan del colli,lourdes quintana,3316571409,120,3312418614,<blank>,tecalitlan 31,rodrigo varela leos,0,45069
258,2560,CGI040324E95,93,2015-02-04 21:11:24,Guadalajara,victor.anguiano@colegiogastronomico.com,14,14,Americana,Lic. Victor Anguiano,36300794,39,<blank>,<blank>,Lopez Cotilla 1854,COLEGIO GASTRONOMICO INTERNACIONAL,1,44160
259,2615,GACC870809QW1,93,2015-02-11 09:03:16,Zapopan,ggarcia@iusacell.com.mx,14,31,LAS AGUILAS,LIC. YAXAIRA GARCIA,38986503,120,<blank>,<blank>,AV LOPEZ MATEOS SUR 5504,IUSACELL,0,45080
260,2617,CPO870402RE8,93,2015-02-11 09:44:12,Guadalajara,capacitacion@cajaoblatos.com.mx,14,36,Oblatos,Gabriel Avila,39421050,39,<blank>,<blank>,Calz. Juan Pablo II #2015,"Caja Popular Oblatos, S.C. de A.P. de R.L. de C.V. ",1,44700
261,2616,IUSA870213IY5,93,2015-02-12 10:25:12,zapopan,ccamacho@iusacell.com.mx,14,36,LAS AGUILAS,CINDY CAMACHO,38986511,120,<blank>,<blank>,LOPEZ MATEOS SUR 5504,ISACELL SA DE CV,1,45080
294,2834,MED110727DK5,93,2015-03-18 12:11:50,Guadalajara,recursoshumanos@medimarcas.com,14,9,Jardines del Bosque,Luis Miguel Camarena,11997646,39,11997647,<blank>,Avenida Adolfo Lopez Mateos 595,Medimarcas SA de CV,1,44520
263,2652,ONR110615SUA,93,2015-02-16 12:07:56,Torreon,RECLUTATORREON@WORKFORCE.COM.MX,5,30,Magdalenas,Armando Hernández,871 2 04 06 58,-1,<blank>,<blank>,Boulevard Independencia #2690,ORBE DE NEGOCIOS Y RECURSOS ESTRATEGICOS,0,27010
266,2673,TIU980120KK7,93,2015-02-18 10:38:10,Huiloapan de Cuauhtémoc,recursoshumanos@tiusa.com.mx,30,34,Parque Industrial Valle de Orizaba,M.I.A. Nuri Itzel Reyes Peregrina,01 272 7283400,-1,01 800 714 3887,<blank>,Av. 1 Lote 3A,Transportes Industriales Unidos S.A. de C.V.,1,94780
265,2666,COR021022GH6,93,2015-02-17 18:30:46,GUADALAJARA,lmoreno@comunicaorion.com,14,31,MODERNA,LILIANA MORENO,38121645,39,38129388,<blank>,AV. ALEMANIA 1759,COMUNICACIONES ORION SA DE CV,1,44190
267,2674,CEJ810908RA8,93,2015-02-18 12:14:31,Guadalajara,sugey.ortiz@coparmexjal.org.mx,14,30,Americana,Lic. Sugey Esmeralda Ortiz Tinajero,38184100,39,<blank>,<blank>,Lopez Cotilla # 1465-1,Centro Empresarial de Jalisco S.P,0,44100
268,2684,FME971022Q44,93,2015-02-19 13:26:41,guadalajara,ngutierrez@ferromex.com.mx,14,34,Moderna,Psic. Nadia Gutierrez Duarte,38372000,39,<blank>,<blank>,Av. Washington #11,Ferrocarril Mexicano S.A de C.V.,1,44190
336,3067,QCA0503021EA,93,2015-05-05 11:27:59,GUADALAJARA,empleosarq@yahoo.com,14,36,ARCOS VALLARTA,LD. FERNANDO QUIRARTE,36305510,39,<blank>,<blank>,AV. LA PAZ 2860,QUIRARTE ARQUITECTURA Y DISEÑO,0,45120
282,0,<blank>,0,2015-03-07 10:05:55,<blank>,<blank>,-1,0,<blank>,<blank>,<blank>,-1,<blank>,<blank>,<blank>,<blank>,1,0
283,0,<blank>,0,2015-03-08 00:53:27,<blank>,<blank>,-1,0,<blank>,<blank>,<blank>,-1,<blank>,<blank>,<blank>,<blank>,1,0
284,0,<blank>,0,2015-03-09 16:51:38,<blank>,<blank>,-1,0,<blank>,<blank>,<blank>,-1,<blank>,<blank>,<blank>,<blank>,1,0
285,0,<blank>,0,2015-03-10 07:14:29,<blank>,<blank>,-1,0,<blank>,<blank>,<blank>,-1,<blank>,<blank>,<blank>,<blank>,1,0
287,2680,ECA971224GN9,93,2015-03-11 11:14:34,Guadalajara,mmachuca@estrategiagdl.com.mx,14,30,Americana,Miguel Machuca Grajales,3314106050,39,<blank>,<blank>,Esc. Militar de aviacion 89,ECA SC,0,44610
271,2714,GSO050224MF3,93,2015-02-24 16:39:09,Zapopan,lourdes.navarro@gharmansolutions.com,14,12,Miguel de la Madrid Hurtado,Lourdes Navarro,36299989,120,<blank>,<blank>,Av Lopez Mateos #5060 int 4B y 4C,GHARMAN SOLUTIONS SA DE CV,1,45239
272,2717,SDE040413G69,93,2015-02-25 10:05:35,GUADALAJARA,LVARGAS@SOLUCION-DIGITAL.COM.MX,14,36,BARRERA,LAURA VARGAS,36160330,39,36160329,36160331,AV. UNION 581,"SOLUCION DIGITAL EMPRESARIAL, SA DE CV",0,44150
273,2711,RAM111128673,93,2015-02-25 17:16:46,Guadalajara,produccion@rabita.mx,14,36,El Tigre,ING. OSCAR VALENCIA,15614818,120,5516550547,<blank>,Juan Gil Preciado # 2450-13,"La Rábita América, S.A. de C.V.",1,45134
274,2724,TME031127FV1,93,2015-02-26 15:13:27,Guadalajara,kandrade@teledinamica.com.mx,14,31,Ladrón de Guevara,Karina Andrade,01 (33) 33451000,39,<blank>,<blank>,Av. López Mateos Norte 563 Int. 102,TELEDINAMICA MEXICO S.A. DE C.V.,0,44600
275,0,<blank>,0,2015-02-27 10:00:05,<blank>,<blank>,-1,0,<blank>,<blank>,<blank>,-1,<blank>,<blank>,<blank>,<blank>,1,0
276,2745,CRA940715H52,93,2015-03-02 17:04:37,Zapopan,ccc@corapsa.com.mx,14,5,Loma Bonita,CIRO CASTREJON,3338840570,120,<blank>,<blank>,Felix Rougier 3832,"COMERCIALIZADORA DE RODAMIENTOS Y AUTOPARTES, S.A DE C.V.",1,45086
277,2746,RAAS8309208K3,93,2015-03-02 17:27:40,Guadalajara,transmissionshift@gmail.com,14,5,jardines de plaza del sol,Roberto Gonzalez Cruz,15620292,39,12019799,<blank>,ignacio carrillo 1281,Susana Ivet Ramirez Alferez,0,44510
278,2754,LACN880323EE0,93,2015-03-04 11:16:51,TLAJOMULCO DE ZUÑIGA,miiz_cavagna@hotmail.com,14,14,CENTRO,NOHEMI LLAMAS,37980443 EXT 101,97,<blank>,<blank>,PROLONGACIÓN ESCOBEDO ,NOHEMI LLAMAS CAVAGNA,0,45640
279,2755,FCB930816BI1,93,2015-03-04 13:59:35,Guadalajara,gerenciaseleccion@fcbnco.com,14,30,Col. Americana ,Itzel Alvarez,54812700,39,<blank>,<blank>,Av. La Paz 1690 int 311 ,Federal Collection Bureau ,0,44160
281,2771,TIL071108MEX,93,2015-03-06 08:19:12,Zapopan,sistemas@mexlux.com.mx,14,36,La venta del astillero,ARTURO GOMEZ,013337775555,120,013337775555,013337775555,carretera a escuela de agricultura 991-a,TRANSFORMAMOS LA ILUMINACIÓN SA DE CV,0,45220
288,2798,LIN1403059M9,93,2015-03-11 15:49:37,GUADALAJARA,recursoshumanos@linkamoda.com,14,33,LADRON DE GUEVARA,Mariana Becerra,38265055,39,<blank>,<blank>,CHAPULTEPEC ,Linkamoda sa de cv,1,44600
289,2801,HAS000905CL8,93,2015-03-12 07:54:56,GUADALAJARA,jorge.bravo@hennigesautomotive.com,14,5,Guadalajara Technology Park,JORGE BRAVO,37779000,120,37779008,<blank>,Paseo del Valle 4910,HENNIGES AUTOMOTIVE SEALING SYSTEMS MEXICO S.A DE C.V,0,4910
290,2802,PAAA680906NJ8,93,2015-03-12 10:36:10,GUADALAJARA,grupoaudisi@hotmail.com,14,24,LA NOGALERA,NOHEMY SEPULVEDA,36921192,39,<blank>,<blank>,ALGODON #3816,AGUSTIN PLAZOLA ARAMBULA,0,44470
291,2812,paro840611se7,93,2015-03-13 15:48:24,GUADALAJARA,ventas@kmcopyplus.com.mx,14,36,CHAPALITA,RAFAEL MUNGUIA,31211303,39,<blank>,<blank>,AV. LAZARO CARDENAS 3091,COPY PLUS,0,44500
292,2808,CNI590101LP9,93,2015-03-13 17:53:08,Guadalajara,direccioncomercial@caniracjalisco.org.mx,14,2,Moderna,Javier Verver,13684700,39,<blank>,<blank>,Av. España #1400,Cámara Nacional de la Industria de Restaurantes y Alimentos Condimentados.,0,44190
293,2820,MAR07082342A,93,2015-03-16 12:32:33,Tlajomulco de Zuñiga,marnapagdl@gmail.com,14,2,Aeropuerto de Guadalajara,Adrian Altamira,0443313505204,97,3336883415,<blank>,Carretera Chapala KM 17.5,MARNAPA SA DE CV,0,45400
295,2837,PEP040428FJ9,93,2015-03-18 12:51:57,ZAPOPAN,lourdes.ramirez@pollopepe.com.mx,14,2,Paraisos del Colli,Lourdes Ramírez,38808050 ext. 8073,120,<blank>,<blank>,Periferico Poniente 10333,PEPECOMISARIATO S.A DE C.V,0,45069
296,2841,CSC0812169H6,93,2015-03-18 18:36:28,tonala ,coma_supervision@hotmail.com,14,12,hacienda real,EUGENIA GARCIA,0133 36903551,101,<blank>,<blank>,jacarandas 55,CONSTRUCCION Y SUPERVISION  COMA SA DE CV,0,45426
297,2855,EVI041025BG5,93,2015-03-23 09:45:16,GUADALAJARA,mfigueroa@electricavirgo.com,14,36,ECHEVERRIA,MONICA FIGUEROA,33675909,39,<blank>,<blank>,ANDRES BALVANERA No. 1460,"ELECTRICA VIRGO, S.A. DE C.V.",0,44970
298,2860,SPP050706JY9,93,2015-03-23 17:05:36,GUADALAJARA,guardiaenprevencion@gmail.com,14,30,PROVIDENCIA,EDUARDO HIGUERA,38170442,39,<blank>,<blank>,ONTARIO 1380,SEGURIDAD PRIVADA PREVENTIVA DE OCCIDENTE S.A. DE C.V.,0,44630
299,2861,MOME611129B94,93,2015-03-24 10:05:28,Guadalajara,maru.zurita@zuritaindustrial.com,14,24,El Fresno,Maria Eugenia Zurita Montaño,3312333038,39,38116747,<blank>,Sauz 1446,Maria Eugenia Montaño Medina,0,44900
301,2880,SGD101111JP1,93,2015-03-25 18:07:49,tlajomulco,hmvilla@supergdl.com.mx,14,36,la alameda,Hector Manuel Villa Pichardo,31647211,97,0443338008139,<blank>,carretera al salto #285,Super de gdl S de RL de CV,1,45679
302,2886,PCA900511K48,93,2015-03-27 10:59:22,México ,rrhh@procomsa.com.mx,9,9,Parque San Andrés ,Ma. Teresa Moneda Tavares ,56894580 ext 25 ,-1,<blank>,<blank>,America 109 ,"Programación Comercial Aplicada, S.A. de C.V. ",1,4040
322,2983,RORR831003B16,93,2015-04-17 14:41:14,ZAPOPAN,empleo@industriasgraficas.com.mx,14,3,Paraisos de la Seatle,ROCIO GERMANA ROMERO REYES,33 18124557,120,<blank>,<blank>,Santa Lucia 557,ROCIO GERMANA ROMERO REYES,1,45150
304,2899,OAMM810804NK6,93,2015-03-30 19:21:17,Guadalajara,reclutamientomxenlaces@gmail.com,14,36,Cirvunvalacion Vallarta,HUGO TORRES,3314117767,39,3316720404,<blank>,Av. Mexico # 2760,Contac Center de Occidente,0,44680
305,2907,AME111202BT2,93,2015-04-01 12:12:19,Mexico,Fabian.Mata@brakepartsinc.com,9,5,San Pedro Iztapalapa,Lic. Fabian Mata ,54081450,-1,54081470,<blank>,Av. Javier Rojo Gomez,"AFFINIA MEXICO, S.A DE C.V ",0,9000
306,2909,DAD120127LA5,93,2015-04-01 15:44:44,ZAPOPAN,janguianom@atencion.com,14,36,JARDINES VALLARTA,JUAN CARLOS ANGUIANO MARTIN,0443313474156,120,013331344335,013331344538,AV. VALLARTA #5160,DADCLUB SA DE CV,0,45027
307,2904,ATC090909QWA,93,2015-04-06 18:42:35,GUADALAJARA,teresa.munguia@lumbra.com.mx,14,30,RESIDENCIAL LA ESTANCIA,TERESA MUNGUIA,33-36428267,39,<blank>,<blank>,MIGUEL ANGEL 308,ALTA TECNOLOGIA CORPORATIVA Y RESIDENCIAL SA DE CV,0,45030
308,2919,CAVF8807081Q0,93,2015-04-07 13:02:06,Guadalajara,asesoriacamposfj@gmail.com,14,9,EL Dean,Javier Campos,044 3316001425,39,044 3315188736,<blank>,Gobernador Curiel 2549,MAVI de Occidente,0,44440
309,2924,MCO990630736,93,2015-04-08 13:08:43,Tlajomulco de Zuñiga,capital.humano@villacalifornia.com,14,12,Fracc. Villa California Residencial,Paola Pérez,33334051,97,31883030,<blank>,Prolongación Adolfo López Mateos Sur #1201,Milenium Construcasa S.A. de C.V.,1,45645
310,2927,GAO100729FG3,93,2015-04-08 18:09:46,GUADALAJARA,coordinacion@grupojacobo.com,14,33,ARTESANOS,LIC. CAROLINA CASTRO,38-26-34-34,39,38-2519-72,38261141,JESUS GARCIA # 986,GRUPO ATHLETICS DE OCCIDENTE  S DE RL DE CV,0,44200
311,2930,GEE1202099K4,93,2015-04-09 10:21:43,DF,diana.tapia@ginpresa.com,9,30,Anáhuac,Diana Tapia,67250565,-1,67250566,67250567,Lago Chalco 156,Grupo Integracional de Negocios,0,11320
312,2933,IRE131002SQ8,93,2015-04-09 13:15:41,guadalajara,mariajosetamayo@industriasrenata.com,14,2,El Mante,Maria José Tamayo,36157011,120,<blank>,<blank>,Colima 224,Industrias Renata SA de CV,1,45235
313,2941,HRG110722IN1,93,2015-04-10 11:32:11,Guadalajara,recluta3@grupoapro.com.mx,14,30,Residencial Victoria,Daniel Campos,36477601,39,36477603,36477604,Lapizlazuli 2912,HR SEPRO SA DE CV,0,44560
314,2944,CCO0306116X4,93,2015-04-10 16:52:56,ZAPOPAN,LAURA.CASTRO@DIMEX.MX,14,36,PINAR DE LA CALMA,LAURA CASTRO,3336314726,120,<blank>,<blank>,LOPEZ MATEOS SUR 5753,COMPAÑIA COMERCIAL COMERNOVA SA DE CV,0,45080
315,2952,CAD060401FR3,93,2015-04-13 17:48:53,Zapopan,asuarez@holisticlife.com.mx,14,30,Don Bosco Vallarta,Araceli Suárez,0133-3880-0820,120,0133-3880-0830,<blank>,Av. Vallarta #4043 Int C,"Consorcio ADCO, S.C.",0,45049
316,2957,BBA830831LJ2,93,2015-04-14 09:04:48,zapopan,uber.zapopan@gmail.com,14,5,zapopan 1,Luis Felipe Romo Vázquez,33445566,120,<blank>,<blank>,zapopan 1,Uber Zapopan,0,3399
317,2966,ags1305225t9,93,2015-04-15 11:45:11,toluca,mafercb_@hotmail.com,15,36,bellavista,Fernanda Casillas ,7221793901,-1,<blank>,<blank>,av. tecnologico,ahurom Global solutions ,0,52172
368,3283,SCM130513IM5,93,2015-06-12 13:08:13,ZAPOPAN,eponce@scami.mx,14,30,CAMINO REAL,Lic Wendy Avila,36474485,120,36474446,<blank>,SANTA TERESA DE JESUS 226,SCAMI,1,45040
319,2971,OIRJ670224RB5,93,2015-04-15 22:48:49,ZAPOPAN,pime_gdl@hotmail.com,14,12,PARQUE REAL,JOSÉ DE JESÚS ORTIZ ROMERO,38330150,120,0443331754533,<blank>,VALLE DE LAGOS DE MORENO 5,JOSÉ DE JESÚS ORTIZ ROMERO,0,45138
320,2973,MIK0707029K4,93,2015-04-16 12:24:00,monterrey ,rodolfoxcavazosl@yahoo.com,19,12,valle de las brisas,RODOLFO CAVAZOS,(81)20923353,-1,(81)83115570,(81)19372867,puerto san carlos 5402,MIKORE S.A. DE C.V.,0,64790
321,2974,CCO071121GG7,93,2015-04-16 12:55:27,Guadalajara,edith.vizcaino@cccomunicaciones.com.mx,14,36,Jardines de San José,Lic. Edith Vizcaino,3002-6470,39,<blank>,<blank>,Calle Isla Flores #3344 int. 2.,CREATOR COMUNICACION S. DE R.L DE C.V.,0,44950
323,2951,GMA1309098P7,93,2015-04-18 12:51:35,ZAPOTLAN EL GRANDE,garciasprestige@hotmail.com,14,36,CENTRO,OSCAR SANCHEZ GARCIA,(321) 387 0669,23,(321) 387 0291,317 111 0018,FEDERICO DEL TORO #39 LOCAL 18,GARCIAS MASTERS S DE RL DE CV,0,49000
324,2996,GMR030708LP0,93,2015-04-20 14:57:46,queretaro,h.arevalo@grupomaas.com,22,36,niños heroes,LIC. HECTOR IVAN AREVALO,442 2 15 11 90,-1,<blank>,<blank>,calle pino suarez #34o,GRUPO MAAS SA DE CV ,1,76010
325,3005,AIN940429LM1,93,2015-04-21 13:05:49,Guadalajara,nominas@adams-int.com.mx,14,9,Miravalle,Rebeca Garcia,14-04-88-88,39,<blank>,<blank>,Oriente 3 3313,ADMAS INTERNATIONAL SA DE CV,0,44990
326,3006,MLU930119RN5,93,2015-04-21 18:03:34,Lagos de Moreno,m.perez@akron.com.mx,15,19,San Agustin,Lic. Mauricio Perez Barrera,47425511,-1,<blank>,<blank>,Carr lagos la union km3.5,Mexicana de Lubricantes S.A. de C.V.,0,47480
327,3011,MPV991215C27,93,2015-04-22 15:18:15,Guadalajara,reclutamiento@maquinadoscnc.com,14,24,Santa Cruz de las Huertas,Veronica Alcantar,36003317,101,36755329,<blank>,Pegaso No. 64 ,Manufacturas Pueblo Viejo Industrial ,0,45400
328,3000,DUT0604077GA,93,2015-04-22 17:11:30,Tlajomulco de Zuñiga,m.romero@dutsa.com.mx,14,12,Tulipanes,Metzary Romero ,13681696,97,<blank>,<blank>,Av La tijera No.149,DESARROLLOS Y URBANIZACION TLAJOMULCO SA DE CV,1,45640
329,3018,MCO051020MT8,93,2015-04-23 17:06:04,GUADALAJARA,ak.gutierrez@mueblesamerica.mx,14,10,El Dean,Ana Gutiérrez,14048080,39,<blank>,<blank>,Calzada Gobernador Curiel 2549,Grupo MAVI de Occidente,0,44100
330,3013,BLA080225DZ5,93,2015-04-24 10:03:05,Guadalara,capitalhumano@blen.com.mx,14,36,Americana,Carmen Cuadros,36157978,39,<blank>,<blank>,Lerdo de Tejada #2105,Bw Latinoamerica S de RL de CV,0,44160
331,1976,PTE1209131E7,93,2015-04-27 08:46:32,Lagos de Moreno,rh@dulcesyohari.com,14,11,Vista Hermosa,Luz María Almaguer Martínez,7421556,53,<blank>,<blank>,Miguel Hidalgo No.21,PRODUCTOS TECHANI S.A DE C.V,0,47443
332,3033,RFC0110116F3,93,2015-04-27 16:57:08,TLAJOMULCO,saul.per@hotmail.com,14,24,LA TIJERA,MARIO RAYMUNDO SOTO RODRÍGUEZ,36126041,97,36126042,<blank>,LA TIJERA #5,FERRO PIEZAS ALANISA S.A. DE C.V.,0,45640
334,3045,DES821012CPA,93,2015-04-29 13:29:24,ZAPOPAN,gerenciagdl@desego.com,14,29,LOMAS DE GUADALUPE,ING. MODESTO ALVAREZ,(33) 1817 5008,120,<blank>,<blank>,AV. GUADALUPE #4872,DISTRIBUIDORA DE EQUIPO Y SERVICIO GONZALEZ SA DE CV,0,45030
335,3047,FUM140225N36,93,2015-04-29 17:51:01,uruapan,guadalajara@fumylim.com.mx,16,30,ampliacion revolucion,LUIS LOZANO,3334011425,-1,018007159321,<blank>,avenida latinoamericana 349,FUMYLIM S DE RL DE CV,1,60153
337,0,RAJF821018TY9,93,2015-05-05 11:56:31,Guadalajara,rh_etykete@hotmail.com,14,3,Blanco y Cuellar,Oscar Contreras,15236270,39,<blank>,<blank>,Sebastian Allende #833,ETYKETE COMPANY S.A. de C.V.,1,44730
338,3066,RAJF821018TY9,93,2015-05-05 11:58:23,Guadalajara,rh_etykete@hotmail.com,14,3,Blanco y Cuellar,Oscar Contreras,15236270,39,15-23-61-68,<blank>,Sebastian Allende #833,ETYKETE COMPANY S.A. de C.V.,0,44730
339,3070,DPM140430UK8,93,2015-05-05 13:07:25,Zapopan,recursoshumanos@dpmmexico.com,14,30,Los Cajetes,LAURA SILVA,015536041777,120,<blank>,<blank>,Jose Guadalupe Gallo No. 2891,Deck Paint Motors S de RL de CV,1,45234
340,3073,TMO1503232L4,93,2015-05-05 14:36:36,GUADALAJARA,JARREGUI@TELECOMO.COM.MX,14,31,LADRON DE GUEVARA,JOSE LUIS ARREGUI,3333682525,39,<blank>,<blank>,LUIS PEREZ VERDIA 226,TELECOMUNICACIONES MODERNAS DE OCCIDENTE SA DE CV,1,44660
341,3077,JIJE620401PE7,93,2015-05-06 12:45:42,Guadalajara,contacto@golfodecortes.com,14,5,Vallarta Norte,Carlos Jiménez,36300249,39,<blank>,<blank>,AV. Golfo de Cortes No. 2960,Jesús Arturo Jiménez,0,44690
342,3086,DBL131016QD0,93,2015-05-06 13:41:14,Guadalajara,contacto@dbl.com.mx,14,36,Ciudad Granja,Fernando Muzquiz Siqueiros,10315132,120,3339521668,<blank>,Avenida Vallarta 6503 L1,DELIVERY BOYS LOGISTICS S DE RL DE CV,0,45010
343,0,CAL1201051V4,93,2015-05-07 13:44:47,TEPATITLAN,rpena@alzaterra.com,14,9,CENTRO,ALZATERRA,3787812237,93,<blank>,<blank>,MATAMOROS #750,COMERCIALIZADORA ALZATERRA S DE RL DE CV,1,47600
344,3007,CAL1201051V4,93,2015-05-07 14:01:08,ZAPOPAN,rpena@alzaterra.com,14,6,RESIDENCIAL VICTORIA,ROSA,3787812237,120,<blank>,<blank>,OBSIDIANA No. 2825 Int. No. 102,COMERCIALIZADORA ALZATERRA S DE RL DE CV,1,45089
345,3095,ISA730903BB7,93,2015-05-11 13:38:26,Zapopan,araceli.castellanos@univa.mx,14,14,PRADOS TEPEYAC,Araceli Castellanos,31340800,120,<blank>,<blank>,TEPEYAC 4800,"INSTITUTO SUPERIOR AUTÓNOMO DE OCCIDENTE, A.C.",0,45050
346,3114,NAI000728R73,93,2015-05-12 09:25:47,Guadalajara,almacengdl@naccisa.com.mx,14,36,Zona Industrial,Blanca Lopez,36898516,39,<blank>,<blank>,Calle 3 No 775,NEUMATICOS Y ACCESORIOS INDUSTRIALES,1,44940
398,3455,GCD111123658,93,2015-07-10 11:54:33,CULIACAN,seleccionrhmerlin@gmail.com,25,30,LAS QUINTAS,OMAR GONZALEZ,5585547868,-1,<blank>,<blank>,PRESA LA BOQUILLA 1180,GRUPO CDEX SAPI DE CV,0,80060
348,3126,AECD840814721,93,2015-05-13 15:52:17,Guadalajara,soluciones_organizacionales@hotmail.com,14,10,Lomas de Oblatos,Lic. Raúl Rojas Avalos,3315036927,39,3320129153,<blank>,Hacienda del Castillo # 2574,CELSO ARELLANO E HIJOS,0,45000
349,3128,XAC0708286C2,93,2015-05-14 10:29:53,Guadalajara,recursos.humanos@sdenlinea.com.mx,14,9,Jardines del Bosque,Christian Oswaldo Aguayo,3310780785,39,<blank>,<blank>,Av. Niños Heroes #2630,Soluciones Digitales,1,44520
350,3129,DQC1101129M5,93,2015-05-14 12:51:18,MEXICO,atraccion_talento@grupodara.com.mx,9,30,SANTA FE  ,LAURA ,47463600 ext.3608 ,-1,<blank>,<blank>,PASEO DE LA REFORMA NÚM.51 4o. PISO ,DARA QUICK CORPORATION ,0,1210
351,3105,EUR070504682,93,2015-05-14 13:15:01,GUADALAJARA,reclutamiento@bridegdl.com,14,36,AMERICANA,CAROLINA REYES MIRANDA,3336135501,39,3336135502,<blank>,AV. CHAPULTEPEC 91,EUROFRANQ S.A. DE C.V.,1,44160
352,3138,GUHN9209168F1,93,2015-05-16 12:47:32,Guadalajara,ventas_recursosh@outlook.com,14,36,Residencial Victoria,NAYELI GUTIERREZ,3310809851,120,3318106991,<blank>,Av. Obsidiana #3114,Corporativo g&g,0,45089
353,3145,raas8309208k3,93,2015-05-18 10:49:42,gudalajara ,fibanezf@gmail.com,14,5,jardines de plaza del sol,Felix Ibañez,12019799,39,30774343,3318102555,Cubilete 2926,Master Transmission ,0,44510
354,3148,MCP1501062H9,93,2015-05-18 13:40:56,Guadalajara,gnp.adela.mcp@hotmail.com,14,30,Americana,Adela Dávila,20148769,39,<blank>,<blank>,Av. Vallarta 1390,GNP Seguros ,0,44160
355,3156,MEM980611I87,93,2015-05-19 17:33:56,ZAPOPAN,autoindy@prodigy.net.mx,14,30,EL COLLI URBANO,MA. GUADALUPE MUÑOZ R.,36206770,120,36206291,<blank>,AV. PATRIA N°2580,MANTENIMIENTO ESPECIALIZADO MUÑOZ,0,45070
356,533,VLC990203L15,93,2015-05-20 12:39:44,Guadalajara,hr@study-mexico.com,14,14,Ladrón de Guevara,LCP Sergio A García,36157074,39,36157075,<blank>,Bernardo de Balbuena 60,"Vancouver Language Centre of Guadalajara, A.C.",1,44600
357,3155,LEGF881229CG9,93,2015-05-22 14:18:49,Culiacan,interfaz.oriente@outlook.com,25,36,Centro,Francisco Garcia,6671695910,-1,<blank>,<blank>,Paseo Niños Heroes #634-B,Interfaz,0,80000
358,3177,CFI131209SS7,93,2015-05-25 18:44:17,tlajomulco de zuñiga,anarosa_varela@hotmail.com,14,9,Altus Bosques ,Ana Rosa Varela ,3314104738,97,<blank>,<blank>,acacias 121,Comercializadora Fija T,0,45164
359,3182,EJA121106IP7,93,2015-05-26 12:11:32,Guadajara,rh@estructurasjasan.com,14,12,Asturias,Lic.Jorge Plascencia,36543797,97,<blank>,<blank>,Av.Quetzales No.18,Estructuras Jasan S a de C v,1,45659
360,3186,IHA140116LBA,93,2015-05-26 18:47:44,Zapopan,ventas2@hausermexico.com,14,36,La Magdalena,NORMA GARCIA ,15613899,120,<blank>,<blank>,carretera a colotlan 2750,HAUSER ACCESORIOS,1,45200
361,3214,PPI980413HK4,93,2015-06-01 23:28:04,Guadalajara,eliasproinfra@gmail.com,14,12,Americana,ING. ELIAS BACA,5556876144,39,<blank>,<blank>,Victoriano Agueros 1474,PROINFRA PROMOTORA DE INFRAESTRUCTURA SA DE CV,0,44160
362,3221,CIN990927P77,93,2015-06-02 21:37:09,Zapopan,c.achau@controldealarmas.com,14,30,Puerta de Hierro,CARLOS ACHA ULAJE,(33) 8000-0658,120,<blank>,<blank>,Av. Empresarios 135 Piso 8 Interior 816,CONTROL INC SA DE CV,1,45116
363,3247,SPS050914696,93,2015-06-08 11:44:29,Guadalajara,monserrat.munoz@stefermarc.com.mx,14,12,Ciudad Granja,Monserrat Muñoz,31101103,120,<blank>,<blank>,Periférico Oriente No. 6360,Stefermarc productos y servicios industriales S.A. de C.V.,1,45010
364,3249,SEP091111SL8,93,2015-06-08 13:11:54,Tlaquepaque ,recursos.humanos@en-trega.com,14,34,Alamo,Gema Flores ,30402270,98,<blank>,<blank>,Fuelle 1947,Servicios de Entrega de Paqueteria SAPI de CV ,1,45560
365,3253,MCO051011MT0,93,2015-06-09 08:36:45,Guadalajara,aragonleon_lorena@hotmail.com,14,31,Centro,LORENA ARAGON LEON,44 31 92 66 51,39,<blank>,<blank>,Contreras Medellin #743,MOVILIDAD Y COMUNICACION S.A. DE C.V.,0,44100
367,3282,DCT020828657,93,2015-06-12 12:54:35,Guadalajara,jborunda@digitalcopy.com.mx,14,9,Italia Providencia,Jose Borunda G.,013336303159,39,013336303160,015557856098,Lopez Mateos 575,Digital Copy Technologies S.A. de C.V.,1,44648
366,3147,NOV820427BT0,93,2015-06-10 16:25:41,Zapopan,walonso@novaprint.mx,14,17,El Collí,Wendy Alonso,3331211145,120,<blank>,<blank>,Volcan Paricutin,Novaprint S de R.L de C.V,1,4507
369,3295,BARA391204NN4,93,2015-06-15 18:34:03,tlaquepaque,reclutabaeza@gmail.com,14,9,rsidencial el tapatio,EMILIO ZAMORA,38385027,98,3312552128,<blank>,brigada poniente  n 150,BAEZA ASOCIADOS,0,45525
370,3298,IEQ030130H71,93,2015-06-16 09:24:57,MEXICO,JOSEFINA@ITEKNIA.MX,14,23,ZONA INDUSTRIAL,JOSEFINA,3338123200,39,<blank>,<blank>,CALLE 2 NO. 2391,ITEKNIA EQUIPAMIENTO,1,44940
371,3305,heaj8707073ga,93,2015-06-16 16:14:10,guadalajara,jonathan.ha7@gmail.com,14,9,americana,JONATHAN HERNANDEZ,3310977794,39,<blank>,<blank>,niños heroes,COCINAS INTEGRALES CON GRANDE EXPANSION,0,44120
372,3312,AVR081104H76,93,2015-06-17 17:42:53,Zapopan,rh@electricaalen.com.mx,14,16,ciudad granja,GRACIELA DIEZ MARINA,36275332,120,36275333,<blank>,calzada de los paraísos 238,alternativa VR SC,1,45010
373,3321,MPV1107294T1,93,2015-06-18 17:40:33,distrito federal,denisse@mktvecthor.com.mx,9,36,narvarte,Denisse Jimenez,65889484,-1,65889483,63592677,Zempola num 251,Marketing y promociones Vecthor S.A de CV,1,3020
374,3329,VIGS861208BN5,93,2015-06-20 12:54:47,Guadalajara,deliarecursoshumanos@hotmail.com,14,10,Colonia las Americas,DELIA HERNANDEZ,5533561868,39,<blank>,<blank>,"Avenida Americas 759,  ",SUE ASTRID VILLALOBOS GOMEZ,0,44650
375,3332,ECA971224GN9,93,2015-06-22 15:45:20,Guadalajara,mmachuca@estrategiagdl.com.mx,14,30,Country Club,Miguel Machuca Grajales,3314106050,39,<blank>,<blank>,Prol  americas 1600,Estrategia Corporativa en Administracion SC,1,44610
376,3342,GCI040331KZ2,93,2015-06-23 13:31:14,Guadalajara,rh@gcinter.com,14,9,Analco,Lic. Gabriela Vera,38831047,39,38831030,<blank>,Calzada Independencia Sur #333,Grupo Continente Internacional S.A. de C.V.,0,44450
377,3352,JUDL660831GF5,93,2015-06-24 13:29:45,Guaddalajara,vidrioschapultepec@hotmail.com,14,12,Obrera Centro,Lourdes Juarez,3336160074,39,<blank>,<blank>,Simon Bolivar 59,Vidrios Chapultepec,1,44140
378,3353,REG080411V74,93,2015-06-24 13:33:09,TLAQUEPAQUE,rh@regebat.com.mx,14,30,ALAMO INDUSTRIAL,ADRIANA MARTINEZ,33337279,98,<blank>,<blank>,REFINERIA 2800-B ,REGEBAT S DE RL DE CV ,1,45500
382,3377,HKI0103055P1,144,2015-06-29 16:28:22,guadalajara,karen.rivera@HumanKind.mx,-1,36,verde valle ,KAREN RIVERA,41601102,39,<blank>,<blank>,av. mariano otero #3363,HUMAN KIND SA DE CV ,1,45150
380,3361,BAC0504184w1,93,2015-06-25 17:10:23,Guadalajara,backen.rh@gmail.com,14,10,3291,León Arpio,3314003822,39,<blank>,<blank>,Manuel Acuña,Backen,0,44670
381,3367,CBA940202AB3,93,2015-06-26 16:57:52,Puerto Vallarta,capitalhumano@servigaso.com,14,16,Los Sauces,Guadalupe Pimienta,01 322 29 3 46 54,67,<blank>,<blank>,Av. Francisco Villa No. 1522,COMBUSTIBLES DE LA BAHIA SA DE CV,1,48328
383,3382,EFO0507125YA,93,2015-06-30 09:55:36,Tlaquepaque,m.ortega@excellentfoods.com.mx,14,8,Los altos,Miguel Ortega,36391137,98,36391187,36391717,Carretera a los Altos 557,Excellent Foods S.A. de C.V.,1,45520
384,3399,PIA920309SJ8,93,2015-07-02 13:37:41,Tlaquepaque,falonso.precisionaplicada@gmail.com,14,30,Parques de Colon,Flavio Alonso,(33) 31 35 23 60,98,(33) 31 35 34 83,<blank>,Isla Mexiana 2903-12,Precision Instrumenatl Automotriz,0,45608
385,3400,GPI951213HM6,93,2015-07-02 14:09:52,Guadalajara,reclutamientogpi@gpicomercial.com.mx,14,36,Ladron de Guevara,Miriam Fonseca ,35859288,39,3339562438,3311535434,Av. Lopez Mateos # 400 esquina con Av.Mexico Piso 13 ,Gpi Cmercial SA de CV ,1,44600
386,3401,ART100310797,93,2015-07-02 17:41:31,Tlaquepaque,cassandra.leroy@ecoleatlantique.com,14,9,Centro,Cassandra Leroy,33333337,98,<blank>,<blank>,Prisciliano sanchez 228,Artphoria Sa de cv ,0,45500
387,3401,<blank>,0,2015-07-02 17:46:39,<blank>,<blank>,-1,0,<blank>,<blank>,<blank>,-1,<blank>,<blank>,<blank>,<blank>,0,0
388,3414,GPA840221941,141,2015-07-04 12:22:11,Guadalajara,auxrh@gpa.com.mx,-1,36,MODERNA,Sandra Delgadilo,10573231,39,<blank>,<blank>,CALZADA DEL AGUILA 985 A,GPA GENERAL de PRODUCTOS PARA EL AGUA,1,44910
389,3422,ICC130206EN5,93,2015-07-06 14:14:18,guadalajara,norma.becerra@ideastelemarketing.com,14,30,olimpica,NORMA BECERRA,20012275,39,0443319871970,<blank>,justo corro 1726,imarketing call center sa de cv,1,44430
390,3427,PSE030702544,93,2015-07-06 17:10:45,Tlaquepaque,gpetorresgdl@hotmail.com,14,30,La Duraznera,Guadalupe Torres,38 60 04 55,98,<blank>,<blank>,Españoles  188,"PROFESIONALES EN SOLUCIONES ECONOMINAS, S.A DE C.V",0,45580
391,3425,GIN811027SS4,93,2015-07-06 18:37:59,GUADALAJARA,ljcalderon@pasa.mx,14,34,valle del alamo,LOURDES JOSNENTH CALDERON SALINAS,36820809,39,<blank>,<blank>,Calle 2 cañas 2740,Gen Industrial,0,44440
392,3436,AAAA860415RRR,93,2015-07-07 09:54:43,Guadalajara,cruz.rosales@presta-facil.com.mx,14,30,Conocida,Omar Rosales,31000000,39,<blank>,<blank>,Conocido,Casa de empeño,1,44100
393,3441,DGA130412S40,93,2015-07-08 12:27:45,EL GRULLO,rhgallardia@hotmail.com,14,2,CENTRO,ESMERALDA GALLARDO,321 38 7 5506,37,<blank>,<blank>,INDEPENDENCIA 200,DISTRIBUIDOR GALLARDIA S. DE R.L DE C. V.,0,48740
394,3446,LAQ790510FH2,93,2015-07-08 19:43:10,TLAQUEPAQUE,clicona@labsabc.com.mx,14,19,Lomas de la Víctoria,Ing. Carlos Licona,(33)36465550,98,<blank>,<blank>,AV. CRUZ DEL SUR. No. 3195,LABORATORIOS ABC QUIMICA INVESTIGACION Y ANALISIS SA DE CV,1,45527
396,3449,AME980723L77,93,2015-07-09 12:32:15,De México,norma.caldera@astrollantas.com.mx,9,36,Capultitlan,Norma Caldera,(015)55670477,-1,<blank>,<blank>,"Poniente 118, No. 360",Astrollantas México,1,7370
397,3451,EFO061204HB1,93,2015-07-09 16:18:06,Guadalajara,rhumanos@freshsalads.mx,14,2,Jardines del Bosque,Lic. Jessica López,36470147,39,31229431,<blank>,Lluvia 538,ENSALADAS FRESCAS DE OCCIDENTE SA DE CV,1,44520
399,3461,CMS121202HAA,93,2015-07-13 09:41:46,Zapopan,oscar.arch@bpo.mx,14,30,Puerta de Hierro,Oscar Arch,36.27.68.47,39,33.14.70.18.45,<blank>,Av. Empresarios 255 piso 15,CORPORATE MANAGEMENT SERVICES CMS S DE RL DE CV,1,45110
400,3463,PEGM8303198I5,93,2015-07-13 13:00:14,Guadalajara,transmisionesoverdrive@gmail.com,14,5,Jardines de la Cruz,EDITH MORENO,16591236,39,3331397156,3310486780,Avenida Colon #3004,TRANSMISIONES AUTOMATICAS OVER DRIVE (MANUEL PEREZ GONZALEZ) ,0,44950
401,3468,PRE1209074V6,93,2015-07-14 12:54:19,Tiuana,reclutamiento@afal.mx,2,2,Zono Rio,Lincy Cueto,6646334200,-1,6646334215,<blank>,Paseo de los Héroes 9911-b,Presbaja S. A de C. V,0,22100
402,3474,CAB141013HFA,93,2015-07-15 12:27:51,GUADALAJARA,blanca.adgdl@gmail.com,14,36,LA CALMA,BLANCA IÑIGUEZ GARCIA,3315027123,120,17307746,<blank>,PEGASO NO. 3692,CORPORATIVO ABALOMAB S.C.,0,45070
403,3475,CUME920302517,93,2015-07-15 12:48:26,Zapopan,reclutamientoejecutivorp@hotmail.com,14,10,La calma,Raquel Cedillo,3317258799,120,<blank>,<blank>,Pegaso,Dsitribuidora Daniel Cruz,0,45070
404,3486,CRT040819G49,93,2015-07-16 12:52:41,TLAQUEPAQUE,taller@crossroad.mx,14,34,LAS LIEBRES ,JULY MORALES A. ,  33358815,39,3338159480,3318480758,SALVADOR OROZCO LORETO NO. 28,"CROSS ROAD TRANSPORTACION, S.A. DE C.V. ",1,45623
405,3491,CNI590101LP9,93,2015-07-16 17:34:26,GUADALAJARA,proyectos@caniracjalisco.org.mx,14,2,MODERNA,JOSE ANDRES SANABRIA P.,13684700,39,<blank>,<blank>,AV. ESPAÑA 1400,CANIRAC,0,44190
406,3506,AAM1201193T6,93,2015-07-20 10:35:15,Guadalajara,maripaz.angulo@vw-aguaazul.com.mx,14,5,Centro,Mary Paz Angulo,30408600,39,30408686,<blank>,Gonzalez Gallo #450,Agua Azul Motors S.A de C.V.,1,44100
407,3504,ELA100218UX0,93,2015-07-20 12:08:25,Zapopan,VENTASCAPITALHUMANO580@GMAIL.COM,14,30,LOMAS DE ZAPOPAN,JOSE ENRIQUEZ,19552777,120,3335885422,<blank>,CAMPO REAL  320 INT 4,ENRIQUEZ  LORENCE  Y ASOCIADOS S.C.,1,45130
408,3505,AESO840121K99,93,2015-07-20 12:10:44,ZAPOPAN,RH.BORNE@GMAIL.COM,14,30,RESINDENCIAL  MOCTEZUMA,OLGA  INES ARMENTA SALAZAR,19191159,120,<blank>,<blank>,PLAYA BLANCA ORIENTE 1016 INT 16,OLGA  INES ARMENTA SALAZAR,0,45059
409,3516,PTI0012161L1,93,2015-07-22 12:02:42,AGUASCALIENTES,pti1989@yahoo.com.mx,1,24,BUENOS AIRES,SR. CRIS ECHEVARRÍA,449 9147674,-1,<blank>,<blank>,OCEANIA 110,PAILERIA TECNICA INDUSTRIAL S.A. DE C.V.,0,20020
410,3518,LUGJ7110196U0,93,2015-07-22 14:36:34,gudalajara,auxconta1@elreydeltornillo.com,14,36,alamo industrial,IDANIA CEBALLOS ALVARADO,36661656,39,<blank>,<blank>,caldera 2092,JUDITH LUNA GUTIERREZ,0,44490
411,3526,AABI861102AG8,93,2015-07-23 10:23:52,Zapopan,jessy.alvarez@brandvision.mx,14,29,Residencial la calma ,Yesica Álvarez ,36311780,120,3331008103,<blank>,Cruz del sur 3447,Yesica Álvarez ,0,45080
412,3520,APE101019LJ3,93,2015-07-23 19:29:25,Guadalajara,francisco@peimbert.mx,14,9,Potrero Alto,Francisco Javier González Moreno,3336551082,39,3336448136,<blank>,Federación 2509,Agroindustrias Peimbert SA de CV,1,44740
413,3535,DIM9904218N4,93,2015-07-24 14:54:38,ZAPOPAN,mgalaviz@equilatero.com.mx,14,3,LOMA BONITA,MARCOS GALAVIZ,36157676,120,36312187,<blank>,FELIX ROUGIER 3856,DESARROLLOS IMPRESOS DE MEXICO SA DE CV,1,45086
414,3585,PAR831208486,93,2015-08-03 10:11:37,México DF,agutierrez@parybel.com.mx,9,10,NAPOLES,Alfonso Gutiérrez,015516705100,-1,018008301860,<blank>,Insurgentes Sur 949 Dep 401,PARYBEL S.A. DE C.V.,1,3810
415,3024,GCV610502NY0,93,2015-08-03 11:18:23,Juarez,sneria@grupotomza.com,8,16,Nuevo Hipodromo,SERGIO NERIA GONZALEZ,656 649 79 29,-1,656 649 79 00,656 249 01 61,Carr. Panamericana Km. 17.5,GAS COMERCIAL DE VILLA AHUMADA,1,32690

