id,idioma,idorigen,idbusqueda,edad,sexo,clave,grupo,correo,nombre,puesto,ascdesc,status,apellido,fechaing,tecnicas,organismo,ubicacion,escolaridad,estadocivil,profesiones,ordenadospor,salariomensual,experienciatipo,experienciaanios
0,<blank>,0,1716,<blank>,I,<blank>,82,i.belmont@lawseg.com.mx,LAW SEG SISTEMAS DE SEGURIDAD PRIVADA,<blank>,<blank>,1,DE C.V.,2016-10-12,I,<blank>,I,I,I,I,<blank>,I,<blank>,0
0,<blank>,0,1717,<blank>,I,<blank>,95,vbecerra@poliflex.com.mx,Veronica ,<blank>,<blank>,1,Becerra,2016-10-18,I,<blank>,I,I,I,I,<blank>,I,<blank>,0
0,<blank>,0,1714,20,I,<blank>,95,rrhbarrsil@gmail.com,Barrsil,<blank>,<blank>,1,Barrsil,2016-10-11,I,<blank>,I,I,I,I,<blank>,I,<blank>,0
0,<blank>,0,1709,25,I,<blank>,95,mcastillo@sellorojo.com.mx,Miriam ,<blank>,<blank>,1,Castillo,2016-10-04,I,<blank>,I,I,I,I,<blank>,I,<blank>,0
0,<blank>,0,1682,<blank>,I,<blank>,29,hgmbeto@yahoo.com.mx,humberto,<blank>,<blank>,1,garcia,2016-09-16,I,<blank>,I,I,I,<blank>,<blank>,I,<blank>,0
0,<blank>,0,1699,20,I,<blank>,69,florem@cinasi.com,Isabel,<blank>,<blank>,1,ESPINOSA MACIEL,2016-10-01,I,<blank>,metropolitana,I,I,I,<blank>,"$7,001 a $10,000",<blank>,1
0,<blank>,0,1701,17,I,<blank>,95,editorialmonarrez@outlook.es,carlos eduardo,<blank>,<blank>,1,monarrez fregoso,2016-10-03,I,<blank>,metropolitana,I,S,I,<blank>,"$3,001 a $5,000",<blank>,0
0,<blank>,0,1702,<blank>,I,<blank>,37,contabilidad@elzaradeao.mx,MIREYA ,<blank>,<blank>,1,ESTRADA HDEZ,2016-10-03,I,<blank>,I,I,I,Lic. En Contabilidad Y Finanzas,<blank>,I,<blank>,0
0,<blank>,0,1751,<blank>,I,<blank>,40,eli_thebrother@hotmail.com,eli abraham,<blank>,<blank>,1,ortiz cerafin,2016-12-22,I,<blank>,I,I,I,Lic. En Derecho,<blank>,I,<blank>,0
0,<blank>,0,1718,24,M,<blank>,95,veronica.padilla@jcplastics.com.mx,Veronica,<blank>,<blank>,1,Padilla,2016-10-18,I,<blank>,todojalisco,I,I,I,<blank>,"$5,001 a $7,000",<blank>,3
0,<blank>,0,1708,<blank>,I,<blank>,44,ecanto@questiona.com.mx,Enrique,<blank>,<blank>,1,Canto,2016-10-04,I,<blank>,I,I,I,I,<blank>,I,<blank>,0
0,<blank>,0,1693,<blank>,M,<blank>,95,adrianar@borse.com.mx,Adriana ,<blank>,<blank>,1,Reyna,2016-09-27,I,<blank>,metropolitana,I,I,I,<blank>,I,<blank>,0
0,<blank>,0,1728,<blank>,I,<blank>,83,araceli.nava14@gmail.com,Araceli ,<blank>,<blank>,1,Nava Diaz,2016-11-07,I,<blank>,I,I,I,I,<blank>,I,<blank>,0
0,<blank>,0,1729,18,I,<blank>,52,daniel@laspapas.com.mx,Daniel,<blank>,<blank>,1,Reyes Martínez,2016-11-07,I,<blank>,I,I,I,I,<blank>,I,<blank>,0
0,<blank>,0,1689,21,I,<blank>,33,car_monarrez@hotmail.com,carlos eduardo,<blank>,<blank>,1,monarrez fregoso,2016-09-22,I,<blank>,metropolitana,I,S,I,<blank>,"$3,001 a $5,000",<blank>,0
0,<blank>,0,1730,<blank>,I,<blank>,95,rhservinstante@gmail.com,Lidia ,<blank>,<blank>,1,Vazquez,2016-11-08,I,<blank>,I,I,I,I,<blank>,I,<blank>,0
0,<blank>,0,1731,<blank>,I,<blank>,95,rhleon@comelub.com,Carolina,<blank>,<blank>,1,Ramirez,2016-11-08,I,<blank>,I,I,I,I,<blank>,I,<blank>,0
0,<blank>,0,1713,<blank>,I,<blank>,69,lorenasantoyo@yahoo.com,LORENA DEL ROCIO,<blank>,<blank>,1,SANTOYO PALAFOX,2016-10-09,I,<blank>,I,I,I,Ing. Administrador De Sistemas,<blank>,I,<blank>,0
0,<blank>,0,1732,<blank>,I,<blank>,83,garciamendiola@gmail.com,Jose Jenaro,<blank>,<blank>,1,Garcia Mendiola,2016-11-09,I,<blank>,metropolitana,I,I,I,<blank>,"$1,500 a $3,000",<blank>,0
0,<blank>,0,1738,<blank>,I,<blank>,29,mirindall@hotmail.com,miriam,<blank>,<blank>,1,lepe,2016-11-17,I,<blank>,I,I,I,I,<blank>,I,<blank>,0
0,<blank>,0,1733,<blank>,I,<blank>,56,lorenasantoyo@yahoo.com,Lorena,<blank>,<blank>,1,Santoyo,2016-11-14,I,<blank>,I,I,I,I,<blank>,I,<blank>,0
0,<blank>,0,1735,<blank>,I,<blank>,52,sara.cruz@optucrp.com,Sara Yazmin ,<blank>,<blank>,1,Cruz,2016-11-15,I,<blank>,I,I,I,I,<blank>,I,<blank>,0
0,<blank>,0,1752,<blank>,I,<blank>,40,eli_thebrother@hotmail.com,eli abraham ,<blank>,<blank>,1,ortiz cerafin,2016-12-22,I,<blank>,I,I,I,Lic. En Derecho,<blank>,I,<blank>,0
0,<blank>,0,1743,<blank>,I,<blank>,37,rh@strategoempresarial.mx,Salma ,<blank>,<blank>,1,Guerrero,2016-11-28,I,<blank>,I,I,I,Lic. En Contabilidad,<blank>,I,<blank>,0
0,<blank>,0,1737,<blank>,I,<blank>,47,danielllorente88@gmail.com,daniel,<blank>,<blank>,1,llorente garcia,2016-11-16,I,<blank>,I,I,I,I,<blank>,I,<blank>,0
0,<blank>,0,1736,<blank>,I,<blank>,47,danielllorente88@gmail.com,daniel,<blank>,<blank>,1,llorente garcia,2016-11-16,I,<blank>,I,I,I,I,<blank>,I,<blank>,0
0,<blank>,0,1734,<blank>,I,<blank>,37,lorenadiaz2@megared.net.mx,LORENA,<blank>,<blank>,1,DIAZ,2016-11-14,I,<blank>,I,I,I,Lic. En Contabilidad,<blank>,I,<blank>,1
0,<blank>,0,1742,<blank>,I,<blank>,29,martha.alcantar@kenworthjalisco.com,MARTHA ,<blank>,<blank>,1,ALCANTAR,2016-11-24,I,<blank>,I,I,I,Bachelor Of Business Administration,<blank>,I,<blank>,0
0,<blank>,0,1741,18,I,<blank>,95,luis.guerrero@autozone.com,LUIS ADRIAN ,<blank>,<blank>,1,GUERRERO VALDEZ,2016-11-24,I,<blank>,todojalisco,I,I,I,<blank>,"$1,500 a $3,000",<blank>,2
0,<blank>,0,1740,<blank>,I,<blank>,29,reclutamiento.carmen@saludangeles.com,TERESA,<blank>,<blank>,1,RAMEÑO ,2016-11-21,I,<blank>,I,I,I,I,<blank>,I,<blank>,0
0,<blank>,0,1706,30,I,<blank>,95,leadingorganization@gmail.com,Astrid,<blank>,<blank>,1,Solano Camacho,2016-10-04,I,<blank>,todojalisco,I,I,I,<blank>,"$7,001 a $10,000",<blank>,1
0,<blank>,0,1698,<blank>,I,<blank>,16,gabriela.ramirez@collins.com.mx,Gabriela,<blank>,<blank>,1,Ramirez,2016-09-29,I,<blank>,I,I,I,Lic. En Farmacia,<blank>,I,<blank>,0
0,<blank>,0,1700,<blank>,I,<blank>,95,mcastillo@sellorojo.com.mx,Miriam ,<blank>,<blank>,1,Castillo,2016-10-01,I,<blank>,I,I,I,I,<blank>,I,<blank>,0
0,<blank>,0,1683,<blank>,I,<blank>,13,denisse.roo@hotmail.com,Denisse,<blank>,<blank>,1,Romo,2016-09-19,I,<blank>,I,I,I,I,<blank>,I,<blank>,0
0,<blank>,0,1690,<blank>,I,<blank>,13,monse1997@hotmail.com,Dianely,<blank>,<blank>,1,Taizan,2016-09-23,I,<blank>,I,I,I,I,<blank>,I,<blank>,0
0,<blank>,0,1694,<blank>,I,<blank>,18,rosal92@hotmail.com,Rocio,<blank>,<blank>,1,Salazar,2016-09-27,I,<blank>,I,I,I,I,<blank>,I,<blank>,0
0,<blank>,0,1684,<blank>,I,<blank>,95,isela.velazquez@lamarina.com.mx,Isela ,<blank>,<blank>,1,Velázquez Barajas,2016-09-19,I,<blank>,I,I,I,I,<blank>,I,<blank>,0
0,<blank>,0,1691,<blank>,I,<blank>,46,angel_gc6972@hotmail.com,María de los Ángeles ,<blank>,<blank>,1,Galán Chama ,2016-09-25,I,<blank>,I,I,I,I,<blank>,I,<blank>,0
0,<blank>,0,1724,40,I,<blank>,95,rhempleos55@gmail.com,Alba,<blank>,<blank>,1,López,2016-10-27,I,<blank>,metropolitana,I,I,I,<blank>,"$3,001 a $5,000",<blank>,0
0,<blank>,0,1688,<blank>,I,<blank>,83,AZUL-ANGIE22@HOTMAIL.COM,NORMA ANGELICA,<blank>,<blank>,1,CARRASCO BAUTISTA,2016-09-21,I,<blank>,I,I,I,I,<blank>,I,<blank>,0
0,<blank>,0,1686,<blank>,I,<blank>,95,ventas@studiotextil.com.mx,studio,<blank>,<blank>,1,textil,2016-09-20,I,<blank>,I,I,I,I,<blank>,I,<blank>,0
0,<blank>,0,1687,30,I,<blank>,18,rosal92@hotmail.com,Rocio,<blank>,<blank>,1,Salazar,2016-09-20,I,<blank>,metropolitana,I,I,I,<blank>,I,<blank>,0
0,<blank>,0,1744,<blank>,I,<blank>,82,dirineo@gmail.com,Dany Daniel ,<blank>,<blank>,1,Irineo Garcia,2016-12-05,I,<blank>,I,I,I,Ing. Industrial,<blank>,I,<blank>,0
0,<blank>,0,1739,<blank>,I,<blank>,74,ariana.ruiz@amher.com.mx,Ariana,<blank>,<blank>,1,Ruiz,2016-11-17,I,<blank>,I,I,I,Ing. En Transportes,<blank>,I,<blank>,0
0,<blank>,0,1692,18,I,<blank>,52,rhgdlfiloa@gmail.com,Vicente,<blank>,<blank>,1,Pérez Gómez,2016-09-26,I,<blank>,metropolitana,I,I,PA. En Alimentos Y Bebidas,<blank>,Abierto,<blank>,1
0,<blank>,0,1712,<blank>,I,<blank>,82,mariaines@especialidadestermicas.com,MARIA INES,<blank>,<blank>,1,OROZCO,2016-10-07,I,<blank>,I,I,I,Ing. En Manufacturas De Autopartes,<blank>,I,<blank>,0
0,<blank>,0,1705,<blank>,I,<blank>,95,unik_spring@yahoo.com.mx,JORGE ,<blank>,<blank>,1,becerra flores,2016-10-03,I,<blank>,I,I,I,I,<blank>,I,<blank>,0
0,<blank>,0,1685,<blank>,M,<blank>,19,ventas@grupovps.com,RECURSOS ,<blank>,<blank>,1,HUMANOS,2016-09-19,I,<blank>,todojalisco,I,I,I,<blank>,I,<blank>,1
0,<blank>,0,1704,<blank>,I,<blank>,95,rhumanos@elnuevofenix.mx,Jenny,<blank>,<blank>,1,Granja,2016-10-03,I,<blank>,metropolitana,I,I,I,<blank>,"$5,001 a $7,000",<blank>,0
0,<blank>,0,1707,<blank>,I,<blank>,90,recursoshumanos2@ac-mexico.com.mx,Cinthia ,<blank>,<blank>,1,Suarez ,2016-10-04,I,<blank>,I,I,I,Ing. En Procesos Organizacionales,<blank>,I,<blank>,0
0,<blank>,0,1750,30,I,<blank>,19,tigrevelez1@gmail.com,ubaldo ,<blank>,<blank>,1,martinez velez,2016-12-20,I,<blank>,metropolitana,I,C,Ing. En Seguridad E Higiene Ocupacional,<blank>,"$5,001 a $7,000",<blank>,1
0,<blank>,0,1711,<blank>,I,<blank>,29,rhinfolabora@gmail.com,Katia ,<blank>,<blank>,1,Arroyo,2016-10-06,I,<blank>,I,I,I,Bachelor Of Business Administration,<blank>,I,<blank>,0
0,<blank>,0,1715,<blank>,I,<blank>,95,calvarez@questiona.com.mx,Cintya ,<blank>,<blank>,1,Alvarez,2016-10-11,I,<blank>,I,I,I,I,<blank>,I,<blank>,1
0,<blank>,0,1710,25,I,<blank>,95,mcastillo@sellorojo.com.mx,Miriam ,<blank>,<blank>,1,Castillo,2016-10-04,I,<blank>,I,I,I,<blank>,<blank>,I,<blank>,0
0,<blank>,0,1703,<blank>,I,<blank>,37,contabilidad@elzarandeao.mx,MIREYA ,<blank>,<blank>,1,ESTRADA HDEZ,2016-10-03,I,<blank>,I,I,I,I,<blank>,I,<blank>,0
0,<blank>,0,1697,<blank>,I,<blank>,29,jlupercio@quimicapima.com,Jose Luis,<blank>,<blank>,1,Lupercio Perez,2016-09-28,I,<blank>,I,I,I,I,<blank>,I,<blank>,0
0,<blank>,0,1696,24,I,<blank>,36,lni_mendoza@yahoo.com.mx,Miguel,<blank>,<blank>,1,Mendoza,2016-09-28,I,<blank>,I,I,I,Lic. En Ciencias Aduanales Y Comercio Exterior,<blank>,I,<blank>,0
0,<blank>,0,1695,35,I,<blank>,95,reclutamiento@damy.com,FABIOLA,<blank>,<blank>,1,GOMEZ,2016-09-28,I,<blank>,metropolitana,I,I,I,<blank>,"$3,001 a $5,000",<blank>,0
0,<blank>,0,1749,30,I,<blank>,19,tigrevelez1@gmail.com,ubaldo ,<blank>,<blank>,1,martinez velez,2016-12-20,I,<blank>,metropolitana,I,C,Ing. En Seguridad E Higiene Ocupacional,<blank>,"$5,001 a $7,000",<blank>,1
0,<blank>,0,1748,<blank>,F,<blank>,37,rh@strategoempresarial.mx,Salma ,<blank>,<blank>,1,Guerrero,2016-12-12,I,<blank>,metropolitana,I,I,Lic. En Contabilidad,<blank>,I,<blank>,4
0,<blank>,0,1747,<blank>,I,<blank>,13,belen.lopez.122188@gmail.com,BELEN  DEL CARMEN,<blank>,<blank>,1,LOPEZ NAVARRO,2016-12-10,I,<blank>,I,I,I,I,<blank>,I,<blank>,0
0,<blank>,0,1719,<blank>,I,<blank>,13,rh.bocassi@gmail.com,Gabriela,<blank>,<blank>,1,Aguirre,2016-10-21,I,<blank>,I,I,I,I,<blank>,I,<blank>,0
0,<blank>,0,1746,27,I,<blank>,37,despachofiscal03@hotmail.com,Mario,<blank>,<blank>,1,Sodi,2016-12-09,I,<blank>,metropolitana,I,I,Lic. En Contabilidad,<blank>,I,<blank>,2
0,<blank>,0,1721,<blank>,I,<blank>,44,S.renteria.rh@gmail.com,Susana,<blank>,<blank>,1,Renteria,2016-10-24,I,<blank>,metropolitana,I,I,I,<blank>,I,<blank>,0
0,<blank>,0,1720,<blank>,I,<blank>,46,psicologia.familiar@hotmail.com,ARCELIA LETICIA,<blank>,<blank>,1,CERPA CASTRO,2016-10-23,I,<blank>,I,I,I,I,<blank>,I,<blank>,0
0,<blank>,0,1722,<blank>,I,<blank>,95,r.humanos@mc-pack.com,CECILIA ALEJANDRA ,<blank>,<blank>,1,HERNANDEZ GONZALEZ,2016-10-25,I,<blank>,I,I,I,I,<blank>,I,<blank>,0
0,<blank>,0,1745,<blank>,I,<blank>,73,jl_bustos@hotmail.es,jose luis ,<blank>,<blank>,1,esparza diaza de leon,2016-12-06,I,<blank>,I,I,I,Ing. En Obras Y Servicios,<blank>,I,<blank>,0
0,<blank>,0,1723,<blank>,I,<blank>,70,diseno@cbempaques.com,Veronica,<blank>,<blank>,1,Badillo,2016-10-26,I,<blank>,I,I,I,I,<blank>,I,<blank>,0
0,<blank>,0,1727,<blank>,I,<blank>,40,azucena1smnyl@gmail.com,AZUCENA ,<blank>,<blank>,1,TORRES,2016-11-03,I,<blank>,I,I,I,I,<blank>,I,<blank>,0
0,<blank>,0,1726,<blank>,I,<blank>,69,gerentegdl@allkopier.com,OSCAR,<blank>,<blank>,1,PEGUEROS LOPEZ,2016-11-03,I,<blank>,I,I,I,I,<blank>,I,<blank>,0
0,<blank>,0,1725,<blank>,I,<blank>,29,silviagarull.404@gmail.com,Silvia,<blank>,<blank>,1,Garcia ,2016-10-31,I,<blank>,I,I,I,I,<blank>,I,<blank>,0
0,<blank>,0,1753,<blank>,I,<blank>,44,wtrimmer@tsmoviles.com,William,<blank>,<blank>,1,Trimmer Uribe,2016-12-28,I,<blank>,I,I,I,I,<blank>,I,<blank>,0
0,<blank>,0,1754,<blank>,I,<blank>,29,dorghca@saludangeles.com,Gricelda ,<blank>,<blank>,0,Manrique Magaña,2016-12-29,I,<blank>,I,I,I,Bachelor Of Business Administration,<blank>,I,<blank>,0
0,<blank>,0,1755,<blank>,I,<blank>,75,karla.morelos@crowncork.com,Karla,<blank>,<blank>,1,Morelos de la Torre,2016-12-31,I,<blank>,I,I,I,Ing. Electrico,<blank>,I,<blank>,0
0,<blank>,0,1756,<blank>,I,<blank>,51,rh@atlascolomos.com.mx,Lucía ,<blank>,<blank>,1,Vizcaíno,2017-01-02,I,<blank>,I,I,I,Lic. En Seguridad,<blank>,I,<blank>,0
0,<blank>,0,1757,<blank>,I,<blank>,95,rmoyalopez35@gmail.com,ramon ,<blank>,<blank>,1,moya,2017-01-02,I,<blank>,I,I,I,I,<blank>,I,<blank>,0
0,<blank>,0,1758,<blank>,I,<blank>,3,maquitsa@hotmail.com,MAQUINARIA AGRICOLA TAPATIA,<blank>,<blank>,1,DE CV,2017-01-03,I,<blank>,metropolitana,I,I,I,<blank>,I,<blank>,0
0,<blank>,0,1759,<blank>,I,<blank>,29,karla.esqueda@ironmountain.com.mx,Karla,<blank>,<blank>,1,Esqueda,2017-01-04,I,<blank>,I,I,I,I,<blank>,I,<blank>,0
0,<blank>,0,1760,<blank>,M,<blank>,95,recursoshumanos@dogo.mx,REACTIVOS Y LIMPIEZA DOGO,<blank>,<blank>,1,DE CV,2017-01-09,I,<blank>,todojalisco,I,C,I,<blank>,"$3,001 a $5,000",<blank>,1
0,<blank>,0,1761,25,F,<blank>,29,hildita@gmail.com,Hilda ,<blank>,<blank>,1,Gonzalez ,2017-01-10,I,<blank>,restojalisco,I,S,I,<blank>,"$3,001 a $5,000",<blank>,0
0,<blank>,0,1762,<blank>,I,<blank>,70,rh@atlascolomos.com.mx,Lucía ,<blank>,<blank>,1,Vizcaíno,2017-01-12,I,<blank>,I,I,I,I,<blank>,I,<blank>,0
0,<blank>,0,1763,<blank>,I,<blank>,70,rh@atlascolomos.com.mx,Lucía ,<blank>,<blank>,1,Vizcaíno,2017-01-13,I,<blank>,I,I,I,I,<blank>,I,<blank>,0
0,<blank>,0,1764,<blank>,F,<blank>,37,rh@strategoempresarial.mx,Salma,<blank>,<blank>,1,Guerrero,2017-01-16,I,<blank>,metropolitana,I,I,Lic. En Contabilidad,<blank>,I,<blank>,4
0,<blank>,0,1765,<blank>,I,<blank>,37,actividadfiscal@yahoo.com.mx,Felipe,<blank>,<blank>,1,Gonzalez Oropeza,2017-01-20,I,<blank>,I,I,I,Lic. En Contabilidad,<blank>,I,<blank>,0
0,<blank>,0,1766,<blank>,I,<blank>,37,lsandoval@cg-asociados.com,Laura,<blank>,<blank>,1,Sandoval,2017-01-23,I,<blank>,I,I,I,Lic. En Contabilidad,<blank>,I,<blank>,0
0,<blank>,0,1767,<blank>,I,<blank>,29,klau.00@hotmail.com,Claudia,<blank>,<blank>,1,Padilla,2017-01-23,I,<blank>,I,I,I,I,<blank>,I,<blank>,0
0,<blank>,0,1768,<blank>,I,<blank>,19,guardiaenprevencion@gmail.com,eduardo,<blank>,<blank>,1,higuera,2017-01-23,I,<blank>,I,I,I,I,<blank>,I,<blank>,0
0,<blank>,0,1769,20,I,<blank>,69,wtrimmer@tsmoviles.com,William,<blank>,<blank>,1,Trimmer Uribe,2017-01-25,I,<blank>,I,I,I,I,<blank>,"$7,001 a $10,000",<blank>,0
0,<blank>,0,1770,<blank>,I,<blank>,93,blanca.romero@sesajal.com,Blanca,<blank>,<blank>,1,Romero,2017-01-31,I,<blank>,I,I,I,I,<blank>,"Menor a $1,500",<blank>,0
0,<blank>,0,1771,<blank>,I,<blank>,95,virgo0268@hotmail.es,EDGAR ALEJANDRO ,<blank>,<blank>,1,OROZCO SOTELO,2017-02-01,I,<blank>,I,I,I,I,<blank>,I,<blank>,0
0,<blank>,0,1772,<blank>,I,<blank>,95,marace23@hotmail.com,Martha Araceli ,<blank>,<blank>,1,Gómez Pérez ,2017-02-01,I,<blank>,I,I,I,I,<blank>,I,<blank>,0
0,<blank>,0,1773,<blank>,I,<blank>,40,iv.nunez@mueblesamerica.mx,IVAN,<blank>,<blank>,1,NUÑEZ,2017-02-02,I,<blank>,I,I,I,Lic. En Derecho Y Ciencias Sociales,<blank>,I,<blank>,0
0,<blank>,0,1774,<blank>,I,<blank>,29,minervagonzalez@belcorp.biz,Berenice ,<blank>,<blank>,1,González,2017-02-03,I,<blank>,I,I,I,I,<blank>,I,<blank>,0
0,<blank>,0,1775,<blank>,I,<blank>,95,desarrollopersonal@dogodelmoral.com.mx,Gerardo Ernesto,<blank>,<blank>,1,Fuentes Perez,2017-02-03,I,<blank>,I,I,I,I,<blank>,I,<blank>,0
0,<blank>,0,1776,<blank>,I,<blank>,80,gustavo.lopez@iirsacero.com.mx,Gustavo ,<blank>,<blank>,1,Lopez hernandez,2017-02-08,I,<blank>,I,I,I,Ing. En Metalurgia Y Materiales,<blank>,I,<blank>,0
0,<blank>,0,1777,<blank>,I,<blank>,69,elbav0720@gmail.com,ELBA,<blank>,<blank>,1,VILLASEÑOR SANTANA,2017-02-09,I,<blank>,I,I,I,I,<blank>,I,<blank>,0
0,<blank>,0,1778,<blank>,I,<blank>,37,degandiagaorta@hotmail.com,Miren Josune ,<blank>,<blank>,1,De Gandiaga Orta,2017-02-16,I,<blank>,I,I,I,Lic. En Contabilidad,<blank>,I,<blank>,1
0,<blank>,0,1779,<blank>,I,<blank>,95,chemicalgdl@iccmchemical.com,Edén ,<blank>,<blank>,1,Ramirez Rivera,2017-02-17,I,<blank>,I,I,I,I,<blank>,I,<blank>,0
0,<blank>,0,1780,<blank>,I,<blank>,19,dulce_santos_@hotmail.com,DULCE ,<blank>,<blank>,1,SANTOS,2017-02-17,I,<blank>,I,I,I,I,<blank>,I,<blank>,0
0,<blank>,0,1781,<blank>,I,<blank>,19,santos.dulcemaria@gmail.com,DULCE,<blank>,<blank>,1,SANTOS,2017-02-17,I,<blank>,I,I,I,I,<blank>,I,<blank>,0
0,<blank>,0,1782,<blank>,I,<blank>,75,santos.dulcemaria@gmail.com,DULCE,<blank>,<blank>,1,SANTOS,2017-02-17,I,<blank>,I,I,I,Ing. Electrico,<blank>,I,<blank>,0
0,<blank>,0,1783,<blank>,I,<blank>,86,rh.leon@comelub.com,Carolina ,<blank>,<blank>,1,Ramirez,2017-02-20,I,<blank>,I,I,I,I,<blank>,I,<blank>,0
0,<blank>,0,1784,<blank>,I,<blank>,37,bufete.fiscal.gdl@gmail.com,Salomon,<blank>,<blank>,1,Pedro,2017-02-21,I,<blank>,I,I,I,Lic. En Contabilidad Y Finanzas,<blank>,I,<blank>,0
0,<blank>,0,1785,<blank>,I,<blank>,82,andres.tejeda@flowgasket.com,ANDRES,<blank>,<blank>,1,TEJEDA,2017-02-22,I,<blank>,I,I,I,Ing. Industrial,<blank>,I,<blank>,0
0,<blank>,0,1786,<blank>,I,<blank>,52,alejndro.zataray@sixt.com.mx,ALEJADRO,<blank>,<blank>,1,ZATARAY,2017-02-27,I,<blank>,I,I,I,Lic. En Turismo,<blank>,I,<blank>,0
0,<blank>,0,1787,<blank>,I,<blank>,70,marianao@speedwagon.com,Mariana,<blank>,<blank>,1,Olivares,2017-02-28,I,<blank>,I,I,I,I,<blank>,I,<blank>,0
0,<blank>,0,1788,<blank>,I,<blank>,36,RECEPCION@MANGOEMEX.COM,Sandra ,<blank>,<blank>,1,Miranda,2017-03-02,I,<blank>,I,I,I,Lic. En Comercio Internacional,<blank>,I,<blank>,0
0,<blank>,0,1789,<blank>,I,<blank>,95,rhcomret@hotmail.com,christian,<blank>,<blank>,1,iñiguez,2017-03-02,I,<blank>,I,I,I,I,<blank>,I,<blank>,0
0,<blank>,0,1790,<blank>,I,<blank>,69,reclutamiento@mrfix.com.mx,Leticia Abigail,<blank>,<blank>,1,Vargas Bernal,2017-03-03,I,<blank>,todojalisco,I,I,Ing. En Ciencias Computacionales,<blank>,I,<blank>,1
0,<blank>,0,1791,<blank>,I,<blank>,29,arodarr@htmail.com,Alejandro,<blank>,<blank>,1,Rodriguez,2017-03-05,I,<blank>,I,I,I,I,<blank>,I,<blank>,0
0,<blank>,0,1792,<blank>,I,<blank>,37,Djardon@traces.cc,Cristina ,<blank>,<blank>,1,Ulloa,2017-03-06,I,<blank>,I,I,I,Lic. En Contabilidad,<blank>,I,<blank>,0
0,<blank>,0,1793,<blank>,I,<blank>,37,credito@etikprint.com.mx,YURIDIA,<blank>,<blank>,1,hernandez,2017-03-09,I,<blank>,I,I,I,Lic. En Contabilidad,<blank>,I,<blank>,0
0,<blank>,0,1794,25,I,<blank>,95,klgarcia@h-h.com.mx,LORENA ,<blank>,<blank>,1,GARCIA,2017-03-15,I,<blank>,I,I,I,I,<blank>,I,<blank>,0
0,<blank>,0,1795,25,I,<blank>,29,g.vazquez@grupoone.com.mx,GETSEMANI,<blank>,<blank>,1,VAZQUEZ,2017-03-16,I,<blank>,metropolitana,I,I,I,<blank>,"$7,001 a $10,000",<blank>,2
0,<blank>,0,1796,35,I,<blank>,95,cotizaciones@tuflemca.com,MAXIMILIANO ,<blank>,<blank>,1,GALAN JAUREGUI,2017-03-16,I,<blank>,metropolitana,I,I,I,<blank>,I,<blank>,1
0,<blank>,0,1797,<blank>,F,<blank>,37,jrobles@stefmary.com,ROSARIO,<blank>,<blank>,1,ROBLES OLIVARES,2017-03-16,I,<blank>,todojalisco,I,I,I,<blank>,"$7,001 a $10,000",<blank>,5
0,<blank>,0,1798,20,F,<blank>,37,jrobles@stefmary.com,ROSARIO,<blank>,<blank>,1,ROBLES OLIVARES,2017-03-16,I,<blank>,todojalisco,I,I,Lic. En Contabilidad,<blank>,"$7,001 a $10,000",<blank>,5
0,<blank>,0,1799,<blank>,I,<blank>,11,rysleon@escarh-busmen.com,María Asunción,<blank>,<blank>,1,Muñoz Ledezma,2017-03-21,I,<blank>,I,I,I,Enfermera General,<blank>,I,<blank>,0
0,<blank>,0,1800,<blank>,I,<blank>,52,recursoshumanos@gtrviajes.com,gladis ,<blank>,<blank>,1,camacho gutierrez,2017-03-21,I,<blank>,I,I,I,Lic. En Turismo,<blank>,I,<blank>,0
0,<blank>,0,1801,<blank>,I,<blank>,95,reclutamiento@secolim.com.mx,PAOLA,<blank>,<blank>,1,PEREZ,2017-03-23,I,<blank>,I,I,I,I,<blank>,I,<blank>,0
0,<blank>,0,1802,<blank>,I,<blank>,95,jjrinconr@gmail.com,Jesus,<blank>,<blank>,1,Rincon,2017-03-27,I,<blank>,I,I,I,I,<blank>,I,<blank>,0
0,<blank>,0,1803,23,I,<blank>,69,naye_huerta@outlook.es,NAYELI LIZETH ,<blank>,<blank>,1,HUERTA SOTO,2017-03-30,I,<blank>,I,I,I,I,<blank>,I,<blank>,0
0,<blank>,0,1804,59,M,<blank>,29,Irapsa@hotmail.com,Javier,<blank>,<blank>,1,Gonzalez ugalde ,2017-04-07,I,<blank>,metropolitana,I,C,Bachelor Of Business Administration,<blank>,"$7,001 a $10,000",<blank>,30
0,<blank>,0,1805,30,M,<blank>,83,rtorres@eis-automation.com,rosa ,<blank>,<blank>,1,torres,2017-04-10,I,<blank>,I,I,I,I,<blank>,I,<blank>,3
0,<blank>,0,1806,<blank>,I,<blank>,37,despachofiscal03@hotmail.com,Mario,<blank>,<blank>,1,Sodi,2017-04-11,I,<blank>,I,I,I,Lic. En Contabilidad,<blank>,I,<blank>,2
0,<blank>,0,1807,<blank>,I,<blank>,11,Mahogany1804@hotmail.com,Luis Fernando ,<blank>,<blank>,1,Maho,2017-04-12,I,<blank>,I,I,I,I,<blank>,I,<blank>,4
0,<blank>,0,1808,<blank>,I,<blank>,29,rayasautos2536@gmail.com,ROGELIO ,<blank>,<blank>,1,RAYAS MORA,2017-04-18,I,<blank>,I,I,I,I,<blank>,I,<blank>,0
0,<blank>,0,1809,<blank>,I,<blank>,95,blindajes_cbo@hotmail.com,ARTURO,<blank>,<blank>,1,FERNANDEZ MOLINA,2017-04-19,I,<blank>,I,I,I,I,<blank>,I,<blank>,0
0,<blank>,0,1810,<blank>,I,<blank>,44,miguel.rh.avicar@gmail.com,Miguel,<blank>,<blank>,1,Bonifacio,2017-04-26,I,<blank>,metropolitana,I,C,TSU. En Ventas,<blank>,"$3,001 a $5,000",<blank>,1
0,<blank>,0,1811,46,F,<blank>,35,lidher@hotmail.com,Lidia,<blank>,<blank>,1,Hernández,2017-05-01,I,<blank>,I,I,U,Lic. En Desarrollo Cultural,<blank>,"$5,001 a $7,000",<blank>,2
0,<blank>,0,1812,25,I,<blank>,29,lvargas@solucion-digital.com.mx,Laura ,<blank>,<blank>,1,vargas,2017-05-09,I,<blank>,metropolitana,I,I,I,<blank>,"$5,001 a $7,000",<blank>,3
0,<blank>,0,1813,<blank>,I,<blank>,<blank>,<blank>,<blank>,<blank>,<blank>,1,<blank>,2017-05-10,<blank>,<blank>,I,<blank>,I,<blank>,<blank>,I,<blank>,0
0,<blank>,0,1814,<blank>,I,<blank>,<blank>,<blank>,<blank>,<blank>,<blank>,1,<blank>,2017-05-13,<blank>,<blank>,I,<blank>,I,<blank>,<blank>,I,<blank>,0
0,<blank>,0,1815,20,M,<blank>,95,rgrenero2016@gmail.com,johana,<blank>,<blank>,1,castañeda,2017-05-16,I,<blank>,metropolitana,I,S,I,<blank>,"Menor a $1,500",<blank>,2
0,<blank>,0,1816,<blank>,I,<blank>,<blank>,<blank>,<blank>,<blank>,<blank>,1,<blank>,2017-05-17,<blank>,<blank>,I,<blank>,I,<blank>,<blank>,I,<blank>,0
0,<blank>,0,1817,<blank>,I,<blank>,95,reclutamiento@latendence.com,MONTSERRAT ,<blank>,<blank>,1,MENDIETA ,2017-05-18,I,<blank>,I,I,I,I,<blank>,I,<blank>,1
0,<blank>,0,1818,18,I,<blank>,60,sonia.ruiz@taorh.mx,Sonia,<blank>,<blank>,1,Ruiz,2017-05-22,I,<blank>,metropolitana,I,I,I,<blank>,I,<blank>,0
0,<blank>,0,1819,25,M,<blank>,95,rh.seguridad.topali@gmail.com,SAMANTA ,<blank>,<blank>,1,MÉNDEZ DÍAZ ,2017-05-25,I,<blank>,todojalisco,I,I,I,<blank>,"$5,001 a $7,000",<blank>,0
0,<blank>,0,1820,<blank>,I,<blank>,19,administracion@mobaseguridad.com,paulina,<blank>,<blank>,1,sandoval,2017-05-26,I,<blank>,I,I,I,I,<blank>,I,<blank>,0
0,<blank>,0,1821,<blank>,I,<blank>,29,MONSE@ODEPA.MX,MONSERRAT,<blank>,<blank>,1,QUIRARTE,2017-05-26,I,<blank>,metropolitana,I,I,I,<blank>,"$5,001 a $7,000",<blank>,1
0,<blank>,0,1822,25,I,<blank>,83,jperezsemi@hotmail.com,Jesus ,<blank>,<blank>,1,Perez Molina,2017-06-05,I,<blank>,I,I,I,I,<blank>,I,<blank>,0
0,<blank>,0,1823,18,I,<blank>,95,karina.navarro@gingroupamores.com,Karina,<blank>,<blank>,1,Navarro Mejia ,2017-06-05,I,<blank>,todojalisco,I,I,I,<blank>,"$5,001 a $7,000",<blank>,1
0,<blank>,0,1824,<blank>,I,<blank>,44,morciz@hotmail.com,MIGUEL,<blank>,<blank>,1,MORA,2017-06-07,I,<blank>,I,I,I,I,<blank>,I,<blank>,0
0,<blank>,0,1825,23,I,<blank>,18,reclutaarmo@gmail.com,FARMACIAS ARMO,<blank>,<blank>,1,DE C.V.,2017-06-09,I,<blank>,todojalisco,I,I,I,<blank>,"$3,001 a $5,000",<blank>,1
0,<blank>,0,1826,45,I,<blank>,95,carmex-th@outlook.com,Atalía,<blank>,<blank>,1,Zavala Garcilazo,2017-06-13,I,<blank>,metropolitana,I,C,I,<blank>,"$7,001 a $10,000",<blank>,3
0,<blank>,0,1827,<blank>,I,<blank>,40,liliana.maganal@gmail.com,Liliana,<blank>,<blank>,1,Magaña,2017-06-13,I,<blank>,todomexico,I,I,I,<blank>,I,<blank>,0
0,<blank>,0,1828,25,I,<blank>,5,royervago@gmail.com,rogelio,<blank>,<blank>,1,gonzalez,2017-06-14,I,<blank>,I,I,I,I,<blank>,I,<blank>,1
0,<blank>,0,1829,20,I,<blank>,46,totis_picosos18@hotmail.com,Mónica Denisse ,<blank>,<blank>,1,Torres Gutierrez ,2017-06-15,I,<blank>,I,I,S,I,<blank>,I,<blank>,0
0,<blank>,0,1830,<blank>,I,<blank>,11,ecardoso.carrillo@gmail.com,ESTEBAN ,<blank>,<blank>,1,CARDOSO CARRILLO,2017-06-16,I,<blank>,restojalisco,I,I,I,<blank>,"$5,001 a $7,000",<blank>,0
0,<blank>,0,1831,35,I,<blank>,52,acorral@viagenza.com,Alejandro,<blank>,<blank>,1,Corral Castro,2017-06-23,I,<blank>,metropolitana,I,I,I,<blank>,"$5,001 a $7,000",<blank>,2
0,<blank>,0,1832,<blank>,I,<blank>,87,maria.chitaa@hotmail.com,Ma Ines,<blank>,<blank>,1,Alanis Tapia,2017-06-23,I,<blank>,I,I,I,Ing. Textil En Acabados,<blank>,I,<blank>,0
0,<blank>,0,1833,<blank>,I,<blank>,29,mmachuca@estrategiagdl.com.mx,MIgue,<blank>,<blank>,1,Machuca,2017-06-25,I,<blank>,I,I,I,I,<blank>,I,<blank>,0
0,<blank>,0,1834,<blank>,I,<blank>,95,administracion@mobaseguridad.com,paulina ,<blank>,<blank>,1,sandoval,2017-06-26,I,<blank>,I,I,I,I,<blank>,I,<blank>,0
0,<blank>,0,1835,<blank>,I,<blank>,95,reclutamientoyvacantes@hotmail.com,sara,<blank>,<blank>,1,m,2017-06-27,I,<blank>,I,I,I,I,<blank>,I,<blank>,0
0,<blank>,0,1836,<blank>,I,<blank>,44,jaso_asesores@ymail.com,JARDON Y ASOCIADOS,<blank>,<blank>,1,SC.,2017-06-29,I,<blank>,I,I,I,TSU. En Ventas,<blank>,I,<blank>,0
0,<blank>,0,1837,<blank>,I,<blank>,<blank>,<blank>,<blank>,<blank>,<blank>,1,<blank>,2017-07-02,<blank>,<blank>,I,<blank>,I,<blank>,<blank>,I,<blank>,0
0,<blank>,0,1838,23,I,<blank>,32,asistente_estrapat@hotmail.com,Fernanda ,<blank>,<blank>,1,Lopez Torres,2017-07-03,I,<blank>,metropolitana,I,I,I,<blank>,"$28,000 en adelante",<blank>,0
0,<blank>,0,1839,22,M,<blank>,29,sergioag@hidroagua.com.mx,Sergio,<blank>,<blank>,1,Aguilera,2017-07-03,I,<blank>,I,I,I,I,<blank>,"$5,001 a $7,000",<blank>,0
0,<blank>,0,1840,<blank>,I,<blank>,37,sol.ascencio@velardesilva.com,Soledad,<blank>,<blank>,1,Ascencio,2017-07-05,I,<blank>,I,I,I,I,<blank>,I,<blank>,0
0,<blank>,0,1841,25,I,<blank>,95,eresendiz@vidimport.com.mx,Sara Esmeralda,<blank>,<blank>,1,Reséndiz Macias,2017-07-13,I,<blank>,I,I,I,I,<blank>,I,<blank>,0
0,<blank>,0,1842,<blank>,I,<blank>,95,talento@humandiversity.com.mx,Julieta,<blank>,<blank>,1,martinez kasten,2017-07-13,I,<blank>,I,I,I,I,<blank>,I,<blank>,0
0,<blank>,0,1843,18,I,<blank>,95,recursoshumanos2612@hotmail.com,Irlanda Karina ,<blank>,<blank>,1,hernandez Castillo ,2017-07-14,I,<blank>,metropolitana,I,I,I,<blank>,I,<blank>,0
0,<blank>,0,1844,18,I,<blank>,95,recursoshumanos2612@hotmail.com,Irlanda Karina ,<blank>,<blank>,1,hernandez Castillo ,2017-07-14,I,<blank>,todojalisco,I,I,I,<blank>,I,<blank>,0
0,<blank>,0,1845,<blank>,I,<blank>,56,retana_bruno@hotmail.com,BRUNO,<blank>,<blank>,1,RETANA,2017-07-17,I,<blank>,I,I,I,Lic. En Docencia De Idiomas,<blank>,I,<blank>,0
0,<blank>,0,1846,25,M,<blank>,51,jose_araujo_buendia@hotmail.com,jose carlos ,<blank>,<blank>,1,araujo buendia,2017-09-21,I,<blank>,todojalisco,I,C,<blank>,<blank>,"$3,001 a $5,000",<blank>,2
0,<blank>,0,1847,25,M,<blank>,51,jose_araujo_buendia@hotmail.com,jose carlos ,<blank>,<blank>,1,araujo buendia,2017-09-21,I,<blank>,todojalisco,I,C,<blank>,<blank>,"$3,001 a $5,000",<blank>,2
0,<blank>,0,1848,20,F,<blank>,29,recursoshacmex@outlook.es,alavaro ,<blank>,<blank>,1,Camacho Hernandez,2017-09-28,I,<blank>,metropolitana,I,I,I,<blank>,"$5,001 a $7,000",<blank>,1
0,<blank>,0,1849,18,I,<blank>,49,gpastrano@manpower.com.mx,Genaro,<blank>,<blank>,1,Pastrano Rodriguez,2017-10-04,I,<blank>,metropolitana,I,I,Lic. En Relaciones Y Negocios Internacionales,<blank>,I,<blank>,1
0,<blank>,0,1850,25,I,<blank>,50,capitalhumano@primernivelseguros.com,ROSA MARIA,<blank>,<blank>,1,GARCIA FERMIN,2017-10-26,I,<blank>,metropolitana,I,I,I,<blank>,"$10,001 a $13,000",<blank>,2
0,<blank>,0,1851,18,I,<blank>,95,RECLUTAMIENTO.GDL@GIFSEGURIDAD.COM.MX,JOSE MANUEL,<blank>,<blank>,1, CAMARENA MEZA,2017-10-31,I,<blank>,I,I,I,I,<blank>,I,<blank>,1
0,<blank>,0,1852,30,F,<blank>,36,sergioag@hidroagua.com.mx,Sergio,<blank>,<blank>,1,Aguilera,2017-11-06,I,<blank>,metropolitana,I,I,Lic. En Comercio Internacional Y Aduanas,<blank>,"$10,001 a $13,000",<blank>,1
0,<blank>,0,1853,23,F,<blank>,29,rh_omnibusyahualica@hotmail.com,OMNIBUS YAHUALICA,<blank>,<blank>,1,GUADALAJARA,2017-11-10,I,<blank>,metropolitana,I,I,I,<blank>,"$1,500 a $3,000",<blank>,1
0,<blank>,0,1854,<blank>,I,<blank>,95,ADMINISTRACION@UNIFRIO.COM.MX,Noemi ,<blank>,<blank>,1,Gonzalez,2017-11-29,I,<blank>,I,I,I,I,<blank>,I,<blank>,1
0,<blank>,0,1855,<blank>,I,<blank>,82,czaragoza@eficienmex.com,Cristina ,<blank>,<blank>,1,Zaragoza ,2017-12-11,I,<blank>,todojalisco,I,I,Ing. Industrial,<blank>,"$5,001 a $7,000",<blank>,0
0,<blank>,0,1856,25,I,<blank>,82,administracion@frutibar.com,ADRIANA,<blank>,<blank>,1,cabello,2018-01-15,I,<blank>,metropolitana,I,C,Ing. Industrial,<blank>,I,<blank>,1
0,<blank>,0,1857,50,I,<blank>,95,susanamedina_@hotmail.com,Rosa Suana,<blank>,<blank>,1,Medina Torres,2018-02-13,I,<blank>,metropolitana,I,I,I,<blank>,"$3,001 a $5,000",<blank>,1
0,<blank>,0,1858,25,I,<blank>,52,lemonikestuccio@gmail.com,monica,<blank>,<blank>,1,A,2018-02-15,I,<blank>,metropolitana,I,I,PA. En Alimentos Y Bebidas,<blank>,"$3,001 a $5,000",<blank>,1
0,<blank>,0,1859,22,M,<blank>,95,rhgdl@metropolimusic.com.mx,Yadira,<blank>,<blank>,1,Flores,2018-04-06,I,<blank>,I,I,I,I,<blank>,"$3,001 a $5,000",<blank>,1
0,<blank>,0,1860,20,M,<blank>,95,c.nunezalcaraz@gmail.com,Carlos,<blank>,<blank>,1,Alcaraz,2018-04-07,I,<blank>,todojalisco,I,I,I,<blank>,"Menor a $1,500",<blank>,1
0,<blank>,0,1861,<blank>,F,<blank>,70,mgodinez@bridegdl.com,Miriam,<blank>,<blank>,1,Godinez Zepeda,2018-04-10,I,<blank>,metropolitana,I,I,I,<blank>,"$7,001 a $10,000",<blank>,1
0,<blank>,0,1862,35,I,<blank>,37,ejemplo@ejemplo.com,José Mario,<blank>,<blank>,1,Cassales Silva,2018-04-26,I,<blank>,metropolitana,I,I,Lic. En Contabilidad,<blank>,"$10,001 a $13,000",<blank>,3
0,<blank>,0,1863,<blank>,F,<blank>,51,reclutamientoescoltas2018@gmail.com,RAFAEL,<blank>,<blank>,1,GAYTAN,2018-05-23,I,<blank>,todojalisco,I,I,I,<blank>,"$20,001 a $24,000",<blank>,3
0,<blank>,0,1864,<blank>,I,<blank>,66,gcvigor@gmail.com,JORGE,<blank>,<blank>,1,V,2018-06-20,I,<blank>,I,I,I,Lic. En Arquitectura,<blank>,"$10,001 a $13,000",<blank>,1
0,<blank>,0,1865,25,I,<blank>,37,fvilchis@vilher.com.mx,Fabiola,<blank>,<blank>,1,Vilchis,2018-07-02,I,<blank>,metropolitana,I,I,Lic. En Contabilidad,<blank>,"$7,001 a $10,000",<blank>,1
0,<blank>,0,1866,50,I,<blank>,70,rh3@motidigital.com,Marcela,<blank>,<blank>,1,Olguin,2018-07-05,I,<blank>,I,I,I,I,<blank>,I,<blank>,1
0,<blank>,0,1867,25,F,<blank>,47,fcalva@gruponabu.com,MARIA FERNANDA ,<blank>,<blank>,1,CALVA HERNANDEZ,2018-07-10,I,<blank>,metropolitana,I,I,I,<blank>,"$7,001 a $10,000",<blank>,1
0,<blank>,0,1868,<blank>,M,<blank>,51,eldaespinoza1979@gmail.com,Elda,<blank>,<blank>,1,Espinoza,2018-09-06,I,<blank>,metropolitana,I,I,I,<blank>,"$5,001 a $7,000",<blank>,1
0,<blank>,0,1869,<blank>,M,<blank>,51,eldaespinoza1979@gmail.com,Elda,<blank>,<blank>,1,Espinoza,2018-09-06,I,<blank>,metropolitana,I,I,I,<blank>,"$5,001 a $7,000",<blank>,1
0,<blank>,0,1870,<blank>,M,<blank>,51,eldaespinoza1979@gmail.com,Elda,<blank>,<blank>,1,Espinoza,2018-09-06,I,<blank>,metropolitana,I,I,I,<blank>,"$5,001 a $7,000",<blank>,1
0,<blank>,0,1871,<blank>,M,<blank>,95,eldaespinoza1979@gmail.com,Elda,<blank>,<blank>,1,Espinoza,2018-09-06,I,<blank>,metropolitana,I,I,I,<blank>,"$5,001 a $7,000",<blank>,1
0,<blank>,0,1872,<blank>,M,<blank>,95,eldaespinoza1979@gmail.com,Elda,<blank>,<blank>,1,Espinoza,2018-09-06,I,<blank>,metropolitana,I,I,I,<blank>,"$5,001 a $7,000",<blank>,1
0,<blank>,0,1873,<blank>,M,<blank>,95,eldaespinoza1979@gmail.com,Elda,<blank>,<blank>,1,Espinoza,2018-09-06,I,<blank>,metropolitana,I,I,I,<blank>,"$5,001 a $7,000",<blank>,1
0,<blank>,0,1874,<blank>,M,<blank>,95,eldaespinoza1979@gmail.com,Elda,<blank>,<blank>,1,Espinoza,2018-09-06,I,<blank>,metropolitana,I,I,I,<blank>,"$5,001 a $7,000",<blank>,1
0,<blank>,0,1875,<blank>,M,<blank>,95,eldaespinoza1979@gmail.com,Elda,<blank>,<blank>,1,Espinoza,2018-09-06,I,<blank>,metropolitana,I,I,I,<blank>,"$5,001 a $7,000",<blank>,1
0,<blank>,0,1876,<blank>,M,<blank>,95,eldaespinoza1979@gmail.com,Elda,<blank>,<blank>,1,Espinoza,2018-09-06,I,<blank>,metropolitana,I,I,I,<blank>,"$5,001 a $7,000",<blank>,1
0,<blank>,0,1877,<blank>,M,<blank>,95,eldaespinoza1979@gmail.com,Elda,<blank>,<blank>,1,Espinoza,2018-09-06,I,<blank>,metropolitana,I,I,I,<blank>,"$5,001 a $7,000",<blank>,1
0,<blank>,0,1878,<blank>,M,<blank>,95,eldaespinoza1979@gmail.com,Elda,<blank>,<blank>,1,Espinoza,2018-09-06,I,<blank>,metropolitana,I,I,I,<blank>,"$5,001 a $7,000",<blank>,1
0,<blank>,0,1879,25,I,<blank>,75,capital.humano@softlution.com.mx,Ana Laura ,<blank>,<blank>,1,Balderas Torres,2018-09-14,I,<blank>,todojalisco,I,I,Ing. Electricista,<blank>,I,<blank>,3
0,<blank>,0,1880,25,I,<blank>,75,capital.humano@softlution.com.mx,Ana Laura ,<blank>,<blank>,1,Balderas Torres,2018-09-14,I,<blank>,todojalisco,I,I,Ing. Electricista,<blank>,I,<blank>,3
0,<blank>,0,1881,25,I,<blank>,75,capital.humano@softlution.com.mx,Ana Laura ,<blank>,<blank>,1,Balderas Torres,2018-09-14,I,<blank>,todojalisco,I,I,Ing. Electricista,<blank>,I,<blank>,3
0,<blank>,0,1882,25,I,<blank>,75,capital.humano@softlution.com.mx,Ana Laura ,<blank>,<blank>,1,Balderas Torres,2018-09-14,I,<blank>,todojalisco,I,I,Ing. Electricista,<blank>,I,<blank>,3
0,<blank>,0,1883,25,I,<blank>,75,capital.humano@softlution.com.mx,Ana Laura ,<blank>,<blank>,1,Balderas Torres,2018-09-14,I,<blank>,todojalisco,I,I,Ing. Electricista,<blank>,I,<blank>,3
0,<blank>,0,1884,25,I,<blank>,75,capital.humano@softlution.com.mx,Ana Laura ,<blank>,<blank>,1,Balderas Torres,2018-09-14,I,<blank>,todojalisco,I,I,Ing. Electricista,<blank>,I,<blank>,2
0,<blank>,0,1885,25,I,<blank>,75,capital.humano@softlution.com.mx,Ana Laura ,<blank>,<blank>,1,Balderas Torres,2018-09-14,I,<blank>,todojalisco,I,I,Ing. Electricista,<blank>,I,<blank>,2
0,<blank>,0,1886,25,I,<blank>,75,capital.humano@softlution.com.mx,Ana Laura ,<blank>,<blank>,1,Balderas Torres,2018-09-14,I,<blank>,todojalisco,I,I,Ing. Electricista,<blank>,I,<blank>,2
0,<blank>,0,1887,25,I,<blank>,75,capital.humano@softlution.com.mx,Ana Laura ,<blank>,<blank>,1,Balderas Torres,2018-09-14,I,<blank>,todojalisco,I,I,Ing. Electricista,<blank>,I,<blank>,2
0,<blank>,0,1888,25,I,<blank>,75,capital.humano@softlution.com.mx,Ana Laura ,<blank>,<blank>,1,Balderas Torres,2018-09-14,I,<blank>,todojalisco,I,I,Ing. Electricista,<blank>,I,<blank>,2
0,<blank>,0,1889,25,I,<blank>,75,capital.humano@softlution.com.mx,Ana Laura ,<blank>,<blank>,1,Balderas Torres,2018-09-14,I,<blank>,todojalisco,I,I,Ing. Electricista,<blank>,I,<blank>,2
0,<blank>,0,1890,25,I,<blank>,75,capital.humano@softlution.com.mx,Ana Laura ,<blank>,<blank>,1,Balderas Torres,2018-09-14,I,<blank>,todojalisco,I,I,Ing. Electricista,<blank>,I,<blank>,2
0,<blank>,0,1891,25,I,<blank>,75,capital.humano@softlution.com.mx,Ana Laura ,<blank>,<blank>,1,Balderas Torres,2018-09-14,I,<blank>,todojalisco,I,I,Ing. Electricista,<blank>,I,<blank>,2
0,<blank>,0,1892,25,I,<blank>,75,capital.humano@softlution.com.mx,Ana Laura ,<blank>,<blank>,1,Balderas Torres,2018-09-14,I,<blank>,todojalisco,I,I,Ing. Electricista,<blank>,I,<blank>,2
0,<blank>,0,1893,25,I,<blank>,75,capital.humano@softlution.com.mx,Ana Laura ,<blank>,<blank>,1,Balderas Torres,2018-09-14,I,<blank>,todojalisco,I,I,Ing. Electricista,<blank>,I,<blank>,2
0,<blank>,0,1894,25,I,<blank>,37,miguel_mayoral@imasa.com.mx,MIGUEL,<blank>,<blank>,1,MAYORAL,2018-09-17,I,<blank>,metropolitana,I,I,Lic. En Contabilidad Y Finanzas,<blank>,"$10,001 a $13,000",<blank>,2
0,<blank>,0,1895,<blank>,I,<blank>,37,miguel_mayoral@imasa.com.mx,MIGUEL,<blank>,<blank>,1,MAYORAL,2018-09-17,I,<blank>,metropolitana,I,I,Lic. En Contabilidad Y Finanzas,<blank>,"$10,001 a $13,000",<blank>,2
0,<blank>,0,1896,<blank>,I,<blank>,37,miguel_mayoral@imasa.com.mx,MIGUEL,<blank>,<blank>,1,MAYORAL,2018-09-17,I,<blank>,metropolitana,I,I,Lic. En Contabilidad Y Finanzas,<blank>,"$10,001 a $13,000",<blank>,2
0,<blank>,0,1897,25,I,<blank>,33,th.reclutamiento.mary@gmail.com,MARIA MARTINA,<blank>,<blank>,1,LOREDO RAMIREZ,2018-10-01,I,<blank>,metropolitana,I,I,I,<blank>,"$10,001 a $13,000",<blank>,2
0,<blank>,0,1898,35,I,<blank>,37,rosy@princalsa.com,rosa maria ,<blank>,<blank>,1,chavarria barbosa,2018-10-03,I,<blank>,metropolitana,I,I,Lic. En Contabilidad,<blank>,I,<blank>,6
0,<blank>,0,1899,35,I,<blank>,37,rosy@princalsa.com,rosa maria ,<blank>,<blank>,1,chavarria barbosa,2018-10-03,I,<blank>,metropolitana,I,I,Lic. En Contabilidad,<blank>,I,<blank>,6
0,<blank>,0,1900,35,I,<blank>,37,rosy@princalsa.com,rosa maria ,<blank>,<blank>,1,chavarria barbosa,2018-10-03,I,<blank>,metropolitana,I,I,Lic. En Contabilidad,<blank>,I,<blank>,6
0,<blank>,0,1901,35,I,<blank>,37,rosy@princalsa.com,ROSA MARIA,<blank>,<blank>,1,CHAVARRIA ,2018-10-03,I,<blank>,metropolitana,I,I,Lic. En Contabilidad,<blank>,"$10,001 a $13,000",<blank>,5
0,<blank>,0,1902,35,I,<blank>,37,rosy@princalsa.com,ROSA MARIA,<blank>,<blank>,1,CHAVARRIA ,2018-10-03,I,<blank>,metropolitana,I,I,Lic. En Contabilidad,<blank>,"$10,001 a $13,000",<blank>,5
0,<blank>,0,1903,35,I,<blank>,37,rosy@princalsa.com,ROSA MARIA,<blank>,<blank>,1,CHAVARRIA ,2018-10-03,I,<blank>,metropolitana,I,I,Lic. En Contabilidad,<blank>,"$10,001 a $13,000",<blank>,5
0,<blank>,0,1904,35,I,<blank>,37,rosy@princalsa.com,ROSA MARIA,<blank>,<blank>,1,CHAVARRIA ,2018-10-03,I,<blank>,metropolitana,I,I,Lic. En Contabilidad,<blank>,"$10,001 a $13,000",<blank>,5
0,<blank>,0,1905,35,I,<blank>,37,rosy@princalsa.com,ROSA MARIA,<blank>,<blank>,1,CHAVARRIA ,2018-10-03,I,<blank>,metropolitana,I,I,Lic. En Contabilidad,<blank>,"$10,001 a $13,000",<blank>,5
0,<blank>,0,1906,35,I,<blank>,37,rosy@princalsa.com,ROSA MARIA,<blank>,<blank>,1,CHAVARRIA ,2018-10-03,I,<blank>,metropolitana,I,I,Lic. En Contabilidad,<blank>,"$10,001 a $13,000",<blank>,5
0,<blank>,0,1907,35,I,<blank>,37,rosy@princalsa.com,ROSA MARIA,<blank>,<blank>,1,CHAVARRIA ,2018-10-03,I,<blank>,metropolitana,I,I,Lic. En Contabilidad,<blank>,"$10,001 a $13,000",<blank>,5
0,<blank>,0,1908,27,M,<blank>,52,jairo_antillon90@hotmail.com,Jairo Gabriel ,<blank>,<blank>,1,Antillon Davila,2018-10-08,I,<blank>,todojalisco,I,S,Lic. En Turismo Sustentable,<blank>,"$1,500 a $3,000",<blank>,5
0,<blank>,0,1909,27,M,<blank>,52,jairo_antillon90@hotmail.com,Jairo Gabriel ,<blank>,<blank>,1,Antillon Davila,2018-10-08,I,<blank>,todojalisco,I,S,Lic. En Turismo Sustentable,<blank>,"$1,500 a $3,000",<blank>,5
0,<blank>,0,1910,27,M,<blank>,52,jairo_antillon90@hotmail.com,Jairo Gabriel ,<blank>,<blank>,1,Antillon Davila,2018-10-08,I,<blank>,todojalisco,I,S,Lic. En Turismo Sustentable,<blank>,"$1,500 a $3,000",<blank>,5
0,<blank>,0,1911,27,M,<blank>,52,jairo_antillon90@hotmail.com,Jairo Gabriel ,<blank>,<blank>,1,Antillon Davila,2018-10-08,I,<blank>,todojalisco,I,S,Lic. En Turismo Sustentable,<blank>,"$1,500 a $3,000",<blank>,5
0,<blank>,0,1912,<blank>,I,<blank>,29,nancyarkideck@gmail.com,Nancy ,<blank>,<blank>,1,Lagunes,2018-11-15,I,<blank>,todojalisco,I,I,Bachelor Of Business Administration,<blank>,"$5,001 a $7,000",<blank>,1
0,<blank>,0,1913,<blank>,I,<blank>,29,nancyarkideck@gmail.com,Nancy ,<blank>,<blank>,1,Lagunes,2018-11-15,I,<blank>,todojalisco,I,I,Bachelor Of Business Administration,<blank>,"$5,001 a $7,000",<blank>,1
0,<blank>,0,1914,<blank>,I,<blank>,29,nancyarkideck@gmail.com,Nancy ,<blank>,<blank>,1,Lagunes,2018-11-15,I,<blank>,todojalisco,I,I,Bachelor Of Business Administration,<blank>,"$5,001 a $7,000",<blank>,1
0,<blank>,0,1915,<blank>,I,<blank>,29,nancyarkideck@gmail.com,Nancy ,<blank>,<blank>,1,Lagunes,2018-11-15,I,<blank>,todojalisco,I,I,Bachelor Of Business Administration,<blank>,"$5,001 a $7,000",<blank>,1
0,<blank>,0,1916,<blank>,I,<blank>,29,nancyarkideck@gmail.com,Nancy ,<blank>,<blank>,1,Lagunes,2018-11-15,I,<blank>,todojalisco,I,I,Bachelor Of Business Administration,<blank>,"$5,001 a $7,000",<blank>,1
0,<blank>,0,1917,<blank>,I,<blank>,29,nancyarkideck@gmail.com,Nancy ,<blank>,<blank>,1,Lagunes,2018-11-15,I,<blank>,todojalisco,I,I,Bachelor Of Business Administration,<blank>,"$5,001 a $7,000",<blank>,1
0,<blank>,0,1918,<blank>,I,<blank>,37,rh@alcozap.com,ELIZABETH,<blank>,<blank>,1,PORTUGAL,2018-12-07,I,<blank>,metropolitana,I,S,Lic. En Contabilidad,<blank>,"$7,001 a $10,000",<blank>,1
0,<blank>,0,1919,<blank>,I,<blank>,37,rh@alcozap.com,ELIZABETH,<blank>,<blank>,1,PORTUGAL,2018-12-07,I,<blank>,metropolitana,I,S,Lic. En Contabilidad,<blank>,"$7,001 a $10,000",<blank>,1
0,<blank>,0,1920,<blank>,I,<blank>,37,rh@alcozap.com,ELIZABETH,<blank>,<blank>,1,PORTUGAL,2018-12-07,I,<blank>,metropolitana,I,S,Lic. En Contabilidad,<blank>,"$7,001 a $10,000",<blank>,1
0,<blank>,0,1921,<blank>,I,<blank>,47,m.gutierrez@serpatc.com,Fernanda,<blank>,<blank>,1,Gutierrez,2019-03-27,I,<blank>,I,I,I,Lic. En Sistemas Comerciales Y Administrativas,<blank>,I,<blank>,1
0,<blank>,0,1922,<blank>,I,<blank>,47,m.gutierrez@serpatc.com,Fernanda,<blank>,<blank>,1,Gutierrez,2019-03-27,I,<blank>,I,I,I,Lic. En Sistemas Comerciales Y Administrativas,<blank>,I,<blank>,1
0,<blank>,0,1923,<blank>,I,<blank>,47,m.gutierrez@serpatc.com,Fernanda,<blank>,<blank>,1,Gutierrez,2019-03-27,I,<blank>,I,I,I,Lic. En Sistemas Comerciales Y Administrativas,<blank>,I,<blank>,1
0,<blank>,0,1924,<blank>,I,<blank>,47,m.gutierrez@serpatc.com,Fernanda,<blank>,<blank>,1,Gutierrez,2019-03-27,I,<blank>,I,I,I,Lic. En Sistemas Comerciales Y Administrativas,<blank>,I,<blank>,1
0,<blank>,0,1925,<blank>,I,<blank>,47,m.gutierrez@serpatc.com,Fernanda,<blank>,<blank>,1,Gutierrez,2019-03-27,I,<blank>,I,I,I,Lic. En Sistemas Comerciales Y Administrativas,<blank>,I,<blank>,1
0,<blank>,0,1926,<blank>,I,<blank>,47,m.gutierrez@serpatc.com,Fernanda,<blank>,<blank>,1,Gutierrez,2019-03-27,I,<blank>,I,I,I,Lic. En Sistemas Comerciales Y Administrativas,<blank>,I,<blank>,1
0,<blank>,0,1927,<blank>,I,<blank>,47,m.gutierrez@serpatc.com,Fernanda,<blank>,<blank>,1,Gutierrez,2019-03-27,I,<blank>,I,I,I,Lic. En Sistemas Comerciales Y Administrativas,<blank>,I,<blank>,1
0,<blank>,0,1928,<blank>,I,<blank>,47,m.gutierrez@serpatc.com,Fernanda,<blank>,<blank>,1,Gutierrez,2019-03-27,I,<blank>,I,I,I,Lic. En Sistemas Comerciales Y Administrativas,<blank>,I,<blank>,1
0,<blank>,0,1929,<blank>,I,<blank>,47,m.gutierrez@serpatc.com,Fernanda,<blank>,<blank>,1,Gutierrez,2019-03-27,I,<blank>,I,I,I,Lic. En Sistemas Comerciales Y Administrativas,<blank>,I,<blank>,1
0,<blank>,0,1930,<blank>,I,<blank>,47,m.gutierrez@serpatc.com,Fernanda,<blank>,<blank>,1,Gutierrez,2019-03-27,I,<blank>,I,I,I,Lic. En Sistemas Comerciales Y Administrativas,<blank>,I,<blank>,1
0,<blank>,0,1931,<blank>,I,<blank>,47,m.gutierrez@serpatc.com,Fernanda,<blank>,<blank>,1,Gutierrez,2019-03-27,I,<blank>,I,I,I,Lic. En Sistemas Comerciales Y Administrativas,<blank>,I,<blank>,1
0,<blank>,0,1932,<blank>,I,<blank>,47,m.gutierrez@serpatc.com,Fernanda,<blank>,<blank>,1,Gutierrez,2019-03-27,I,<blank>,I,I,I,Lic. En Sistemas Comerciales Y Administrativas,<blank>,I,<blank>,1
0,<blank>,0,1933,<blank>,I,<blank>,47,m.gutierrez@serpatc.com,Fernanda,<blank>,<blank>,1,Gutierrez,2019-03-27,I,<blank>,I,I,I,Lic. En Sistemas Comerciales Y Administrativas,<blank>,I,<blank>,1
0,<blank>,0,1934,<blank>,I,<blank>,47,m.gutierrez@serpatc.com,Fernanda,<blank>,<blank>,1,Gutierrez,2019-03-27,I,<blank>,I,I,I,Lic. En Sistemas Comerciales Y Administrativas,<blank>,I,<blank>,1
0,<blank>,0,1935,<blank>,I,<blank>,37,gerardomartinezperez14@gmail.com,gerardo,<blank>,<blank>,1,martinez perez,2019-04-01,I,<blank>,metropolitana,I,D,I,<blank>,"$5,001 a $7,000",<blank>,3
0,<blank>,0,1936,<blank>,I,<blank>,37,gerardomartinezperez14@gmail.com,gerardo,<blank>,<blank>,1,martinez perez,2019-04-01,I,<blank>,metropolitana,I,D,I,<blank>,"$5,001 a $7,000",<blank>,3
0,<blank>,0,1937,<blank>,I,<blank>,37,gerardomartinezperez14@gmail.com,gerardo,<blank>,<blank>,1,martinez perez,2019-04-01,I,<blank>,metropolitana,I,D,I,<blank>,"$5,001 a $7,000",<blank>,3
0,<blank>,0,1938,<blank>,F,<blank>,95,cesarivan39@yahoo.com.mx,CESAR IVAN,<blank>,<blank>,1,HIGAREDA DE SALES,2019-04-03,I,<blank>,metropolitana,I,I,I,<blank>,"$3,001 a $5,000",<blank>,1
0,<blank>,0,1939,<blank>,F,<blank>,95,cesarivan39@yahoo.com.mx,CESAR IVAN,<blank>,<blank>,1,HIGAREDA DE SALES,2019-04-03,I,<blank>,metropolitana,I,I,I,<blank>,"$3,001 a $5,000",<blank>,1
0,<blank>,0,1940,<blank>,F,<blank>,95,cesarivan39@yahoo.com.mx,CESAR IVAN,<blank>,<blank>,1,HIGAREDA DE SALES,2019-04-03,I,<blank>,metropolitana,I,I,I,<blank>,"$3,001 a $5,000",<blank>,1
0,<blank>,0,1941,<blank>,F,<blank>,95,cesarivan39@yahoo.com.mx,CESAR IVAN,<blank>,<blank>,1,HIGAREDA DE SALES,2019-04-03,I,<blank>,metropolitana,I,I,I,<blank>,"$3,001 a $5,000",<blank>,1
0,<blank>,0,1942,<blank>,F,<blank>,95,cesarivan39@yahoo.com.mx,CESAR IVAN,<blank>,<blank>,1,HIGAREDA DE SALES,2019-04-03,I,<blank>,metropolitana,I,I,I,<blank>,"$3,001 a $5,000",<blank>,1
0,<blank>,0,1943,<blank>,M,<blank>,95,gugarciahuman@hotmail.co,GUADALUPE ,<blank>,<blank>,1,GARCIA ROJAS ,2019-05-11,I,<blank>,I,I,I,I,<blank>,I,<blank>,3
0,<blank>,0,1944,<blank>,M,<blank>,95,gugarciahuman@hotmail.co,GUADALUPE ,<blank>,<blank>,1,GARCIA ROJAS ,2019-05-11,I,<blank>,I,I,I,I,<blank>,I,<blank>,3
0,<blank>,0,1945,25,I,<blank>,62,roberto@mhlemus.com,Roberto,<blank>,<blank>,1,Zárate Reynoso,2019-05-20,I,<blank>,I,I,I,I,<blank>,I,<blank>,3
0,<blank>,0,1946,25,I,<blank>,62,roberto@mhlemus.com,Roberto,<blank>,<blank>,1,Zárate Reynoso,2019-05-20,I,<blank>,I,I,I,I,<blank>,I,<blank>,3
0,<blank>,0,1947,25,I,<blank>,62,roberto@mhlemus.com,Roberto,<blank>,<blank>,1,Zárate Reynoso,2019-05-20,I,<blank>,I,I,I,I,<blank>,I,<blank>,3
0,<blank>,0,1948,25,I,<blank>,62,roberto@mhlemus.com,Roberto,<blank>,<blank>,1,Zárate Reynoso,2019-05-20,I,<blank>,I,I,I,I,<blank>,I,<blank>,3
0,<blank>,0,1949,25,I,<blank>,62,roberto@mhlemus.com,Roberto,<blank>,<blank>,1,Zárate Reynoso,2019-05-20,I,<blank>,I,I,I,I,<blank>,I,<blank>,3
0,<blank>,0,1950,25,M,<blank>,62,roberto@mhlemus.com,Roberto,<blank>,<blank>,1,Zarate Reynoso,2019-05-20,I,<blank>,I,I,I,I,<blank>,I,<blank>,3
0,<blank>,0,1951,25,M,<blank>,62,roberto@mhlemus.com,Roberto,<blank>,<blank>,1,Zarate Reynoso,2019-05-20,I,<blank>,I,I,I,I,<blank>,I,<blank>,3
0,<blank>,0,1952,25,M,<blank>,62,roberto@mhlemus.com,Roberto,<blank>,<blank>,1,Zarate Reynoso,2019-05-20,I,<blank>,I,I,I,I,<blank>,I,<blank>,3
0,<blank>,0,1953,25,M,<blank>,95,auditoria@mejor.com.mx,Jorge,<blank>,<blank>,1,Covarrubias,2019-05-22,I,<blank>,metropolitana,I,C,I,<blank>,"$5,001 a $7,000",<blank>,1
0,<blank>,0,1954,25,M,<blank>,95,auditoria@mejor.com.mx,Jorge,<blank>,<blank>,1,Covarrubias,2019-05-22,I,<blank>,metropolitana,I,C,I,<blank>,"$5,001 a $7,000",<blank>,1
0,<blank>,0,1955,25,M,<blank>,95,auditoria@mejor.com.mx,Jorge,<blank>,<blank>,1,Covarrubias,2019-05-22,I,<blank>,metropolitana,I,C,I,<blank>,"$5,001 a $7,000",<blank>,1
0,<blank>,0,1956,25,M,<blank>,95,auditoria@mejor.com.mx,Jorge,<blank>,<blank>,1,Covarrubias,2019-05-22,I,<blank>,metropolitana,I,C,I,<blank>,"$5,001 a $7,000",<blank>,1
0,<blank>,0,1957,18,I,<blank>,95,rhcorporativo@jgclean.com.mx,ADRIANA ,<blank>,<blank>,1,SANTIAGO HERNANDEZ,2019-06-04,I,<blank>,metropolitana,I,I,I,<blank>,"$3,001 a $5,000",<blank>,1
0,<blank>,0,1958,50,I,<blank>,95,rhcorporativo@jgclean.com.mx,ADRIANA ,<blank>,<blank>,1,SANTIAGO HERNANDEZ,2019-06-04,I,<blank>,metropolitana,I,I,I,<blank>,"$3,001 a $5,000",<blank>,1
0,<blank>,0,1959,50,I,<blank>,95,rhcorporativo@jgclean.com.mx,ADRIANA ,<blank>,<blank>,1,SANTIAGO HERNANDEZ,2019-06-04,I,<blank>,metropolitana,I,I,I,<blank>,"$3,001 a $5,000",<blank>,1
0,<blank>,0,1960,50,I,<blank>,95,rhcorporativo@jgclean.com.mx,ADRIANA ,<blank>,<blank>,1,SANTIAGO HERNANDEZ,2019-06-04,I,<blank>,metropolitana,I,I,I,<blank>,"$3,001 a $5,000",<blank>,1
0,<blank>,0,1961,50,I,<blank>,95,rhcorporativo@jgclean.com.mx,ADRIANA ,<blank>,<blank>,1,SANTIAGO HERNANDEZ,2019-06-04,I,<blank>,metropolitana,I,I,I,<blank>,"$3,001 a $5,000",<blank>,1
0,<blank>,0,1962,50,I,<blank>,95,rhcorporativo@jgclean.com.mx,ADRIANA ,<blank>,<blank>,1,SANTIAGO HERNANDEZ,2019-06-04,I,<blank>,metropolitana,I,I,I,<blank>,"$3,001 a $5,000",<blank>,1
0,<blank>,0,1963,50,I,<blank>,95,rhcorporativo@jgclean.com.mx,ADRIANA ,<blank>,<blank>,1,SANTIAGO HERNANDEZ,2019-06-04,I,<blank>,metropolitana,I,I,I,<blank>,"$3,001 a $5,000",<blank>,1
0,<blank>,0,1964,50,I,<blank>,95,rhcorporativo@jgclean.com.mx,ADRIANA ,<blank>,<blank>,1,SANTIAGO HERNANDEZ,2019-06-04,I,<blank>,metropolitana,I,I,I,<blank>,"$3,001 a $5,000",<blank>,1
0,<blank>,0,1965,50,I,<blank>,95,rhcorporativo@jgclean.com.mx,ADRIANA ,<blank>,<blank>,1,SANTIAGO HERNANDEZ,2019-06-04,I,<blank>,metropolitana,I,I,I,<blank>,"$3,001 a $5,000",<blank>,1
0,<blank>,0,1966,50,I,<blank>,95,rhcorporativo@jgclean.com.mx,ADRIANA ,<blank>,<blank>,1,SANTIAGO HERNANDEZ,2019-06-04,I,<blank>,metropolitana,I,I,I,<blank>,"$3,001 a $5,000",<blank>,1
0,<blank>,0,1967,28,I,<blank>,95,vmartinez@jgclean.com.mx,Violeta,<blank>,<blank>,1,Martinez Gomez,2019-06-04,I,<blank>,metropolitana,I,I,I,<blank>,"$3,001 a $5,000",<blank>,1
0,<blank>,0,1968,<blank>,I,<blank>,95,vmartinez@jgclean.com.mx,Violeta,<blank>,<blank>,1,Martinez Gomez,2019-06-04,I,<blank>,metropolitana,I,I,I,<blank>,"$3,001 a $5,000",<blank>,1
0,<blank>,0,1969,26,F,<blank>,29,vanessachavez36@hotmail.com,vanessa,<blank>,<blank>,1,chavez,2019-06-19,I,<blank>,metropolitana,I,S,I,<blank>,"$10,001 a $13,000",<blank>,3
0,<blank>,0,1970,26,F,<blank>,29,vanessachavez36@hotmail.com,vanessa,<blank>,<blank>,1,chavez,2019-06-19,I,<blank>,metropolitana,I,S,I,<blank>,"$10,001 a $13,000",<blank>,3
0,<blank>,0,1971,26,F,<blank>,29,vanessachavez36@hotmail.com,vanessa,<blank>,<blank>,1,chavez,2019-06-19,I,<blank>,metropolitana,I,S,I,<blank>,"$10,001 a $13,000",<blank>,3
0,<blank>,0,1972,26,F,<blank>,29,vanessachavez36@hotmail.com,vanessa,<blank>,<blank>,1,chavez,2019-06-19,I,<blank>,metropolitana,I,S,I,<blank>,"$10,001 a $13,000",<blank>,3
0,<blank>,0,1973,26,F,<blank>,29,vanessachavez36@hotmail.com,vanessa,<blank>,<blank>,1,chavez,2019-06-19,I,<blank>,metropolitana,I,S,I,<blank>,"$10,001 a $13,000",<blank>,3
0,<blank>,0,1974,26,F,<blank>,29,vanessachavez36@hotmail.com,vanessa,<blank>,<blank>,1,chavez,2019-06-19,I,<blank>,metropolitana,I,S,I,<blank>,"$10,001 a $13,000",<blank>,3
0,<blank>,0,1975,26,F,<blank>,29,vanessachavez36@hotmail.com,vanessa,<blank>,<blank>,1,chavez,2019-06-19,I,<blank>,metropolitana,I,S,I,<blank>,"$10,001 a $13,000",<blank>,3
0,<blank>,0,1976,26,F,<blank>,29,vanessachavez36@hotmail.com,vanessa,<blank>,<blank>,1,chavez,2019-06-19,I,<blank>,metropolitana,I,S,I,<blank>,"$10,001 a $13,000",<blank>,3
0,<blank>,0,1977,26,F,<blank>,29,vanessachavez36@hotmail.com,vanessa,<blank>,<blank>,1,chavez,2019-06-19,I,<blank>,metropolitana,I,S,I,<blank>,"$10,001 a $13,000",<blank>,3
0,<blank>,0,1978,35,M,<blank>,44,cgaviria@sencolatinamerica.com,CAROLINA,<blank>,<blank>,1,GAVIRIA MORALES,2019-07-11,I,<blank>,metropolitana,I,I,I,<blank>,"$10,001 a $13,000",<blank>,2
0,<blank>,0,1979,35,M,<blank>,44,cgaviria@sencolatinamerica.com,CAROLINA,<blank>,<blank>,1,GAVIRIA MORALES,2019-07-11,I,<blank>,metropolitana,I,I,I,<blank>,"$10,001 a $13,000",<blank>,2
0,<blank>,0,1980,35,M,<blank>,44,cgaviria@sencolatinamerica.com,CAROLINA,<blank>,<blank>,1,GAVIRIA MORALES,2019-07-11,I,<blank>,metropolitana,I,I,I,<blank>,"$10,001 a $13,000",<blank>,2
0,<blank>,0,1981,35,M,<blank>,44,cgaviria@sencolatinamerica.com,CAROLINA,<blank>,<blank>,1,GAVIRIA MORALES,2019-07-11,I,<blank>,metropolitana,I,I,I,<blank>,"$10,001 a $13,000",<blank>,2
0,<blank>,0,1982,35,M,<blank>,44,cgaviria@sencolatinamerica.com,CAROLINA,<blank>,<blank>,1,GAVIRIA MORALES,2019-07-11,I,<blank>,metropolitana,I,I,I,<blank>,"$10,001 a $13,000",<blank>,2
0,<blank>,0,1983,42,M,<blank>,40,luiscoronau@hotmail.com,jose luis,<blank>,<blank>,1,corona ulloa,2019-08-02,I,<blank>,metropolitana,I,C,Abogado,<blank>,"$7,001 a $10,000",<blank>,5
0,<blank>,0,1984,42,M,<blank>,40,luiscoronau@hotmail.com,jose luis,<blank>,<blank>,1,corona ulloa,2019-08-02,I,<blank>,metropolitana,I,C,Abogado,<blank>,"$7,001 a $10,000",<blank>,5
0,<blank>,0,1985,42,M,<blank>,40,luiscoronau@hotmail.com,jose luis,<blank>,<blank>,1,corona ulloa,2019-08-02,I,<blank>,metropolitana,I,C,Abogado,<blank>,"$7,001 a $10,000",<blank>,5
0,<blank>,0,1986,25,I,<blank>,29,marcela.barajas@cedijal.com.mx,Marcela ,<blank>,<blank>,1,Barajas,2019-08-22,I,<blank>,todojalisco,I,I,I,<blank>,"$3,001 a $5,000",<blank>,1
0,<blank>,0,1987,25,I,<blank>,29,marcela.barajas@cedijal.com.mx,Marcela ,<blank>,<blank>,1,Barajas,2019-08-22,I,<blank>,todojalisco,I,I,I,<blank>,"$3,001 a $5,000",<blank>,1
0,<blank>,0,1988,25,I,<blank>,29,marcela.barajas@cedijal.com.mx,Marcela ,<blank>,<blank>,1,Barajas,2019-08-22,I,<blank>,todojalisco,I,I,I,<blank>,"$3,001 a $5,000",<blank>,1
0,<blank>,0,1989,25,I,<blank>,29,marcela.barajas@cedijal.com.mx,Marcela ,<blank>,<blank>,1,Barajas,2019-08-22,I,<blank>,todojalisco,I,I,I,<blank>,"$3,001 a $5,000",<blank>,1
0,<blank>,0,1990,25,I,<blank>,29,marcela.barajas@cedijal.com.mx,Marcela ,<blank>,<blank>,1,Barajas,2019-08-22,I,<blank>,todojalisco,I,I,I,<blank>,"$3,001 a $5,000",<blank>,1
0,<blank>,0,1991,25,I,<blank>,29,marcela.barajas@cedijal.com.mx,Marcela ,<blank>,<blank>,1,Barajas,2019-08-22,I,<blank>,todojalisco,I,I,I,<blank>,"$3,001 a $5,000",<blank>,1
0,<blank>,0,1992,25,I,<blank>,29,marcela.barajas@cedijal.com.mx,Marcela ,<blank>,<blank>,1,Barajas,2019-08-22,I,<blank>,todojalisco,I,I,I,<blank>,"$3,001 a $5,000",<blank>,1
0,<blank>,0,1993,25,I,<blank>,29,marcela.barajas@cedijal.com.mx,Marcela ,<blank>,<blank>,1,Barajas,2019-08-22,I,<blank>,todojalisco,I,I,I,<blank>,"$3,001 a $5,000",<blank>,1
0,<blank>,0,1994,25,I,<blank>,29,marcela.barajas@cedijal.com.mx,Marcela ,<blank>,<blank>,1,Barajas,2019-08-22,I,<blank>,todojalisco,I,I,I,<blank>,"$3,001 a $5,000",<blank>,1
0,<blank>,0,1995,25,I,<blank>,29,marcela.barajas@credijal.com.mx,Marcela ,<blank>,<blank>,1,Barajas,2019-08-22,I,<blank>,todojalisco,I,I,I,<blank>,"$3,001 a $5,000",<blank>,1
0,<blank>,0,1996,25,I,<blank>,29,marcela.barajas@credijal.com.mx,Marcela ,<blank>,<blank>,1,Barajas,2019-08-22,I,<blank>,todojalisco,I,I,I,<blank>,"$3,001 a $5,000",<blank>,1
0,<blank>,0,1997,25,I,<blank>,29,marcela.barajas@credijal.com.mx,Marcela ,<blank>,<blank>,1,Barajas,2019-08-22,I,<blank>,todojalisco,I,I,I,<blank>,"$3,001 a $5,000",<blank>,1
0,<blank>,0,1998,25,I,<blank>,29,marcela.barajas@credijal.com.mx,Marcela ,<blank>,<blank>,1,Barajas,2019-08-22,I,<blank>,todojalisco,I,I,I,<blank>,"$3,001 a $5,000",<blank>,1
0,<blank>,0,1999,25,I,<blank>,29,marcela.barajas@credijal.com.mx,Marcela ,<blank>,<blank>,1,Barajas,2019-08-22,I,<blank>,todojalisco,I,I,I,<blank>,"$3,001 a $5,000",<blank>,1
0,<blank>,0,2000,25,I,<blank>,29,marcela.barajas@credijal.com.mx,Marcela ,<blank>,<blank>,1,Barajas,2019-08-22,I,<blank>,todojalisco,I,I,I,<blank>,"$3,001 a $5,000",<blank>,1
0,<blank>,0,2001,25,I,<blank>,29,marcela.barajas@credijal.com.mx,Marcela ,<blank>,<blank>,1,Barajas,2019-08-22,I,<blank>,todojalisco,I,I,I,<blank>,"$3,001 a $5,000",<blank>,1
0,<blank>,0,2002,25,I,<blank>,29,marcela.barajas@credijal.com.mx,Marcela ,<blank>,<blank>,1,Barajas,2019-08-22,I,<blank>,todojalisco,I,I,I,<blank>,"$3,001 a $5,000",<blank>,1
0,<blank>,0,2003,29,I,<blank>,95,belenmartinezcolokt@outlook.com,BELEN ,<blank>,<blank>,1,MARTINEZ,2019-08-27,I,<blank>,metropolitana,I,I,I,<blank>,"$1,500 a $3,000",<blank>,1
0,<blank>,0,2004,29,I,<blank>,95,belenmartinezcolokt@outlook.com,BELEN ,<blank>,<blank>,1,MARTINEZ,2019-08-27,I,<blank>,metropolitana,I,I,I,<blank>,"$1,500 a $3,000",<blank>,1
0,<blank>,0,2005,29,I,<blank>,95,belenmartinezcolokt@outlook.com,BELEN ,<blank>,<blank>,1,MARTINEZ,2019-08-27,I,<blank>,metropolitana,I,I,I,<blank>,"$1,500 a $3,000",<blank>,1
0,<blank>,0,2006,29,I,<blank>,95,belenmartinezcolokt@outlook.com,BELEN ,<blank>,<blank>,1,MARTINEZ,2019-08-27,I,<blank>,metropolitana,I,I,I,<blank>,"$1,500 a $3,000",<blank>,1
0,<blank>,0,2007,29,I,<blank>,95,belenmartinezcolokt@outlook.com,BELEN ,<blank>,<blank>,1,MARTINEZ,2019-08-27,I,<blank>,metropolitana,I,I,I,<blank>,"$1,500 a $3,000",<blank>,1
0,<blank>,0,2008,29,I,<blank>,95,belenmartinezcolokt@outlook.com,BELEN ,<blank>,<blank>,1,MARTINEZ,2019-08-27,I,<blank>,metropolitana,I,I,I,<blank>,"$1,500 a $3,000",<blank>,1
0,<blank>,0,2009,29,I,<blank>,95,belenmartinezcolokt@outlook.com,BELEN ,<blank>,<blank>,1,MARTINEZ,2019-08-27,I,<blank>,metropolitana,I,I,I,<blank>,"$1,500 a $3,000",<blank>,1
0,<blank>,0,2010,29,I,<blank>,32,belenmartinezcolokt@outlook.com,BELEN,<blank>,<blank>,1,MARTINEZ ,2019-08-27,I,<blank>,metropolitana,I,I,I,<blank>,"$1,500 a $3,000",<blank>,1
0,<blank>,0,2011,29,I,<blank>,32,belenmartinezcolokt@outlook.com,BELEN,<blank>,<blank>,1,MARTINEZ ,2019-08-27,I,<blank>,metropolitana,I,I,I,<blank>,"$1,500 a $3,000",<blank>,1
0,<blank>,0,2012,29,I,<blank>,32,belenmartinezcolokt@outlook.com,BELEN,<blank>,<blank>,1,MARTINEZ ,2019-08-27,I,<blank>,metropolitana,I,I,I,<blank>,"$1,500 a $3,000",<blank>,1
0,<blank>,0,2013,29,I,<blank>,32,belenmartinezcolokt@outlook.com,BELEN,<blank>,<blank>,1,MARTINEZ ,2019-08-27,I,<blank>,metropolitana,I,I,I,<blank>,"$1,500 a $3,000",<blank>,1
0,<blank>,0,2014,29,I,<blank>,32,recursoshumanoscolokt@hotmail.com,BELEN,<blank>,<blank>,1,MARTINEZ ,2019-08-27,I,<blank>,metropolitana,I,I,I,<blank>,"$5,001 a $7,000",<blank>,1
0,<blank>,0,2015,29,I,<blank>,32,recursoshumanoscolokt@hotmail.com,BELEN,<blank>,<blank>,1,MARTINEZ ,2019-08-27,I,<blank>,metropolitana,I,I,I,<blank>,"$5,001 a $7,000",<blank>,1
0,<blank>,0,2016,25,I,<blank>,47,marcela.barajas@credijal.com.mx,Marcela ,<blank>,<blank>,1,Barajas,2019-09-09,I,<blank>,metropolitana,I,I,I,<blank>,"$7,001 a $10,000",<blank>,1
0,<blank>,0,2017,25,I,<blank>,47,marcela.barajas@credijal.com.mx,Marcela ,<blank>,<blank>,1,Barajas,2019-09-09,I,<blank>,metropolitana,I,I,I,<blank>,"$7,001 a $10,000",<blank>,1
0,<blank>,0,2018,25,I,<blank>,47,marcela.barajas@credijal.com.mx,Marcela ,<blank>,<blank>,1,Barajas,2019-09-09,I,<blank>,metropolitana,I,I,I,<blank>,"$7,001 a $10,000",<blank>,1
0,<blank>,0,2019,25,I,<blank>,47,marcela.barajas@credijal.com.mx,Marcela ,<blank>,<blank>,1,Barajas,2019-09-09,I,<blank>,metropolitana,I,I,I,<blank>,"$7,001 a $10,000",<blank>,1
0,<blank>,0,2020,25,I,<blank>,47,marcela.barajas@credijal.com.mx,Marcela ,<blank>,<blank>,1,Barajas,2019-09-09,I,<blank>,metropolitana,I,I,I,<blank>,"$7,001 a $10,000",<blank>,1
0,<blank>,0,2021,25,I,<blank>,47,jjesusarmaduras@gmail.com,J Jesús ,<blank>,<blank>,1,Jarero López,2019-09-18,I,<blank>,I,I,I,Lic. En Relaciones Comerciales,<blank>,"$7,001 a $10,000",<blank>,2
0,<blank>,0,2022,25,I,<blank>,47,jjesusarmaduras@gmail.com,J Jesús ,<blank>,<blank>,1,Jarero López,2019-09-18,I,<blank>,I,I,I,Lic. En Relaciones Comerciales,<blank>,"$7,001 a $10,000",<blank>,2
0,<blank>,0,2023,25,I,<blank>,47,jjesusarmaduras@gmail.com,J Jesús ,<blank>,<blank>,1,Jarero López,2019-09-18,I,<blank>,I,I,I,Lic. En Relaciones Comerciales,<blank>,"$7,001 a $10,000",<blank>,2
0,<blank>,0,2024,25,I,<blank>,47,jjesusarmaduras@gmail.com,J Jesús ,<blank>,<blank>,1,Jarero López,2019-09-18,I,<blank>,I,I,I,Lic. En Relaciones Comerciales,<blank>,"$7,001 a $10,000",<blank>,2
0,<blank>,0,2025,25,I,<blank>,47,jjesusarmaduras@gmail.com,J Jesús ,<blank>,<blank>,1,Jarero López,2019-09-18,I,<blank>,I,I,I,Lic. En Relaciones Comerciales,<blank>,"$7,001 a $10,000",<blank>,2
0,<blank>,0,2026,25,I,<blank>,47,jjesusarmaduras@gmail.com,J Jesús ,<blank>,<blank>,1,Jarero López,2019-09-18,I,<blank>,I,I,I,Lic. En Relaciones Comerciales,<blank>,"$7,001 a $10,000",<blank>,2
0,<blank>,0,2027,25,I,<blank>,47,jjesusarmaduras@gmail.com,J Jesús ,<blank>,<blank>,1,Jarero López,2019-09-18,I,<blank>,I,I,I,Lic. En Relaciones Comerciales,<blank>,"$7,001 a $10,000",<blank>,2
0,<blank>,0,2028,25,I,<blank>,47,jjesusarmaduras@gmail.com,J Jesús ,<blank>,<blank>,1,Jarero López,2019-09-18,I,<blank>,I,I,I,Lic. En Relaciones Comerciales,<blank>,"$7,001 a $10,000",<blank>,2
0,<blank>,0,2029,25,I,<blank>,47,jjesusarmaduras@gmail.com,J Jesús ,<blank>,<blank>,1,Jarero López,2019-09-18,I,<blank>,I,I,I,Lic. En Relaciones Comerciales,<blank>,"$7,001 a $10,000",<blank>,2
0,<blank>,0,2030,25,I,<blank>,47,jjesusarmaduras@gmail.com,J Jesús ,<blank>,<blank>,1,Jarero López,2019-09-18,I,<blank>,I,I,I,Lic. En Relaciones Comerciales,<blank>,"$7,001 a $10,000",<blank>,2
0,<blank>,0,2031,25,I,<blank>,47,jjesusarmaduras@gmail.com,J Jesús ,<blank>,<blank>,1,Jarero López,2019-09-18,I,<blank>,I,I,I,Lic. En Relaciones Comerciales,<blank>,"$7,001 a $10,000",<blank>,2
0,<blank>,0,2032,25,I,<blank>,47,jjesusarmaduras@gmail.com,J Jesús ,<blank>,<blank>,1,Jarero López,2019-09-18,I,<blank>,I,I,I,Lic. En Relaciones Comerciales,<blank>,"$7,001 a $10,000",<blank>,2
0,<blank>,0,2033,25,I,<blank>,47,jjesusarmaduras@gmail.com,J Jesús ,<blank>,<blank>,1,Jarero López,2019-09-18,I,<blank>,I,I,I,Lic. En Relaciones Comerciales,<blank>,"$7,001 a $10,000",<blank>,2
0,<blank>,0,2034,25,I,<blank>,47,jjesusarmaduras@gmail.com,J Jesús ,<blank>,<blank>,1,Jarero López,2019-09-18,I,<blank>,I,I,I,Lic. En Relaciones Comerciales,<blank>,"$7,001 a $10,000",<blank>,2
0,<blank>,0,2035,25,I,<blank>,47,jjesusarmaduras@gmail.com,J Jesús ,<blank>,<blank>,1,Jarero López,2019-09-18,I,<blank>,I,I,I,Lic. En Relaciones Comerciales,<blank>,"$7,001 a $10,000",<blank>,2
0,<blank>,0,2036,25,I,<blank>,47,jjesusarmaduras@gmail.com,J Jesús ,<blank>,<blank>,1,Jarero López,2019-09-18,I,<blank>,I,I,I,Lic. En Relaciones Comerciales,<blank>,"$7,001 a $10,000",<blank>,2
0,<blank>,0,2037,26,I,<blank>,95,rhumanos@amutio.com.mx,MARCOS OCTAVIO,<blank>,<blank>,1,CASTELLANOS VELOZ ,2019-09-23,I,<blank>,I,I,I,I,<blank>,"$5,001 a $7,000",<blank>,1
0,<blank>,0,2038,26,I,<blank>,95,rhumanos@amutio.com.mx,MARCOS OCTAVIO,<blank>,<blank>,1,CASTELLANOS VELOZ ,2019-09-23,I,<blank>,I,I,I,I,<blank>,"$5,001 a $7,000",<blank>,1
0,<blank>,0,2039,26,I,<blank>,95,rhumanos@amutio.com.mx,MARCOS OCTAVIO,<blank>,<blank>,1,CASTELLANOS VELOZ ,2019-09-23,I,<blank>,I,I,I,I,<blank>,"$5,001 a $7,000",<blank>,1
0,<blank>,0,2040,26,I,<blank>,95,rhumanos@amutio.com.mx,MARCOS OCTAVIO,<blank>,<blank>,1,CASTELLANOS VELOZ ,2019-09-23,I,<blank>,I,I,I,I,<blank>,"$5,001 a $7,000",<blank>,1
0,<blank>,0,2041,26,I,<blank>,95,rhumanos@amutio.com.mx,MARCOS OCTAVIO,<blank>,<blank>,1,CASTELLANOS VELOZ ,2019-09-23,I,<blank>,I,I,I,I,<blank>,"$5,001 a $7,000",<blank>,1
0,<blank>,0,2042,26,I,<blank>,95,rhumanos@amutio.com.mx,MARCOS OCTAVIO,<blank>,<blank>,1,CASTELLANOS VELOZ ,2019-09-23,I,<blank>,I,I,I,I,<blank>,"$5,001 a $7,000",<blank>,1
0,<blank>,0,2043,26,I,<blank>,95,rhumanos@amutio.com.mx,MARCOS OCTAVIO,<blank>,<blank>,1,CASTELLANOS VELOZ ,2019-09-23,I,<blank>,I,I,I,I,<blank>,"$5,001 a $7,000",<blank>,1
0,<blank>,0,2044,26,I,<blank>,95,rhumanos@amutio.com.mx,MARCOS OCTAVIO,<blank>,<blank>,1,CASTELLANOS VELOZ ,2019-09-23,I,<blank>,I,I,I,I,<blank>,"$5,001 a $7,000",<blank>,1
0,<blank>,0,2045,26,I,<blank>,95,rhumanos@amutio.com.mx,MARCOS OCTAVIO,<blank>,<blank>,1,CASTELLANOS VELOZ ,2019-09-23,I,<blank>,I,I,I,I,<blank>,"$5,001 a $7,000",<blank>,1
0,<blank>,0,2046,26,I,<blank>,95,rhumanos@amutio.com.mx,MARCOS OCTAVIO,<blank>,<blank>,1,CASTELLANOS VELOZ ,2019-09-23,I,<blank>,I,I,I,I,<blank>,"$5,001 a $7,000",<blank>,1
0,<blank>,0,2047,26,I,<blank>,95,rhumanos@amutio.com.mx,MARCOS OCTAVIO,<blank>,<blank>,1,CASTELLANOS VELOZ ,2019-09-23,I,<blank>,I,I,I,I,<blank>,"$5,001 a $7,000",<blank>,1
0,<blank>,0,2048,26,I,<blank>,95,rhumanos@amutio.com.mx,MARCOS OCTAVIO,<blank>,<blank>,1,CASTELLANOS VELOZ ,2019-09-23,I,<blank>,I,I,I,I,<blank>,"$5,001 a $7,000",<blank>,1
0,<blank>,0,2049,26,I,<blank>,95,rhumanos@amutio.com.mx,MARCOS OCTAVIO,<blank>,<blank>,1,CASTELLANOS VELOZ ,2019-09-23,I,<blank>,I,I,I,I,<blank>,"$5,001 a $7,000",<blank>,1
0,<blank>,0,2050,26,I,<blank>,95,rhumanos@amutio.com.mx,MARCOS OCTAVIO,<blank>,<blank>,1,CASTELLANOS VELOZ ,2019-09-23,I,<blank>,I,I,I,I,<blank>,"$5,001 a $7,000",<blank>,1
0,<blank>,0,2051,26,I,<blank>,95,rhumanos@amutio.com.mx,MARCOS OCTAVIO,<blank>,<blank>,1,CASTELLANOS VELOZ ,2019-09-23,I,<blank>,I,I,I,I,<blank>,"$5,001 a $7,000",<blank>,1
0,<blank>,0,2052,26,I,<blank>,95,rhumanos@amutio.com.mx,MARCOS OCTAVIO,<blank>,<blank>,1,CASTELLANOS VELOZ ,2019-09-23,I,<blank>,I,I,I,I,<blank>,"$5,001 a $7,000",<blank>,1
0,<blank>,0,2053,26,I,<blank>,95,rhumanos@amutio.com.mx,MARCOS OCTAVIO,<blank>,<blank>,1,CASTELLANOS VELOZ ,2019-09-23,I,<blank>,I,I,I,I,<blank>,"$5,001 a $7,000",<blank>,1
0,<blank>,0,2054,26,I,<blank>,95,rhumanos@amutio.com.mx,MARCOS OCTAVIO,<blank>,<blank>,1,CASTELLANOS VELOZ ,2019-09-23,I,<blank>,I,I,I,I,<blank>,"$5,001 a $7,000",<blank>,1
0,<blank>,0,2055,26,I,<blank>,95,rhumanos@amutio.com.mx,MARCOS OCTAVIO,<blank>,<blank>,1,CASTELLANOS VELOZ ,2019-09-23,I,<blank>,I,I,I,I,<blank>,"$5,001 a $7,000",<blank>,1
0,<blank>,0,2056,26,I,<blank>,95,rhumanos@amutio.com.mx,MARCOS OCTAVIO,<blank>,<blank>,1,CASTELLANOS VELOZ ,2019-09-23,I,<blank>,I,I,I,I,<blank>,"$5,001 a $7,000",<blank>,1
0,<blank>,0,2057,26,I,<blank>,95,rhumanos@amutio.com.mx,MARCOS OCTAVIO,<blank>,<blank>,1,CASTELLANOS VELOZ ,2019-09-23,I,<blank>,I,I,I,I,<blank>,"$5,001 a $7,000",<blank>,1
0,<blank>,0,2058,26,I,<blank>,95,rhumanos@amutio.com.mx,MARCOS OCTAVIO,<blank>,<blank>,1,CASTELLANOS VELOZ ,2019-09-23,I,<blank>,I,I,I,I,<blank>,"$5,001 a $7,000",<blank>,1
0,<blank>,0,2059,26,I,<blank>,95,rhumanos@amutio.com.mx,MARCOS OCTAVIO,<blank>,<blank>,1,CASTELLANOS VELOZ ,2019-09-23,I,<blank>,I,I,I,I,<blank>,"$5,001 a $7,000",<blank>,1
0,<blank>,0,2060,25,I,<blank>,37,NCAMACHO@PCZ.COM.MX,Nara,<blank>,<blank>,1,Camacho,2019-10-03,I,<blank>,todojalisco,I,I,Lic. En Contabilidad,<blank>,"$7,001 a $10,000",<blank>,1
0,<blank>,0,2061,25,I,<blank>,37,NCAMACHO@PCZ.COM.MX,Nara,<blank>,<blank>,1,Camacho,2019-10-03,I,<blank>,todojalisco,I,I,Lic. En Contabilidad,<blank>,"$7,001 a $10,000",<blank>,1
0,<blank>,0,2062,25,I,<blank>,37,NCAMACHO@PCZ.COM.MX,Nara,<blank>,<blank>,1,Camacho,2019-10-03,I,<blank>,todojalisco,I,I,Lic. En Contabilidad,<blank>,"$7,001 a $10,000",<blank>,1
0,<blank>,0,2063,25,I,<blank>,37,NCAMACHO@PCZ.COM.MX,Nara,<blank>,<blank>,1,Camacho,2019-10-03,I,<blank>,todojalisco,I,I,Lic. En Contabilidad,<blank>,"$7,001 a $10,000",<blank>,1
0,<blank>,0,2064,25,I,<blank>,37,NCAMACHO@PCZ.COM.MX,Nara,<blank>,<blank>,1,Camacho,2019-10-03,I,<blank>,todojalisco,I,I,Lic. En Contabilidad,<blank>,"$7,001 a $10,000",<blank>,1
0,<blank>,0,2065,25,I,<blank>,37,NCAMACHO@PCZ.COM.MX,Nara,<blank>,<blank>,1,Camacho,2019-10-03,I,<blank>,todojalisco,I,I,Lic. En Contabilidad,<blank>,"$7,001 a $10,000",<blank>,1
0,<blank>,0,2066,25,I,<blank>,37,NCAMACHO@PCZ.COM.MX,Nara,<blank>,<blank>,1,Camacho,2019-10-03,I,<blank>,todojalisco,I,I,Lic. En Contabilidad,<blank>,"$7,001 a $10,000",<blank>,1
0,<blank>,0,2067,25,I,<blank>,37,NCAMACHO@PCZ.COM.MX,Nara,<blank>,<blank>,1,Camacho,2019-10-03,I,<blank>,todojalisco,I,I,Lic. En Contabilidad,<blank>,"$7,001 a $10,000",<blank>,1
0,<blank>,0,2068,25,I,<blank>,37,NCAMACHO@PCZ.COM.MX,Nara,<blank>,<blank>,1,Camacho,2019-10-03,I,<blank>,todojalisco,I,I,Lic. En Contabilidad,<blank>,"$7,001 a $10,000",<blank>,1
0,<blank>,0,2069,25,I,<blank>,37,NCAMACHO@PCZ.COM.MX,Nara,<blank>,<blank>,1,Camacho,2019-10-03,I,<blank>,todojalisco,I,I,Lic. En Contabilidad,<blank>,"$7,001 a $10,000",<blank>,1
0,<blank>,0,2070,25,I,<blank>,37,NCAMACHO@PCZ.COM.MX,Nara,<blank>,<blank>,1,Camacho,2019-10-03,I,<blank>,todojalisco,I,I,Lic. En Contabilidad,<blank>,"$7,001 a $10,000",<blank>,1
0,<blank>,0,2071,25,I,<blank>,37,NCAMACHO@PCZ.COM.MX,Nara,<blank>,<blank>,1,Camacho,2019-10-03,I,<blank>,todojalisco,I,I,Lic. En Contabilidad,<blank>,"$7,001 a $10,000",<blank>,1
0,<blank>,0,2072,25,I,<blank>,37,NCAMACHO@PCZ.COM.MX,Nara,<blank>,<blank>,1,Camacho,2019-10-03,I,<blank>,todojalisco,I,I,Lic. En Contabilidad,<blank>,"$7,001 a $10,000",<blank>,1
0,<blank>,0,2073,25,I,<blank>,37,NCAMACHO@PCZ.COM.MX,Nara,<blank>,<blank>,1,Camacho,2019-10-03,I,<blank>,todojalisco,I,I,Lic. En Contabilidad,<blank>,"$7,001 a $10,000",<blank>,1
0,<blank>,0,2074,25,I,<blank>,37,NCAMACHO@PCZ.COM.MX,Nara,<blank>,<blank>,1,Camacho,2019-10-03,I,<blank>,todojalisco,I,I,Lic. En Contabilidad,<blank>,"$7,001 a $10,000",<blank>,1
0,<blank>,0,2075,25,I,<blank>,37,NCAMACHO@PCZ.COM.MX,Nara,<blank>,<blank>,1,Camacho,2019-10-03,I,<blank>,todojalisco,I,I,Lic. En Contabilidad,<blank>,"$7,001 a $10,000",<blank>,1
0,<blank>,0,2076,25,I,<blank>,37,NCAMACHO@PCZ.COM.MX,Nara,<blank>,<blank>,1,Camacho,2019-10-03,I,<blank>,todojalisco,I,I,Lic. En Contabilidad,<blank>,"$7,001 a $10,000",<blank>,1
0,<blank>,0,2077,25,I,<blank>,37,NCAMACHO@PCZ.COM.MX,Nara,<blank>,<blank>,1,Camacho,2019-10-03,I,<blank>,todojalisco,I,I,Lic. En Contabilidad,<blank>,"$7,001 a $10,000",<blank>,1
0,<blank>,0,2078,25,I,<blank>,37,NCAMACHO@PCZ.COM.MX,Nara,<blank>,<blank>,1,Camacho,2019-10-03,I,<blank>,todojalisco,I,I,Lic. En Contabilidad,<blank>,"$7,001 a $10,000",<blank>,1
0,<blank>,0,2079,25,I,<blank>,37,NCAMACHO@PCZ.COM.MX,Nara,<blank>,<blank>,1,Camacho,2019-10-03,I,<blank>,todojalisco,I,I,Lic. En Contabilidad,<blank>,"$7,001 a $10,000",<blank>,1
0,<blank>,0,2080,25,I,<blank>,37,NCAMACHO@PCZ.COM.MX,Nara,<blank>,<blank>,1,Camacho,2019-10-03,I,<blank>,todojalisco,I,I,Lic. En Contabilidad,<blank>,"$7,001 a $10,000",<blank>,1
0,<blank>,0,2081,25,I,<blank>,37,NCAMACHO@PCZ.COM.MX,Nara,<blank>,<blank>,1,Camacho,2019-10-03,I,<blank>,todojalisco,I,I,Lic. En Contabilidad,<blank>,"$7,001 a $10,000",<blank>,1
0,<blank>,0,2082,25,I,<blank>,37,NCAMACHO@PCZ.COM.MX,Nara,<blank>,<blank>,1,Camacho,2019-10-03,I,<blank>,todojalisco,I,I,Lic. En Contabilidad,<blank>,"$7,001 a $10,000",<blank>,1
0,<blank>,0,2083,25,I,<blank>,37,NCAMACHO@PCZ.COM.MX,Nara,<blank>,<blank>,1,Camacho,2019-10-03,I,<blank>,todojalisco,I,I,Lic. En Contabilidad,<blank>,"$7,001 a $10,000",<blank>,1
0,<blank>,0,2084,25,I,<blank>,37,NCAMACHO@PCZ.COM.MX,Nara,<blank>,<blank>,1,Camacho,2019-10-03,I,<blank>,todojalisco,I,I,Lic. En Contabilidad,<blank>,"$7,001 a $10,000",<blank>,1
0,<blank>,0,2085,25,I,<blank>,37,NCAMACHO@PCZ.COM.MX,Nara,<blank>,<blank>,1,Camacho,2019-10-03,I,<blank>,todojalisco,I,I,Lic. En Contabilidad,<blank>,"$7,001 a $10,000",<blank>,1
0,<blank>,0,2086,25,I,<blank>,37,NCAMACHO@PCZ.COM.MX,Nara,<blank>,<blank>,1,Camacho,2019-10-03,I,<blank>,todojalisco,I,I,Lic. En Contabilidad,<blank>,"$7,001 a $10,000",<blank>,1
0,<blank>,0,2087,25,I,<blank>,37,NCAMACHO@PCZ.COM.MX,Nara,<blank>,<blank>,1,Camacho,2019-10-03,I,<blank>,todojalisco,I,I,Lic. En Contabilidad,<blank>,"$7,001 a $10,000",<blank>,1
0,<blank>,0,2088,25,I,<blank>,37,NCAMACHO@PCZ.COM.MX,Nara,<blank>,<blank>,1,Camacho,2019-10-03,I,<blank>,todojalisco,I,I,Lic. En Contabilidad,<blank>,"$7,001 a $10,000",<blank>,1
0,<blank>,0,2089,25,I,<blank>,37,NCAMACHO@PCZ.COM.MX,Nara,<blank>,<blank>,1,Camacho,2019-10-03,I,<blank>,todojalisco,I,I,Lic. En Contabilidad,<blank>,"$7,001 a $10,000",<blank>,1
0,<blank>,0,2090,25,I,<blank>,37,NCAMACHO@PCZ.COM.MX,Nara,<blank>,<blank>,1,Camacho,2019-10-03,I,<blank>,todojalisco,I,I,Lic. En Contabilidad,<blank>,"$7,001 a $10,000",<blank>,1
0,<blank>,0,2091,30,F,<blank>,29,NCAMACHO@PCZ.COM.MX,Nara,<blank>,<blank>,1,Camacho,2019-10-03,I,<blank>,todojalisco,I,I,Bachelor Of Business Administration,<blank>,"$10,001 a $13,000",<blank>,3
0,<blank>,0,2092,20,I,<blank>,44,corporativorh557@gmail.com,Carla,<blank>,<blank>,1,Reyes,2019-10-16,I,<blank>,I,I,I,TSU. En Ventas,<blank>,I,<blank>,0
0,<blank>,0,2093,20,I,<blank>,44,corporativorh557@gmail.com,Carla,<blank>,<blank>,1,Reyes,2019-10-16,I,<blank>,I,I,I,TSU. En Ventas,<blank>,I,<blank>,0
0,<blank>,0,2094,20,I,<blank>,44,corporativorh557@gmail.com,Carla,<blank>,<blank>,1,Reyes,2019-10-16,I,<blank>,I,I,I,TSU. En Ventas,<blank>,I,<blank>,0
0,<blank>,0,2095,20,I,<blank>,44,corporativorh557@gmail.com,Carla,<blank>,<blank>,1,Reyes,2019-10-16,I,<blank>,I,I,I,TSU. En Ventas,<blank>,I,<blank>,0
0,<blank>,0,2096,18,I,<blank>,77,jerodriguez@jinzai.com.mx,Jose Elias,<blank>,<blank>,1,Rodriguez Lopez,2019-10-23,I,<blank>,todojalisco,I,I,Ing. En Sistemas Digitales Y Telecomunicaciones,<blank>,"$7,001 a $10,000",<blank>,0
0,<blank>,0,2097,18,I,<blank>,77,jerodriguez@jinzai.com.mx,Jose Elias,<blank>,<blank>,1,Rodriguez Lopez,2019-10-23,I,<blank>,todojalisco,I,I,Ing. En Sistemas Digitales Y Telecomunicaciones,<blank>,"$7,001 a $10,000",<blank>,0
0,<blank>,0,2098,18,I,<blank>,77,jerodriguez@jinzai.com.mx,Jose Elias,<blank>,<blank>,1,Rodriguez Lopez,2019-10-23,I,<blank>,todojalisco,I,I,Ing. En Sistemas Digitales Y Telecomunicaciones,<blank>,"$7,001 a $10,000",<blank>,0
0,<blank>,0,2099,18,I,<blank>,77,jerodriguez@jinzai.com.mx,Jose Elias,<blank>,<blank>,1,Rodriguez Lopez,2019-10-23,I,<blank>,todojalisco,I,I,Ing. En Sistemas Digitales Y Telecomunicaciones,<blank>,"$7,001 a $10,000",<blank>,0
0,<blank>,0,2100,18,I,<blank>,77,jerodriguez@jinzai.com.mx,Jose Elias,<blank>,<blank>,1,Rodriguez Lopez,2019-10-23,I,<blank>,todojalisco,I,I,Ing. En Sistemas Digitales Y Telecomunicaciones,<blank>,"$7,001 a $10,000",<blank>,0
0,<blank>,0,2101,18,I,<blank>,77,jerodriguez@jinzai.com.mx,Jose Elias,<blank>,<blank>,1,Rodriguez Lopez,2019-10-23,I,<blank>,todojalisco,I,I,Ing. En Sistemas Digitales Y Telecomunicaciones,<blank>,"$7,001 a $10,000",<blank>,0
0,<blank>,0,2102,18,I,<blank>,77,jerodriguez@jinzai.com.mx,Jose Elias,<blank>,<blank>,1,Rodriguez Lopez,2019-10-23,I,<blank>,todojalisco,I,I,Ing. En Sistemas Digitales Y Telecomunicaciones,<blank>,"$7,001 a $10,000",<blank>,0
0,<blank>,0,2103,18,I,<blank>,77,jerodriguez@jinzai.com.mx,Jose Elias,<blank>,<blank>,1,Rodriguez Lopez,2019-10-23,I,<blank>,todojalisco,I,I,Ing. En Sistemas Digitales Y Telecomunicaciones,<blank>,"$7,001 a $10,000",<blank>,0
0,<blank>,0,2104,18,I,<blank>,77,jerodriguez@jinzai.com.mx,Jose Elias,<blank>,<blank>,1,Rodriguez Lopez,2019-10-23,I,<blank>,todojalisco,I,I,Ing. En Sistemas Digitales Y Telecomunicaciones,<blank>,"$7,001 a $10,000",<blank>,0
0,<blank>,0,2105,18,I,<blank>,77,jerodriguez@jinzai.com.mx,Jose Elias,<blank>,<blank>,1,Rodriguez Lopez,2019-10-23,I,<blank>,todojalisco,I,I,Ing. En Sistemas Digitales Y Telecomunicaciones,<blank>,"$7,001 a $10,000",<blank>,0
0,<blank>,0,2106,18,I,<blank>,77,jerodriguez@jinzai.com.mx,Jose Elias,<blank>,<blank>,1,Rodriguez Lopez,2019-10-23,I,<blank>,todojalisco,I,I,Ing. En Sistemas Digitales Y Telecomunicaciones,<blank>,"$7,001 a $10,000",<blank>,0
0,<blank>,0,2107,18,I,<blank>,77,jerodriguez@jinzai.com.mx,Jose Elias,<blank>,<blank>,1,Rodriguez Lopez,2019-10-23,I,<blank>,todojalisco,I,I,Ing. En Sistemas Digitales Y Telecomunicaciones,<blank>,"$7,001 a $10,000",<blank>,0
0,<blank>,0,2108,18,I,<blank>,77,jerodriguez@jinzai.com.mx,Jose Elias,<blank>,<blank>,1,Rodriguez Lopez,2019-10-23,I,<blank>,todojalisco,I,I,Ing. En Sistemas Digitales Y Telecomunicaciones,<blank>,"$7,001 a $10,000",<blank>,0
0,<blank>,0,2109,<blank>,I,<blank>,28,alonso.tostado@labosd.com,Alonso ,<blank>,<blank>,1,Tostado Plaza ,2019-11-25,I,<blank>,metropolitana,I,I,I,<blank>,"$7,001 a $10,000",<blank>,1
0,<blank>,0,2110,<blank>,I,<blank>,28,alonso.tostado@labosd.com,Alonso ,<blank>,<blank>,1,Tostado Plaza ,2019-11-25,I,<blank>,metropolitana,I,I,I,<blank>,"$7,001 a $10,000",<blank>,1
0,<blank>,0,2111,<blank>,I,<blank>,28,alonsoplaza01@hotmail.com,Alonso ,<blank>,<blank>,1,Tostado Plaza ,2019-11-25,I,<blank>,metropolitana,I,I,I,<blank>,"$7,001 a $10,000",<blank>,1
0,<blank>,0,2112,<blank>,M,<blank>,95,ventas2@tecnologiaycontrol.com,SERGIO SANCHEZ,<blank>,<blank>,1,DE LA LLAVE,2019-12-03,I,<blank>,todojalisco,I,I,I,<blank>,I,<blank>,2
0,<blank>,0,2113,<blank>,M,<blank>,95,ventas2@tecnologiaycontrol.com,SERGIO SANCHEZ,<blank>,<blank>,1,DE LA LLAVE,2019-12-03,I,<blank>,todojalisco,I,I,I,<blank>,I,<blank>,2
0,<blank>,0,2114,<blank>,M,<blank>,95,ventas2@tecnologiaycontrol.com,SERGIO SANCHEZ,<blank>,<blank>,1,DE LA LLAVE,2019-12-03,I,<blank>,todojalisco,I,I,I,<blank>,I,<blank>,2
0,<blank>,0,2115,<blank>,M,<blank>,95,ventas2@tecnologiaycontrol.com,SERGIO,<blank>,<blank>,1,SANCHEZ DE LA LLAVE,2019-12-03,I,<blank>,todojalisco,I,I,I,<blank>,I,<blank>,2
0,<blank>,0,2116,<blank>,M,<blank>,95,ventas2@tecnologiaycontrol.com,SERGIO,<blank>,<blank>,1,SANCHEZ DE LA LLAVE,2019-12-03,I,<blank>,todojalisco,I,I,I,<blank>,I,<blank>,2
0,<blank>,0,2117,<blank>,M,<blank>,95,ventas2@tecnologiaycontrol.com,SERGIO,<blank>,<blank>,1,SANCHEZ DE LA LLAVE,2019-12-03,I,<blank>,todojalisco,I,I,I,<blank>,I,<blank>,2
0,<blank>,0,2118,<blank>,M,<blank>,95,ventas2@tecnologiaycontrol.com,SERGIO,<blank>,<blank>,1,SANCHEZ DE LA LLAVE,2019-12-03,I,<blank>,todojalisco,I,I,I,<blank>,I,<blank>,2
0,<blank>,0,2119,<blank>,M,<blank>,95,ventas2@tecnologiaycontrol.com,SERGIO,<blank>,<blank>,1,SANCHEZ DE LA LLAVE,2019-12-03,I,<blank>,todojalisco,I,I,I,<blank>,I,<blank>,2
0,<blank>,0,2120,<blank>,M,<blank>,95,ventas2@tecnologiaycontrol.com,SERGIO,<blank>,<blank>,1,SANCHEZ DE LA LLAVE,2019-12-03,I,<blank>,todojalisco,I,I,I,<blank>,I,<blank>,2
0,<blank>,0,2121,<blank>,M,<blank>,95,ventas2@tecnologiaycontrol.com,SERGIO,<blank>,<blank>,1,SANCHEZ DE LA LLAVE,2019-12-03,I,<blank>,todojalisco,I,I,I,<blank>,I,<blank>,2
0,<blank>,0,2122,<blank>,M,<blank>,95,ventas2@tecnologiaycontrol.com,SERGIO,<blank>,<blank>,1,SANCHEZ DE LA LLAVE,2019-12-03,I,<blank>,todojalisco,I,I,I,<blank>,I,<blank>,2
0,<blank>,0,2123,<blank>,M,<blank>,95,ventas2@tecnologiaycontrol.com,SERGIO,<blank>,<blank>,1,SANCHEZ DE LA LLAVE,2019-12-03,I,<blank>,todojalisco,I,I,I,<blank>,I,<blank>,2
0,<blank>,0,2124,<blank>,M,<blank>,95,ventas2@tecnologiaycontrol.com,SERGIO,<blank>,<blank>,1,SANCHEZ DE LA LLAVE,2019-12-03,I,<blank>,todojalisco,I,I,I,<blank>,I,<blank>,2
0,<blank>,0,2125,<blank>,M,<blank>,95,ventas2@tecnologiaycontrol.com,SERGIO,<blank>,<blank>,1,SANCHEZ DE LA LLAVE,2019-12-03,I,<blank>,todojalisco,I,I,I,<blank>,I,<blank>,2
0,<blank>,0,2126,18,I,<blank>,56,rh@quierocolor.com,Eva María ,<blank>,<blank>,1,Mota Rodríguez,2019-12-04,I,<blank>,metropolitana,I,I,I,<blank>,"$3,001 a $5,000",<blank>,1
0,<blank>,0,2127,18,I,<blank>,56,rh@quierocolor.com,Eva María ,<blank>,<blank>,1,Mota Rodríguez,2019-12-04,I,<blank>,metropolitana,I,I,I,<blank>,"$3,001 a $5,000",<blank>,1
0,<blank>,0,2128,18,I,<blank>,56,rh@quierocolor.com,Eva María ,<blank>,<blank>,1,Mota Rodríguez,2019-12-04,I,<blank>,metropolitana,I,I,I,<blank>,"$3,001 a $5,000",<blank>,1
0,<blank>,0,2129,18,I,<blank>,56,rh@quierocolor.com,Eva María ,<blank>,<blank>,1,Mota Rodríguez,2019-12-04,I,<blank>,metropolitana,I,I,I,<blank>,"$3,001 a $5,000",<blank>,1
0,<blank>,0,2130,18,I,<blank>,56,rh@quierocolor.com,Eva María ,<blank>,<blank>,1,Mota Rodríguez,2019-12-04,I,<blank>,metropolitana,I,I,I,<blank>,"$3,001 a $5,000",<blank>,1
0,<blank>,0,2131,18,I,<blank>,56,rh@quierocolor.com,Eva María ,<blank>,<blank>,1,Mota Rodríguez,2019-12-04,I,<blank>,metropolitana,I,I,I,<blank>,"$3,001 a $5,000",<blank>,1
0,<blank>,0,2132,18,I,<blank>,56,rh@quierocolor.com,Eva María ,<blank>,<blank>,1,Mota Rodríguez,2019-12-04,I,<blank>,metropolitana,I,I,I,<blank>,"$3,001 a $5,000",<blank>,1
0,<blank>,0,2133,18,I,<blank>,56,rh@quierocolor.com,Eva María ,<blank>,<blank>,1,Mota Rodríguez,2019-12-04,I,<blank>,metropolitana,I,I,I,<blank>,"$3,001 a $5,000",<blank>,1
0,<blank>,0,2134,18,I,<blank>,56,rh@quierocolor.com,Eva María ,<blank>,<blank>,1,Mota Rodríguez,2019-12-04,I,<blank>,metropolitana,I,I,I,<blank>,"$3,001 a $5,000",<blank>,1
0,<blank>,0,2135,18,I,<blank>,56,rh@quierocolor.com,Eva María ,<blank>,<blank>,1,Mota Rodríguez,2019-12-04,I,<blank>,metropolitana,I,I,I,<blank>,"$3,001 a $5,000",<blank>,1
0,<blank>,0,2136,18,I,<blank>,56,rh@quierocolor.com,Eva María,<blank>,<blank>,1,Mota Rodriguez,2019-12-04,I,<blank>,metropolitana,I,I,TSU. En Puericultura,<blank>,"$3,001 a $5,000",<blank>,1
0,<blank>,0,2137,38,M,<blank>,19,ivan.gonzalez.diaz1@gmail.com,IVÁN ,<blank>,<blank>,1,GONZÁLEZ DÍAZ,2019-12-22,I,<blank>,todojalisco,I,S,Lic. En Seguridad E Higiene Industrial,<blank>,"$13,001 a $16,000",<blank>,1
0,<blank>,0,2138,38,M,<blank>,19,ivan.gonzalez.diaz1@gmail.com,IVÁN ,<blank>,<blank>,1,GONZÁLEZ DÍAZ,2019-12-22,I,<blank>,todojalisco,I,S,Lic. En Seguridad E Higiene Industrial,<blank>,"$13,001 a $16,000",<blank>,1
0,<blank>,0,2139,25,I,<blank>,46,reclutamiento@lamoresca.com,Fátima,<blank>,<blank>,1,Flores,2019-12-26,I,<blank>,metropolitana,I,I,I,<blank>,"$7,001 a $10,000",<blank>,1
0,<blank>,0,2140,33,M,<blank>,52,Juanvr0486@gmail.com.mx,Juan ,<blank>,<blank>,1,Vazquez,2019-12-28,I,<blank>,I,I,C,Lic. En Artes Culinarias,<blank>,I,<blank>,9
0,<blank>,0,2141,33,M,<blank>,52,Juanvr0486@gmail.com.mx,Juan ,<blank>,<blank>,1,Vazquez,2019-12-28,I,<blank>,I,I,C,Lic. En Artes Culinarias,<blank>,I,<blank>,9
0,<blank>,0,2142,<blank>,I,<blank>,75,reclutamiento@cromadorachp.com,Isabel,<blank>,<blank>,1,Garcia,2020-01-08,I,<blank>,todojalisco,I,I,I,<blank>,I,<blank>,1
0,<blank>,0,2143,18,I,<blank>,70,reclutar.alvarez@gmail.com,jose,<blank>,<blank>,1,luevanos,2020-02-25,I,<blank>,I,I,I,I,<blank>,I,<blank>,1
0,<blank>,0,2144,18,I,<blank>,70,reclutar.alvarez@gmail.com,jose,<blank>,<blank>,1,luevanos,2020-02-25,I,<blank>,I,I,I,I,<blank>,I,<blank>,1
0,<blank>,0,2145,45,F,<blank>,29,gabriel@prismaenvase.com,Gabriel,<blank>,<blank>,1,Altamirano,2020-03-23,I,<blank>,I,I,I,I,<blank>,I,<blank>,5
0,<blank>,0,2146,45,F,<blank>,29,gabriel@prismaenvase.com,Gabriel,<blank>,<blank>,1,Altamirano,2020-03-23,I,<blank>,I,I,I,I,<blank>,I,<blank>,5
0,<blank>,0,2147,45,F,<blank>,29,gabriel@prismaenvase.com,Gabriel,<blank>,<blank>,1,Altamirano,2020-03-23,I,<blank>,I,I,I,I,<blank>,I,<blank>,5
0,<blank>,0,2148,45,F,<blank>,29,gabriel@prismaenvase.com,Gabriel,<blank>,<blank>,1,Altamirano,2020-03-23,I,<blank>,I,I,I,I,<blank>,I,<blank>,5
0,<blank>,0,2149,45,F,<blank>,29,gabriel@prismaenvase.com,Gabriel,<blank>,<blank>,1,Altamirano,2020-03-23,I,<blank>,I,I,I,I,<blank>,I,<blank>,5
0,<blank>,0,2150,45,F,<blank>,29,gabriel@prismaenvase.com,Gabriel,<blank>,<blank>,1,Altamirano,2020-03-23,I,<blank>,I,I,I,I,<blank>,I,<blank>,5
0,<blank>,0,2151,30,M,<blank>,82,facturamercado@hotmail.com,Patricia ,<blank>,<blank>,1,Mercado,2020-07-07,I,<blank>,metropolitana,I,I,Ing. Industrial Y De Mantenimiento,<blank>,"$1,500 a $3,000",<blank>,5
0,<blank>,0,2152,30,M,<blank>,82,facturamercado@hotmail.com,Patricia ,<blank>,<blank>,1,Mercado,2020-07-07,I,<blank>,metropolitana,I,I,Ing. Industrial Y De Mantenimiento,<blank>,"$1,500 a $3,000",<blank>,5
0,<blank>,0,2153,30,M,<blank>,82,facturamercado@hotmail.com,Patricia ,<blank>,<blank>,1,Mercado,2020-07-07,I,<blank>,metropolitana,I,I,Ing. Industrial Y De Mantenimiento,<blank>,"$1,500 a $3,000",<blank>,5
0,<blank>,0,2154,30,M,<blank>,82,facturamercado@hotmail.com,Patricia ,<blank>,<blank>,1,Mercado,2020-07-07,I,<blank>,metropolitana,I,I,Ing. Industrial Y De Mantenimiento,<blank>,"$1,500 a $3,000",<blank>,5
0,<blank>,0,2155,30,M,<blank>,82,facturamercado@hotmail.com,Patricia ,<blank>,<blank>,1,Mercado,2020-07-07,I,<blank>,metropolitana,I,I,Ing. Industrial Y De Mantenimiento,<blank>,"$1,500 a $3,000",<blank>,5
0,<blank>,0,2156,30,M,<blank>,82,facturamercado@hotmail.com,Patricia ,<blank>,<blank>,1,Mercado,2020-07-07,I,<blank>,metropolitana,I,I,Ing. Industrial Y De Mantenimiento,<blank>,"$1,500 a $3,000",<blank>,5
0,<blank>,0,2157,28,I,<blank>,37,fmartinez@protmagro.com,Fernando,<blank>,<blank>,1,Martínez,2020-08-14,I,<blank>,todojalisco,I,I,Lic. En Contabilidad,<blank>,"$16,001 a $20,000",<blank>,5
0,<blank>,0,2158,<blank>,I,<blank>,66,udip1@msn.com,Gerardo,<blank>,<blank>,1,Ulate,2020-08-19,I,<blank>,I,I,I,Ing. Y Arquitecto,<blank>,Abierto,<blank>,1
0,<blank>,0,2159,<blank>,I,<blank>,66,udip1@msn.com,Gerardo,<blank>,<blank>,1,Ulate,2020-08-19,I,<blank>,I,I,I,Ing. Y Arquitecto,<blank>,Abierto,<blank>,1
0,<blank>,0,2160,35,I,<blank>,52,rhctalento1000@gmail.com,Restaurante,<blank>,<blank>,1,Italiano,2020-10-06,I,<blank>,metropolitana,I,I,I,<blank>,"$5,001 a $7,000",<blank>,1
0,<blank>,0,2161,35,I,<blank>,52,rhctalento1000@gmail.com,Restaurante,<blank>,<blank>,1,Italiano,2020-10-06,I,<blank>,metropolitana,I,I,I,<blank>,"$5,001 a $7,000",<blank>,1
0,<blank>,0,2162,35,I,<blank>,52,rhctalento1000@gmail.com,Restaurante,<blank>,<blank>,1,Italiano,2020-10-06,I,<blank>,metropolitana,I,I,I,<blank>,"$5,001 a $7,000",<blank>,1
0,<blank>,0,2163,35,I,<blank>,52,rhctalento1000@gmail.com,Restaurante,<blank>,<blank>,1,Italiano,2020-10-06,I,<blank>,metropolitana,I,I,I,<blank>,"$5,001 a $7,000",<blank>,1
0,<blank>,0,2164,25,M,<blank>,75,rocio.ruiz@sig-mexico.com.mx,ROCIO ,<blank>,<blank>,1,RUIZ,2020-11-04,I,<blank>,metropolitana,I,I,I,<blank>,"$1,500 a $3,000",<blank>,3
0,<blank>,0,2165,25,M,<blank>,75,rocio.ruiz@sig-mexico.com.mx,ROCIO,<blank>,<blank>,1,RUIZ,2020-11-04,I,<blank>,metropolitana,I,I,I,<blank>,"$1,500 a $3,000",<blank>,3
0,<blank>,0,2166,21,I,<blank>,29,rociobrech@gmail.com,Rocio,<blank>,<blank>,1,Bretschnaider,2020-11-05,I,<blank>,metropolitana,I,I,I,<blank>,I,<blank>,1
0,<blank>,0,2167,21,I,<blank>,29,rociobrech@gmail.com,Rocio,<blank>,<blank>,1,Bretschnaider,2020-11-05,I,<blank>,metropolitana,I,I,I,<blank>,I,<blank>,1
0,<blank>,0,2168,21,I,<blank>,29,rociobrech@gmail.com,Rocio,<blank>,<blank>,1,Bretschnaider,2020-11-05,I,<blank>,metropolitana,I,I,I,<blank>,I,<blank>,1
0,<blank>,0,2169,21,I,<blank>,29,rociobrech@gmail.com,Rocio,<blank>,<blank>,1,Bretschnaider,2020-11-05,I,<blank>,metropolitana,I,I,Bachelor Of Business Administration,<blank>,I,<blank>,1
0,<blank>,0,2170,21,I,<blank>,29,rociobrech@gmail.com,Rocio,<blank>,<blank>,1,Bretschnaider,2020-11-05,I,<blank>,metropolitana,I,I,Bachelor Of Business Administration,<blank>,I,<blank>,1
0,<blank>,0,2171,<blank>,I,<blank>,1,cpalacios@tequilapatron.com,Claudia,<blank>,<blank>,1,Palacios,2021-01-04,I,<blank>,restojalisco,I,I,I,<blank>,"$7,001 a $10,000",<blank>,2
0,<blank>,0,2172,30,I,<blank>,95,fgonzalezrh@solsepa.com,CORPORATIVO SOLSEPA SEGURIDAD PRIVADA S.A. DE C.V.,<blank>,<blank>,1,GONZALEZ,2021-01-05,I,<blank>,metropolitana,I,C,I,<blank>,"$5,001 a $7,000",<blank>,1
0,<blank>,0,2173,30,I,<blank>,19,rinosters.seguridad@gmail.com,nayeli,<blank>,<blank>,1,diaz,2021-01-19,I,<blank>,metropolitana,I,I,I,<blank>,"$5,001 a $7,000",<blank>,1
0,<blank>,0,2174,30,I,<blank>,19,rinosters.seguridad@gmail.com,nayeli,<blank>,<blank>,1,diaz,2021-01-19,I,<blank>,metropolitana,I,I,I,<blank>,"$5,001 a $7,000",<blank>,1
0,<blank>,0,2175,30,I,<blank>,19,rinosters.seguridad@gmail.com,nayeli,<blank>,<blank>,1,diaz,2021-01-19,I,<blank>,metropolitana,I,I,I,<blank>,"$5,001 a $7,000",<blank>,1
0,<blank>,0,2176,30,I,<blank>,19,rinosters.seguridad@gmail.com,nayeli,<blank>,<blank>,1,diaz,2021-01-19,I,<blank>,metropolitana,I,I,I,<blank>,"$5,001 a $7,000",<blank>,1
0,<blank>,0,2177,30,I,<blank>,19,rinosters.seguridad@gmail.com,nayeli,<blank>,<blank>,1,diaz,2021-01-19,I,<blank>,metropolitana,I,I,I,<blank>,"$5,001 a $7,000",<blank>,1
0,<blank>,0,2178,30,I,<blank>,19,rinosters.seguridad@gmail.com,nayeli,<blank>,<blank>,1,diaz,2021-01-19,I,<blank>,metropolitana,I,I,I,<blank>,"$5,001 a $7,000",<blank>,1
0,<blank>,0,2179,<blank>,I,<blank>,19,rinosters.seguridad@gmail.com,nayeli,<blank>,<blank>,1,diaz,2021-01-19,I,<blank>,metropolitana,I,I,I,<blank>,"$5,001 a $7,000",<blank>,1
0,<blank>,0,2180,<blank>,I,<blank>,19,rinosters.seguridad@gmail.com,nayeli,<blank>,<blank>,1,diaz,2021-01-19,I,<blank>,metropolitana,I,I,I,<blank>,"$5,001 a $7,000",<blank>,1
0,<blank>,0,2181,<blank>,I,<blank>,19,rinosters.seguridad@gmail.com,nayeli,<blank>,<blank>,1,diaz,2021-01-19,I,<blank>,metropolitana,I,I,I,<blank>,"$5,001 a $7,000",<blank>,1
0,<blank>,0,2182,<blank>,I,<blank>,19,rinosters.seguridad@gmail.com,nayeli,<blank>,<blank>,1,diaz,2021-01-19,I,<blank>,metropolitana,I,I,I,<blank>,"$5,001 a $7,000",<blank>,1
0,<blank>,0,2183,<blank>,I,<blank>,19,rinosters.seguridad@gmail.com,nayeli,<blank>,<blank>,1,diaz,2021-01-19,I,<blank>,metropolitana,I,I,I,<blank>,"$5,001 a $7,000",<blank>,1
0,<blank>,0,2184,30,I,<blank>,19,rinosters.seguridad@gmail.com,nayeli,<blank>,<blank>,1,diaz,2021-01-19,I,<blank>,metropolitana,I,I,I,<blank>,"$5,001 a $7,000",<blank>,1
0,<blank>,0,2185,30,F,<blank>,95,reclutamientocadaques@hotmail.com,Estefany,<blank>,<blank>,1,Hernández,2021-01-21,I,<blank>,metropolitana,I,I,I,<blank>,"$7,001 a $10,000",<blank>,0
0,<blank>,0,2186,30,F,<blank>,95,reclutamientocadaques@hotmail.com,Estefany,<blank>,<blank>,1,Hernández,2021-01-21,I,<blank>,metropolitana,I,I,I,<blank>,"$7,001 a $10,000",<blank>,0
0,<blank>,0,2187,30,F,<blank>,95,reclutamientocadaques@hotmail.com,Estefany,<blank>,<blank>,1,Hernández,2021-01-21,I,<blank>,metropolitana,I,I,I,<blank>,"$7,001 a $10,000",<blank>,0
0,<blank>,0,2188,30,F,<blank>,95,reclutamientocadaques@hotmail.com,Estefany,<blank>,<blank>,1,Hernández,2021-01-21,I,<blank>,metropolitana,I,I,I,<blank>,"$7,001 a $10,000",<blank>,0
0,<blank>,0,2189,30,F,<blank>,95,reclutamientocadaques@hotmail.com,Estefany,<blank>,<blank>,1,Hernández,2021-01-21,I,<blank>,metropolitana,I,I,I,<blank>,"$7,001 a $10,000",<blank>,0
0,<blank>,0,2190,30,F,<blank>,95,reclutamientocadaques@hotmail.com,Estefany,<blank>,<blank>,1,Hernández,2021-01-21,I,<blank>,metropolitana,I,I,I,<blank>,"$7,001 a $10,000",<blank>,0
0,<blank>,0,2191,30,F,<blank>,95,reclutamientocadaques@hotmail.com,Estefany,<blank>,<blank>,1,Hernández,2021-01-21,I,<blank>,metropolitana,I,I,I,<blank>,"$7,001 a $10,000",<blank>,0
0,<blank>,0,2192,30,F,<blank>,95,reclutamientocadaques@hotmail.com,Estefany,<blank>,<blank>,1,Hernández,2021-01-21,I,<blank>,metropolitana,I,I,I,<blank>,"$7,001 a $10,000",<blank>,0
0,<blank>,0,2193,30,F,<blank>,95,reclutamientocadaques@hotmail.com,Estefany,<blank>,<blank>,1,Hernández,2021-01-21,I,<blank>,metropolitana,I,I,I,<blank>,"$7,001 a $10,000",<blank>,0
0,<blank>,0,2194,30,F,<blank>,95,reclutamientocadaques@hotmail.com,Estefany,<blank>,<blank>,1,Hernández,2021-01-21,I,<blank>,metropolitana,I,I,I,<blank>,"$7,001 a $10,000",<blank>,0
0,<blank>,0,2195,30,F,<blank>,95,reclutamientocadaques@hotmail.com,Estefany,<blank>,<blank>,1,Hernández,2021-01-21,I,<blank>,metropolitana,I,I,I,<blank>,"$7,001 a $10,000",<blank>,0
0,<blank>,0,2196,30,F,<blank>,95,reclutamientocadaques@hotmail.com,Estefany,<blank>,<blank>,1,Hernández,2021-01-21,I,<blank>,metropolitana,I,I,I,<blank>,"$7,001 a $10,000",<blank>,0
0,<blank>,0,2197,30,F,<blank>,95,reclutamientocadaques@hotmail.com,Estefany,<blank>,<blank>,1,Hernández,2021-01-21,I,<blank>,metropolitana,I,I,I,<blank>,"$7,001 a $10,000",<blank>,0
0,<blank>,0,2198,30,F,<blank>,95,reclutamientocadaques@hotmail.com,Estefany,<blank>,<blank>,1,Hernández,2021-01-21,I,<blank>,metropolitana,I,I,I,<blank>,"$7,001 a $10,000",<blank>,0
0,<blank>,0,2199,30,F,<blank>,95,reclutamientocadaques@hotmail.com,Estefany,<blank>,<blank>,1,Hernández,2021-01-21,I,<blank>,metropolitana,I,I,I,<blank>,"$7,001 a $10,000",<blank>,0
0,<blank>,0,2200,30,F,<blank>,95,reclutamientocadaques@hotmail.com,Estefany,<blank>,<blank>,1,Hernández,2021-01-21,I,<blank>,metropolitana,I,I,I,<blank>,"$7,001 a $10,000",<blank>,0
0,<blank>,0,2201,30,F,<blank>,95,reclutamientocadaques@hotmail.com,Estefany,<blank>,<blank>,1,Hernández,2021-01-21,I,<blank>,metropolitana,I,I,I,<blank>,"$7,001 a $10,000",<blank>,0
0,<blank>,0,2202,30,F,<blank>,95,reclutamientocadaques@hotmail.com,Estefany,<blank>,<blank>,1,Hernández,2021-01-21,I,<blank>,metropolitana,I,I,I,<blank>,"$7,001 a $10,000",<blank>,0
0,<blank>,0,2203,30,F,<blank>,95,reclutamientocadaques@hotmail.com,Estefany,<blank>,<blank>,1,Hernández,2021-01-21,I,<blank>,metropolitana,I,I,I,<blank>,"$7,001 a $10,000",<blank>,0
0,<blank>,0,2204,30,F,<blank>,95,reclutamientocadaques@hotmail.com,Estefany,<blank>,<blank>,1,Hernández,2021-01-21,I,<blank>,metropolitana,I,I,I,<blank>,"$7,001 a $10,000",<blank>,0
0,<blank>,0,2205,30,F,<blank>,95,reclutamientocadaques@hotmail.com,Estefany,<blank>,<blank>,1,Hernández,2021-01-21,I,<blank>,metropolitana,I,I,I,<blank>,"$7,001 a $10,000",<blank>,0
0,<blank>,0,2206,30,F,<blank>,95,reclutamientocadaques@hotmail.com,Estefany,<blank>,<blank>,1,Hernández,2021-01-21,I,<blank>,metropolitana,I,I,I,<blank>,"$7,001 a $10,000",<blank>,0
0,<blank>,0,2207,30,F,<blank>,95,reclutamientocadaques@hotmail.com,Estefany,<blank>,<blank>,1,Hernández,2021-01-21,I,<blank>,metropolitana,I,I,I,<blank>,"$7,001 a $10,000",<blank>,0
0,<blank>,0,2208,30,F,<blank>,95,reclutamientocadaques@hotmail.com,Estefany,<blank>,<blank>,1,Hernández,2021-01-21,I,<blank>,metropolitana,I,I,I,<blank>,"$7,001 a $10,000",<blank>,0
0,<blank>,0,2209,30,F,<blank>,95,reclutamientocadaques@hotmail.com,Estefany,<blank>,<blank>,1,Hernández,2021-01-21,I,<blank>,metropolitana,I,I,I,<blank>,"$7,001 a $10,000",<blank>,0
0,<blank>,0,2210,25,I,<blank>,37,mcprechum@gmail.com,hugo,<blank>,<blank>,1,jimenez,2021-03-11,I,<blank>,metropolitana,I,I,Lic. En Contabilidad,<blank>,I,<blank>,3
0,<blank>,0,2211,<blank>,M,<blank>,83,karina.g@saycemx.com,Alma Karina,<blank>,<blank>,1,Galindo Bueno,2021-03-19,I,<blank>,todojalisco,I,I,I,<blank>,"$10,001 a $13,000",<blank>,2
0,<blank>,0,2212,<blank>,M,<blank>,83,karina.g@saycemx.com,Alma Karina,<blank>,<blank>,1,Galindo Bueno,2021-03-19,I,<blank>,todojalisco,I,I,I,<blank>,"$10,001 a $13,000",<blank>,2
0,<blank>,0,2213,20,I,<blank>,29,rrhh@benitosantos.com.mx,Ismeni ,<blank>,<blank>,1,Garibay Guerrero,2021-04-27,I,<blank>,metropolitana,I,I,I,<blank>,Abierto,<blank>,1
0,<blank>,0,2214,20,I,<blank>,29,rrhh@benitosantos.com.mx,Ismeni ,<blank>,<blank>,1,Garibay Guerrero,2021-04-27,I,<blank>,metropolitana,I,I,I,<blank>,Abierto,<blank>,1
0,<blank>,0,2215,20,I,<blank>,29,rrhh@benitosantos.com.mx,Ismeni ,<blank>,<blank>,1,Garibay Guerrero,2021-04-27,I,<blank>,metropolitana,I,I,I,<blank>,Abierto,<blank>,1
0,<blank>,0,2216,20,I,<blank>,29,rrhh@benitosantos.com.mx,Ismeni ,<blank>,<blank>,1,Garibay Guerrero,2021-04-27,I,<blank>,metropolitana,I,I,I,<blank>,Abierto,<blank>,1
0,<blank>,0,2217,20,I,<blank>,29,rrhh@benitosantos.com.mx,Ismeni ,<blank>,<blank>,1,Garibay Guerrero,2021-04-27,I,<blank>,metropolitana,I,I,I,<blank>,Abierto,<blank>,1
0,<blank>,0,2218,25,I,<blank>,50,rrhh@benitosantos.com.mx,Ismeni ,<blank>,<blank>,1,Garibay Guerrero,2021-04-27,I,<blank>,todojalisco,I,I,I,<blank>,"$10,001 a $13,000",<blank>,2
0,<blank>,0,2219,25,I,<blank>,50,rrhh@benitosantos.com.mx,Ismeni ,<blank>,<blank>,1,Garibay Guerrero,2021-04-27,I,<blank>,todojalisco,I,I,I,<blank>,"$10,001 a $13,000",<blank>,2
0,<blank>,0,2220,25,I,<blank>,50,rrhh@benitosantos.com.mx,Ismeni ,<blank>,<blank>,1,Garibay Guerrero,2021-04-27,I,<blank>,todojalisco,I,I,I,<blank>,"$10,001 a $13,000",<blank>,2
0,<blank>,0,2221,25,I,<blank>,50,rrhh@benitosantos.com.mx,Ismeni ,<blank>,<blank>,1,Garibay Guerrero,2021-04-27,I,<blank>,todojalisco,I,I,I,<blank>,"$10,001 a $13,000",<blank>,2
0,<blank>,0,2222,25,I,<blank>,50,rrhh@benitosantos.com.mx,Ismeni ,<blank>,<blank>,1,Garibay Guerrero,2021-04-27,I,<blank>,todojalisco,I,I,I,<blank>,"$10,001 a $13,000",<blank>,2
0,<blank>,0,2223,20,I,<blank>,29,rrhh@benitosantos.com.mx,Ismeni ,<blank>,<blank>,1,Garibay Guerrero,2021-04-28,I,<blank>,metropolitana,I,I,I,<blank>,Abierto,<blank>,1
0,<blank>,0,2224,20,I,<blank>,29,rrhh@benitosantos.com.mx,Ismeni ,<blank>,<blank>,1,Garibay Guerrero,2021-04-28,I,<blank>,metropolitana,I,I,I,<blank>,Abierto,<blank>,1
0,<blank>,0,2225,25,I,<blank>,95,rrhh@benitosantos.com.mx,Ismeni ,<blank>,<blank>,1,Garibay Guerrero,2021-04-28,I,<blank>,metropolitana,I,I,I,<blank>,"$5,001 a $7,000",<blank>,2
0,<blank>,0,2226,25,I,<blank>,95,rrhh@benitosantos.com.mx,Ismeni ,<blank>,<blank>,1,Garibay Guerrero,2021-04-28,I,<blank>,metropolitana,I,I,I,<blank>,"$5,001 a $7,000",<blank>,2
0,<blank>,0,2227,25,I,<blank>,95,rrhh@benitosantos.com.mx,Ismeni ,<blank>,<blank>,1,Garibay Guerrero,2021-04-28,I,<blank>,metropolitana,I,I,I,<blank>,"$5,001 a $7,000",<blank>,2
0,<blank>,0,2228,25,I,<blank>,95,rrhh@benitosantos.com.mx,Ismeni ,<blank>,<blank>,1,Garibay Guerrero,2021-04-28,I,<blank>,metropolitana,I,I,I,<blank>,"$5,001 a $7,000",<blank>,2
0,<blank>,0,2229,<blank>,I,<blank>,95,gina.gonzalez@phoeniximm.com,GINA,<blank>,<blank>,1,GONZALEZ,2021-06-15,I,<blank>,extranjero,I,I,I,<blank>,I,<blank>,3
0,<blank>,0,2230,35,I,<blank>,29,administracion@multicart.com.mx,Lizette,<blank>,<blank>,1,Esqueda,2021-06-30,I,<blank>,metropolitana,I,C,Bachelor Of Business Administration,<blank>,"$7,001 a $10,000",<blank>,5
0,<blank>,0,2231,35,I,<blank>,29,administracion@multicart.com.mx,Lizette,<blank>,<blank>,1,Esqueda,2021-06-30,I,<blank>,metropolitana,I,C,Bachelor Of Business Administration,<blank>,"$7,001 a $10,000",<blank>,5
0,<blank>,0,2232,30,I,<blank>,29,administracion@multicart.com.mx,Lizette,<blank>,<blank>,1,Esqueda,2021-07-05,I,<blank>,metropolitana,I,I,I,<blank>,"$7,001 a $10,000",<blank>,3
0,<blank>,0,2233,30,I,<blank>,29,administracion@multicart.com.mx,Lizette,<blank>,<blank>,1,Esqueda,2021-07-05,I,<blank>,metropolitana,I,I,I,<blank>,"$7,001 a $10,000",<blank>,3
0,<blank>,0,2234,25,I,<blank>,95,atencionaclientes@splint.mx,LOURDES ,<blank>,<blank>,1,ROMERO,2021-07-06,I,<blank>,I,I,I,I,<blank>,I,<blank>,2
0,<blank>,0,2235,25,I,<blank>,95,atencionaclientes@splint.mx,LOURDES ,<blank>,<blank>,1,ROMERO,2021-07-06,I,<blank>,I,I,I,I,<blank>,I,<blank>,2
0,<blank>,0,2236,25,I,<blank>,95,atencionaclientes@splint.mx,LOURDES ,<blank>,<blank>,1,ROMERO,2021-07-06,I,<blank>,I,I,I,I,<blank>,I,<blank>,2
0,<blank>,0,2237,25,I,<blank>,95,atencionaclientes@splint.mx,LOURDES ,<blank>,<blank>,1,ROMERO,2021-07-06,I,<blank>,I,I,I,I,<blank>,I,<blank>,2
0,<blank>,0,2238,25,I,<blank>,95,atencionaclientes@splint.mx,LOURDES ,<blank>,<blank>,1,ROMERO,2021-07-06,I,<blank>,I,I,I,I,<blank>,I,<blank>,2
0,<blank>,0,2239,25,I,<blank>,95,atencionaclientes@splint.mx,LOURDES ,<blank>,<blank>,1,ROMERO,2021-07-06,I,<blank>,I,I,I,I,<blank>,I,<blank>,2
0,<blank>,0,2240,25,I,<blank>,95,atencionaclientes@splint.mx,LOURDES ,<blank>,<blank>,1,ROMERO,2021-07-06,I,<blank>,I,I,I,I,<blank>,I,<blank>,2
0,<blank>,0,2241,25,I,<blank>,95,atencionaclientes@splint.mx,LOURDES ,<blank>,<blank>,1,ROMERO,2021-07-06,I,<blank>,I,I,I,I,<blank>,I,<blank>,2
0,<blank>,0,2242,25,I,<blank>,95,atencionaclientes@splint.mx,LOURDES ,<blank>,<blank>,1,ROMERO,2021-07-06,I,<blank>,I,I,I,I,<blank>,I,<blank>,2
0,<blank>,0,2243,25,I,<blank>,95,atencionaclientes@splint.mx,LOURDES ,<blank>,<blank>,1,ROMERO,2021-07-06,I,<blank>,I,I,I,I,<blank>,I,<blank>,2
0,<blank>,0,2244,25,M,<blank>,95,atencionaclientes@splint.mx,LOURDES ,<blank>,<blank>,1,ROMERO,2021-07-06,I,<blank>,metropolitana,I,I,I,<blank>,I,<blank>,2
0,<blank>,0,2245,25,M,<blank>,95,atencionaclientes@splint.mx,LOURDES ,<blank>,<blank>,1,ROMERO,2021-07-06,I,<blank>,metropolitana,I,I,I,<blank>,I,<blank>,2
0,<blank>,0,2246,25,M,<blank>,95,atencionaclientes@splint.mx,LOURDES ,<blank>,<blank>,1,ROMERO,2021-07-06,I,<blank>,metropolitana,I,I,I,<blank>,I,<blank>,2
0,<blank>,0,2247,25,M,<blank>,95,atencionaclientes@splint.mx,LOURDES ,<blank>,<blank>,1,ROMERO,2021-07-06,I,<blank>,metropolitana,I,I,I,<blank>,I,<blank>,2
0,<blank>,0,2248,25,M,<blank>,95,atencionaclientes@splint.mx,LOURDES ,<blank>,<blank>,1,ROMERO,2021-07-06,I,<blank>,metropolitana,I,I,I,<blank>,I,<blank>,2
0,<blank>,0,2249,25,M,<blank>,95,atencionaclientes@splint.mx,LOURDES ,<blank>,<blank>,1,ROMERO,2021-07-06,I,<blank>,metropolitana,I,I,I,<blank>,I,<blank>,2
0,<blank>,0,2250,25,M,<blank>,95,atencionaclientes@splint.mx,LOURDES ,<blank>,<blank>,1,ROMERO,2021-07-06,I,<blank>,metropolitana,I,I,I,<blank>,I,<blank>,2
0,<blank>,0,2251,25,M,<blank>,95,atencionaclientes@splint.mx,LOURDES ,<blank>,<blank>,1,ROMERO,2021-07-06,I,<blank>,metropolitana,I,I,I,<blank>,I,<blank>,2

