www,tipo,email,codigo,estado,nombre,contacto,telefono,domicilio
http://www.proempleogdl.org,programa,proempleo_gdl@proempleo.org.mx,1,1,"Fundación Proempleo Productivo, Guadalajara A.C.",Guadalupe Vargas Hernández,3133-0080,"Av. López Mateos Sur 6170, Fracc. Las Fuentes, Zapopan, Jalisco"
http://www.aceleradora.iteso.mx,aceleradora,portal@iteso.mx,2,1,Aceleradora de Empresa ITESO,Sara Ortiz Cantú,3669 3434-3150,"Periférico Sur Manuel Gómez Morín #8585, Tlaquepaque Jal."
http://www.competitividadcmicjalisco.org/,incubadora,a.flores@cmicjalisco.org,3,1,Incubadora de la Cámara Mexicana de la Industria de la Construcción Jalisco,Alberto Flores Martínez,3615-7212 x 299,"Lerdo de Tejada No. 2151 Col. Americana, Guadalajara, Jal."
http://incubadoras.iteso.mx/proginnt/,incubadora,iebt@iteso.mx,4,1,Incubadora de Empresas de Base Tecnológica PROGINNT,Elisa Prieto Silva,3669-34343 x 3880,"Independencia #1018, Parques del Bosque, Tlaquepaque, Jal."
http://www.cuvalles.udg.mx/emprendurismo/,programa,saragarcia@profesores.valles.udg.mx,5,1,Centro de Emprendurismo e Incubación Región Valles,María Mercedes León Sánchez,"01 (375) 758-0500, 758-0148 ","Carretera Guadalajara-Ameca Km. 45.5 Apartado Postal #200, Ameca, Jal."
http://itslahuerta.edu.mx/emprendurismo.html,programa,direccion@itslahuerta.edu.mx,6,1,Centro de Emprendurismo e Incubación La Huerta,Ing. Juan Miguel López Domínguez,"01 (357) 384-0440, 384-1884 al 86","Av. Rafael Palomera No 161, La Huerta, Jal."
http://ciee.cucea.udg.mx/interes.php,programa,mrosas@cucea.udg.mx,7,1,Centro Internacional de Excelencia Empresarial (CIEE) Universidad de Guadalajara ,Sandra Rosas,3770-3393,"Av. Periférico Norte 799, edificio B primer piso Zapopan, Jal."
http://www.incubarte.mx/,incubadora,fr.gabriela@gmail.com,8,1,Incubadora de Empresas Culturales,Gabriela Flores Rosas,3630-6037,"Av. La Paz #2261 3er. Piso Col. Reforma, Guadalajara, Jal."
http://www.incubadoradelaup.com/,incubadora,ftorres@up.edu.mx,9,1,Centro de Emprendimiento de la Universidad Panamericana,Ing. Francisco Torres Conde,333-110-1693,"Av. Vallarta 6503, Plaza Concentro, Local B22-B Zapopan, Jal."
http://utzmg.edu.mx/UTZMG/index.php,incubadora,mandrade@utzmg.edu.mx,10,1,Centro de Ideas Productivas UTZMG,Miguel Ángel Andrade Verduzco,01 (33) 37 70 16 65 ext. 4,"Venustiano Carranza #21 Santa Cruz de las Flores,  Tlajomulco de Zúñiga, Jal. México C.P. 45640 "
http://www.mexicoemprende.com.mx/jal/coparmex/index.php?option=com_content&view=frontpage&Itemid=57,incubadora,vinculacion@coparmexjal.org.mx,11,1,COPARMEX INCUBA,Guadalupe Medrano Gutiérrez,"01 (33) 38-18- 41- 00, 38 18 41 55 Ext. 176","López Cotilla  # 1465, 1er. Piso Esq. Chapultepec, Col. Americana,  Guadalajara.  Jalisco, México."
http://www.unedl.edu.mx/servicios.html ,incubadora,emprende@udedl.edu.mx ,12,1,Incubadora Prende – Asesoría a Mipymes,Salvador Flores Espinoza ,01 (33) 36-14-52-14,"Av. Enrique Díaz de León #324 Guadalajara, Jalisco. México "
http://www.camaradecomerciogdl.mx/es/incubadora.html ,incubadora,asesorcme@camaradecomerciogdl.mx  ,13,1,Incubadora CANACO Emprende,"Gabriela Valdez Hurtado, Erik Herrera Martínez",01 (33) 38-80- 90-79 Ext. 2079,"Av. Vallarta No. 4095, Fracc. Camino Real, Zapopan. Jalisco, México."
http://www.zapopan.gob.mx/ceproe/incubacion/ ,incubadora,aduenas@zapopan.gob.mx,14,1,Incubadora del H. Ayuntamiento de Zapopan,"Ángel Dueñas, Fabián González, Miguel Colín",01 (33) 38-18- 22-00 Ext.1141 y 1143,"Av. Vallarta # 6503 Plaza Concentro Local F-65 Col. Unidad Granja, Zapopan. Jalisco, México."
http://www.univa.mx/index.php?option=com_content&view=article&id=127&Itemid=157,incubadora,hugo.rojas@univa.mx,15,1,CEGEM Centro de Gestión Empresarial UNIVA Puerto Vallarta,"Hugo Roberto Rojas, Mary Carmen Alfaro Ruiz",01 (322) 226-12-12 Ext. 1205,"Av. Universidad del valle de Atemajac # 500 Fracc. Villas Universidad, Puerto Vallarta. Jalisco, México"
http://www.ciudadguzman.gob.mx/Pagina.aspx?id=58357793-17ee-47a6-b67d-d587f27627d7,incubadora,empresas.jalisco@hotmail.com ,16,1,Incubadora de Empresas CIE,Diana Toro,"01 (341) 41-22-563, 41-34-249","Palacio Municipal: Av. Cristóbal Colón # 62, Ciudad Guzmán. Jalisco, México. "
http://www.itszapopan.edu.mx/,incubadora,vpc777@hotmail.com,17,1,Centro de Emprendurismo e Incubación ITSD,"Verónica Puentes, Lizette Gutiérrez","01(33) 36-82-11-82,  36-82-11-80  Ext. 156","Camino Arenero # 1101, Colonia El Bajio.  Zapopan, Jalisco. México."
http://www.ceti.mx,incubadora,subdir.investigacion@ceti.mx,18,1,Incubadora de Empresas CETI,"Solvi Neli Silva, Francisco Javier Pulido",01 (33) 36-41-32-50 Ext. 261,"Calle Nueva Escocia # 1885, Fracc. Providencia, Guadalajara, Jalisco. México "
http://148.243.161.214/UPJAL/,incubadora,maldrete.sistemas@upzmg.edu.mx,19,1,Centro de Emprendurismo e Incubación UPJAL/UPZMG,Marisol Aldrete Contreras,01 (33) 36-31-34-53,"Carretera Tlajomulco Santa Fe km. 3.5 # 595, Col. Lomas de Tejeda. Tlajomulco de Zúñiga, Jalisco. México"
http://www.itschapalavirtual.edu.mx/webpedei/index.php,incubadora,jaguilera@itschapala.com,20,1,Centro de Emprendurismo e Incubación PEDEI ,José Antonio Aguilera,01 (376) 76-64-757,"Libramiento Chapala, Ajijic # 200, Chapala. Jalisco, México"
http://www.teclagos.edu.mx/alumnos/Emprendurismo.html,incubadora,roadrunnerpg1172@hotmail.com,21,1,Centro de Emprendurismo e Incubación CEI Lagos de Moreno,Eleazar Ponce,"01 (474) 72-52-100,  72-52-101, 74-12-485 Ext. 185","Libramiento Tecnológico No. 5000 Col. Portugalejo de los Romanes, Lagos de Moreno.  Jalisco, México"
http://www.itstequila.edu.mx/,incubadora,dmiramontes@itstequila.edu.mx,22,1,Centro de Emprendurismo e Incubación CEI Tequila,"Ing. Eduardo Daniel Miramontes García, Lic. Verónica Sandoval García","01 (374) 722-72-72, 742-18-88 Ext. 1009","Dr. Joel Magallanes # 501 Col. Lomas del paraíso, Tequila. Jalisco, México."
http://www.cemciv.com/pages/cemciv.php,incubadora,hector.benitez@tecvallarta.edu.mx,23,1,"Centro de Emprendurismo, Capacitación, Investigación y Vinculación CEMCIV",Héctor M. Benítez,01 (322) 22-656-00 Ext. 110,"Av. México 1201 Altos, Col. Agua Zarca (Entrada por concretos Miracle), Puerto Vallarta. Jalisco, México."
http://www.itsarandas.edu.mx/,incubadora,itsdearandas@yahoo.com.mx,24,1,Centro de Emprendurismo e Incubación CEI ARANDAS,Norma A. Aguirre,"01 (348) 78-320-10, 78-320-20  Ext. 1124",Libramiento Sur Km. 2.7 Arandas. Jalisco México. 
http://www.univa.mx/index.php?option=com_content&view=article&id=657&Itemid=193,incubadora,lorena.gonzalez@univa.mx,25,1,Centro de Gestión Empresarial CEGEM UNIVA,Lorena González González,01 (33) 31 34 08 00 Ext. 1001,"Av. Tepeyac # 4800, Prados Tepeyac, Zapopan. Jalisco, México. "
http://www.utj.edu.mx/webutj/index.php?option=com_content&view=article&id=67&Itemid=112,incubadora,resparza@utj.edu.mx,26,1,Centro de Incubación de Empresas UTJ,Rodolfo Esparza,"01 (33) 30 30 09 57, 30 30 09 16 Ext. 1152","Luis J. Jiménez  # 577, Colonia Primero de Mayo, Guadalajara.  Jalisco, México."
http://einstein.dip.udg.mx/vox/index.php?option=com_content&view=article&id=87,incubadora,jvillalv@newton.dip.udg.mx,27,1,IEBET UdeG Incubadora de Empresas de Base Tecnológica,Juan Villalvazo  Naranjo,01 (33) 38 36 45 00 Ext. 2909,"Blvd. Marcelino García Barragán  # 1421, esq. Calzada olímpica, Guadalajara.  Jalisco, México. "
http://portal.guadalajara.gob.mx/tramites/incubadora-de-dise-o-de-software-de-guadalajara-0,incubadora,yolandasanchezsz@gmail.com  ,28,1,Incubadora de Diseño de Software del Ayuntamiento de Guadalajara,"Eduardo Ramírez Ruiz, Yolanda Sánchez Sánchez","01 (33) 12 04 85 27,  12 04 25 05","Av. Hidalgo # 400 Entre las calles pedro Loza y Alcande, Guadalajara. Jalisco, México."
http://www.itesm.edu/wps/wcm/connect/Campus/gda/guadalajara/Incubadora+de+empresas,incubadora,red.incubadoras@servicios.itesm.mx,29,1,Incubadoras ITESM,José Garza Melchor,N/D,"Av. General Corona # 2514 Zapopan.  Jalisco, México."
http://www.coyoacan.uvmnet.edu/incubadora/,incubadora,alejandra.rodriguezt@uvmnet.edu,30,1,INCUBADORA UVM,Alejandra Rodríguez de la Torre,01 (33) 37-77-34-00 Directo 37 77 34 09 Ext. 46952,"Anillo Periférico Poniente No. 7900, Col. Jardines del Collí, Zapopan, Jalisco."
http://incubadoracuci.site40.net/#,incubadora,hquintero.ec@gmail.com,31,1,Incubadoras de Empresas CUCIENEGA,Luis Héctor Quintero,"01 (392) 92-59-400, 38-36-45-03 Ext. 8400","Av. Universidad # 1115, Col. Lindavista, Ocotlán. Jalisco, México"
http://www.tectamazula.edu.mx/emprendurismodatos.html,incubadora,ceintamazula@hotmail.com,32,1,Centro de Emprendurismo e incubación de negocios CEIN ,"Mayté Serratos, Iván Gpe. Rodríguez Gálvez",01 (358) 41-68-629 Ext. 1027 directo  41-61-435 ,"Carretera Tamazula- santa Rosa # 329, Tamazula de Gordiano. Jalisco, México."
http://portalsej.jalisco.gob.mx/estudia-jalisco/instituto-tecnologico-de-tlajomulco/,incubadora,cergoni@hotmail.com,33,1,Incubadora de Empresas ITTJ,Ivette Cervantes González,01 (33) 37-72-44-26 Ext. 124 ,"Km. 10 carretera Tlajomulco-San Miguel Cuyutlán, Tlajomulco de Zúñiga. Jalisco, México."
http://politecnica.sems.udg.mx/,incubadora,mcc.sgh@hotmail.com,34,1,Escuela Politécnica UDG CEI,"Mtra. Marcela Cardona, Katalin Robles Toth","01 (33) 36-19-98-14, 36-19-83-15","Av. Revolución # 1500, Guadalajara. Jalisco, México."
http://incubadora.uag.mx/apps_articles_full.php?articles_id=1,incubadora,carias@edu.uag.mx,35,1,Centro de Inteligencia para el Apoyo a Emprendedores,Rodolfo Esparza,01 (33) 36 48 88 24 Ext. 32335,"Avenida Patria z  # 1201, Lomas del valle, Zapopan.  Jalisco, México."
http://www.incubadorasocial.org/elsauz/index.php,incubadora,alondrabello@invitados.itesm.mx,36,1,Incubadoras ITESM El SAUZ,"Alondra Bello, María del Mar Jaimes Fabián","01 (33) 31 44 36 66, 31 44 36 58","Av. Patria # 3116, DIF Centro de desarrollo Comunitario, Col. El Sauz. Tlaquepaque,  Jalisco. México"
http://www.incubadorasocial.org/laureles/index.php,incubadora,gloriagarza@itesm.mx,37,1,Incubadoras ITESM LAURELES,"Alondra Bello, Gloria Garza Urgueño","01 (33) 38 32 31 46, 38 32 29 37","Av. Laureles # 1151 casi esquina con periférico. Col. Fovisste. Zapopan,  Jalisco. México"
http://www.incubadorasocial.org/jocotan/index.php,incubadora,kprodriguez@itesm.mx,38,1,Incubadoras ITESM JOCOTÁN,"Alondra Bello, Karla Paola Rodríguez Retes","01 (33) 36 27 02 15, 36 27 02 17","Av. Manuel M. Dieguez # 190 Col. Jocotán.  Zapopan,  Jalisco. México."
N/D,incubadora,gwo@indesac.org,39,1,Incubadoras de Empresas INDESAC,Guillermo Woo Gómez,01 (33) 36-47-43-47,"Niños Héroes # 2903, Col. Jardines del Bosque, Guadalajara. Jalisco, México"
http://portal.iteso.mx/portal/page/portal/Dependencias/Rectoria/Dependencias/Direccion_de_Integracion_Comunitaria/Dependencias/CUE/JOVEM,incubadora,eriliz@iteso.mx,40,1,Incubadoras ITESO JOVEN,"Erika Plasencia, Mauricio Torrecilla",01 (33) 36 69 34 34 Ext. 3736,"Periférico Sur Manuel Gómez Morín # 8585. Tlaquepaque,  Jalisco. México"
http://www.premioemprendedor.org.mx/,programa,proyectos@coparmexjal.org.mx,41,1,Premio COPARMEX al Emprendedor,Priscila Hernández,01 (33) 38 18 41 22,"López Cotilla # 1465-1 Col. Americana, Guadalajara. Jalisco México"
http://cepii.baum3.com/,programa,frgomez@cepii.com.mx,42,1,Centro Panamericano de Investigación e Innovación (CEPii),Francisco Javier Gómez Barrón,01 (33) 31-65-25-19,"Calzada Circunvalación Poniente # 49 Ciudad Granja, Guadalajara. Jalisco, México"
http://www.caminoscondestino.org.mx/,programa,mariel_paredesreynoso@yahoo.com.mx,43,1,Fundación Caminos con Destino CEI,"Mariel Paredes Reynoso, Mayra Nuño Márquez",01 (33) 36-30-63-71,"Benjamín Romero $ 33 (entre Av. La Paz y Juan matute), Col. Arcos Sur, Guadalajara. Jalisco, México"
http://www.icete.edu.mx/PRINCIPAL.html,programa,alaemvi@hotmail.com,44,1,Instituto Cultural Elvis A. C. CEI,Emilio Alatorre Villalobos,01 (33) 71 38-26-01-75,"Penitenciaria # 223 Zona Centro, Guadalajara. Jalisco, México"
http://www.itcdguzman.edu.mx/,programa,oly.itcg@gmail.com,45,1,Instituto Tecnológico Cd. Guzmán CEI,Rosa Olivia Chávez,"01 (341) 57-52-050, 57-52-051, 57-52-059 Ext. 125","Avenida tecnológica # 100 Ciudad Guzmán, Mpio.  Zapotlán el Grande. Jalisco, México "
http://www.univa.mx/index.php?option=com_content&view=article&id=362&Itemid=150,programa,edgar.pons@univa.mx,46,1,Centro de Gestión Empresarial CEGEM UNIVA Lagos de Moreno,Edgar Moreno,"01 (474) 741-20-00 Ext. 3500, 4520","Santiago Méndez Bravo # 616, Rancho San Agustín, Lagos de Moreno. Jalisco, México"
http://itselgrullo.edu.mx/,programa,alepartida@itselgrullo.edu.mx,47,1,Instituto Tecnológico Superior CEI GRULLO,Alejandra Partida García,01 (321) 387-04-76 Ext. 140,"Km. 5 Carretera El Grullo – Ejultla S/N Puerto de Barro, El Grullo. Jalisco, México"
http://www.cusur.udg.mx/,programa,amercado@cusur.udg.mx,48,1,Centro de Emprendurismo e Incubación CUSUR ,Alejandro Mercado Méndez,01 (341) 575-22-22   Ext. 6029,"Av. Enrique Arreola Silva # 883, Col. Centro, Ciudad Guzmán. Jalisco, México"
http://www.cucba.udg.mx/,programa,incubadora@cucba.udg.mx,49,1,Centro de Emprendurismo e Incubación CUCBA,José Simón Sánchez Santana,"01 (33) 37-77-11-99,  terminación 50 y 59 Ext. 3158","Km 15.5 carretera a Nogales, Predio las agujas. Zapopan, Jalisco, México"
http://www.ijalti.mx/index.php?option=com_content&view=frontpage&Itemid=1&lang=es,programa,grodriguezb@ijalti.org.mx,50,1,Instituto Jalisciense de la Tecnología de la Información CEI IJALTI,Gerardo Rodríguez Barba,01 (33) 30-30-70-72,N/D
http://www.endeavor.org.mx/sobre-endeavor,aceleradora,alejandra@endeavoroccidente.org.mx,51,1,ENDEAVOR,Alejandra Hernández,01 (33) 37-77-16-40 Ext. 1626,"Av. Patria # 324, Col. Jardines de la Patria. Zapopan, Jalisco, México"
http://www.nvm.org.mx/,aceleradora,informes@nvm.org.mx,52,1,New Ventures,N/D,N/D,N/D
http://visionaria.axeleratum.com/,aceleradora,info@visionaria.com,53,1,Visionaria,N/D,N/D,N/D
http://www.up.edu.mx/document.aspx?doc=22241,aceleradora,N/D,54,1,Universidad panamericana IPAPE - CEPii,N/D,01 (33) 31-65-25-19,"Calzada Nueva # 49 Ciudad Granja. Zapopan. Jalisco, México"
http://www.anahuac.mx/idearse/,aceleradora,itzel.lopez@anahuac.mx,55,1,Universidad Anáhuac IDEARSE,Mtra. Verónica Itzel López castro,01 (55) 56-27-02-10 Ext. 7164,N/D
http://www.impulsaaceleradora.com/site/,aceleradora,contacto@impulsamexico.com,56,1,Impulsa Aceleradora de Negocios ,N/D,01 (55) 54-81-69-60,N/D

