idnoticia,nota,ruta,fuente,imagen,titulo,status,fechapublica,introduccion
168,<blank>,http://www.milenio.com/negocios/Crecen_10_por_ciento_empleo-empleo_en_Jalisco_0_681531880.html,Prensa,foto_empleo.jpg,Crece 10% el empleo en Jalisco,1,2016-06-27 09:59:33,El periodismo necesita inversión. Comparte este artículo utilizando los íconos que aparecen en la página. La reproducción de este contenido sin autorización previa está prohibida.
169,<blank>,http://iieg.gob.mx/mgeneral.php?id=5,IIEG,ocupacion.jpg,Jalisco aporta el 8.6% del empleo Nacional,1,2016-06-27 10:06:02,"Jalisco se ha posicionado en segundo lugar a nivel nacional en trabajadores asegurados, aportando el 8.6% del empleo. En el sector servicios se concentra el 36% de los trabajadores asegurados, seguida de la industria de la transformación con el 25% y comercio con el 20%. Las actividades principales de la industria de la transformación son la elaboración de alimentos y la industria electrónica"
170,<blank>,http://www.elfinanciero.com.mx/economia/jalisco-es-la-capital-de-la-innovacion.html,http://www.elfinanci,foto_gobernador.jpg,"Aristóteles Sandoval, Gobernador de Jalisco ""Jalisco es la capital  de",1,2016-06-27 13:16:16,"El capital humano y el dominio del inglés son factores que han convertido a Jalisco la capital de la innovación tecnológica, aseguró el gobernador Aristóteles Sandoval."
182,<blank>,http://cepejalisco.com/superaria-empleo-meta-en-jalisco/,Consejo Estatal de P,imagen_cepe_empleo.jpg,Superaría empleo meta en Jalisco,1,2016-10-06 08:59:33,"En la primera mitad del año, la entidad registró 41 mil 584 nuevos empleos ante el Instituto Mexicano del Seguro Social (IMSS), más de la mitad de la meta para 2016, informó Héctor Pizano Ramos, titular de la Secretaría del Trabajo y Previsión social (STPS), en el marco de la Feria del Empleo que se realizó ayer en Plaza Universidad, en el Centro de Guadalajara, donde se ofrecieron 900 vacantes"
173,<blank>,http://www.unionjalisco.mx/articulo/2016/08/16/economia/guadalajara/generacion-de-empleo-crece-32-en-jalisco,www.unionjalisco.mx,imagen_empleo.jpg,Generación de empleo crece 32% en Jalisco,1,2016-08-23 15:27:54,"La entidad logró crear 47 mil 74 puestos formales en los primeros siete meses del año, 11 mil plazas más a las registradas en el mismo lapso del 2015"
183,<blank>,http://www.stps.gob.mx/gobmx/estadisticas/pdf/perfiles/perfil jalisco.pdf,STPS Jalisco,stps_jalisco.jpg,Información Laboral STPS Jalisco,1,2016-10-06 09:14:43,JALISCO EN EL CONTEXTO LABORAL NACIONAL
136,"<p>GUADALAJARA, JALISCO 12/09/2012(BI).- El Gobierno de Jalisco a trav\xe9s la Secretar\xeda de Planeaci\xf3n (SEPLAN) y los Organismos Estatales de Informaci\xf3n, presentaron a ciudadanos, acad\xe9micos, empresarios y l\xedderes sociales, el portal www.sieg.gob.mx en el cual se puede consultar la informaci\xf3n econ\xf3mica, demogr\xe1fica y territorial de Jalisco.</p>\r\n<div>\xa0</div>\r\n<div>El portal del SIEG se desarroll\xf3 con el prop\xf3sito de ser la ventanilla \xfanica en Jalisco en el \xe1mbito de la informaci\xf3n estad\xedstica y geogr\xe1fica, se parti\xf3 de integrar la informaci\xf3n y los principales productos de los organismos estatales: el Consejo Estatal de Poblaci\xf3n (COEPO), Sistema Estatal de Informaci\xf3n (SEIJAL), Instituto de Informaci\xf3n Territorial (IITEJ) y la Secretar\xeda de Planeaci\xf3n (SEPLAN).\xa0</div>\r\n<div>\xa0</div>\r\n<div>Adicionalmente en el portal se han vinculado de manera eficiente los principales sistemas de informaci\xf3n de los diferentes organismos y dependencias que aportan informaci\xf3n estad\xedstica y geogr\xe1fica sobre Jalisco.</div>\r\n<div>\xa0</div>\r\n<div>En el transcurso de la presentaci\xf3n los titulares de SEPLAN, COEPO, ITEEJ y SEIJAL firmaron un convenio de colaboraci\xf3n para actualizar oportunamente la informaci\xf3n del Portal SIEG.</div>\r\n<div>\xa0</div>\r\n<div>Durante su intervenci\xf3n, el Secretario de Planeaci\xf3n, Carlos Anguiano G\xf3mez, \xa0destac\xf3 que con el desarrollo del portal SIEG, el Gobierno de Jalisco, refrenda su compromiso con la transparencia, y m\xe1s a\xfan, consolida su liderazgo en el pa\xeds en materia de disponibilidad de la informaci\xf3n, al ofrecer a la ciudadan\xeda un mejor medio de consulta de la informaci\xf3n necesaria \xa0para la planeaci\xf3n, toma de decisiones y el desarrollo de proyectos, que se suma a los existentes, como el Portal Jalisco que por segundo a\xf1o consecutivo gan\xf3 el Primer Lugar en el \xcdndice de Gobierno Electr\xf3nico Estatal que eval\xfaa los portales de los Gobiernos Estatales del Pa\xeds. \xa0</div>\r\n<div>\xa0</div>\r\n<div>Por su parte, H\xe9ctor G\xf3mez, titular de la Secretar\xeda del Medio Ambiente para el Desarrollo Sustentable (Semades) resalt\xf3 la aplicaci\xf3n de la informaci\xf3n en el \xe1mbito gubernamental, una valiosa aplicaci\xf3n es la de gestionar recursos para los proyectos que generan beneficios para la ciudadan\xeda.\xa0</div>\r\n<div>\xa0</div>\r\n<div>Concretamente logramos recursos del Gobierno Federal por m\xe1s de 80 millones de pesos para los municipios, ah\xed, el IITEJ nos apoy\xf3 con informaci\xf3n territorial (que todos pueden consultar en el portal SIEG) para saber d\xf3nde instalar plantas para la transferencia de basura y los rellenos sanitarios de los seis sistemas intermunicipales que ya operan de manera adecuada, gracias a esta informaci\xf3n, se pueden tomar decisiones bajo condiciones de certidumbre.\xa0</div>\r\n<div>\xa0</div>\r\n<div>El titular del IITEJ, Humberto Guti\xe9rrez, se\xf1al\xf3 que el portal SIEG fue concebido a partir de conocer las necesidades de la sociedad y el gobierno, de encontrar informaci\xf3n de calidad, oportuna y veraz; y sobre todo con un solo clic, y agradeci\xf3 a los asistentes el que sean aliados de la informaci\xf3n para que se use para la toma de decisiones.\xa0</div>\r\n<div>\xa0</div>\r\n<div>En su oportunidad, N\xe9stor Garc\xeda, Director del SIEG, describi\xf3 varias caracter\xedsticas y aplicaciones de la informaci\xf3n del portal SIEG, entre las que destacan, que contextualiza la informaci\xf3n econ\xf3mica con la \xa0sociodemogr\xe1fica y la territorial.</div>\r\n<div>\xa0</div>\r\n<div>En el SIEG se tiene con este recinto de informaci\xf3n el insumo para poder abonar a la evaluaci\xf3n de un proyecto productivo por parte de un \xa0microempresario, soportar trabajos acad\xe9micos, \xa0realizar un ejercicio de planeaci\xf3n gubernamental en cualquiera de los 3 niveles de gobierno, o lo que la \xa0Ley de Desarrollo Econ\xf3mico que entra en vigor en enero de 2013 les exigir\xe1 a las pr\xf3ximas autoridades municipales, hacer un estudio de vocacionamiento de su localidad; estamos seguros que SIEG proporciona a trav\xe9s de su informaci\xf3n el 80% de los datos para que los ayuntamientos \xa0aterricen el estudio mencionado.</div>\r\n<div>\xa0</div>\r\n<div>Para el Dr. Luis Miguel Macia Nebot, Presidente de la Comisi\xf3n de Estudios Estrat\xe9gicos del Consejo de C\xe1maras Industriales de Jalisco, el SIEG ofrece a los ciudadanos y empresarios jaliscienses, la oportunidad de generar dinero.</div>\r\n<div>\xa0</div>\r\n<div>La informaci\xf3n debe servir para generar rentabilidad y certidumbre, en muchas regiones del pa\xeds pagar\xedan mucho dinero por esta informaci\xf3n que el gobierno nos proporciona gratuitamente, las decisiones basadas en informaci\xf3n son por mucho, m\xe1s efectivas que las basadas en corazonadas o experiencias, en el SIEG, \xa0todo se encuentra muy f\xe1cil y contar con esta informaci\xf3n nos genera una ventaja competitiva dijo Macia Nebot.</div>\r\n<div>\xa0</div>\r\n<div>Adicionalmente, M\xf3nica Mariscal Directora de COEPO puntualiz\xf3 que en el portal presentado se pueden encontrar m\xfaltiples aplicaciones multimedia, sistemas de Informaci\xf3n, libros en su versi\xf3n digital, con elementos adicionales de apoyo y documentos con la profundizaci\xf3n de estudios sociodemogr\xe1ficos.\xa0</div>\r\n<div>\xa0</div>\r\n<div>En representaci\xf3n del Sector Acad\xe9mico, la Dra. Nora Ampudia M\xe1rquez, Profesora Investigadora de la Universidad Panamericana, expres\xf3 que el SIEG es muy importante sobre todo en esta sociedad que se mueve hac\xeda el conocimiento, explic\xf3 que se inici\xf3 como usuaria desde la fase de construcci\xf3n y pruebas del portal y mencion\xf3 que la impresion\xf3 la velocidad con que crec\xeda la cantidad de informaci\xf3n que ahora se muestra en el portal, asimismo destac\xf3 lo amigable que es encontrar la informaci\xf3n.</div>\r\n<div>\xa0</div>\r\n<div>SIEG Amplia la posibilidad hac\xeda nuevos usuarios, es un ejemplo \xfanico en su tipo, ahorra tiempo dinero y esfuerzo, permite el desarrollo econ\xf3mico para Jalisco, estudios de diferentes \xe1mbitos ahora los tengo a la mano, es una herramienta indispensable para la investigaci\xf3n period\xedstica, para alejarnos de la tendencia de la “opinionitis”, porque opinar con fundamento es otra cosa, creo que es informaci\xf3n indispensable para las c\xe1maras empresariales, encontr\xe9 informaci\xf3n que en otros lados no es f\xe1cil de conseguir, pero que es muy valiosa</div>\r\n<div>\xa0</div>\r\n<div>Finalmente la Dra. Ampudia felicit\xf3 al Gobierno de Jalisco por el logro y plante\xf3 retos para que este sea mayor Por favor no vayan a hacer como otros portales nacionales en que cambian constantemente los v\xednculos y es muy dif\xedcil encontrar la informaci\xf3n, a\xfan hay por hacer, por ejemplo un \xedndice de calidad de empleo, un \xedndice de seguridad econ\xf3mica y social, sin embargo lo realizado es un gran logro, \xa0les agradezco a los organismos participantes.\xa0</div>\r\n<div>\xa0</div>\r\n<div>El SIEG ofrece m\xfaltiples aplicaciones multimedia y sistemas de Informaci\xf3n, entre los que destacan: Mapas socio-demogr\xe1ficos interactivos de Jalisco, estad\xedstica de Empleo, Comercio Exterior de Jalisco en plataforma de inteligencia de negocios, Matriz Insumo Producto, C\xe9dulas Municipales, Sistema interactivo de consulta de informaci\xf3n socio-demogr\xe1fica, Sistema de Informaci\xf3n Territorial en L\xednea, Carpetas Municipales, Atlas de caminos y carreteras, Red geod\xe9sica estatal, Atlas de riesgos, Ortofotos e im\xe1genes sobre el territorio y mapas tem\xe1ticos.</div>\r\n<div>\xa0</div>\r\n<div>Participaron en la presentaci\xf3n del portal SIEG: Mtro. Carlos Eduardo Anguiano G\xf3mez, Secretario de Planeaci\xf3n; Dr. H\xe9ctor Eduardo G\xf3mez Hern\xe1ndez, Secretario del Medio Ambiente para el Desarrollo Sustentable; Dr. Humberto Guti\xe9rrez Pulido, Director General del Instituto de Informaci\xf3n Territorial del Estado de Jalisco (IITEJ); Mtro. N\xe9stor Garc\xeda, Director General del Sistema Estatal de Informaci\xf3n del Estado de Jalisco (SEIJAL); Lic. M\xf3nica Mariscal Gonz\xe1lez, Directora General del Consejo Estatal de Poblaci\xf3n (COEPO); Dr. Luis Miguel Macia Nebot, Presidente de la Comisi\xf3n de Estudios Estrat\xe9gicos, Consejo de C\xe1maras Industriales de Jalisco; Dra. Nora C. Ampudia M\xe1rquez, Profesora Investigadora de la Universidad Panamericana y Mtro. Rigoberto L\xf3pez Camarena, Subdirector Estatal de Estad\xedstica del Instituto Nacional de Estad\xedstica y Geograf\xeda (INEGI), acad\xe9micos, ciudadanos y l\xedderes sociales.</div>",www.periodicoelsur.com/noticia.aspx?idnoticia=74879,EL SUR,wso.php,La información de Jalisco en un clic ,0,2012-09-13 12:27:25,<blank>
137,"<p>\xa0Guadalajara, Jalisco.- El secretario de Promoci\xf3n Econ\xf3mica del Estado, Jaime Eduardo Mart\xednez Flores, inform\xf3 que seg\xfan datos de Seijal, el mes de septiembre fue el que gener\xf3 m\xe1s alto registro de nuevos empleos de los \xfaltimos 38 meses, con cuatro mil 554 plazas, por lo que se tienen asegurados en Jalisco un mill\xf3n 340 mil 225 trabajadores.</p>\r\n<div>\xa0</div>\r\n<div>El saldo hasta la fecha es de un mill\xf3n 184 mil 361 empleos permanentes y 155 mil 854 eventuales. Por lo que asegur\xf3 podr\xe1n cumplir la meta pronosticada a principios de a\xf1o por Coparmex de terminar el 2012 con 52 mil empleos nuevos vamos bien, yo creo que s\xed vamos a llegar, expres\xf3 Mart\xednez Flores.</div>\r\n<div>\xa0</div>\r\n<div>Agreg\xf3 que es gracias a las empresas exportadoras y de capital extranjero que Jalisco oferta mejores salarios a sus trabajadores y alcanza el segundo lugar a nivel nacional con mejor ingreso familiar, en promedio de 40 mil pesos mensuales, ya que dijo el secretario se parte de que en el estado lo menos que recibe un trabajador son 2.5 salarios m\xednimos.</div>\r\n<div>\xa0</div>\r\n<div>Somos el segundo estado del pa\xeds con mejor ingreso familiar, se compara con Nuevo Le\xf3n, Estado de M\xe9xico y DF, sin embargo en Toluca se promedia por debajo de los 35 mil pesos, explic\xf3. Por lo que es importante seguir apoyando a las PyMEs a exportar, y por la cual entregaron este jueves reconocimientos a las asociaciones, consejos, c\xe1maras industriales y empresariales, que hicieron crecer las exportaciones en el estado un 17.04 por ciento, tres mil 463 millones de d\xf3lares m\xe1s que el a\xf1o pasado que fue de 16 por ciento.</div>\r\n<div>\xa0</div>\r\n<div>El coordinador regional de Prom\xe9xico, Sergio R\xedos C\xf3rdoba, destac\xf3 que Jalisco es el estado que absorbe el 50% de los recursos de apoyo del organismo federal, ya que las empresas jaliscienses son las que m\xe1s participan en los programas y misiones de comercio exterior a diversos pa\xedses. Adem\xe1s, mencion\xf3 que el Gobierno Estatal tambi\xe9n ha apoyado mucho en materia de inversi\xf3n privada.</div>\r\n<div>\xa0</div>\r\n<div>Tan s\xf3lo mencion\xf3 que Jalisco factura el 10% del comercio internacional del pa\xeds con las mil 436 empresas exportadoras, lo que ha permitido incrementar la derrama econ\xf3mica en los \xfaltimos a\xf1os exponencialmente, pues de 27 millones de d\xf3lares que generaron en 2007, el a\xf1o pasado alcanzaron los 35 mil 921 mdd y dan empleo a m\xe1s de 80 mil trabajadores.</div>\r\n<div>\xa0</div>\r\n<div>Por sectores, la industria electr\xf3nica sigue siendo la que mayor exporta con 55.4% del total de exportaciones del estado, le sigue el transporte con 13.7% y luego la industria alimentaria, bebidas, tabaco con el 5.3% a los principales destinos que son Estados Unidos, Colombia, Canad\xe1, Suiza y China.</div>\r\n<div>\xa0</div>\r\n<div>En tanto que el Seijal, inform\xf3 que en las importaciones Jalisco ascendi\xf3 a 27 mil 192 mdd, es decir un incremento de 5.4 por ciento respecto al mismo periodo de 2011.</div>\r\n<p>\xa0</p>",www.oem.com.mx/eloccidental/notas/n2729602.htm,El Informador,cc33f360-5f66-4b8d-8735-f4904416f70e.jpg,Cumplirá Jalisco meta en empleo,0,2012-10-16 10:35:57,"El secretario de Promoción Económica del Estado, Jaime Eduardo Martínez Flores..."
138,"<p>\xa0GUADALAJARA, JALISCO (16/OCT/2012).- \xa0La mitad de los aspirantes a licenciatura de la UdeG para el ciclo escolar 2012-B se concentr\xf3 en 10 carreras: Medicina, Derecho, Psicolog\xeda, Enfermer\xeda, Arquitectura, Administraci\xf3n, Negocios Internacionales, Contadur\xeda y Nutrici\xf3n (en ese orden), cuando la oferta es de m\xe1s de 80.</p>\r\n<div>\xa0</div>\r\n<div>La pir\xe1mide est\xe1 en desequilibrio: mientras concentran la mitad de los aspirantes las licenciaturas “tradicionales” de la Universidad de Guadalajara, aquellas que promueven el desarrollo tecnol\xf3gico y la competitividad se encuentran relegadas. \xbfPor qu\xe9 los j\xf3venes siguen eligiendo carreras de ciencias sociales, humanidades y salud, cuando las posibilidades de vinculaci\xf3n son ferozmente competidas y el futuro est\xe1 en el desarrollo de tecnolog\xedas?</div>\r\n<div>\xa0</div>\r\n<div>Ruth Padilla Mu\xf1oz, directora del Sistema de Educaci\xf3n Media Superior de la UdeG y miembro del Consejo General Universitario, asegura que el factor que predomina en la elecci\xf3n de carreras saturadas es la tradici\xf3n: seguir con la profesi\xf3n de familia.</div>\r\n<div>\xa0</div>\r\n<div>Hemos estado trabajando de manera muy intensa con orientaci\xf3n educativa y tutor\xedas; sin embargo, hay que considerar que, en la elecci\xf3n de vida y carrera, al joven le influyen m\xe1s los amigos y la familia que la informaci\xf3n que pueda recibir en la escuela.</div>\r\n<div>\xa0</div>\r\n<div>Por otra parte, a\xfan hay j\xf3venes que por su desempe\xf1o deficiente en matem\xe1ticas reh\xfayen a las licenciaturas vinculadas con esta \xe1rea: \xbfC\xf3mo hacer que un alumno con un rendimiento muy bajo en matem\xe1ticas elija una carrera de ingenier\xeda, cuando sabe que su miedo son las matem\xe1ticas? Mientras no tomemos, como pa\xeds y como Estado, medidas emergentes para que desde la educaci\xf3n b\xe1sica el aprendizaje de las matem\xe1ticas sea distinto, podemos hacer esfuerzos enormes para reorientar la matr\xedcula, pero dif\xedcilmente lo vamos a lograr.</div>\r\n<div>\xa0</div>\r\n<div>El argumento de la acad\xe9mica se cimenta en los m\xe1s recientes resultados de la prueba ENLACE en Jalisco, que ubican al Estado debajo de la media nacional, con 42% de los alumnos de primaria con nivel bueno y excelente en matem\xe1ticas, mientras en ciencias el porcentaje con habilidades insuficientes es de 68 por ciento. En secundaria empeora el panorama, con 18% de j\xf3venes en niveles de excelencia en matem\xe1ticas, y en ciencias 74% tiene habilidades insuficientes.</div>\r\n<div>\xa0</div>\r\n<div>En preparatoria, Jalisco ya supera la media nacional con apenas 32% de su estudiantado con nivel excelente en matem\xe1ticas. En el \xe1mbito internacional, M\xe9xico se encuentra en el lugar 48 de 65 pa\xedses respecto al nivel de competencias b\xe1sicas en estudiantes de 15 a\xf1os, seg\xfan los \xfaltimos resultados de la prueba PISA, promovida por la Organizaci\xf3n para la Cooperaci\xf3n y el Desarrollo Econ\xf3micos (OCDE).</div>\r\n<div>\xa0</div>\r\n<div>Mientras este pa\xeds est\xe9 tan deficiente en matem\xe1ticas y en las ciencias experimentales, va a ser muy dif\xedcil que los j\xf3venes elijan alguna carrera que exige matem\xe1ticas como su basamento, a\xf1ade Padilla Mu\xf1oz.</div>\r\n<div>\xa0</div>\r\n<div>Un ejemplo es Irving Garc\xeda, estudiante de quinto semestre de la Preparatoria de Jalisco. Viene de una familia de abogados y cree que esos antecedentes le aseguran un futuro en la profesi\xf3n: (Estudiar\xe9) Derecho porque me lo han inculcado desde peque\xf1o mis t\xedos y mis pap\xe1s; adem\xe1s me gusta… y les va muy bien.</div>\r\n<div>\xa0</div>\r\n<div>Conseguir trabajo no ser\xeda un problema para \xe9l, como s\xed podr\xeda ocurrir si se decidiera por Rob\xf3tica, que tambi\xe9n le interesa pero es m\xe1s complicada: “Matem\xe1ticas no se me da”, reconoce apenado. Una situaci\xf3n similar es la de su compa\xf1ero David Robles: tiene una visi\xf3n emprendedora, quiere tener un negocio y ser un empleador, pero a\xfan no sabe qu\xe9 carrera le conviene m\xe1s entre Derecho y Negocios Internacionales.</div>\r\n<div>\xa0</div>\r\n<div>Me interesan (esas carreras) porque por lo regular dejan m\xe1s dinero y lo que yo quiero es agarrar dinero para poner una empresa”, cuenta. “Llevo buen promedio y tengo palancas: un t\xedo trabaja en el tribunal… aunque s\xed quisiera salir en listas por mis promedios, sin paros.</div>\r\n<div>\xa0</div>\r\n<div>Otro obst\xe1culo a considerar: ni David ni sus amigos dominan el ingl\xe9s; saben que lo necesitar\xe1n, pero conf\xedan en que lo estudiar\xe1n a la par de la universidad.</div>\r\n<div>\xa0</div>\r\n<div>LA UNIVERSIDAD ACTUALIZA SUS PLANES DE ESTUDIO, PERO NO PREV\xc9 CAMBIOS CERCANOS</div>\r\n<div>Reorientar la matr\xedcula ser\xe1 in\xfatil si no hay mejores empleos: UdeG</div>\r\n<div>\xa0</div>\r\n<div>La Universidad de Guadalajara arroja al campo laboral alrededor de 13 mil graduados por a\xf1o: forma a la mitad de los profesionistas del Estado, mientras la otra mitad es atendida por instituciones privadas y la Secretar\xeda de Educaci\xf3n Jalisco. \xbfQu\xe9 est\xe1 haciendo la UdeG para ofertar licenciaturas que atiendan las necesidades de crecimiento econ\xf3mico del Estado y dejar de engrosar la lista de profesionistas desempleados?</div>\r\n<div>\xa0</div>\r\n<div>Ruth Padilla Mu\xf1oz, directora del Sistema de Educaci\xf3n Media Superior (SEMS) de la UdeG y miembro del Consejo General Universitario (CGU), asegura que los planes de estudios de las carreras en oferta son revisados cada seis a\xf1os o menos, para mejorar las habilidades que el mercado laboral requiere de sus egresados. Pero tambi\xe9n subraya que no hay justificaci\xf3n para expandir una oferta que apueste por la tecnolog\xeda si los salarios para los egresados son risibles: “Yo le dir\xeda que a un egresado de Ingenier\xeda Mecatr\xf3nica o Civil le est\xe1n pagando seis mil pesos, si bien le va (…) Si el contador puede recibir una cifra superior cuando inicia a trabajar, claro que va a optar por ese tipo de carreras”.</div>\r\n<div>\xa0</div>\r\n<div>Lo que dej\xf3 claro es que la UdeG se vincula con otras universidades del pa\xeds para mantener actualizados sus programas y su oferta acad\xe9mica, pero que no hay modificaciones de consideraci\xf3n en su oferta acad\xe9mica del corto plazo.</div>\r\n<div>\xa0</div>\r\n<div>INDICADORES</div>\r\n<div>Los egresados que buscan otros horizontes</div>\r\n<div>\xa0</div>\r\n<div>Porcentaje de profesionistas que laboran en \xe1reas que no son afines a su carrera, con base en las licenciaturas saturadas de la UdeG.</div>\r\n<div>\xa0</div>\r\n<div>Con mayores \xedndices \xa0 \xa0Con menores \xedndices</div>\r\n<div>\xa0</div>\r\n<div>Administraci\xf3n 65% \xa0 \xa0Medicina 30%</div>\r\n<div>\xa0</div>\r\n<div>Psicolog\xeda 51% \xa0 \xa0Nutrici\xf3n 30%</div>\r\n<div>\xa0</div>\r\n<div>Contadur\xeda 40% \xa0 \xa0Enfermer\xeda 30%</div>\r\n<div>\xa0</div>\r\n<div>Derecho 39% \xa0 \xa0Odontolog\xeda 30%</div>\r\n<div>\xa0</div>\r\n<div>Arquitectura 38%</div>\r\n<div>\xa0</div>\r\n<div>Fuente: Secretar\xeda del Trabajo y Previsi\xf3n Social, 2012.</div>\r\n<div>\xa0</div>\r\n<div>Poblaci\xf3n sin empleo en Jalisco, seg\xfan su escolaridad</div>\r\n<div>\xa0</div>\r\n<div>Sin estudios 5%</div>\r\n<div>\xa0</div>\r\n<div>Primaria 27%</div>\r\n<div>\xa0</div>\r\n<div>Secundaria 34%</div>\r\n<div>\xa0</div>\r\n<div>Bachillerato 14%</div>\r\n<div>\xa0</div>\r\n<div>Superior 20%</div>\r\n<div>\xa0</div>\r\n<div>Fuente: Secretar\xeda del Trabajo y Previsi\xf3n Social. Tercer trimestre 2012</div>\r\n<div>\xa0</div>\r\n<div>6,000 pesos son el salario promedio de los reci\xe9n egresados de licenciatura en Jalisco.</div>\r\n<div>\xa0</div>\r\n<div>5,000 pesos son el sueldo promedio que recibe la gente con empleo en Jalisco, con independencia de su escolaridad.</div>\r\n<div>\xa0</div>\r\n<div>S\xd3LO 28% SER\xc1N PARA PROFESIONISTAS</div>\r\n<div>Viene expansi\xf3n laboral en el corto plazo... pero para operativos</div>\r\n<div>\xa0</div>\r\n<div>Hasta 60% de las empresas en la regi\xf3n Centro del Estado tiene proyectos de expansi\xf3n hacia los pr\xf3ximos cinco a\xf1os, pero, de los nuevos empleos que se generar\xe1n en este periodo, 58% ser\xe1n de car\xe1cter operativo y s\xf3lo 28% ser\xe1n espacios para profesionistas de distintas \xe1reas, seg\xfan el Consejo Estatal para la Planificaci\xf3n de la Educaci\xf3n Superior (Coepes).</div>\r\n<div>\xa0</div>\r\n<div>Adem\xe1s, de las vacantes que surjan en dicho periodo para los profesionistas, m\xe1s de la mitad se inclinar\xe1n hacia las \xe1reas administrativa y econ\xf3mica, seguidas por ingenier\xedas y ciencias exactas, para dejar en tercera instancia a las ciencias biol\xf3gicas.</div>\r\n<div>\xa0</div>\r\n<div>La estrechez de oportunidades laborales en el Estado deja pocas opciones a los egresados: por una parte, pueden ocuparse en un \xe1rea no acorde a sus estudios, que en ocasiones requiere menor grado de escolaridad. Otra opci\xf3n es el subempleo, o bien, aceptar trabajos sin remuneraci\xf3n, como 154 mil 903 personas en el Estado, que representan 5% de los trabajadores. En el peor de los casos, engrosan la lista de la desocupaci\xf3n.</div>\r\n<div>\xa0</div>\r\n<div>Actualmente, de la poblaci\xf3n econ\xf3micamente activa de Jalisco (tres millones 468 mil 617 personas) 4% se encuentra desocupada, es decir, 159 mil 850 jaliscienses, de los cuales 36% est\xe1 en el rango de edades de 20 a 29 a\xf1os. Ello habla del alto nivel de j\xf3venes en el desempleo, que en M\xe9xico alcanza una tasa de 10%, seg\xfan la Secretar\xeda del Trabajo.</div>\r\n<div>\xa0</div>\r\n<div>La capacitaci\xf3n para el autoempleo es una de las apuestas de la UdeG, incluso desde antes de cursar la educaci\xf3n superior.</div>\r\n<div>\xa0</div>\r\n<div>La SEJ se desmarca de egresados sin empleo</div>\r\n<div>\xa0</div>\r\n<div>Que uno de cada cinco desempleados en Jalisco sea un profesionista debe ser cuesti\xf3n de la Universidad de Guadalajara, sugiere el secretario de Educaci\xf3n Jalisco (SEJ), Antonio Gloria Morales, pues se trata de la instituci\xf3n que mayor n\xfamero de egresados arroja en el \xe1rea de ciencias sociales y administrativas, que tambi\xe9n resultan ser de los profesionistas m\xe1s vers\xe1tiles para ubicarse en el campo laboral.</div>\r\n<div>\xa0</div>\r\n<div>Seg\xfan el funcionario, los egresados de los 17 institutos tecnol\xf3gicos del Estado cuentan una tasa de empleabilidad de 80% tan s\xf3lo tres meses despu\xe9s de concluir sus estudios superiores y de grado t\xe9cnico superior.</div>\r\n<div>\xa0</div>\r\n<div>Toda la oferta de educaci\xf3n superior de la Secretar\xeda de Educaci\xf3n va por el lado de las ingenier\xedas, de las licenciaturas que tienen un alto nivel tecnol\xf3gico, del t\xe9cnico superior universitario, de los t\xe9cnicos bachilleres, que son los que encuentran trabajo m\xe1s pronto. Tenemos que analizar m\xe1s a fondo esa estad\xedstica (20% de desempleados universitarios) para determinar cu\xe1les son las profesiones que tienen m\xe1s dificultad para encontrar una ocupaci\xf3n, sugiri\xf3 Gloria Morales.</div>\r\n<div>\xa0</div>\r\n<div>Se\xf1al\xf3 que son los convenios celebrados entre la Secretar\xeda y diversas empresas del \xe1mbito tecnol\xf3gico los que han permitido que sus estudiantes se capaciten seg\xfan las necesidades inmediatas de la industria y que, a su vez, se ve reflejado en la vinculaci\xf3n al campo laboral.</div>\r\n<div>\xa0</div>\r\n<div>Crece capacitaci\xf3n para el empleo en bachillerato</div>\r\n<div>\xa0</div>\r\n<div>Entre los esfuerzos de la UdeG para aumentar la posibilidad de vinculaci\xf3n al campo laboral de sus estudiantes, Ruth Padilla asegura que el SEMS incrementar\xe1 en el siguiente ciclo las carreras en el bachillerato t\xe9cnico para fomentar las habilidades de autoempleo, incluso antes de cursar la educaci\xf3n superior.</div>\r\n<div>\xa0</div>\r\n<div>Actualmente el SEMS cuenta con siete bachilleratos t\xe9cnicos y en febrero ser\xe1n nueve; adem\xe1s hay 14 carreras de profesional t\xe9cnico. Su vocaci\xf3n es fomentar el surgimiento de peque\xf1as empresas que generen nuevos empleos.</div>\r\n<div>\xa0</div>\r\n<div>La importancia de las carreras t\xe9cnicas radica en la cantidad de personal ocupado con este nivel de estudios, ya que, hasta el segundo trimestre de 2012, la mitad de la poblaci\xf3n empleada de Jalisco son personas con estudios de secundaria y nivel medio superior, es decir, un mill\xf3n 531 mil 870 empleados, por lo que capacitar en el trabajo a los bachilleres incrementa la competitividad de este sector productivo.</div>", www.informador.com.mx/jalisco/2012/411523/6/matematicas-y-tradicion-familiar-limitan-la-eleccion-de-la-carrera.htm ,El Informador,811629.jpg,Matemáticas y tradición familiar limitan la elección de la carrera,0,2012-10-16 10:47:31,"Por deficiencias con los números, los jóvenes eligen carreras con menor movilidad y más complicaciones en términos de empleo"
139,"<p>Guadalajara, Jal. (09/07/2013). Aunque la inversi\xf3n, productividad y exportaciones no son las esperadas para este a\xf1o por parte de los industriales, en el tema de empleo la Coparmex Jalisco reconoce que el estado ha logrado posicionarse como segunda entidad que ha generado mayor n\xfamero de plazas.</p>\r\n<p>Al corte del primer semestre del a\xf1o, \xd3scar Benavides Reyes, presidente del Consejo Patronal Mexicano en el estado, record\xf3 que seg\xfan datos del IMSS hasta el mes de mayo se generaron 28 mil 661 empleos, de los cu\xe1les el 83% son permanentes y el 17% eventuales.</p>\r\n<p>\xa0</p>\r\n<p>Esta cantidad de empleos nos coloca como la segunda entidad que m\xe1s empleos ha generado durante los primeros cinco meses del a\xf1o, s\xf3lo por detr\xe1s del Distrito Federal. Cabe se\xf1alar que el ritmo de generaci\xf3n de empleos de Jalisco en este periodo (2.12%), resulta incluso superior que el de la media nacional (1.82%), explic\xf3.</p>\r\n<p>Los m\xe1s de 28 mil empleos generados en Jalisco significan un 28% m\xe1s que el mismo periodo (enero-mayo) del a\xf1o 2012, es decir, seis mil 338 empleos formales m\xe1s.</p>\r\n<p>Con estas cifras, asegur\xf3 que se puede reafirmar la expectativa que hicieron a principios de 2013 de crear durante todo el a\xf1o 45 mil nuevos empleos para el estado.</p>\r\n<p>\xa0</p>\r\n<p>Sin embargo esta expectativa se basa en dos factores, uno interno y uno externo, en el primero depender\xeda de que Estados Unidos presentara un escenario superior a la expectativa de crecimiento actual (2%), y que M\xe9xico lograra canalizar en el corto plazo las expectativas que existen en los mercados internacionales. La conjunci\xf3n de estos dos factores permitir\xeda sumar cinco mil empleos m\xe1s a la expectativa inicial, sin embargo, descartan esto suceda, por lo que la adici\xf3n de esas cinco mil nueva plazas ser\xe1 nula.</p>\r\n<p>\xa0</p>\r\n<p>En lo que respecta al factor interno, se sumar\xedan dos mil empleos adicionales si este a\xf1o se hubieran mostrado avances en la culminaci\xf3n del Anillo Perif\xe9rico, la construcci\xf3n del Macrolibramiento, el inicio de la ampliaci\xf3n de la l\xednea 1 del Tren Ligero, el arranque de la construcci\xf3n de la l\xednea 3 del Tren Ligero, la construcci\xf3n de la segunda pista del aeropuerto o el mejoramiento en las condiciones de financiamiento a las micro, peque\xf1as y medianas empresas.</p>\r\n<p>\xa0</p>\r\n<p>Y como ninguna de estas situaciones ha acontecido, deja muy pocas probabilidades de esos empleos extras.</p>\r\n<p>Por lo que Jalisco tiene la posibilidad de crecer, aunque de manera moderada, el escenario de empleos que se plante\xf3 a inicios de a\xf1o.</p>",www.oem.com.mx/eloccidental/notas/n3047678.htm,El Occidental,c1e91234-d951-489b-9829-caf0b5038a29.jpg,Avanza la creación de empleo en Jalisco,0,2012-10-31 12:13:03,<blank>
142,"<p>Guadalajara, Jal. (30/07/2013). La p\xe9rdida de dinamismo obedece principalmente a una reducci\xf3n en las contrataciones de la industria automotriz y un menor n\xfamero de empleos en las empresas relacionadas con bebidas y tabaco; madera, productos met\xe1licos, as\xed como maquinaria y equipo.</p>\r\n<div>\xa0</div>\r\n<div>Con base en los resultados de la Encuesta Mensual de la Industria Manufacturera, en la fabricaci\xf3n de equipo de transporte el n\xfamero de trabajadores creci\xf3 5.86% en mayo, con lo que present\xf3 su menor aumento en m\xe1s de tres a\xf1os, desde marzo de 2010.</div>\r\n<div>\xa0</div>\r\n<div>A\xfan as\xed, en este sector se observa el mayor dinamismo en la generaci\xf3n de nuevas plazas.</div>\r\n<div>\xa0</div>\r\n<div>\xa0</div>\r\n<div>Tambi\xe9n con los mayores crecimientos est\xe1n las industrias que tienen que ver con la fabricaci\xf3n de equipo de c\xf3mputo, de comunicaciones, y de componentes y accesorios electr\xf3nicos, con 4.9%.</div>\r\n<div>\xa0</div>\r\n<div>\xa0</div>\r\n<div>Estos sectores destacan por estar entre los que muestran un mayor crecimiento en su producci\xf3n y en su volumen de exportaciones, que han logrado sortear, en parte, la desaceleraci\xf3n en Estados Unidos, el principal mercado de sus productos.</div>\r\n<div>\xa0</div>\r\n<div>\xa0</div>\r\n<div>Por el contrario, la mayor reducci\xf3n en el personal ocupado se observ\xf3 en la industria de bebidas y tabaco, con 3.5%, y en seguida est\xe1n la industria qu\xedmica y la fabricaci\xf3n de maquinaria y equipo, con 2.5 y 2.1%, en cada caso.</div>\r\n<div>\xa0</div>\r\n<div>\xa0</div>\r\n<div>El empleo total en las manufacturas result\xf3 de un crecimiento de 2% anual en el n\xfamero de obreros y de 0.6% en la cantidad de empleados.</div>\r\n<div>\xa0</div>\r\n<div>\xa0</div>\r\n<div>Durante mayo el n\xfamero de horas trabajadas se elev\xf3 1.8%, con 2.1% en las de obreros y 0.6 en los empleados.</div>\r\n<div>\xa0</div>\r\n<div>En tanto, las remuneraciones medias reales pagadas crecieron apenas 0.1%, resultado de un aumento de 0.5% en los salarios de los obreros, 0.3% en los sueldos de empleados y de 0.1% en las prestaciones sociales.</div>\r\n<div>\xa0</div>\r\n<div>\xa0</div>\r\n<div>Signos positivos</div>\r\n<div>\xa0</div>\r\n<div>Pese a la desaceleraci\xf3n en el empleo, la actividad en las manufacturas se mantiene al alza, considerando la capacidad de planta utilizada.</div>\r\n<div>\xa0</div>\r\n<div>\xa0</div>\r\n<div>Este indicador se ubic\xf3 en 80.8% en mayo, por arriba del 80.5% de abril. Adem\xe1s la cifra resulta mayor al 80.4% que promedi\xf3 en los primeros cinco meses del a\xf1o.</div>",www.elfinanciero.com.mx/secciones/economia/25603-aumento-17-anual-el-empleo-en-manufacturas.html,El Financiero,manufactura_mexico_bloomberg_12122012.JPG,La generación de empleos en el sector manufacturero se desaceleró,0,2013-07-30 12:02:29,El Instituto Nacional de Estadística y Geografía (INEGI) informó que en el mes de referencia el personal ocupado en la industria avanzó 1.7% a tasa anual.
143,"<p>\xa0Guadalajara, Jal. (30/07/2013). Desde antes de las 9:00 de la ma\xf1ana cientos de personas hacen fila para entregar sus solicitudes en Plaza Liberaci\xf3n con el objetivo de conseguir un empleo de los dos mil que oferta la Secretar\xeda del Trabajo Jalisco y el Servicio Nacional del Empleo.</p>\r\n<div>\xa0</div>\r\n<div>A diferencia de otras ferias del empleo que se realizan en este punto, en esta ocasi\xf3n la contrataci\xf3n ser\xe1 de manera inmediata por parte de nueve empresas.</div>\r\n<div>\xa0</div>\r\n<div>Los ex\xe1menes psicom\xe9tricos se har\xe1n este mismo d\xeda. El alcalde de Guadalajara, Ramiro Hern\xe1ndez, invita a los interesados a acudir al reclutamiento masivo, previsto a terminar hasta las 2:00 p.m.</div>\r\n<div>\xa0</div>\r\n<div>Las vacantes que hay: Para Gobierno Federal (Servicio de Protecci\xf3n Federal), Guardas (vigilancias de edificios p\xfablicos de Gobierno), Escoltas federales (resguardo de funcionarios de Gobierno)</div>\r\n<div>Sueldo mensual bruto 11,355. Prestaciones:\xa0</div>\r\n<div>Plaza federal, 40 d\xedas de aguinaldo, seguro de gastos m\xe9dicos mayores, seguro de retiro, vacaciones 2 veces al a\xf1o, ISSTE, FOVISSTE, entre otras.</div>\r\n<div>\xa0</div>\r\n<div>Requisitos:\xa0</div>\r\n<div>18-40 a\xf1os, ambos sexos, escolaridad m\xednima secundaria, homrbes cartilla militar terminada, disponibilidad inmediata para viajar e incluso cambiar de residencia.</div>\r\n<div>\xa0</div>\r\n<div>Para nueve empresas</div>\r\n<div>\xa0</div>\r\n<div>Lic. en econom\xeda o finanzas, contadores p\xfablicos, psic\xf3logos, ing. industrial, ing. en electr\xf3nica, ing. qu\xedmicos,ing.civil, lic. en administraci\xf3n, gerente de ventas, m\xe9dico general, jefe de operaciones, auxiliares administrativos, auxiliares contables, auxiliares de n\xf3mina, recepcionistas, secretarias, capturista de datos, t\xe9cnicos en inform\xe1tica y electricidad, cajeros, demostradoras, ch\xf3feres, entre otros</div>",www.informador.com.mx/economia/2013/475269/6/ofrecen-dos-mil-vacantes-de-contratacion-inmediata-en-plaza-liberacion.htm,El Informador,938777.jpg,Ofrecen dos mil vacantes de contratación inmediata en Plaza Liberación,0,2013-07-30 12:18:15,<blank>
144,"<p>\xa0(28/07/2013). Notimex</p>\r\n<div>\xa0</div>\r\n<div>La meta de formalizar 200 mil empleos por honorarios para lo que resta del a\xf1o es razonable si todos hacen su tarea, asegur\xf3 el presidente de la Confederaci\xf3n Patronal de la Rep\xfablica Mexicana (Coparmex), Juan Pablo Casta\xf1\xf3n.</div>\r\n<div>\xa0</div>\r\n<div>En lo que se tiene que trabajar con mayor \xe9nfasis, dijo, es en otorgar a los empresarios de menor tama\xf1o las facilidades para que formalicen a sus empleados, sin que ello signifique cargas onerosas para la econom\xeda de la empresa.</div>\r\n<div>\xa0</div>\r\n<div>Que haya condiciones de productividad que permitan a las empresas tener empleos formales y todos los trabajadores est\xe9n ah\xed y las empresas m\xe1s peque\xf1as tengan esquemas muy sencillos de tributaci\xf3n y al mismo tiempo pasen a la formalidad con acceso a casas para sus trabajadores, para ellos mismos, resalt\xf3.</div>\r\n<div>\xa0</div>\r\n<div>En entrevista con Notimex, el representante del sector patronal del pa\xeds se\xf1al\xf3 que el tema de la formalidad lo han venido trabajando incluso con propuestas para la reforma hacendaria, entonces es un tema que ya estamos buscando soluci\xf3n.</div>\r\n<div>\xa0</div>\r\n<div>Y es que, dijo, se requiere generar pol\xedticas p\xfablicas atractivas para que los trabajadores pasen a la formalidad, porque hasta hoy pasar a la formalidad significa que te inspeccionen, que te multen y que tengan que empezar a pagar impuestos y eso implica un costo muy alto para las empresas peque\xf1itas.</div>\r\n<div>\xa0</div>\r\n<div>Sin contar que casi por cada trabajador que gane mil pesos, la empresa tiene que disponer de unos 350 pesos m\xe1s para pagar las prestaciones sociales que tienen, pero adem\xe1s de ello, el control administrativo que se requiere implica costos adicionales que las empresas muy peque\xf1as no pueden hacer.</div>\r\n<div>\xa0</div>\r\n<div>Por eso, dijo que ya se busca un esquema muy sencillo para contribuir con las empresas, por lo que en un principio tiene que ser pr\xe1cticamente simb\xf3lica su contribuci\xf3n en los programas de capacitaci\xf3n y de desarrollo de competencias.</div>\r\n<div>\xa0</div>\r\n<div>Entonces nuestra idea es que se pague un impuesto sobre el flujo de las empresas que sea muy sencillo y f\xe1cil de retribuir y muy bajo para que la compa\xf1\xeda se anime y que se puedan tener capacitaci\xf3n y con ello las prestaciones, resalt\xf3 Casta\xf1\xf3n.</div>\r\n<div>\xa0</div>\r\n<div>Coment\xf3 que la Coparmex espera que el Programa para la Formalizaci\xf3n del Empleo 2013 sea amigable y sin sanciones.</div>\r\n<div>\xa0</div>\r\n<div>Nosotros estamos en el esp\xedritu de la promoci\xf3n de las empresas hacia un M\xe9xico m\xe1s formal y en ese sentido estamos participando. El clima de consenso nos lleva a que las empresas iremos teniendo condiciones para ir cumpliendo con la formalizaci\xf3n, anot\xf3.</div>\r\n<div>\xa0</div>\r\n<div>En ese sentido, coment\xf3, se prev\xe9 que en cinco a\xf1os la informalidad ya no sea de 60 por ciento de la Poblaci\xf3n Econ\xf3micamente Activa, sino por lo menos se reduzca a 50 por ciento.</div>\r\n<div>\xa0</div>\r\n<div>El l\xedder patronal aclar\xf3 no obstante que entre los trabajadores por honorarios que ser\xedan formalizados, s\xf3lo estar\xedan incluidos aquellos que ya generaron una relaci\xf3n laboral formal con su empresa.</div>\r\n<div>\xa0</div>\r\n<div>Es decir, depende de la naturaleza de su trabajo. Si el trabajador por honorarios es un trabajador fijo que tiene un s\xf3lo patr\xf3n, evidentemente hay una relaci\xf3n laboral y hay que estudiar c\xf3mo podemos caer en la formalidad para que sea una relaci\xf3n formal y no afecte el programa econ\xf3mico de la propia empresa, anot\xf3.</div>\r\n<div>\xa0</div>\r\n<div>En contraste, si el trabajador que emite el recibo de honorarios tiene varios patrones, evidentemente la naturaleza de su trabajo es de asesor\xeda y entonces si es diferente el trato que se debe de dar.</div>\r\n<div>\xa0</div>\r\n<div>Por ello, dijo, el sector privado iniciar\xe1 una campa\xf1a de culturizaci\xf3n para diferenciar muy bien si son servicios realmente externos o bien ya forman parte de la econom\xeda interna de la empresa y con ello buscar la formalizaci\xf3n.</div>\r\n<div>\xa0</div>\r\n<div>A\xf1adi\xf3 que al tiempo que se hace el esfuerzo por formalizar el empleo, el sistema de seguridad social deber\xe1 trabajar en una reforma que d\xe9 mayor calidad a los servicios y con ello atraigan a la formalizaci\xf3n del empleo.</div>\r\n<div>\xa0</div>\r\n<div>Los servicios de salud tienen que ser muy pero muy eficientes para que los trabajadores y los empresarios vean que es mucho m\xe1s conveniente estar en la formalidad que en la informalidad, se\xf1al\xf3 Casta\xf1\xf3n.</div>\r\n<div>\xa0</div>\r\n<div>Entonces, dijo, se deben tener facilidades promotoras de crecimiento para los microempresarios y servicios sociales eficientes para que los prefieran aunque cueste un poquito m\xe1s.</div>\r\n<div>\xa0</div>\r\n<div>Tenemos que buscar la forma de hacer m\xe1s eficiente el seguro social y menos costoso en su administraci\xf3n, de tal forma que el servicio mejore y sea rentable contribuir al mismo y ah\xed es una reforma estructural a los servicios de salud que tenemos que hacer entre todas las partes.</div>\r\n<div>\xa0</div>\r\n<div>Explic\xf3 que actualmente hay prestaciones que ya no corresponden a la realidad y que podr\xedan adelgazarse para hacer m\xe1s efectiva la atenci\xf3n a quienes usan y pagan el servicio. Los empresarios tenemos que contribuir con nuestras cuotas y estar en el M\xe9xico que queremos construir, finaliz\xf3.</div>",www.elfinanciero.com.mx/secciones/economia/25347-pide-ip-programa-de-formalizacion-de-empleo-amigable-y-sin-sanciones.html,El Financiero,Empleo_Jovenes_Cuartoscuro_28072013.jpg,Pide IP programa de formalización de empleo amigable y sin sanciones,0,2013-07-30 12:34:46,<blank>
141,"<p>\xa0Al instalar los consejos regionales Valles y Norte, el secretario de Desarrollo Econ\xf3mico, Jos\xe9 Palacios Jim\xe9nez, anunci\xf3 que Fojal pondr\xe1 a disposici\xf3n de la Regi\xf3n Valles 14.8 millones de pesos para 372 emprendedores de negocios que requieran cr\xe9dito.</p>\r\n<div>\xa0</div>\r\n<div>Para la Regi\xf3n Norte se anunciaron recursos por tres millones 800 mil pesos que permitir\xe1n apoyar a 200 emprendedores, quienes podr\xe1n solicitar un cr\xe9dito; adem\xe1s de ello, se les brindar\xe1 capacitaci\xf3n para que hagan un buen plan de negocios.</div>\r\n<div>\xa0</div>\r\n<div>El titular de la Secretar\xeda de Desarrollo Econ\xf3mico (Sedeco), indic\xf3 que para la generaci\xf3n de empresas y empleos el reto es grande y lo enfrentaremos juntos, la universidad nos dar\xe1 el conocimiento, la empresa la generaci\xf3n de empleos y el Gobierno a quitar trabas, a no estorbar.</div>\r\n<div>\xa0</div>\r\n<div>Jos\xe9 Palacios tambi\xe9n se refiri\xf3 al contexto econ\xf3mico nacional, en donde de acuerdo al reporte del IMSS, este a\xf1o algunos estados enfrentan un duro problema por la p\xe9rdida de empleos como Veracruz, que perdi\xf3 este a\xf1o 406 empleos; Durango, 759; Morelos, mil 379; Guerrero, mil 930 empleos; Chiapas, cinco mil 28; Michoac\xe1n, cinco mil 754 y el m\xe1s elevado, Sinaloa, que perdi\xf3 seis mil seis empleos de enero a mayo de este a\xf1o.</div>\r\n<div>\xa0</div>\r\n<div>En este mismo periodo Jalisco creci\xf3 28 mil 661 nuevas fuentes de empleo, nuestro estado creci\xf3 en bienestar y empleo, gracias al esfuerzo de empresarios y emprendedores que mostraron su confianza para seguir creciendo, por ello un reconocimiento y gratitud por su confianza a los empresarios, que colocaron a Jalisco en segundo lugar nacional de empleo.</div>\r\n<div>\xa0</div>\r\n<div>Por volumen de empleo, Jalisco tambi\xe9n es el segundo lugar nacional, superado s\xf3lo por el Distrito Federal. Hasta mayo Jalisco ten\xeda registrado ante el IMSS un mill\xf3n 378 mil empleos (1,378, 318); el Distrito Federal ten\xeda dos millones 849 mil (2,849,053).</div>\r\n<div>\xa0</div>\r\n<div>Palacios Jim\xe9nez concluy\xf3 que seguiremos trabajando, otorgando facilidades al empresario, porque eso es lo que hace que Jalisco se cueza aparte, ya estamos ejecutando la estrategia que nos permitir\xe1 reactivar la din\xe1mica econ\xf3mica, expuso.</div>\r\n<div>\xa0</div>\r\n<div>GIRA</div>\r\n<div>\xa0</div>\r\n<div>La delegaci\xf3n de Jalisco que realiz\xf3 una gira de promoci\xf3n por varios pa\xedses asi\xe1ticos present\xf3 un balance de las actividades llevadas a cabo, resaltando la visita que tres empresas orientales realizar\xe1n a Jalisco este mismo a\xf1o. El titular de la Secretar\xeda de Desarrollo Econ\xf3mico (Sedeco), Jos\xe9 Palacios Jim\xe9nez, destac\xf3 que estas compa\xf1\xedas exploran instalarse en el estado.</div>\r\n<div>\xa0</div>\r\n<div>Detall\xf3 que la gira comprendi\xf3 tres ciudades de Jap\xf3n: Tokio, Nagoya y Kioto; Se\xfal, en Corea del Sur y Taip\xe9i, en Taiw\xe1n, en donde encontraron muchas posibilidades de atraer capitales que generen empleo y bienestar. Nos metimos a la competencia con los otros estados, ya que no est\xe1bamos en la competencia. Esta gira ayudar\xe1 a que se genere una mejor situaci\xf3n econ\xf3mica en Jalisco, expuso Palacios Jim\xe9nez.</div>\r\n<div>\xa0</div>\r\n<div>El Secretario de Desarrollo Econ\xf3mico se\xf1al\xf3 que el total de empresas atendidas fueron 39 y que durante la gira se celebraron dos seminarios, el primero en Jap\xf3n, el 2 de julio, con la participaci\xf3n de 30 compa\xf1\xedas de los sectores automotriz, electr\xf3nico, energ\xedas verdes y farmac\xe9utico; y el segundo en Corea, donde asistieron quince empresas representantes de los sectores automotriz, electr\xf3nico y energ\xedas verdes.</div>\r\n<div>\xa0</div>\r\n<div>Agreg\xf3 que como resultado de esta gira de promoci\xf3n este mismo a\xf1o vendr\xe1n a Jalisco tres empresas asi\xe1ticas de la industria automotriz para explorar su instalaci\xf3n. El resto de las 39 empresas contactadas tendr\xe1n seguimiento para consolidar sus inversiones.</div>\r\n<div>\xa0</div>\r\n<div>Al exponer ante los medios de comunicaci\xf3n las actividades realizadas, Palacios Jim\xe9nez hizo hincapi\xe9 en que la marca Jalisco necesita reposicionarse en Oriente, dado que algunos de los directivos de las empresas con las que tuvieron reuniones manifestaron desconocer la oferta del estado, por lo que se sintieron muy interesados por el capital humano de la entidad, as\xed como por el desarrollo de la alta tecnolog\xeda.</div>\r\n<div>\xa0</div>\r\n<div>El titular de la Sedeco indic\xf3 que se dieron a conocer a los empresarios asi\xe1ticos las fortalezas de Jalisco, como su log\xedstica en aeropuertos y carreteras. Tambi\xe9n difundieron las facilidades e incentivos para instalarse en la entidad, con lo que se coloc\xf3 al estado dentro de los destinos de la inversi\xf3n extranjera oriental.</div>\r\n<div>\xa0</div>\r\n<div>La inversi\xf3n en esta gira de promoci\xf3n fue de 492 mil 519 pesos por parte de la Secretar\xeda de Desarrollo Econ\xf3mico, que incluy\xf3 vi\xe1ticos por 29 mil 912 pesos, hospedaje por 110 mil 248 pesos, transportaci\xf3n local por 75 mil 65.88 pesos, lavander\xeda por siete mil 747 pesos, servicio telef\xf3nico por cuatro mil 377 pesos, pasajes a\xe9reos por 132 mil 597 pesos y log\xedstica por 132 mil 569 pesos.</div>\r\n<div>\xa0</div>\r\n<div>La comitiva la integraron Jos\xe9 Palacios Jim\xe9nez, titular de la Sedeco; Edna Ram\xedrez Robles, coordinadora general de Promoci\xf3n Externa e Inversi\xf3n; Gabriela Mart\xedn \xcd\xf1iguez, directora general de Promoci\xf3n Internacional y Rub\xe9n Res\xe9ndiz, gerente general de Jaltrade</div>",www.oem.com.mx/eloccidental/notas/n3056787.htm,El Informador,fojal2013.jpg,Anuncia Fojal crédito para 372 emprendedores,1,2013-07-18 23:40:00,<blank>
148,"<p>\xa0GUADALAJARA, Jalisco(OEM-Informex).- Eduardo Almaguer Ram\xedrez, secretario del Trabajo y Previsi\xf3n Social del Gobierno del Estado, inform\xf3 que se est\xe1 en el camino de alcanzar la meta de 52 mil empleos formales al cierre de a\xf1o.</p>\r\n<div>\xa0</div>\r\n<div>Ello significa que Jalisco avanza en la materia pese a las dif\xedciles circunstancias por las que atraviesa actualmente el pa\xeds y augur\xf3 un incremento laboral en el campo por la temporada de cosecha.</div>\r\n<div>\xa0</div>\r\n<div>Por ello, dijo que \xe9sta y la pr\xf3xima semana la dependencia a su cargo firmar\xe1 convenios con agroproductores y patrones del campo para garantizar los derechos laborales de los jornaleros.</div>\r\n<div>\xa0</div>\r\n<div>Dio a conoce que hasta el momento como parte de estos convenios se ha logrado favorecer a cuatro mil jornaleros agr\xedcolas de los 16 mil que est\xe1n contabilizados en Jalisco.</div>\r\n<div>\xa0</div>\r\n<div>La Regi\xf3n Ci\xe9nega, as\xed como la Regi\xf3n Costa adem\xe1s de la Sierra Occidental es en donde principalmente se firmar\xe1n los convenios con los empresarios agr\xedcolas.\xa0</div>\r\n<div>\xa0</div>\r\n<div>Pr\xe1cticamente el 90% porque son las zonas donde m\xe1s jornaleros llegan y donde es la mayor producci\xf3n del Estado, expres\xf3 Almaguer Ram\xedrez.</div>\r\n<div>\xa0</div>\r\n<div>Se\xf1al\xf3 que la empresa Bioparques de Occidente, la cual manten\xeda en condiciones infrahumanas a sus jornaleros y que fuera sancionada por la STyPS, ya se acerc\xf3 con la autoridad para atender el tema de sus trabajadores conforme a la ley.</div>\r\n<div>\xa0</div>\r\n<div>En otro orden de ideas, Almaguer Ram\xedrez dio cuenta de la recuperaci\xf3n de ocho millones de pesos de recursos federales para destinarlos a temas de capacitaci\xf3n.</div>\r\n<div>\xa0</div>\r\n<div>Record\xf3 que el Sistema Nacional del Empleo (SNE) hab\xeda retirado a Jalisco este apoyo ya que en la pasada administraci\xf3n se detect\xf3 desvi\xf3 de recursos y favoritismos: Se han recuperado ya esos recursos y los manejamos con una din\xe1mica distinta; ustedes lo han visto, estamos trabajando muy fuerte en las becas de capacitaci\xf3n.</div>\r\n<div>\xa0</div>\r\n<div>Dijo que por las irregularidades encontradas ya fueron dados de baja dos funcionarios de la dependencia, quienes ten\xedan responsabilidad del manejo del recurso.\xa0</div>\r\n<div>\xa0</div>",www.oem.com.mx/eloccidental/notas/n3159714.htm,EL Occidental,uecp.jpg,Casi alcanza Jalisco meta en generación de empleos,0,2013-10-17 18:43:02,"En las regiones Ciénega, Costa y Sierra Occidental se firmarán convenios con agroproductores para que respeten los derechos laborales de los jornaleros."
149,"<p>GUADALAJARA, JALISCO (01/NOV/2013).- La econom\xeda de Jalisco\xa0 creci\xf3 4.2% en el segundo trimestre de 2013 con respecto al mismo periodo del a\xf1o anterior, un resultado positivo luego de que en el primer trimestre, pese a un crecimiento en t\xe9rminos generales, algunos de los sectores retrocedieron, inform\xf3 el Instituto Nacional de Estad\xedstica y Geograf\xeda con base en los resultados del Indicador Trimestral de la Actividad Econ\xf3mica Estatal (ITAEE).</p>\r\n<p>El ITAEE\xa0 est\xe1 compuesto por los indicadores trimestrales de las actividades primarias, industriales y de servicios del Estado. Los resultados del primer trimestre de 2013 registraron un crecimiento conjunto de apenas 0.3%, a causa del retroceso en los dos primeros indicadores y un aumento menor en las actividades de servicios.</p>\r\n<p>No obstante, los resultados del segundo trimestre muestran un aumento general: ocho puntos en las actividades primarias, casi tres en las industriales y cuatro y medio en las de servicios.</p>\r\n<p>La agricultura empuj\xf3 a las actividades primarias (que tambi\xe9n incluyen cr\xeda y explotaci\xf3n de animales, aprovechamiento forestal, pesca y caza) y, en este rubro, Jalisco fue la d\xe9cima mejor entidad.</p>\r\n<p>Las industrias manufactureras, en su caso, impulsaron a las actividades industriales (que tambi\xe9n agrupan miner\xeda, construcci\xf3n y electricidad); Jalisco fue la octava mejor entidad.</p>\r\n<p>Y, por \xfaltimo, Jalisco fue la tercera mejor entidad en el rubro de servicios, gracias sobre todo al empuje del comercio; los servicios inmobiliarios y de alquiler de bienes muebles e intangibles; las actividades del gobierno; la informaci\xf3n en medios masivos y los servicios financieros y de seguros.</p>\r\n<p>En el total de la econom\xeda, Jalisco fue la sexta mejor entidad del pa\xeds en el segundo trimestre del 2013.<br />\r\n\xa0</p>",www.informador.com.mx/economia/2013/494670/6/mejora-crecimiento-de-jalisco-en-el-segundo-trimestre.htm,El Informador,977449.jpg,Mejora crecimiento en Jalisco en el  II trimestre ,0,2013-11-05 09:41:45,"ubo un aumento de ocho puntos en las actividades primarias, casi tres en las industriales y cuatro y medio en las de servicios"

