id,idgrupo,nombre
1,16,Abogado
2,16,"Abogado, Notario Y Actuario"
3,2,Actuario
4,1,Administración
5,1,Administración de la Pequeña Empresa
6,10,Alimentos y Bebidas
7,12,Arquitecto
8,12,Arquitecto (Mod. Intnal.)
9,12,Arquitecto En Diseño De Interiores
10,12,Arquitecto Paisajista
11,12,Arquitecto Urbanista
12,12,Arquitectura
13,4,Artes Gráficas
14,1,Asistente Directivo
15,5,Automotriz
16,6,Biología
17,6,Biólogo
18,6,Biólogo Acuacultor
19,6,Biólogo Marino
20,6,Biólogo Pesquero
21,15,Bioquímico
22,19,Cirujano Dentista
23,24,Comercialización
24,12,Construcción
25,7,Contabilidad Financiera y Fiscal
26,7,Contador Público
27,7,Contador Público Internacional
28,7,Contador Público y Auditor
29,7,Contaduría Pública
30,7,Contaduría Y Estrategia Financiera
31,16,Derecho
32,14,Electricidad
33,14,Electricidad Industrial
34,14,Electricidad y Electrónica Industrial
35,14,Electromecánico
36,14,Electrónica Industrial
37,14,Electrónica y Automatización
39,19,Enfermero General
40,29,Físico
41,28,Geólogo
42,10,Hoteleria
43,17,Industria del Vestido
44,11,Informática
45,3,Ing. Acuacultor
46,11,Ing. Administrador De Sistemas
47,3,Ing. Agrícola
48,3,Ing. Agrícola Ambiental
49,3,Ing. Agrícola Y Ambiental
50,3,Ing. Agroecólogo
51,3,Ing. Agrohidráulico
52,3,Ing. Agroindustrial
53,3,Ing. Agrónomo
54,3,Ing. Agrónomo Administrador
55,3,Ing. Agrónomo En Agroecología
56,3,Ing. Agrónomo En Bosques
57,3,Ing. Agrónomo En Desarrollo Rural
58,3,Ing. Agrónomo En Economía Agrícola
59,3,Ing. Agrónomo En Estrategias Alternativas De Producción O En Zootecnia
60,3,Ing. Agrónomo En Fitomejoramiento
61,3,Ing. Agrónomo En Fitotecnia
62,3,Ing. Agrónomo En Floricultura
63,3,Ing. Agrónomo En Fruticultura
64,3,Ing. Agrónomo En Horticultura
65,3,Ing. Agrónomo En Industrias Forestales
66,3,Ing. Agrónomo En Irrigación
67,3,Ing. Agrónomo En Manejo De Agroecosistemas
68,3,Ing. Agrónomo En Manejo Integral Forestal
69,3,Ing. Agrónomo En Parasitología
70,3,Ing. Agrónomo En Producción
71,3,Ing. Agrónomo En Producción Animal
72,3,Ing. Agrónomo En Producción Animal Tropical
73,3,Ing. Agrónomo En Producción En Agroindustrias
74,3,Ing. Agrónomo En Producción En Fitotecnia
75,3,Ing. Agrónomo En Producción En Zootecnia
76,3,Ing. Agrónomo En Producción Pecuaria
77,3,Ing. Agrónomo En Producción Vegetal
78,3,Ing. Agrónomo En Silvicultura Tropical
79,3,Ing. Agrónomo En Silvicultura Y Manejo Forestal
80,3,Ing. Agrónomo En Sistemas Pecuarios De Zonas Áridas
81,3,Ing. Agrónomo En Suelos E Irrigación
82,3,Ing. Agrónomo En Zootecnia
83,3,Ing. Agrónomo Esp. En Económia Agrícola
84,3,Ing. Agrónomo Esp. En Fitotecnia
85,3,Ing. Agrónomo Esp. En Parasitología Agrícola
86,3,Ing. Agrónomo Esp. En Sociólogia Rural
87,3,Ing. Agrónomo Esp. En Suelos
88,3,Ing. Agrónomo Esp. En Zonas Tropicales
89,3,Ing. Agrónomo Esp. En Zootecnia
90,3,Ing. Agrónomo Fitotecnista
91,3,Ing. Agrónomo Hortícola
92,3,Ing. Agrónomo Horticultor
93,3,Ing. Agrónomo Industrial
94,3,Ing. Agrónomo Parasitólogo
95,3,Ing. Agrónomo Tropical
96,3,Ing. Agrónomo Zootecnista
97,3,Ing. Agroquímico
98,3,Ing. Ambiental
99,12,Ing. Arquitecto
100,15,Ing. Biomédico
101,11,Ing. Biónico
102,15,Ing. Bioquímica Industrial
103,15,Ing. Bioquímico
104,15,Ing. Bioquímico Ambiental
105,15,Ing. Bioquímico En Alimentos
106,15,Ing. Bioquímico En Fermentaciones
107,15,Ing. Bioquímico Industrial
108,6,Ing. Biotecnólogo
109,6,Ing. Biotecnólogo Acuícola
110,6,Ing. Biotecnólogo Ambiental
111,11,Ing. Cibernético Y En Sistemas Computacionales
112,12,Ing. Civil
113,12,Ing. Civil (Mod. Intnal.)
114,12,Ing. Civil Ambiental
115,12,Ing. Civil En Administracion Y Operacion Portuaria
116,12,Ing. Civil En Ing. Municipal
117,12,Ing. Civil En Obras Maritimas
118,12,Ing. Civil Para La Dirección
119,12,Ing. De La Construcción
120,12,Ing. De Minas
121,12,Ing. De Minas Y Metalurgista
122,11,Ing. Desarrollo De Software
123,27,Ing. Ecólogo
124,14,Ing. Electrica Y Electrónica
125,14,Ing. Electricista
126,14,Ing. Electricista Administrador
127,14,Ing. Eléctrico
128,14,Ing. Eléctrico Electrónico
129,14,Ing. Eléctrico Y En Sistemas Electrónicos
130,14,Ing. Electromecánico
131,14,Ing. Electromecanico En Automatizacion
132,14,Ing. Electromecánico En Diseño Y Manufactura
133,14,Ing. Electromecánico En Mecatrónica
134,11,Ing. Electrónica En Computación
135,11,Ing. Electrónica En Manufactura
136,11,Ing. Electrónica Y De Comunicaciones
137,11,Ing. Electrónico
138,11,Ing. Electrónico En Comunicaciones
139,11,Ing. Electrónico Y De Comunicaciones
140,3,Ing. En Acuicultura
141,1,Ing. En Administración
142,3,Ing. En Administración De Empresas Pesqueras
143,17,Ing. En Administración De La Manufactura
144,27,Ing. En Aeronáutica
145,3,Ing. En Agrobiología
146,3,Ing. En Agroecología
147,3,Ing. En Agronegocios
148,3,Ing. En Agronomía
149,10,Ing. En Alimentos
150,12,Ing. En Arquitectura
151,13,Ing. En Automatización
152,15,Ing. En Bioquímico
153,8,Ing. En Calidad Y Productividad
154,11,Ing. En Cibernética
155,11,Ing. En Cibernética Electrónica
156,10,Ing. En Ciencia De Los Alimentos
157,10,Ing. En Ciencia Y Tecnología De Alimentos
158,6,Ing. En Ciencias Ambientales
159,11,Ing. En Ciencias Computacionales
160,11,Ing. En Ciencias Computacionales Y Comunicaciones
161,11,Ing. En Ciencias Computacionales Y Telecomunicaciones
162,11,Ing. En Ciencias De La Computación
163,13,Ing. En Ciencias De Los Materiales
164,3,Ing. En Ciencias Forestales
165,33,Ing. En Ciencias Navales
166,11,Ing. En Computación
167,11,Ing. En Computación E Informática
168,11,Ing. En Computación Financiera
169,11,Ing. En Computación Y Electrónica
170,11,Ing. En Computación Y Redes De Computadoras
171,11,Ing. En Computación Y Sistemas
172,11,Ing. En Computación Y Sistemas Digitales
173,11,Ing. En Comunicación Y Electrónica
174,12,Ing. En Construcción
175,7,Ing. En Contaduría Administrativa
176,8,Ing. En Control De Calidad Y Sistemas
177,11,Ing. En Control De Computación
178,13,Ing. En Control E Instrumentación
179,13,Ing. En Control Y Automatización
180,11,Ing. En Control Y Computación
181,11,Ing. En Desarrollo De Aplicaciones Computacionales
182,11,Ing. En Desarrollo De Software
183,25,Ing. En Desarrollo Rural
184,0,Ing. En Desarrollo Sustentable
185,0,Ing. En Desarrollo Tecnológico
186,25,Ing. En Desarrollo Urbano Y Ecología
187,12,Ing. En Diseño
188,12,Ing. En Diseño Gráfico Digital
189,27,Ing. En Ecología
190,14,Ing. En Eléctrica
191,14,Ing. En Electricidad
192,14,Ing. En Electromecánica
193,11,Ing. En Electrónica
194,11,Ing. En Electrónica De Potencia
195,11,Ing. En Electrónica E Industrial
196,11,Ing. En Electrónica E Instrumentación
197,11,Ing. En Electrónica En Comunicaciones
198,11,Ing. En Electrónica En Electróica Marina
199,11,Ing. En Electrónica En Potencia
200,11,Ing. En Electrónica Industrial
201,11,Ing. En Electrónica Médica
202,11,Ing. En Electrónica Y Automatización
203,11,Ing. En Electrónica Y Computación
204,11,Ing. En Electrónica Y Comunicaciones
205,11,Ing. En Electrónica Y Control
206,11,Ing. En Electrónica Y Sistemas Digitales
207,11,Ing. En Electrónica Y Telecomunicaciones
208,11,Ing. En Eletrónica
209,13,Ing. En Energía
210,28,Ing. En Geociencias
211,28,Ing. En Geología Ambiental
212,28,Ing. En Geomática
213,13,Ing. En Hidráulica
214,3,Ing. En Horticultura
215,10,Ing. En Industria Alimentaria Con Esp. En Floricultura
216,10,Ing. En Industrias Alimentarias
217,3,Ing. En Industrias Alimentarias En Acuacultura
218,11,Ing. En Informática
219,11,Ing. En Informática Administrativa
220,11,Ing. En Informática Corporativa
221,11,Ing. En Informática Gerencial
222,11,Ing. En Instrumentación Electrónica
223,13,Ing. En Instrumentación Y Control
224,18,Ing. En Inteligencia De Mercados
225,3,Ing. En Irrigación
226,17,Ing. En La Administración De La Manufactura
227,3,Ing. En Manejo De Recursos Forestales
228,3,Ing. En Manejo De Recursos Naturales En Cons. De Rec. Naturales
229,3,Ing. En Manejo De Recursos Naturales En Fauna Silvestre
230,3,Ing. En Manejo De Recursos Naturales En Silvicultura Y Ecología De Bosques
231,13,Ing. En Mantenimiento Y Seguridad Industrial
232,17,Ing. En Manufactura
233,17,Ing. En Manufacturas De Autopartes
234,17,Ing. En Materiales
235,11,Ing. En Mecatronica
236,11,Ing. En Mecatrónica
237,11,Ing. En Mecatrónica (Mod. Intnal.)
238,11,Ing. En Mecatrónica Y En Sistemas De Control De Procesos
239,17,Ing. En Mecatrónica Y Producción
241,13,Ing. En Metalúrgia Y Materiales
242,13,Ing. En Minas Y Metalurgista
243,31,Ing. En Negocios Internacionales
244,22,Ing. En Obras Y Servicios
245,3,Ing. En Pesca
246,3,Ing. En Pesquerías
247,3,Ing. En Pesquerías En Acuicultura
248,3,Ing. En Pesquerías En Alimentos
249,3,Ing. En Pesquerías En Tecnología De Captura
250,6,Ing. En Planeación Y Manejo De Los Rec. Nat. Renov.
251,6,Ing. En Procesos Ambientales
252,17,Ing. En Procesos De Manufactura
253,17,Ing. En Procesos Industriales
254,17,Ing. En Procesos Organizacionales
255,17,Ing. En Producción
256,17,Ing. En Producción Vegetal
257,17,Ing. En Producción Y Comercialización Hortícola
258,6,Ing. En Recursos Acuáticos
259,3,Ing. En Recursos Naturales Y Agropecuarios
260,23,Ing. En Redes Computacionales
261,3,Ing. En Restauración Forestal
262,13,Ing. En Robótica Industrial
263,11,Ing. En Seguridad Computacional
264,11,Ing. En Sistema Computacionales
265,11,Ing. En Sistemas
266,1,Ing. En Sistemas Administrativos
267,3,Ing. En Sistemas Ambientales
268,11,Ing. En Sistemas Computacionales
269,11,Ing. En Sistemas Computacionales En Hardware
270,23,Ing. En Sistemas Computacionales En Redes
271,11,Ing. En Sistemas Computacionales En Software
272,11,Ing. En Sistemas Computacionales Y Administración
273,11,Ing. En Sistemas De Computación Administrativa
274,11,Ing. En Sistemas De Energía
275,11,Ing. En Sistemas De Información
276,11,Ing. En Sistemas De Información Y Electrónica
277,17,Ing. En Sistemas De Logística
278,18,Ing. En Sistemas De Mercadotecnia
279,17,Ing. En Sistemas De Producción
280,3,Ing. En Sistemas De Producción Agropecuaria
281,23,Ing. En Sistemas De Telecomunicaciones
282,32,Ing. En Sistemas De Transporte Urbano
283,11,Ing. En Sistemas Digitales
284,11,Ing. En Sistemas Digitales Y Comunicaciones
285,23,Ing. En Sistemas Digitales Y Telecomunicaciones
286,11,Ing. En Sistemas Electrónicos
287,13,Ing. En Sistemas Electrónicos Industriales
288,23,Ing. En Sistemas Electrónicos Y De Telecomunicaciones
289,17,Ing. En Sistemas Integrados Y De Manufactura
290,14,Ing. En Sistemas Mecánicos Y Eléctricos
291,3,Ing. En Sistemas Pecuarios
292,28,Ing. En Sistemas Topográficos
293,17,Ing. En Sistemas Y Automatización
294,11,Ing. En Sistemas Y Comunicaciones
295,13,Ing. En Sistemas Y Productividad Industrial
296,11,Ing. En Sistemas Y Tegnologías De Informacion
297,11,Ing. En Sistemas Y Telemática
298,11,Ing. En Software
299,11,Ing. En Tecnología De Captura
300,11,Ing. En Tecnología De La Infomática Y La Computación
301,13,Ing. En Tecnología De La Madera
302,23,Ing. En Tecnologías De Información Y Telecomunicaciones
303,11,Ing. En Tecnologías De La Información
304,11,Ing. En Tecnologías De La Informática Y La Computación
305,11,Ing. En Tegnologías Computacionales
306,11,Ing. En Tegnologías De Información Y Comunicaciones
307,11,Ing. En Tegnologías Electrónicas
308,23,Ing. En Telecomuicaciones Y Electrónica
309,23,Ing. En Telecomunicaciones
310,11,Ing. En Teleinformática
311,11,Ing. En Telemática
312,12,Ing. En Transporte
313,15,Ing. Farmacéutico
314,29,Ing. Físico
315,29,Ing. Físico Industrial
316,3,Ing. Fitosanitario
317,3,Ing. Fitotecnista
318,3,Ing. Forestal
319,3,Ing. Forestal Industrial
320,28,Ing. Geodésico
321,28,Ing. Geofísico
322,28,Ing. Geográfo
323,28,Ing. Geólogo
324,28,Ing. Geólogo En Geohidrología
325,28,Ing. Geólogo Mineralogista
326,28,Ing. Hidrológico
327,3,Ing. Hortícola
328,3,Ing. Horticultor
329,13,Ing. Industrial
330,13,Ing. Industrial Administrador
331,13,Ing. Industrial Eléctrico
332,13,Ing. Industrial En Calidad
333,13,Ing. Industrial En Electrónica
334,13,Ing. Industrial En Instrum. Y Control De Procesos
335,13,Ing. Industrial En Manufactura
336,13,Ing. Industrial En Mecánica
337,13,Ing. Industrial En Mecatrónica
338,13,Ing. Industrial En Procesos Y Servicios
339,13,Ing. Industrial En Producción Y Sistemas
340,13,Ing. Industrial En Productividad
341,13,Ing. Industrial En Textil
342,13,Ing. Industrial Mecánico
343,13,Ing. Industrial Para La Dirección
344,13,Ing. Industrial Químico
345,13,Ing. Industrial Y De Procesos
346,13,Ing. Industrial Y De Servicios
347,13,Ing. Industrial Y De Sistemas
348,13,Ing. Industrial Y De Sistemas (Mod. Intnal.)
349,13,Ing. Industrial Y De Sistemas De Calidad
350,13,Ing. Industrial Y En Sistemas Organizacionales
351,13,Ing. Industrial Y Gestión E Inovación Tegnológica
352,13,Ing. Industrial Y Sistemas
353,29,Ing. Matemático
354,14,Ing. Mecánica Y Eléctrica
355,14,Ing. Mecánico
356,14,Ing. Mecánico Administrador
357,14,Ing. Mecánico Administrador (Mod. Intnal.)
358,14,Ing. Mecánico Agrícola
359,5,Ing. Mecánico Automotríz
360,14,Ing. Mecánico Electricista
361,14,Ing. Mecánico Electricista En Elec. Y Electrónica
362,14,Ing. Mecánico Electricista En Energéticos
363,14,Ing. Mecánico Electricista En Mecánica
364,14,Ing. Mecánico Electricista En Ventas Técnicas
365,14,Ing. Mecánico Eléctrico
366,14,Ing. Mecanico En Diseño Mecanico Naval
367,14,Ing. Mecanico En Mantenimiento Industrial
368,14,Ing. Mecánico En Maquinaria Automotríz
369,14,Ing. Mecánico En Máquinas Navales
370,14,Ing. Mecánico En Refrigeración Y Aire Acondicionado
371,14,Ing. Mecánico Industrial
372,14,Ing. Mecánico Naval
373,14,Ing. Mecánico Y Eléctrico
374,14,Ing. Mecánico Y En Sistemas Energéticos
375,13,Ing. Mecatrónico
376,13,Ing. Metalúrgico
377,13,Ing. Metalurgista
378,13,Ing. Metalurgista Y De Materiales
379,13,Ing. Minero
380,13,Ing. Minero Metalúrgico
381,32,Ing. Municipal
382,33,Ing. Naval
383,33,Ing. Naval En Diseño De Buques
384,33,Ing. Naval En Produccion
385,13,Ing. Pesquero
386,13,Ing. Petrolero
387,15,Ing. Químico
388,15,Ing. Químico Administrador
389,15,Ing. Químico Administrador (Mod. Intnal.)
390,15,Ing. Químico Agrícola
391,15,Ing. Químico Agroindustrial
392,15,Ing. Químico Ambiental
393,15,Ing. Químico De Sistemas
394,15,Ing. Químico En Alimentos
395,15,Ing. Químico En Ingeniería De Procesos
396,15,Ing. Químico En Metalurgia
397,15,Ing. Químico En Tecnología En Alimentos
398,15,Ing. Químico Farmacobiólogo
399,15,Ing. Químico Industrial
400,15,Ing. Químico Metalúrgico
401,15,Ing. Químico Metalurgista
402,15,Ing. Químico Petrolero
403,15,Ing. Químico Petroquímico
404,15,Ing. Químico Y De Sistemas
405,15,Ing. Químico Y De Sistemas (Mod. Intnal.)
406,11,Ing. Sistemas Computacionales
407,11,Ing. Telemático
408,13,Ing. Textil
409,13,Ing. Textil En Acabados
410,13,Ing. Textil En Confección
411,13,Ing. Textil En Hilados
412,13,Ing. Textil En Tejidos
413,28,Ing. Topografía E Hidrología
414,28,Ing. Topógrafo
415,28,Ing. Topógrafo E Hidrógrafo
416,28,Ing. Topógrafo Geodésico
417,28,Ing. Topógrafo Geodesta
418,28,Ing. Topógrafo Geomático
419,28,Ing. Topógrafo Hidrólogo
420,28,Ing. Topógrafo Y Fotogrametrista
421,28,Ing. Topógrafo Y Geodesta
422,3,Ing. Zootecnista
423,3,Ing. Zootecnista Administrador
424,3,Ing. Zootecnista En Sistemas De Producción
425,11,Ing.en Electrónica
426,11,Ingeniero Y Arquitecto
429,12,Lic. En Arquitectura Y Urbanismo
430,26,Lic. Concertista De Arpa
431,26,Lic. Concertista De Clarinete
432,26,Lic. Concertista De Clavecín
433,26,Lic. Concertista De Contrabajo
434,26,Lic. Concertista De Corno Francés
435,26,Lic. Concertista De Fagot
436,26,Lic. Concertista De Flauta
437,26,Lic. Concertista De Guitarra
438,26,Lic. Concertista De Oboe
439,26,Lic. Concertista De Órgano
440,26,Lic. Concertista De Percusiones
441,26,Lic. Concertista De Piano
442,26,Lic. Concertista De Trombón
443,26,Lic. Concertista De Trompeta
444,26,Lic. Concertista De Tuba
445,26,Lic. Concertista De Viola
446,26,Lic. Concertista De Violín
447,26,Lic. Concertista De Violoncello
448,26,Lic. De Dirección De Orquesta
449,16,Lic. Derecho
450,12,Lic. Diseño De Interiores
451,26,Lic. Ejecutante De Piano
452,30,Lic. En Actividad Física Y Deportes
453,25,Lic. En Actuación
454,2,Lic. En Actuaría
455,2,Lic. En Actuaría Financiera
456,19,Lic. En Acupuntura Médica Y Rehabilitación Integral
457,1,Lic. En Administración
458,1,Lic. En Administración Acuícola
459,1,Lic. En Administración Aduanera
460,1,Lic. En Administración Agropecuaria Y Des. Rural
461,1,Lic. En Administración Agrotecnológica
462,1,Lic. En Administración Bancaria
463,1,Lic. En Administración Con Esp. En Mercadotecnia
464,1,Lic. En Administración De Agronegocios
465,1,Lic. En Administración De Computación
466,1,Lic. En Administración De Empresas
468,1,Lic. En Administración De Empresas (Mod. Intnal.)
469,1,Lic. En Administración De Empresas (Modalidad Mixta)
470,1,Lic. En Administración De Empresas Agropecuarias
471,1,Lic. En Administración De Empresas Área Deportiva
472,1,Lic. En Administración De Empresas En Comercialización
473,1,Lic. En Administración De Empresas En Manufactura
474,1,Lic. En Administración De Empresas En Producción
475,1,Lic. En Administración De Empresas Turísticas
476,1,Lic. En Administración De Empresas Y Calidad Total
477,1,Lic. En Administración De Empresas Y Mercadotecnia
478,1,Lic. En Administración De Empresas Y Sistemas
479,1,"Lic. En Administración De Hotelería, Restaurantería Y Gastronomía"
480,1,Lic. En Administración De Hoteles Y Restaurantes
481,1,Lic. En Administración De Instituciones
482,1,Lic. En Administración De La Hospitalidad
483,1,Lic. En Administración De La Tecnología Informática
484,1,Lic. En Administración De Mercadotecnia
485,1,Lic. En Administración De Negocios
486,1,Lic. En Administración De Negocios Internacionales
487,1,Lic. En Administración De Recursos Humanos
488,1,Lic. En Administración De Recursos Marinos
489,1,Lic. En Administración De Recursos Turísticos
490,1,Lic. En Administración De Restaurantes
491,1,Lic. En Administración De Servicios Turísticos
492,1,Lic. En Administración De Sistemas Computacionales
493,1,Lic. En Administración De Tegnologías De Información
494,1,Lic. En Administración De Tiempo Libre
495,1,Lic. En Administración Del Capital Humano
496,1,Lic. En Administración Del Deporte Y Recreación
497,1,Lic. En Administración Del Tiempo Libre
498,1,Lic. En Administración Educativa
499,1,Lic. En Administración Empresarial
500,1,Lic. En Administracion En Produccion
501,1,Lic. En Administración En: Desarrollo Empresarial
502,1,Lic. En Administración En: Empresas Agropecuarias
503,1,Lic. En Administración En: Finanzas
504,1,Lic. En Administración En: Mercadotecnia
505,1,Lic. En Administración En: Organizaciones Marinas
506,1,Lic. En Administracion En: Recursos Humanos
507,1,Lic. En Administración Estratégica
508,1,Lic. En Administración Financiera
509,1,Lic. En Administración Financiera (Mod. Intnal.)
510,1,Lic. En Administración Fiscal
511,1,Lic. En Administracion Fiscal Financiera
512,1,Lic. En Administración Gastronómica
513,1,Lic. En Administración Gubernamental
514,1,Lic. En Administración Hotelera
515,1,Lic. En Administración Hotelera Y Gastronomía
516,1,Lic. En Administración Hotelera Y Turística Est. En Francia
517,1,Lic. En Administración Hotelera Y Turística Est. En México
518,1,Lic. En Administración Industrial
519,1,Lic. En Administración Internacional
520,1,Lic. En Administración Pública
521,1,Lic. En Administración Pública Y Ciencia Política
522,1,Lic. En Administración Pública Y Desarrollo Municipal
523,1,Lic. En Administración Turística
524,1,Lic. En Administración Y Desarrollo Turístico
525,1,Lic. En Administración Y Direccion De Empresas
526,1,Lic. En Administración Y Dirección Del Deporte
527,1,Lic. En Administración Y Finanzas
528,1,Lic. En Administración Y Gestión De Organizaciones
529,1,Lic. En Administración Y Gestión Empresarial
530,1,Lic. En Administración Y Mercadotecnia
531,1,Lic. En Administración Y Negocios
532,1,Lic. En Administración Y Negocios Internacionales
533,1,Lic. En Administración Y Promoción De La Obra Urbana
534,1,Lic. En Administración Y Relaciones Industriales
535,1,Lic. En Administracion Y Sistemas
536,1,Lic. En Administración Y Tegnologías De Información
537,1,Lic. En Administracion: En Empresas Turisticas
538,1,Lic. En Adminstración
539,24,Lic. En Aduanas
540,3,Lic. En Agronegocios
541,3,Lic. En Agronegocios Internacionales
542,3,Lic. En Agronomía
543,15,Lic. En Análisis Químico Biológicos
544,25,Lic. En Antropología
545,25,Lic. En Antropología Cultural
546,25,Lic. En Antropología En: Antropología Histórica
547,25,Lic. En Antropología En: Antropología Linguística
548,25,Lic. En Antropología En: Antropología Social
549,25,Lic. En Antropología En: Arqueología
550,25,Lic. En Antropología Física
551,25,Lic. En Antropología Social
552,25,Lic. En Archivonomía
553,26,Lic. En Arpa
554,25,Lic. En Arqueología
555,12,Lic. En Arquitectura
556,12,Lic. En Arquitectura De Interiores
557,12,Lic. En Arquitectura En Diseño
558,12,Lic. En Arquitectura Urbanista
559,12,Lic. En Arquitectura Y Diseño Ambiental
560,4,Lic. En Arte
561,4,Lic. En Arte Dramático
562,4,Lic. En Arte Teatral
563,4,Lic. En Arte Y Patrimonio Cultural
564,4,Lic. En Artes Audiovisuales
565,4,Lic. En Artes En: Artes Escénicas/Danza
566,4,Lic. En Artes En: Artes Escénicas/Teatro
567,4,Lic. En Artes En: Artes Plásticas
568,4,Lic. En Artes En: Danza
569,26,Lic. En Artes En: Música
570,4,Lic. En Artes En: Teatro
571,4,Lic. En Artes Escénicas En: Danza Contemporánea
572,4,Lic. En Artes Escénicas En: Danza Folklórica
573,4,Lic. En Artes Escénicas En: Teatro
574,4,Lic. En Artes Plásticas
575,4,"Lic. En Artes Plásticas (Pintura, Escultura Y Grabado)"
576,4,Lic. En Artes Visuales
577,4,Lic. En Artes Visuales En: Artes Plásticas
578,4,Lic. En Artes Visuales En: Diseño Gráfico
579,4,"Lic. En Artes Visuales En: Pintura, Escultura, Dibujo Y Estampa"
580,9,Lic. En Asesoría Psicopedagógica
581,21,Lic. En Asuntos Internacionales
582,31,Lic. En Banca Y Finanzas
583,31,Lic. En Banca Y Mercados Financieros
584,25,Lic. En Bibliotecología
585,25,Lic. En Bibliotecología E Información
586,25,Lic. En Bibliotecología Y Ciencias De La Información
587,25,Lic. En Bibliotecología Y Estudios De La Información
588,25,Lic. En Biblioteconomía
589,6,Lic. En Biólogia
590,6,Lic. En Biología En Recursos Naturales
591,6,Lic. En Biología Experimental
592,6,Lic. En Biologia Marina
593,6,Lic. En Biología Molecular
594,6,Lic. En Biomedicina
595,15,Lic. En Bioquímica
596,6,Lic. En Biotecnologia
597,17,Lic. En Calidad Y Productividad
598,26,Lic. En Cantante De Ópera Y De Concierto
599,26,Lic. En Canto
600,26,Lic. En Canto (Bel Canto)
601,26,Lic. En Canto Gregoriano
602,9,Lic. En Ciencas De La Educación En Planeación Y Desarrollo
603,32,Lic. En Ciencia Política
604,32,Lic. En Ciencia Política (Mod. Intnal.)
605,32,Lic. En Ciencia Política Y Administración Urbana
606,1,Lic. En Ciencias Administrativas
607,24,Lic. En Ciencias Aduanales Y Comercio Exterior
608,3,Lic. En Ciencias Agropecuarias En: Agronegocios
609,3,Lic. En Ciencias Agropecuarias En: Horticultura
610,3,Lic. En Ciencias Agropecuarias En: Producción Agrícola
611,3,Lic. En Ciencias Agropecuarias En: Producción Pecuaria
612,3,Lic. En Ciencias Agropecuarias En: Protección Vegetal
613,3,Lic. En Ciencias Agropecuarias En: Suelos E Irrigación
614,25,Lic. En Ciencias Antropológicas
615,6,Lic. En Ciencias Atmosféricas
616,6,Lic. En Ciencias Biológicas
617,11,Lic. En Ciencias Computacionales
618,10,Lic. En Ciencias De Alimentos
619,11,Lic. En Ciencias De La Computación
620,4,Lic. En Ciencias De La Comunicación
621,4,Lic. En Ciencias De La Comunicación (Mod. Intnal.)
622,4,Lic. En Ciencias De La Comunicación En: Comunicación Educativa
623,4,Lic. En Ciencias De La Comunicación En: Comunicación Y Clima Organizacional
624,4,Lic. En Ciencias De La Comunicación En: Creatividad
625,4,Lic. En Ciencias De La Comunicación En: Información
626,4,Lic. En Ciencias De La Comunicación En: Mercadotecnia
627,4,Lic. En Ciencias De La Comunicación En: Periodismo
628,4,Lic. En Ciencias De La Comunicacion Y Publicidad
629,4,Lic. En Ciencias De La Comunicación Y Rel. Públicas
630,4,Lic. En Ciencias De La Comunicación Y Relaciones Públicas
631,4,Lic. En Ciencias De La Comunicación: Área Deportiva
632,25,Lic. En Ciencias De La Cultura
633,9,Lic. En Ciencias De La Educación
634,9,Lic. En Ciencias De La Educación En Enseñanza BilingÃ¼e
635,9,Lic. En Ciencias De La Educación En Enseñanza Del Idioma Inglés
636,9,Lic. En Ciencias De La Educación En Idioma Inglés
637,9,Lic. En Ciencias De La Educación En Químico Biológicas
638,9,Lic. En Ciencias De La Educación En Tec. Educativa Y Educ. Sup.
639,9,Lic. En Ciencias De La Educación En: Admón. Y Planific. Educ.
640,9,Lic. En Ciencias De La Educación En: Ciencias Sociales
641,9,Lic. En Ciencias De La Educación En: Comunic. Y Tecnol. Educativa
642,9,Lic. En Ciencias De La Educación En: Derechos Humanos Y Educación
643,9,Lic. En Ciencias De La Educación En: Educación Artística
644,9,Lic. En Ciencias De La Educación En: Enseñanza De Inglés
645,9,Lic. En Ciencias De La Educación En: Física-Mátematicas
646,9,Lic. En Ciencias De La Educación En: Lengua Y Liter. Esp.
647,9,Lic. En Ciencias De La Educación En: Tecnología Educativa
648,9,Lic. En Ciencias De La Educacion Semipresencial
649,9,Lic. En Ciencias De La Educacion: En Ciencias Sociales
650,9,Lic. En Ciencias De La Educacion: En Fisico Matematicas
651,9,Lic. En Ciencias De La Educacion: En Psicologia
652,25,Lic. En Ciencias De La Familia
653,11,Lic. En Ciencias De La Información
654,11,Lic. En Ciencias De La Informacion Documental
655,11,Lic. En Ciencias De La Información Y Comunicación
656,11,Lic. En Ciencias De La Informática
657,30,Lic. En Ciencias Del Deporte
658,30,Lic. En Ciencias Del Ejercicio
659,30,Lic. En Ciencias Del Ejercicio Físico
660,31,Lic. En Ciencias Empresariales
661,6,Lic. En Ciencias En: Biología
662,11,Lic. En Ciencias En: Computación
663,29,Lic. En Ciencias En: Física
664,29,Lic. En Ciencias En: Matemáticas
665,15,Lic. En Ciencias En: Química
666,15,Lic. En Ciencias Farmacéuticas
667,29,Lic. En Ciencias Físico Matemáticas
668,6,Lic. En Ciencias Genómicas
669,20,Lic. En Ciencias Humanas
670,16,Lic. En Ciencias Jurídicas
671,6,Lic. En Ciencias Maritimas
672,32,Lic. En Ciencias Políticas
673,32,Lic. En Ciencias Políticas Y Administración Pública
674,32,Lic. En Ciencias Políticas Y Relaciones Internacionales
675,32,Lic. En Ciencias Políticas Y Sociales
676,15,Lic. En Ciencias Químicas
677,15,Lic. En Ciencias Químicas En: Microbiología
678,15,Lic. En Ciencias Químicas En: Química Analítica
679,15,Lic. En Ciencias Químicas En: Química Orgánica
680,25,Lic. En Ciencias Religiosas
681,25,Lic. En Ciencias Teológicas
682,4,Lic. En Ciencias Y Técnicas De La Comunicación
683,11,Lic. En Ciencias Y Técnicas De La Información
684,4,Lic. En Cienicas De La Comunicación
685,4,Lic. En Cine
686,4,Lic. En Cinematografía
687,19,Lic. En Cirugía Dental
688,26,Lic. En Clarinete
689,26,Lic. En Clavecín
690,24,Lic. En Comercialización
691,24,Lic. En Comercio Exterior
692,24,Lic. En Comercio Exterior Y Aduanas
693,24,Lic. En Comercio Exterior Y Legislación Aduanera
694,24,Lic. En Comercio Internacional
695,24,Lic. En Comercio Internacional (Mod. Intnal.)
696,24,Lic. En Comercio Internacional De Aduanas
697,24,Lic. En Comercio Internacional De Productos Agropecuarios
698,24,Lic. En Comercio Internacional En: Agronegocios
699,24,Lic. En Comercio Internacional Esp. En Agronegocios
700,24,Lic. En Comercio Internacional Y Administracion
701,24,Lic. En Comercio Internacional Y Aduanas
702,24,Lic. En Comercio Internacional: En Agronegocios
703,24,Lic. En Comercio Y Administracion
704,24,Lic. En Comercio Y Finanzas Internacionales
705,24,Lic. En Comercio Y Negocios Internacionales
706,26,Lic. En Composición
707,26,Lic. En Composición Musical
708,11,Lic. En Computación
709,11,Lic. En Computacion Administrativa
710,11,Lic. En Computación Electrónica
711,11,Lic. En Computación Y Sistemas
712,4,Lic. En Comunciación Humana (Educación Especial)
713,4,Lic. En Comunicación
714,4,Lic. En Comunicación Audiovisual
715,4,Lic. En Comunicación Colectiva Y Periodismo
716,4,Lic. En Comunicación E Información
717,4,Lic. En Comunicación E Innovación Educativa
718,4,Lic. En Comunicacion Educativa
719,4,Lic. En Comunicacion Gráfica
720,4,Lic. En Comunicación Humana
721,4,Lic. En Comunicación Multimedia
722,4,Lic. En Comunicación Organizacional
723,4,Lic. En Comunicación Social
724,4,Lic. En Comunicación Visual
725,4,Lic. En Comunicación Y Cultura
726,4,Lic. En Comunicación Y Medios
727,4,Lic. En Comunicación Y Multimedios
728,4,Lic. En Comunicación Y Periodismo
729,4,Lic. En Comunicación Y Publicidad
730,4,Lic. En Comunicación Y Relaciones Públicas
731,4,Lic. En Comunicación Y Tecnología Educativa
732,4,Lic. En Comunicaciones Y Periodismo
733,22,Lic. En Conservación Y Rest. De Bienes Cult. Muebles
734,16,Lic. En Consultoría Jurídica
735,7,Lic. En Contabilidad
736,7,Lic. En Contaduría
737,7,Lic. En Contaduría - Finanzas
738,7,Lic. En Contaduría E Informática
739,7,Lic. En Contaduría En Sistemas Computacionales
740,7,Lic. En Contaduria En: Auditoria
741,7,Lic. En Contaduría Fiscal
742,7,Lic. En Contaduría Fiscal Pública
743,7,Lic. En Contaduría Pública
744,7,Lic. En Contaduría Pública (Modalidad Mixta)
745,7,Lic. En Contaduría Pública Fiscal
746,7,Lic. En Contaduria Pública Y Administracion
747,7,Lic. En Contaduría Pública Y Auditoría
748,7,Lic. En Contaduría Pública Y Finanzas
749,7,Lic. En Contaduría Pública Y Finanzas (Mod. Intnal.)
750,7,Lic. En Contaduría Y Alta Dirección
751,7,Lic. En Contaduría Y Gestión Empresarial
752,7,Lic. En Contaduria Y Sistemas
753,26,Lic. En Contrabajo
754,25,Lic. En Coreografía
755,26,Lic. En Corno
756,25,Lic. En Creación Literaria
757,16,Lic. En Criminología
758,4,Lic. En Cs. De La Comunicación En: Periodismo
759,4,Lic. En Cs. De La Comunicación En: Publicidad
760,4,Lic. En Cs. De La Comunicación En: Rel. Púb. E Imagen Corp.
761,32,Lic. En Cs. Políticas En Administración Pública
762,32,Lic. En Cs. Politícas En Relaciones Internacionales
763,30,Lic. En Cultura Física
764,30,Lic. En Cultura Física Y Del Deporte
765,26,Lic. En Danza
766,26,Lic. En Danza Contemporánea
767,26,Lic. En Danza Escénica
768,26,Lic. En Danza Moderna Y Clásica
769,12,Lic. En Decoración De Interiores
770,16,Lic. En Derecho
771,16,Lic. En Derecho Burocrático
772,16,Lic. En Derecho Canónico
773,16,Lic. En Derecho Corporativo
774,16,Lic. En Derecho Corporativo Internacional
775,16,Lic. En Derecho Empresarial
776,16,Lic. En Derecho En: Derecho Fiscal
777,16,Lic. En Derecho En: Derecho Internacional
778,16,Lic. En Derecho Fiscal
779,16,Lic. En Derecho Internacional
780,16,Lic. En Derecho Y Asuntos Internacionales
781,16,Lic. En Derecho Y Ciencias Jurídicas
782,16,Lic. En Derecho Y Ciencias Sociales
783,16,Lic. En Derecho: En Derecho De America Del Norte
784,20,Lic. En Desarrollo De Personal En Las Empresas
785,11,Lic. En Desarrollo De Sistemas Electronicos De Informacion
786,11,Lic. En Desarrollo De Sistemas Electronicos Y De Informacion
787,31,Lic. En Desarrollo Económico
788,9,Lic. En Desarrollo Educativo Institucional
789,25,Lic. En Desarrollo Humano
790,25,Lic. En Desarrollo Humano Diferencial
791,13,Lic. En Desarrollo Industrial
792,25,Lic. En Desarrollo Regional
793,1,Lic. En Desarrollo Regional Y Admón. De Rec. Naturales
794,25,Lic. En Didáctica Del Francés
795,6,Lic. En Dietética Y Nutrición
796,25,Lic. En Dirección
797,25,Lic. En Dirección Coral
798,25,Lic. En Dirección De Empresas
799,25,Lic. En Direccion Estratégica Empresarial
800,25,Lic. En Dirección Gráfica
801,1,Lic. En Dirección Y Administración De Empresas
802,12,Lic. En Diseño
803,12,Lic. En Diseño Ambiental
804,12,Lic. En Diseño Artesanal
805,12,Lic. En Diseño De Indumentaria
806,12,Lic. En Diseño De Información
807,12,Lic. En Diseño De Interiores
808,12,Lic. En Diseño De Interiores Y Ambientación
809,12,Lic. En Diseño De Interiores Y Paisajismo
810,12,Lic. En Diseño De La Comunicación Gráfica
811,12,Lic. En Diseño De La Comunicación Visual
812,12,Lic. En Diseño De La Moda E Industria Del Vestido
813,12,Lic. En Diseño De La Moda En Indumentaria Y Textiles
814,12,Lic. En Diseño De La Moda Internacional
815,12,Lic. En Diseño De Modas
816,12,Lic. En Diseño De Modas Y Alta Costura
817,12,Lic. En Diseño De Modas Y Textiles
818,12,Lic. En Diseño En: Bidimensional (Gráfico)
819,12,Lic. En Diseño En: Tridimensional (Industrial)
820,12,Lic. En Diseño Gráfico
821,12,Lic. En Diseño Gráfico Digital
822,12,Lic. En Diseño Gráfico Electrónico
823,12,Lic. En Diseño Gráfico Publicitario
824,12,Lic. En Diseño Gráfico Y Comunicación Artística
825,12,Lic. En Diseño Industrial
826,12,Lic. En Diseño Interactivo
827,12,Lic. En Diseño Para La Comunicación Gráfica
828,12,Lic. En Diseño Publicitario
829,12,Lic. En Diseño Textil
830,12,Lic. En Diseño Urbano Ambiental
831,12,Lic. En Diseño Y Comunicación Visual
832,12,Lic. En Diseño Y Mercadotecnia En Modas
833,12,Lic. En Diseño Y Producción Publicitaria
834,9,Lic. En Docencia
835,9,Lic. En Docencia De La Danza Clásica
836,9,Lic. En Docencia Del Idioma Inglés
837,9,Lic. En Docencia Del Inglés
838,6,Lic. En Ecología
839,6,Lic. En Ecología Marina
840,31,Lic. En Economía
841,31,Lic. En Economía Agrícola
842,31,Lic. En Economía Agrícola Y Agronegocios
843,31,Lic. En Economía En Finanzas
844,31,Lic. En Economía Financiera
845,31,Lic. En Economía Internacional
846,31,Lic. En Economía Y Administración De Negocios
847,31,Lic. En Economía Y Finanzas
848,31,Lic. En Economía Y Finanzas Internacionales
849,12,Lic. En Edificación Y Administración De Obras
850,9,Lic. En Educ. Media Básica En: Audición Y Lenguaje
851,9,Lic. En Educ. Media Básica En: Ciencias Naturales
852,9,Lic. En Educ. Media Básica En: Deficiencia Mental
853,9,Lic. En Educ. Media Básica En: Educación Física
854,9,Lic. En Educ. Media Básica En: Historia Y Civismo
855,9,Lic. En Educ. Media Básica En: Lengua Y Literatura Española
856,9,Lic. En Educ. Media Básica En: Matemáticas
857,9,Lic. En Educ. Media Básica En: Problemas De Aprendizaje
858,9,Lic. En Educ. Media Esp. Español
859,9,Lic. En Educación
860,9,Lic. En Educación Artística
861,9,Lic. En Educación Artistica Escolar
862,9,Lic. En Educación Básica Bilingue
863,9,Lic. En Educación Bilingue
864,9,Lic. En Educación De Adultos
865,9,Lic. En Educación Especial
866,9,Lic. En Educacion Especial: Problemas De Aprendizaje Y Audicion Y Lenguaje
867,9,Lic. En Educación Física
868,9,Lic. En Educación Física Y Ciencias Del Deporte
869,9,Lic. En Educacion Fisica Y Deportes
870,9,"Lic. En Educación Física, Deporte Y Recreación"
871,9,Lic. En Educación Física: En Fútbol
872,9,Lic. En Educación Indígena
873,9,Lic. En Educacion Inicial
874,9,Lic. En Educación Media
875,9,Lic. En Educación Media Y Superior Intercultural
876,9,Lic. En Educación Musical
877,9,Lic. En Educación Musical Escolar
878,9,Lic. En Educación Preescolar
879,9,Lic. En Educación Primaria
880,9,Lic. En Educación Secundaria
881,9,Lic. En Educación Superior
882,9,Lic. En Educacion Y Administracion Escolar
883,9,Lic. En Educación Y Desarrollo
884,9,Lic. En Educación Y Desarrollo Humano
885,26,Lic. En Ejecución De Guitarra
886,11,Lic. En Electrónica
887,11,Lic. En Electronica Y Comunicaciones
888,19,Lic. En Enfermería
889,19,Lic. En Enfermería General
890,19,Lic. En Enfermería Y Obstetricia
891,9,Lic. En Enseñanza De Alemán Como Lengua Extranjera
892,9,Lic. En Enseñanza De Español Como Lengua Extranjera
893,9,Lic. En Enseñanza De Francés Como Lengua Extranjera
894,9,Lic. En Enseñanza De Idiomas
895,9,Lic. En Enseñanza De Inglés
896,9,Lic. En Enseñanza De Inglés Como Lengua Extranjera
897,9,Lic. En Enseñanza De Italiano Como Lengua Extranjera
898,9,Lic. En Enseñanza De La Danza En Clásica
899,9,Lic. En Enseñanza De La Lengua Inglesa
900,9,Lic. En Enseñanza De Las Matemáticas
901,9,Lic. En Enseñanza De Lenguas
902,9,Lic. En Enseñanza Del Francés
903,9,Lic. En Enseñanza Del Idioma Francés
904,9,Lic. En Enseñanza Del Idioma Inglés
905,9,Lic. En Enseñanza Del Inglés
906,9,Lic. En Enseñanza Musical
907,9,Lic. En Enseñanza Musical Escolar
908,9,Lic. En Entrenamiento Deportivo
909,25,Lic. En Escenografía
910,25,Lic. En Español
911,29,Lic. En Estadística
912,19,Lic. En Estomatología
913,25,Lic. En Estudios Humanísticos Y Sociales
914,25,Lic. En Estudios Internacionales
915,25,Lic. En Estudios Latinoamericanos
916,32,Lic. En Estudios Políticos Y Gobierno
917,25,Lic. En Etnohistoria
918,25,Lic. En Etnología
919,25,Lic. En Etnomusicología
920,26,Lic. En Fagot
921,15,Lic. En Farmacia
922,25,Lic. En Filología Y Literatura
923,25,Lic. En Filosofía
924,25,Lic. En Filosofía E Historia De Las Ideas
925,31,Lic. En Finanzas
926,31,Lic. En Finanzas Corporativas Y Banca
927,31,Lic. En Finanzas Internacionales
928,31,Lic. En Finanzas Y Banca
929,31,Lic. En Finanzas Y Contaduría
930,29,Lic. En Física
931,29,Lic. En Física Aplicada
932,29,Lic. En Física Y Matemáticas
933,19,Lic. En Fisioterapia
934,26,Lic. En Flauta
935,10,Lic. En Gastronomía
936,10,Lic. En Gastronomía Y Artes Culinarias
937,28,Lic. En Geografía
938,28,Lic. En Geografía Humana
939,28,Lic. En Geología
940,25,Lic. En Gerontología
941,10,Lic. En Gestión De Empresas Turísticas
942,1,Lic. En Gestion Y Administracion De Pequeñas Y Medianas Empresas
943,26,Lic. En Guitarra
944,6,Lic. En Hidrobiología
945,25,Lic. En Historia
946,25,Lic. En Historia De México
947,25,Lic. En Historia Del Arte
948,25,Lic. En Historia Y Sociedad Contemporánea
949,10,Lic. En Hotelería
950,10,Lic. En Hotelería Y Turismo
951,25,Lic. En Humanidades
952,25,Lic. En Humanidades Y Filosofía
953,25,Lic. En Idioma Inglés
954,25,Lic. En Idiomas
955,4,Lic. En Ilustracion Gráfica
956,11,Lic. En Informática
957,11,Lic. En Informática Administrativa
958,11,Lic. En Informática Administrativa (Sistema Mixto)
959,11,Lic. En Informática Aplicada
960,11,Lic. En Informática Empresarial
961,11,Lic. En Infórmatica En: Redes
962,11,Lic. En Informatica En: Sistemas De Informacion
963,11,Lic. En Informática Financiera
964,11,Lic. En Informática Industrial
965,11,Ing. Cibernetica Y En Sistemas Computacionales
966,12,Ing. Civil Administrador
967,14,Ing. Electromecánica
968,15,Ing. En Mecatrónica
969,11,Ing. En Sistemas Computacionales
971,13,Ing. Industrial Y En Sistemas Organizacionales
972,6,Lic. En Ingeniería Ambiental
973,12,Lic. En Ingeniería Civil
974,12,Lic. En Ingeniería Civil: En Estructuras
975,14,Lic. En Ingeniería Eléctrica
976,11,Lic. En Ingeniería Electrónica
977,11,Lic. En Ingeniería En Sistemas Computacionales
978,23,Lic. En Ingenieria En Telecomunicaciones
979,31,Lic. En Ingeniería Financiera
980,12,Lic. En Ingeniería Grafica
981,13,Lic. En Ingeniería Industrial
982,14,Lic. En Ingeniería Mecánica
983,28,Lic. En Ingeniería Oceánica
984,15,Lic. En Ingeniería Química
985,25,Lic. En Inglés
986,9,Lic. En Innovaciones Educativas
987,4,Lic. En Instrumentismo
988,25,Lic. En Interpretación
989,4,Lic. En Intérprete Y Traducción
990,19,Lic. En Investigación Biomédica Básica
991,26,Lic. En Jazz
992,26,Lic. En Laudería
993,25,Lic. En Lengua Francesa
994,25,Lic. En Lengua Inglesa
995,25,Lic. En Lengua Y Linguística Aplicada
996,25,Lic. En Lengua Y Literatura
997,25,Lic. En Lengua Y Literatura De Hispanoamérica
998,25,Lic. En Lengua Y Literatura Hispánicas
999,25,Lic. En Lengua Y Literatura Hispanoamericana
1000,25,Lic. En Lengua Y Literatura Modernas Alemanas
1001,25,Lic. En Lengua Y Literatura Modernas Francesas
1002,25,Lic. En Lengua Y Literatura Modernas Inglesas
1003,25,Lic. En Lengua Y Literatura Modernas Italianas
1004,25,Lic. En Lengua Y Literaturas Hispánicas
1005,25,Lic. En Lenguas
1006,25,Lic. En Lenguas Extranjeras
1007,25,Lic. En Lenguas Extranjeras En: Cs. Aduanales Y Comercio Exterior
1008,25,Lic. En Lenguas Extranjeras En: Cs. Diplomaticas Y Rel. Intnales.
1009,25,Lic. En Lenguas Extranjeras En: Hoteleria Y Turismo
1010,25,"Lic. En Lenguas Extranjeras En: Inglés, Francés Y Español"
1011,25,Lic. En Lenguas Extranjeras En: Traduccion E Interpretacion
1012,25,Lic. En Lenguas Modernas
1013,25,Lic. En Lenguas Modernas Aplicadas
1014,25,Lic. En Lenguas Modernas En Español
1015,25,Lic. En Lenguas Modernas En Inglés
1016,25,Lic. En Lenguas Modernas Francés
1017,25,Lic. En Lenguas Modernas Inglés
1018,4,Lic. En Lenguas Visuales En: Artes Camarográficas
1019,4,Lic. En Lenguas Visuales En: Artes Gráficas
1020,4,Lic. En Lenguas Visuales En: Artes Plásticas
1021,4,Lic. En Letras
1022,4,Lic. En Letras Clásicas
1023,4,Lic. En Letras E Historia Hispánicas
1024,4,Lic. En Letras Españolas
1025,4,Lic. En Letras Hispánicas
1026,4,Lic. En Letras Hispanoamericanas
1027,4,Lic. En Letras Latinoamericanas
1028,4,Lic. En Letras Y Periodismo
1029,25,Lic. En Linguística
1030,25,Lic. En Linguística Aplicada
1031,25,Lic. En Linguística Aplicada En: Traducción Y Didáctica Del Inglés
1032,25,Lic. En Linguística Y Literatura Hispánica
1033,25,Lic. En Literatura
1034,25,Lic. En Literatura Dramática Y Teatro
1035,25,Lic. En Literatura Hispanoamericana
1036,25,Lic. En Literatura Hispanomexicana
1037,25,Lic. En Literatura Latinoamericana
1038,25,Lic. En Literatura Y Ciencias Del Lenguaje
1039,25,Lic. En Literaturas Hispánicas
1040,18,Lic. En Marketing Internacional
1041,29,Lic. En Matemática Educativa
1042,29,Lic. En Matemáticas
1043,29,Lic. En Matemáticas Aplicadas
1044,29,Lic. En Matemáticas Aplicadas Y Computación
1045,29,Lic. En Matemáticas Y Economía
1046,29,Lic. En Matematicas: En Sistemas Computacionales
1047,18,Lic. En Mecadotecnia Internacional
1048,19,Lic. En Medicina
1049,19,Lic. En Medicina General
1050,19,Lic. En Medicina Veterinaria Y Ciencias Animales
1051,19,Lic. En Medicina Veterinaria Y Zootecnia
1052,19,Lic. En Medicina Y Naturoterapia
1053,4,Lic. En Medios De Información
1054,18,Lic. En Mercados Y Negocios Internacionales
1055,18,Lic. En Mercadotecnia
1056,18,Lic. En Mercadotecnia (Mod. Intnal.)
1057,18,Lic. En Mercadotecnia Empresarial
1058,18,Lic. En Mercadotecnia Estratégica
1059,18,Lic. En Mercadotecnia Internacional
1060,18,Lic. En Mercadotecnia Y Comercio Internacional
1061,18,Lic. En Mercadotecnia Y Negocios Internacionales
1062,18,Lic. En Mercadotecnia Y Publicidad
1063,18,Lic. En Mercadotecnia Y Relaciones Públicas
1064,18,Lic. En Mercadotecnia Y Sistemas
1065,18,Lic. En Mercadotecnia: En Publicidad
1066,18,Lic. En Mercadotecnia: En Turismo
1067,25,Lic. En Misionología
1068,4,Lic. En Moda E Industria Del Vestido
1069,4,Lic. En Moda Y Creación
1070,26,Lic. En Música
1071,26,Lic. En Música E Instrumentista
1072,26,Lic. En Música En: Canto
1073,26,Lic. En Música En: Composición
1074,26,Lic. En Música En: Composición Musical
1075,26,Lic. En Música En: Concertista Solista
1076,26,Lic. En Música En: Concertista Solista En Inst. Orquestal
1077,26,Lic. En Música En: Concertista Solista En Piano
1078,26,Lic. En Música En: Cuerdas Y Vientos
1079,26,Lic. En Música En: Dirección Coral
1080,26,Lic. En Música En: Dirección Orquestal
1081,26,Lic. En Música En: Educación Musical
1082,26,Lic. En Música En: Instrumentos
1083,26,Lic. En Música En: Interpretación
1084,26,Lic. En Música En: Música General
1085,26,Lic. En Música En: Pedagogía Musical
1086,26,Lic. En Música En: Piano
1087,26,Lic. En Música En: Teoría E Historia
1088,26,Lic. En Música Escolar
1089,26,Lic. En Música Y Cantante
1090,26,Lic. En Música Y Composición
1091,26,Lic. En Música Y Director De Coros
1092,26,Lic. En Música Y Educación Musical
1093,26,Lic. En Música: Composición
1094,26,Lic. En Música: Guitarra
1095,26,Lic. En Música: Instrumentista
1096,26,Lic. En Música: Piano
1097,26,Lic. En Musicología
1098,31,Lic. En Negocios Electrónicos
1099,31,Lic. En Negocios Gastronómicos
1100,31,Lic. En Negocios Internacionales
1101,31,Lic. En Negocios Internacionales (Mod. Intnal.)
1102,31,Lic. En Negocios Internacionales Y Aduanales
1103,31,Lic. En Negocios Nacionales E Internacionales
1104,25,Lic. En Neorolinguística
1105,6,Lic. En Nutrición
1106,6,Lic. En Nutrición Y Ciencias De Los Alimentos
1107,6,Lic. En Nutrición Y Dietética
1108,6,Lic. En Nutricion Y Tecnologia De Alimentos
1109,6,Lic. En Nutriología
1110,26,Lic. En Oboe
1111,28,Lic. En Oceanología
1112,19,Lic. En Odontología
1113,19,Lic. En Optometría
1114,26,Lic. En Órgano
1115,9,Lic. En Pedagogí Musical
1116,9,Lic. En Pedagogía
1117,9,Lic. En Pedagogía Diferencial En Necesidades Múltiples
1118,9,Lic. En Pedagogía En: Ciencias Naturales
1119,9,Lic. En Pedagogía En: Ciencias Sociales
1120,9,Lic. En Pedagogía En: Español
1121,9,Lic. En Pedagogía En: Inglés
1122,9,Lic. En Pedagogía En: Matemáticas
1123,9,Lic. En Pedagogía En: Psicopedagogía
1124,26,Lic. En Percusión
1125,26,Lic. En Percusiones
1126,4,Lic. En Periodismo
1127,4,Lic. En Periodismo Y Ciencias De La Comunicacion
1128,4,Lic. En Periodismo Y Comunicación
1129,4,Lic. En Periodismo Y Comunicación Colectiva
1130,4,Lic. En Periodismo Y Cs. De La Comunicacion En: Comunic. Audiov.
1131,4,Lic. En Periodismo Y Medios De Información
1132,4,Lic. En Periodismo Y Medios De Información (Mod. Intnal.)
1133,26,Lic. En Piano
1134,25,Lic. En Planeación De Desarrollo Rural
1135,3,Lic. En Planeación Para El Desarrollo Agropecuario
1136,25,Lic. En Planeación Territorial
1137,10,Lic. En Planeación Y Desarrollo Turístico
1138,3,Lic. En Planificación Para El Desarrollo Agropecuario
1139,10,Lic. En Planificación Y Servicios Turísticos
1140,32,Lic. En Política Y Administración Pública
1141,32,Lic. En Política Y Gestión Social
1142,17,Lic. En Producción Animal
1143,17,Lic. En Produccion Y Programacion Musical
1144,19,Lic. En Promoción De La Salud
1145,18,Lic. En Propaganda
1146,25,Lic. En Psicología
1147,25,Lic. En Psicología Área Clínica
1148,25,Lic. En Psicología Área Del Trabajo
1149,25,Lic. En Psicología Área Social
1150,25,Lic. En Psicología Clínica
1151,25,Lic. En Psicologia Del Factor Humano
1152,25,Lic. En Psicología Educativa
1153,25,Lic. En Psicologia En: Laboral
1154,25,Lic. En Psicologia Familiar
1155,25,Lic. En Psicología Humanista
1156,25,Lic. En Psicología Industrial
1157,25,Lic. En Psicologia Industrial Y Educativa
1158,25,Lic. En Psicología Organizacional
1159,25,Lic. En Psicología Social
1160,25,Lic. En Psicología: Área Deportiva
1161,25,Lic. En Psicologia: En Orientacion Educativa
1162,25,Lic. En Psicología: En Psicologia De La Adolescencia
1163,25,Lic. En Psicopedagogia
1164,25,Lic. En Psicopedagogía Integral
1165,18,Lic. En Publicidad
1166,18,Lic. En Publicidad E Imágen
1167,21,Lic. En Publicidad Y Relaciones Públicas
1168,15,Lic. En Química
1169,15,Lic. En Química Clínica
1170,15,Lic. En Química De Alimentos
1171,15,Lic. En Química Industrial
1172,19,Lic. En Quiropráctica
1173,20,Lic. En Recursos Humanos
1174,6,Lic. En Recursos Naturales
1175,19,Lic. En Rehabilitación
1176,21,Lic. En Relaciones Comerciales
1177,21,Lic. En Relaciones Comerciales Internacionales
1178,21,Lic. En Relaciones Economicas Internacionales
1179,21,Lic. En Relaciones Humanas
1180,21,Lic. En Relaciones Industriales
1181,21,Lic. En Relaciones Internacionales
1182,21,Lic. En Relaciones Internacionales (Mod. Intnal.)
1183,21,Lic. En Relaciones Internacionales Económicas
1184,21,Lic. En Relaciones Internacionales Y Comercio Exterior
1185,21,Lic. En Relaciones Internacionales Y Diplomacia
1186,21,Lic. En Relaciones Públicas
1187,21,Lic. En Relaciones Públicas Y Mercadotecnia
1188,10,Lic. En Relaciones Turisticas Internacionales
1189,21,Lic. En Relaciones Y Negocios Internacionales
1190,22,Lic. En Restauracion De Bienes Muebles
1191,19,Lic. En Salud Pública
1192,16,Lic. En Seguridad
1193,13,Lic. En Seguridad E Higiene Industrial
1194,32,Lic. En Seguridad Pública
1195,16,Lic. En Seguros Y Fianzas
1196,11,Lic. En Sistemas
1197,11,Lic. En Sistemas Administrativos Computacionales
1198,1,Lic. En Sistemas Automatizados Para La Administración
1199,24,Lic. En Sistemas Comerciales
1200,11,Lic. En Sistemas Computacionales
1201,11,Lic. En Sistemas Computacionales Administrativos
1202,11,Lic. En Sistemas Computacionales En Administración
1203,11,Lic. En Sistemas Computacionales Y Tegnologías De La Información
1204,11,"Lic. En Sistemas Computacionales, Administrativos Y Contables"
1205,11,Lic. En Sistemas Computarizados
1206,11,Lic. En Sistemas Computarizados E Informática
1207,7,Lic. En Sistemas Contables
1208,11,Lic. En Sistemas De Computación Administrativa
1209,11,Lic. En Sistemas De Información
1210,11,Lic. En Sistemas De Información Administrativa
1211,3,Lic. En Sistemas De Información Agrícola
1212,11,Lic. En Sistemas De Tecnologías Y De La Información
1213,11,Lic. En Sistemas Informáticos
1214,21,Lic. En Sociología
1215,21,Lic. En Sociología De La Educación
1216,21,Lic. En Sociología Política
1217,21,Lic. En Sociología Urbana
1218,21,Lic. En Sociología Y Antropología Social
1219,25,Lic. En Teatro
1220,10,Lic. En Tecnología De Alimentos
1221,11,Lic. En Tecnología De La Información
1222,30,Lic. En Tecnología Deportiva
1223,11,Lic. En Tecnología En Electrónica
1224,11,Lic. En Tecnologías Y Sistemas De Información
1225,11,Lic. En Tegnologías De Información Y Telecomunicaciones
1226,11,Lic. En Teleinformática
1227,25,Lic. En Teología
1228,25,"Lic. En Terapia De La Audición, La Voz Y El Lenguaje Oral Y Escrito"
1229,25,Lic. En Terapia De La Comunicación Humana
1230,19,Lic. En Terapia Física
1231,19,Lic. En Terapia Física Y Rehabilitación
1232,25,Lic. En Terapia Ocupacional
1233,25,Lic. En Trabajo Social
1234,25,Lic. En Traducción
1235,25,Lic. En Traducción Del Idioma Inglés
1236,25,Lic. En Traduccion E Interpretacion
1237,26,Lic. En Trombón
1238,26,Lic. En Trompeta
1239,26,Lic. En Tuba
1240,10,Lic. En Turismo
1241,10,Lic. En Turismo Cultural
1242,10,Lic. En Turismo En: Administracion Hotelera
1243,10,Lic. En Turismo En: Admon. De Agencia De Viajes Y Transp. Turist.
1244,10,Lic. En Turismo Internacional
1245,10,Lic. En Turismo Y Hotelería
1246,25,Lic. En Urbanismo
1247,25,Lic. En Urbanística Y Medio Ambiente
1248,26,Lic. En Viola
1249,26,Lic. En Violín
1250,26,Lic. En Violoncello
1254,4,Lic. Instrumentista
1255,26,Lic. Instrumentista Musical
1256,1,Lic. Internacional En Administración De Empresas De La Hospitalidad
1257,19,Lic. Médico Veterinario Y Zootecnista
1259,15,Lic. Químico Ambiental
1261,25,Lic. Terapista En Comunicación Humana
1263,22,Mantenimiento de Equipo de Computo
1264,22,Mantenimiento Industrial
1265,13,Máquinas y Herramientas
1266,33,Maquinista Naval
1267,29,Matemático
1268,13,Mecatrónica
1269,19,Medicina
1270,19,Medicina Veterinaria Y Zootecnia
1271,19,Médico
1272,19,Médico Cirujano
1273,19,Médico Cirujano Dentista
1274,19,Médico Cirujano Naval
1275,19,Médico Cirujano Y Homeópata
1276,19,Médico Cirujano Y Partero
1277,19,Médico Estomatólogo
1278,19,Médico General
1279,19,Médico Homeópata Cirujano Y Partero
1280,19,Médico Veterianio Zootecnista
1281,19,Médico Veterinario
1282,19,Medico Veterinario Administrador
1283,19,Médico Veterinario Zootecnista
1284,19,Medico Veterinario Zootecnista En: Administracion Agropecuaria
1285,19,Medico Veterinario Zootecnista En: Produccion Porcina
1286,19,Medico Veterinario Zootecnista En: Reproduccion Bovina
1287,33,Meteorólogo Militar
1288,14,Motores a Diesel
1289,28,Oceanólogo
1290,19,Odontólogo
1291,33,Piloto Naval
1292,13,Plásticos
1293,17,Procesos de Producción
1294,15,Químico
1295,15,Químico Agrícola
1296,15,Químico Bacteriólogo Parasitólogo
1297,15,Químico Biólogo
1298,15,Químico Biólogo Agropecuario
1299,15,Químico Biólogo Bromatólogo
1300,15,Químico Biólogo En: Análisis Clínicos
1301,15,Químico Biólogo En: Tecnología En Alimentos
1302,15,Químico Biólogo Parasitólogo
1303,15,Químico Clínico Biólogo
1304,15,Químico En Alimentos
1305,15,Químico Farmacéutico
1306,15,Químico Farmacéutico Biólogo
1307,15,Químico Farmacéutico Industrial
1308,15,Químico Farmacobiólogo
1309,15,Químico Farmacobiólogo En: Bromatología
1310,15,Químico Farmacobiólogo En: Farmacia Clínica
1311,15,Químico Farmacobiólogo En: Farmacia Industrial
1312,15,Químico Farmacobiólogo En: Microbiología
1313,15,Químico Industrial
1314,22,Refrigeración y Aire Acondicionado
1315,19,T.S.U. En Enfermería
1316,19,Tec. Prof. En Audiometria Y Rehabilitacion Auditiva
1317,25,Tec. Sup. En Mercadotecnia Y Publicidad
1318,6,Tecnología Ambiental
1319,23,Tecnologías de la Información y Comunicación
1320,10,Turismo
1321,12,Urbanista
1323,4,Lic. en ciencias de la comunicación en: Comunic. y desarrollo organizacional
1324,15,Ing. Química
1325,11,Lic. En Tecnologías De Información

