id,sector
1,Aeroespacial
2,Alimentos
3,Artes Graficas
4,Artesanías
5,Automotriz y Autopartes
6,Bebidas
7,"Calzado, Cuero y Artículos de Piel"
8,Cárnicos y Embutidos
9,Comercio al por Mayor
10,Comercio al por Menor
11,Confitería y Dulces
12,Construcción
13,Decoración
14,Educación
15,Electrónica
16,Energéticos
17,Farmacéutico
18,Gobierno
19,Industria Química
20,Informática
21,Joyería
22,Juguetes
23,Madera y Muebles
24,Metal Mecánico
25,Minería
26,Moda Indumentaria
27,Panificación
28,"Plástico, Hule y Látex"
29,Salud
30,Servicios
31,Telecomunicaciones
32,Tequila
33,"Textil, Vestido y Confección"
34,Transporte y Almacenaje
35,Turismo y Recreativos
36,Otro

