id,usuario,password
1,reneee,63f8a200cac8c93bcf3d3550ef742a4ce1042322
2,admin,b4fcbc09e821a069de7b890d921154c107a66748
3,abraham,047d056d5ca91de6bcc73bbaaf1bc567200659cf
4,maguiii,a33a8dc7b45c9da334b817be87daf7e9e28910a4
5,alejandrooo,c32762b07973c94b471ed5f4ed8d0699d11a4078
6,juannn,609ba84cd52b0392aa298f338c4724aebd0d18d4
7,ramon,258fa1c48c2c670fbec88c0b63396af39c8f8e45
9,seijal111,6ab5facf0952b6db0175e654e5c9f1b5a8be06bf
10,seijal222,e660922cac196619941f6d0a273e08ef517170a5
11,seijal333,cddb8c19d9168c19c5fb293a70085604800063b6
12,seijal444,3d0215a6bb5ec7e4c0a93bc6124dfd592feaed33
13,backdoor,011c945f30ce2cbafc452f39840f025693339c42

