id,userid,forum,discussion,preference
base64:type253:M213eWxkcjJtd3lsZHIxbXd5bGRyMTU5MDQ0OTE5NG13eWxkcjI=,base64:type253:M213eWxkcjJtd3lsZHIxbXd5bGRyMTU5MDQ0OTE5NG13eWxkcjI=,base64:type253:M213eWxkcjJtd3lsZHIxbXd5bGRyMTU5MDQ0OTE5NG13eWxkcjI=,base64:type253:M213eWxkcjJtd3lsZHIxbXd5bGRyMTU5MDQ0OTE5NG13eWxkcjI=,base64:type253:M213eWxkcjJtd3lsZHIxbXd5bGRyMTU5MDQ0OTE5NG13eWxkcjI=
base64:type253:M213eWxkcjJtd3lsZHIybXd5bGRyMTU5MzIwMzE1OG13eWxkcjEy,base64:type253:M213eWxkcjJtd3lsZHIybXd5bGRyMTU5MzIwMzE1OG13eWxkcjEy,base64:type253:M213eWxkcjJtd3lsZHIybXd5bGRyMTU5MzIwMzE1OG13eWxkcjEy,base64:type253:M213eWxkcjJtd3lsZHIybXd5bGRyMTU5MzIwMzE1OG13eWxkcjEy,base64:type253:M213eWxkcjJtd3lsZHIybXd5bGRyMTU5MzIwMzE1OG13eWxkcjEy
base64:type253:M213eWxkcjJtd3lsZHIzbXd5bGRyMTU5MzYyNTQwOG13eWxkcjQy,base64:type253:M213eWxkcjJtd3lsZHIzbXd5bGRyMTU5MzYyNTQwOG13eWxkcjQy,base64:type253:M213eWxkcjJtd3lsZHIzbXd5bGRyMTU5MzYyNTQwOG13eWxkcjQy,base64:type253:M213eWxkcjJtd3lsZHIzbXd5bGRyMTU5MzYyNTQwOG13eWxkcjQy,base64:type253:M213eWxkcjJtd3lsZHIzbXd5bGRyMTU5MzYyNTQwOG13eWxkcjQy
base64:type253:M213eWxkcjJtd3lsZHI1bXd5bGRyMTU5MzYzNTIxMm13eWxkcjYy,base64:type253:M213eWxkcjJtd3lsZHI1bXd5bGRyMTU5MzYzNTIxMm13eWxkcjYy,base64:type253:M213eWxkcjJtd3lsZHI1bXd5bGRyMTU5MzYzNTIxMm13eWxkcjYy,base64:type253:M213eWxkcjJtd3lsZHI1bXd5bGRyMTU5MzYzNTIxMm13eWxkcjYy,base64:type253:M213eWxkcjJtd3lsZHI1bXd5bGRyMTU5MzYzNTIxMm13eWxkcjYy
base64:type253:M213eWxkcjJtd3lsZHI2bXd5bGRyMTU5MzYzNjQ4NG13eWxkcjg1,base64:type253:M213eWxkcjJtd3lsZHI2bXd5bGRyMTU5MzYzNjQ4NG13eWxkcjg1,base64:type253:M213eWxkcjJtd3lsZHI2bXd5bGRyMTU5MzYzNjQ4NG13eWxkcjg1,base64:type253:M213eWxkcjJtd3lsZHI2bXd5bGRyMTU5MzYzNjQ4NG13eWxkcjg1,base64:type253:M213eWxkcjJtd3lsZHI2bXd5bGRyMTU5MzYzNjQ4NG13eWxkcjg1
base64:type253:NW13eWxkcjNtd3lsZHI3bXd5bGRyMTU5MzY0MDU3OW13eWxkcjI1,base64:type253:NW13eWxkcjNtd3lsZHI3bXd5bGRyMTU5MzY0MDU3OW13eWxkcjI1,base64:type253:NW13eWxkcjNtd3lsZHI3bXd5bGRyMTU5MzY0MDU3OW13eWxkcjI1,base64:type253:NW13eWxkcjNtd3lsZHI3bXd5bGRyMTU5MzY0MDU3OW13eWxkcjI1,base64:type253:NW13eWxkcjNtd3lsZHI3bXd5bGRyMTU5MzY0MDU3OW13eWxkcjI1
base64:type253:Nm13eWxkcjNtd3lsZHI4bXd5bGRyMTU5MzY0OTE5M213eWxkcjg2,base64:type253:Nm13eWxkcjNtd3lsZHI4bXd5bGRyMTU5MzY0OTE5M213eWxkcjg2,base64:type253:Nm13eWxkcjNtd3lsZHI4bXd5bGRyMTU5MzY0OTE5M213eWxkcjg2,base64:type253:Nm13eWxkcjNtd3lsZHI4bXd5bGRyMTU5MzY0OTE5M213eWxkcjg2,base64:type253:Nm13eWxkcjNtd3lsZHI4bXd5bGRyMTU5MzY0OTE5M213eWxkcjg2
base64:type253:Nm13eWxkcjNtd3lsZHI5bXd5bGRyMTU5MzY1MjMwM213eWxkcjI=,base64:type253:Nm13eWxkcjNtd3lsZHI5bXd5bGRyMTU5MzY1MjMwM213eWxkcjI=,base64:type253:Nm13eWxkcjNtd3lsZHI5bXd5bGRyMTU5MzY1MjMwM213eWxkcjI=,base64:type253:Nm13eWxkcjNtd3lsZHI5bXd5bGRyMTU5MzY1MjMwM213eWxkcjI=,base64:type253:Nm13eWxkcjNtd3lsZHI5bXd5bGRyMTU5MzY1MjMwM213eWxkcjI=
base64:type253:NW13eWxkcjNtd3lsZHIxMG13eWxkcjE1OTM2NTIzMTZtd3lsZHIy,base64:type253:NW13eWxkcjNtd3lsZHIxMG13eWxkcjE1OTM2NTIzMTZtd3lsZHIy,base64:type253:NW13eWxkcjNtd3lsZHIxMG13eWxkcjE1OTM2NTIzMTZtd3lsZHIy,base64:type253:NW13eWxkcjNtd3lsZHIxMG13eWxkcjE1OTM2NTIzMTZtd3lsZHIy,base64:type253:NW13eWxkcjNtd3lsZHIxMG13eWxkcjE1OTM2NTIzMTZtd3lsZHIy
base64:type253:NG13eWxkcjNtd3lsZHIxMW13eWxkcjE1OTM2NTIzMjhtd3lsZHIy,base64:type253:NG13eWxkcjNtd3lsZHIxMW13eWxkcjE1OTM2NTIzMjhtd3lsZHIy,base64:type253:NG13eWxkcjNtd3lsZHIxMW13eWxkcjE1OTM2NTIzMjhtd3lsZHIy,base64:type253:NG13eWxkcjNtd3lsZHIxMW13eWxkcjE1OTM2NTIzMjhtd3lsZHIy,base64:type253:NG13eWxkcjNtd3lsZHIxMW13eWxkcjE1OTM2NTIzMjhtd3lsZHIy
base64:type253:NW13eWxkcjNtd3lsZHIxMm13eWxkcjE1OTM2NTc0NjNtd3lsZHI4Ng==,base64:type253:NW13eWxkcjNtd3lsZHIxMm13eWxkcjE1OTM2NTc0NjNtd3lsZHI4Ng==,base64:type253:NW13eWxkcjNtd3lsZHIxMm13eWxkcjE1OTM2NTc0NjNtd3lsZHI4Ng==,base64:type253:NW13eWxkcjNtd3lsZHIxMm13eWxkcjE1OTM2NTc0NjNtd3lsZHI4Ng==,base64:type253:NW13eWxkcjNtd3lsZHIxMm13eWxkcjE1OTM2NTc0NjNtd3lsZHI4Ng==
base64:type253:NG13eWxkcjNtd3lsZHIxM213eWxkcjE1OTM2NTc0NjNtd3lsZHI4Ng==,base64:type253:NG13eWxkcjNtd3lsZHIxM213eWxkcjE1OTM2NTc0NjNtd3lsZHI4Ng==,base64:type253:NG13eWxkcjNtd3lsZHIxM213eWxkcjE1OTM2NTc0NjNtd3lsZHI4Ng==,base64:type253:NG13eWxkcjNtd3lsZHIxM213eWxkcjE1OTM2NTc0NjNtd3lsZHI4Ng==,base64:type253:NG13eWxkcjNtd3lsZHIxM213eWxkcjE1OTM2NTc0NjNtd3lsZHI4Ng==
base64:type253:N213eWxkcjJtd3lsZHIxNG13eWxkcjE1OTM2NTg1NDJtd3lsZHI4Ng==,base64:type253:N213eWxkcjJtd3lsZHIxNG13eWxkcjE1OTM2NTg1NDJtd3lsZHI4Ng==,base64:type253:N213eWxkcjJtd3lsZHIxNG13eWxkcjE1OTM2NTg1NDJtd3lsZHI4Ng==,base64:type253:N213eWxkcjJtd3lsZHIxNG13eWxkcjE1OTM2NTg1NDJtd3lsZHI4Ng==,base64:type253:N213eWxkcjJtd3lsZHIxNG13eWxkcjE1OTM2NTg1NDJtd3lsZHI4Ng==
base64:type253:M213eWxkcjJtd3lsZHIxNW13eWxkcjE1OTM2NTg1ODdtd3lsZHI4Ng==,base64:type253:M213eWxkcjJtd3lsZHIxNW13eWxkcjE1OTM2NTg1ODdtd3lsZHI4Ng==,base64:type253:M213eWxkcjJtd3lsZHIxNW13eWxkcjE1OTM2NTg1ODdtd3lsZHI4Ng==,base64:type253:M213eWxkcjJtd3lsZHIxNW13eWxkcjE1OTM2NTg1ODdtd3lsZHI4Ng==,base64:type253:M213eWxkcjJtd3lsZHIxNW13eWxkcjE1OTM2NTg1ODdtd3lsZHI4Ng==
base64:type253:N213eWxkcjJtd3lsZHIxNm13eWxkcjE1OTM3MTM0Mzdtd3lsZHIy,base64:type253:N213eWxkcjJtd3lsZHIxNm13eWxkcjE1OTM3MTM0Mzdtd3lsZHIy,base64:type253:N213eWxkcjJtd3lsZHIxNm13eWxkcjE1OTM3MTM0Mzdtd3lsZHIy,base64:type253:N213eWxkcjJtd3lsZHIxNm13eWxkcjE1OTM3MTM0Mzdtd3lsZHIy,base64:type253:N213eWxkcjJtd3lsZHIxNm13eWxkcjE1OTM3MTM0Mzdtd3lsZHIy
base64:type253:OG13eWxkcjJtd3lsZHIxN213eWxkcjE1OTM3MjgxNDNtd3lsZHIyNQ==,base64:type253:OG13eWxkcjJtd3lsZHIxN213eWxkcjE1OTM3MjgxNDNtd3lsZHIyNQ==,base64:type253:OG13eWxkcjJtd3lsZHIxN213eWxkcjE1OTM3MjgxNDNtd3lsZHIyNQ==,base64:type253:OG13eWxkcjJtd3lsZHIxN213eWxkcjE1OTM3MjgxNDNtd3lsZHIyNQ==,base64:type253:OG13eWxkcjJtd3lsZHIxN213eWxkcjE1OTM3MjgxNDNtd3lsZHIyNQ==
base64:type253:OW13eWxkcjJtd3lsZHIxOG13eWxkcjE1OTM3MjgyNTdtd3lsZHIxNw==,base64:type253:OW13eWxkcjJtd3lsZHIxOG13eWxkcjE1OTM3MjgyNTdtd3lsZHIxNw==,base64:type253:OW13eWxkcjJtd3lsZHIxOG13eWxkcjE1OTM3MjgyNTdtd3lsZHIxNw==,base64:type253:OW13eWxkcjJtd3lsZHIxOG13eWxkcjE1OTM3MjgyNTdtd3lsZHIxNw==,base64:type253:OW13eWxkcjJtd3lsZHIxOG13eWxkcjE1OTM3MjgyNTdtd3lsZHIxNw==
base64:type253:OW13eWxkcjJtd3lsZHIxOW13eWxkcjE1OTM3NDczNTRtd3lsZHIy,base64:type253:OW13eWxkcjJtd3lsZHIxOW13eWxkcjE1OTM3NDczNTRtd3lsZHIy,base64:type253:OW13eWxkcjJtd3lsZHIxOW13eWxkcjE1OTM3NDczNTRtd3lsZHIy,base64:type253:OW13eWxkcjJtd3lsZHIxOW13eWxkcjE1OTM3NDczNTRtd3lsZHIy,base64:type253:OW13eWxkcjJtd3lsZHIxOW13eWxkcjE1OTM3NDczNTRtd3lsZHIy
base64:type253:OG13eWxkcjJtd3lsZHIyMG13eWxkcjE1OTM3NDc0MjJtd3lsZHIy,base64:type253:OG13eWxkcjJtd3lsZHIyMG13eWxkcjE1OTM3NDc0MjJtd3lsZHIy,base64:type253:OG13eWxkcjJtd3lsZHIyMG13eWxkcjE1OTM3NDc0MjJtd3lsZHIy,base64:type253:OG13eWxkcjJtd3lsZHIyMG13eWxkcjE1OTM3NDc0MjJtd3lsZHIy,base64:type253:OG13eWxkcjJtd3lsZHIyMG13eWxkcjE1OTM3NDc0MjJtd3lsZHIy
base64:type253:MTBtd3lsZHI0bXd5bGRyMjFtd3lsZHIxNTkzODI4NjI2bXd5bGRyMg==,base64:type253:MTBtd3lsZHI0bXd5bGRyMjFtd3lsZHIxNTkzODI4NjI2bXd5bGRyMg==,base64:type253:MTBtd3lsZHI0bXd5bGRyMjFtd3lsZHIxNTkzODI4NjI2bXd5bGRyMg==,base64:type253:MTBtd3lsZHI0bXd5bGRyMjFtd3lsZHIxNTkzODI4NjI2bXd5bGRyMg==,base64:type253:MTBtd3lsZHI0bXd5bGRyMjFtd3lsZHIxNTkzODI4NjI2bXd5bGRyMg==
base64:type253:MTBtd3lsZHI0bXd5bGRyMjJtd3lsZHIxNTkzODI5NzQwbXd5bGRyMTY=,base64:type253:MTBtd3lsZHI0bXd5bGRyMjJtd3lsZHIxNTkzODI5NzQwbXd5bGRyMTY=,base64:type253:MTBtd3lsZHI0bXd5bGRyMjJtd3lsZHIxNTkzODI5NzQwbXd5bGRyMTY=,base64:type253:MTBtd3lsZHI0bXd5bGRyMjJtd3lsZHIxNTkzODI5NzQwbXd5bGRyMTY=,base64:type253:MTBtd3lsZHI0bXd5bGRyMjJtd3lsZHIxNTkzODI5NzQwbXd5bGRyMTY=
base64:type253:MTBtd3lsZHI0bXd5bGRyMjNtd3lsZHIxNTkzODI5ODIwbXd5bGRyMTk=,base64:type253:MTBtd3lsZHI0bXd5bGRyMjNtd3lsZHIxNTkzODI5ODIwbXd5bGRyMTk=,base64:type253:MTBtd3lsZHI0bXd5bGRyMjNtd3lsZHIxNTkzODI5ODIwbXd5bGRyMTk=,base64:type253:MTBtd3lsZHI0bXd5bGRyMjNtd3lsZHIxNTkzODI5ODIwbXd5bGRyMTk=,base64:type253:MTBtd3lsZHI0bXd5bGRyMjNtd3lsZHIxNTkzODI5ODIwbXd5bGRyMTk=
base64:type253:MTBtd3lsZHI0bXd5bGRyMjRtd3lsZHIxNTkzODI5ODU3bXd5bGRyNzQ=,base64:type253:MTBtd3lsZHI0bXd5bGRyMjRtd3lsZHIxNTkzODI5ODU3bXd5bGRyNzQ=,base64:type253:MTBtd3lsZHI0bXd5bGRyMjRtd3lsZHIxNTkzODI5ODU3bXd5bGRyNzQ=,base64:type253:MTBtd3lsZHI0bXd5bGRyMjRtd3lsZHIxNTkzODI5ODU3bXd5bGRyNzQ=,base64:type253:MTBtd3lsZHI0bXd5bGRyMjRtd3lsZHIxNTkzODI5ODU3bXd5bGRyNzQ=
base64:type253:MTBtd3lsZHI0bXd5bGRyMjZtd3lsZHIxNTkzODc5NDE1bXd5bGRyMjI=,base64:type253:MTBtd3lsZHI0bXd5bGRyMjZtd3lsZHIxNTkzODc5NDE1bXd5bGRyMjI=,base64:type253:MTBtd3lsZHI0bXd5bGRyMjZtd3lsZHIxNTkzODc5NDE1bXd5bGRyMjI=,base64:type253:MTBtd3lsZHI0bXd5bGRyMjZtd3lsZHIxNTkzODc5NDE1bXd5bGRyMjI=,base64:type253:MTBtd3lsZHI0bXd5bGRyMjZtd3lsZHIxNTkzODc5NDE1bXd5bGRyMjI=
base64:type253:MTBtd3lsZHI0bXd5bGRyMjdtd3lsZHIxNTkzODgzODcxbXd5bGRyMTU=,base64:type253:MTBtd3lsZHI0bXd5bGRyMjdtd3lsZHIxNTkzODgzODcxbXd5bGRyMTU=,base64:type253:MTBtd3lsZHI0bXd5bGRyMjdtd3lsZHIxNTkzODgzODcxbXd5bGRyMTU=,base64:type253:MTBtd3lsZHI0bXd5bGRyMjdtd3lsZHIxNTkzODgzODcxbXd5bGRyMTU=,base64:type253:MTBtd3lsZHI0bXd5bGRyMjdtd3lsZHIxNTkzODgzODcxbXd5bGRyMTU=
base64:type253:MTBtd3lsZHI0bXd5bGRyMjhtd3lsZHIxNTkzODg1OTYxbXd5bGRyODM=,base64:type253:MTBtd3lsZHI0bXd5bGRyMjhtd3lsZHIxNTkzODg1OTYxbXd5bGRyODM=,base64:type253:MTBtd3lsZHI0bXd5bGRyMjhtd3lsZHIxNTkzODg1OTYxbXd5bGRyODM=,base64:type253:MTBtd3lsZHI0bXd5bGRyMjhtd3lsZHIxNTkzODg1OTYxbXd5bGRyODM=,base64:type253:MTBtd3lsZHI0bXd5bGRyMjhtd3lsZHIxNTkzODg1OTYxbXd5bGRyODM=
base64:type253:MTBtd3lsZHI0bXd5bGRyMjltd3lsZHIxNTkzOTA0MDM5bXd5bGRyMTg=,base64:type253:MTBtd3lsZHI0bXd5bGRyMjltd3lsZHIxNTkzOTA0MDM5bXd5bGRyMTg=,base64:type253:MTBtd3lsZHI0bXd5bGRyMjltd3lsZHIxNTkzOTA0MDM5bXd5bGRyMTg=,base64:type253:MTBtd3lsZHI0bXd5bGRyMjltd3lsZHIxNTkzOTA0MDM5bXd5bGRyMTg=,base64:type253:MTBtd3lsZHI0bXd5bGRyMjltd3lsZHIxNTkzOTA0MDM5bXd5bGRyMTg=
base64:type253:MTBtd3lsZHI0bXd5bGRyMzFtd3lsZHIxNTkzOTA3ODc0bXd5bGRyNTc=,base64:type253:MTBtd3lsZHI0bXd5bGRyMzFtd3lsZHIxNTkzOTA3ODc0bXd5bGRyNTc=,base64:type253:MTBtd3lsZHI0bXd5bGRyMzFtd3lsZHIxNTkzOTA3ODc0bXd5bGRyNTc=,base64:type253:MTBtd3lsZHI0bXd5bGRyMzFtd3lsZHIxNTkzOTA3ODc0bXd5bGRyNTc=,base64:type253:MTBtd3lsZHI0bXd5bGRyMzFtd3lsZHIxNTkzOTA3ODc0bXd5bGRyNTc=
base64:type253:MTBtd3lsZHI0bXd5bGRyMzJtd3lsZHIxNTkzOTA5NjA5bXd5bGRyMTI=,base64:type253:MTBtd3lsZHI0bXd5bGRyMzJtd3lsZHIxNTkzOTA5NjA5bXd5bGRyMTI=,base64:type253:MTBtd3lsZHI0bXd5bGRyMzJtd3lsZHIxNTkzOTA5NjA5bXd5bGRyMTI=,base64:type253:MTBtd3lsZHI0bXd5bGRyMzJtd3lsZHIxNTkzOTA5NjA5bXd5bGRyMTI=,base64:type253:MTBtd3lsZHI0bXd5bGRyMzJtd3lsZHIxNTkzOTA5NjA5bXd5bGRyMTI=
base64:type253:MTBtd3lsZHI0bXd5bGRyMzRtd3lsZHIxNTkzOTczOTU5bXd5bGRyOQ==,base64:type253:MTBtd3lsZHI0bXd5bGRyMzRtd3lsZHIxNTkzOTczOTU5bXd5bGRyOQ==,base64:type253:MTBtd3lsZHI0bXd5bGRyMzRtd3lsZHIxNTkzOTczOTU5bXd5bGRyOQ==,base64:type253:MTBtd3lsZHI0bXd5bGRyMzRtd3lsZHIxNTkzOTczOTU5bXd5bGRyOQ==,base64:type253:MTBtd3lsZHI0bXd5bGRyMzRtd3lsZHIxNTkzOTczOTU5bXd5bGRyOQ==
base64:type253:MTJtd3lsZHI0bXd5bGRyMzVtd3lsZHIxNTkzOTczOTYxbXd5bGRyOQ==,base64:type253:MTJtd3lsZHI0bXd5bGRyMzVtd3lsZHIxNTkzOTczOTYxbXd5bGRyOQ==,base64:type253:MTJtd3lsZHI0bXd5bGRyMzVtd3lsZHIxNTkzOTczOTYxbXd5bGRyOQ==,base64:type253:MTJtd3lsZHI0bXd5bGRyMzVtd3lsZHIxNTkzOTczOTYxbXd5bGRyOQ==,base64:type253:MTJtd3lsZHI0bXd5bGRyMzVtd3lsZHIxNTkzOTczOTYxbXd5bGRyOQ==
base64:type253:MTBtd3lsZHI0bXd5bGRyMzZtd3lsZHIxNTkzOTc2OTc5bXd5bGRyNjM=,base64:type253:MTBtd3lsZHI0bXd5bGRyMzZtd3lsZHIxNTkzOTc2OTc5bXd5bGRyNjM=,base64:type253:MTBtd3lsZHI0bXd5bGRyMzZtd3lsZHIxNTkzOTc2OTc5bXd5bGRyNjM=,base64:type253:MTBtd3lsZHI0bXd5bGRyMzZtd3lsZHIxNTkzOTc2OTc5bXd5bGRyNjM=,base64:type253:MTBtd3lsZHI0bXd5bGRyMzZtd3lsZHIxNTkzOTc2OTc5bXd5bGRyNjM=
base64:type253:MTBtd3lsZHI0bXd5bGRyMzdtd3lsZHIxNTkzOTg2Mzk5bXd5bGRyOTE=,base64:type253:MTBtd3lsZHI0bXd5bGRyMzdtd3lsZHIxNTkzOTg2Mzk5bXd5bGRyOTE=,base64:type253:MTBtd3lsZHI0bXd5bGRyMzdtd3lsZHIxNTkzOTg2Mzk5bXd5bGRyOTE=,base64:type253:MTBtd3lsZHI0bXd5bGRyMzdtd3lsZHIxNTkzOTg2Mzk5bXd5bGRyOTE=,base64:type253:MTBtd3lsZHI0bXd5bGRyMzdtd3lsZHIxNTkzOTg2Mzk5bXd5bGRyOTE=
base64:type253:MTBtd3lsZHI0bXd5bGRyMzhtd3lsZHIxNTkzOTg2NjY0bXd5bGRyMTQ=,base64:type253:MTBtd3lsZHI0bXd5bGRyMzhtd3lsZHIxNTkzOTg2NjY0bXd5bGRyMTQ=,base64:type253:MTBtd3lsZHI0bXd5bGRyMzhtd3lsZHIxNTkzOTg2NjY0bXd5bGRyMTQ=,base64:type253:MTBtd3lsZHI0bXd5bGRyMzhtd3lsZHIxNTkzOTg2NjY0bXd5bGRyMTQ=,base64:type253:MTBtd3lsZHI0bXd5bGRyMzhtd3lsZHIxNTkzOTg2NjY0bXd5bGRyMTQ=
base64:type253:MTBtd3lsZHI0bXd5bGRyMzltd3lsZHIxNTkzOTg3NzkwbXd5bGRyNDI=,base64:type253:MTBtd3lsZHI0bXd5bGRyMzltd3lsZHIxNTkzOTg3NzkwbXd5bGRyNDI=,base64:type253:MTBtd3lsZHI0bXd5bGRyMzltd3lsZHIxNTkzOTg3NzkwbXd5bGRyNDI=,base64:type253:MTBtd3lsZHI0bXd5bGRyMzltd3lsZHIxNTkzOTg3NzkwbXd5bGRyNDI=,base64:type253:MTBtd3lsZHI0bXd5bGRyMzltd3lsZHIxNTkzOTg3NzkwbXd5bGRyNDI=
base64:type253:MTBtd3lsZHI0bXd5bGRyNDBtd3lsZHIxNTkzOTkyMDAybXd5bGRyNTE=,base64:type253:MTBtd3lsZHI0bXd5bGRyNDBtd3lsZHIxNTkzOTkyMDAybXd5bGRyNTE=,base64:type253:MTBtd3lsZHI0bXd5bGRyNDBtd3lsZHIxNTkzOTkyMDAybXd5bGRyNTE=,base64:type253:MTBtd3lsZHI0bXd5bGRyNDBtd3lsZHIxNTkzOTkyMDAybXd5bGRyNTE=,base64:type253:MTBtd3lsZHI0bXd5bGRyNDBtd3lsZHIxNTkzOTkyMDAybXd5bGRyNTE=
base64:type253:MTBtd3lsZHI0bXd5bGRyNDFtd3lsZHIxNTkzOTkyMjYwbXd5bGRyODE=,base64:type253:MTBtd3lsZHI0bXd5bGRyNDFtd3lsZHIxNTkzOTkyMjYwbXd5bGRyODE=,base64:type253:MTBtd3lsZHI0bXd5bGRyNDFtd3lsZHIxNTkzOTkyMjYwbXd5bGRyODE=,base64:type253:MTBtd3lsZHI0bXd5bGRyNDFtd3lsZHIxNTkzOTkyMjYwbXd5bGRyODE=,base64:type253:MTBtd3lsZHI0bXd5bGRyNDFtd3lsZHIxNTkzOTkyMjYwbXd5bGRyODE=
base64:type253:MTBtd3lsZHI0bXd5bGRyNDJtd3lsZHIxNTkzOTk0NjYwbXd5bGRyOTQ=,base64:type253:MTBtd3lsZHI0bXd5bGRyNDJtd3lsZHIxNTkzOTk0NjYwbXd5bGRyOTQ=,base64:type253:MTBtd3lsZHI0bXd5bGRyNDJtd3lsZHIxNTkzOTk0NjYwbXd5bGRyOTQ=,base64:type253:MTBtd3lsZHI0bXd5bGRyNDJtd3lsZHIxNTkzOTk0NjYwbXd5bGRyOTQ=,base64:type253:MTBtd3lsZHI0bXd5bGRyNDJtd3lsZHIxNTkzOTk0NjYwbXd5bGRyOTQ=
base64:type253:MTNtd3lsZHI0bXd5bGRyNDNtd3lsZHIxNTk0MDA4MTQ3bXd5bGRyNDY=,base64:type253:MTNtd3lsZHI0bXd5bGRyNDNtd3lsZHIxNTk0MDA4MTQ3bXd5bGRyNDY=,base64:type253:MTNtd3lsZHI0bXd5bGRyNDNtd3lsZHIxNTk0MDA4MTQ3bXd5bGRyNDY=,base64:type253:MTNtd3lsZHI0bXd5bGRyNDNtd3lsZHIxNTk0MDA4MTQ3bXd5bGRyNDY=,base64:type253:MTNtd3lsZHI0bXd5bGRyNDNtd3lsZHIxNTk0MDA4MTQ3bXd5bGRyNDY=
base64:type253:MTBtd3lsZHI0bXd5bGRyNDRtd3lsZHIxNTk0MDQ4MjI1bXd5bGRyNzM=,base64:type253:MTBtd3lsZHI0bXd5bGRyNDRtd3lsZHIxNTk0MDQ4MjI1bXd5bGRyNzM=,base64:type253:MTBtd3lsZHI0bXd5bGRyNDRtd3lsZHIxNTk0MDQ4MjI1bXd5bGRyNzM=,base64:type253:MTBtd3lsZHI0bXd5bGRyNDRtd3lsZHIxNTk0MDQ4MjI1bXd5bGRyNzM=,base64:type253:MTBtd3lsZHI0bXd5bGRyNDRtd3lsZHIxNTk0MDQ4MjI1bXd5bGRyNzM=
base64:type253:MTRtd3lsZHI0bXd5bGRyNDVtd3lsZHIxNTk0MDU1NjE0bXd5bGRyNDA=,base64:type253:MTRtd3lsZHI0bXd5bGRyNDVtd3lsZHIxNTk0MDU1NjE0bXd5bGRyNDA=,base64:type253:MTRtd3lsZHI0bXd5bGRyNDVtd3lsZHIxNTk0MDU1NjE0bXd5bGRyNDA=,base64:type253:MTRtd3lsZHI0bXd5bGRyNDVtd3lsZHIxNTk0MDU1NjE0bXd5bGRyNDA=,base64:type253:MTRtd3lsZHI0bXd5bGRyNDVtd3lsZHIxNTk0MDU1NjE0bXd5bGRyNDA=
base64:type253:OG13eWxkcjJtd3lsZHI0Nm13eWxkcjE1OTQwNjA0MzFtd3lsZHI0MA==,base64:type253:OG13eWxkcjJtd3lsZHI0Nm13eWxkcjE1OTQwNjA0MzFtd3lsZHI0MA==,base64:type253:OG13eWxkcjJtd3lsZHI0Nm13eWxkcjE1OTQwNjA0MzFtd3lsZHI0MA==,base64:type253:OG13eWxkcjJtd3lsZHI0Nm13eWxkcjE1OTQwNjA0MzFtd3lsZHI0MA==,base64:type253:OG13eWxkcjJtd3lsZHI0Nm13eWxkcjE1OTQwNjA0MzFtd3lsZHI0MA==
base64:type253:MTVtd3lsZHI0bXd5bGRyNDdtd3lsZHIxNTk0MDYxNzIxbXd5bGRyNw==,base64:type253:MTVtd3lsZHI0bXd5bGRyNDdtd3lsZHIxNTk0MDYxNzIxbXd5bGRyNw==,base64:type253:MTVtd3lsZHI0bXd5bGRyNDdtd3lsZHIxNTk0MDYxNzIxbXd5bGRyNw==,base64:type253:MTVtd3lsZHI0bXd5bGRyNDdtd3lsZHIxNTk0MDYxNzIxbXd5bGRyNw==,base64:type253:MTVtd3lsZHI0bXd5bGRyNDdtd3lsZHIxNTk0MDYxNzIxbXd5bGRyNw==
base64:type253:MTRtd3lsZHI0bXd5bGRyNDhtd3lsZHIxNTk0MDYzNDI1bXd5bGRyMTA=,base64:type253:MTRtd3lsZHI0bXd5bGRyNDhtd3lsZHIxNTk0MDYzNDI1bXd5bGRyMTA=,base64:type253:MTRtd3lsZHI0bXd5bGRyNDhtd3lsZHIxNTk0MDYzNDI1bXd5bGRyMTA=,base64:type253:MTRtd3lsZHI0bXd5bGRyNDhtd3lsZHIxNTk0MDYzNDI1bXd5bGRyMTA=,base64:type253:MTRtd3lsZHI0bXd5bGRyNDhtd3lsZHIxNTk0MDYzNDI1bXd5bGRyMTA=
base64:type253:MTVtd3lsZHI0bXd5bGRyNDltd3lsZHIxNTk0MDYzNjEzbXd5bGRyMTA=,base64:type253:MTVtd3lsZHI0bXd5bGRyNDltd3lsZHIxNTk0MDYzNjEzbXd5bGRyMTA=,base64:type253:MTVtd3lsZHI0bXd5bGRyNDltd3lsZHIxNTk0MDYzNjEzbXd5bGRyMTA=,base64:type253:MTVtd3lsZHI0bXd5bGRyNDltd3lsZHIxNTk0MDYzNjEzbXd5bGRyMTA=,base64:type253:MTVtd3lsZHI0bXd5bGRyNDltd3lsZHIxNTk0MDYzNjEzbXd5bGRyMTA=
base64:type253:MTJtd3lsZHI0bXd5bGRyNTBtd3lsZHIxNTk0MDYzNjQ2bXd5bGRyMTA=,base64:type253:MTJtd3lsZHI0bXd5bGRyNTBtd3lsZHIxNTk0MDYzNjQ2bXd5bGRyMTA=,base64:type253:MTJtd3lsZHI0bXd5bGRyNTBtd3lsZHIxNTk0MDYzNjQ2bXd5bGRyMTA=,base64:type253:MTJtd3lsZHI0bXd5bGRyNTBtd3lsZHIxNTk0MDYzNjQ2bXd5bGRyMTA=,base64:type253:MTJtd3lsZHI0bXd5bGRyNTBtd3lsZHIxNTk0MDYzNjQ2bXd5bGRyMTA=
base64:type253:MTZtd3lsZHI0bXd5bGRyNTFtd3lsZHIxNTk0MDY5MDkybXd5bGRyMjg=,base64:type253:MTZtd3lsZHI0bXd5bGRyNTFtd3lsZHIxNTk0MDY5MDkybXd5bGRyMjg=,base64:type253:MTZtd3lsZHI0bXd5bGRyNTFtd3lsZHIxNTk0MDY5MDkybXd5bGRyMjg=,base64:type253:MTZtd3lsZHI0bXd5bGRyNTFtd3lsZHIxNTk0MDY5MDkybXd5bGRyMjg=,base64:type253:MTZtd3lsZHI0bXd5bGRyNTFtd3lsZHIxNTk0MDY5MDkybXd5bGRyMjg=
base64:type253:MTBtd3lsZHI0bXd5bGRyNTJtd3lsZHIxNTk0MDcwMjYzbXd5bGRyMjU=,base64:type253:MTBtd3lsZHI0bXd5bGRyNTJtd3lsZHIxNTk0MDcwMjYzbXd5bGRyMjU=,base64:type253:MTBtd3lsZHI0bXd5bGRyNTJtd3lsZHIxNTk0MDcwMjYzbXd5bGRyMjU=,base64:type253:MTBtd3lsZHI0bXd5bGRyNTJtd3lsZHIxNTk0MDcwMjYzbXd5bGRyMjU=,base64:type253:MTBtd3lsZHI0bXd5bGRyNTJtd3lsZHIxNTk0MDcwMjYzbXd5bGRyMjU=
base64:type253:MTdtd3lsZHI0bXd5bGRyNTNtd3lsZHIxNTk0MDcwMzA1bXd5bGRyMjU=,base64:type253:MTdtd3lsZHI0bXd5bGRyNTNtd3lsZHIxNTk0MDcwMzA1bXd5bGRyMjU=,base64:type253:MTdtd3lsZHI0bXd5bGRyNTNtd3lsZHIxNTk0MDcwMzA1bXd5bGRyMjU=,base64:type253:MTdtd3lsZHI0bXd5bGRyNTNtd3lsZHIxNTk0MDcwMzA1bXd5bGRyMjU=,base64:type253:MTdtd3lsZHI0bXd5bGRyNTNtd3lsZHIxNTk0MDcwMzA1bXd5bGRyMjU=
base64:type253:MTBtd3lsZHI0bXd5bGRyNTRtd3lsZHIxNTk0MDcxNzI4bXd5bGRyNjE=,base64:type253:MTBtd3lsZHI0bXd5bGRyNTRtd3lsZHIxNTk0MDcxNzI4bXd5bGRyNjE=,base64:type253:MTBtd3lsZHI0bXd5bGRyNTRtd3lsZHIxNTk0MDcxNzI4bXd5bGRyNjE=,base64:type253:MTBtd3lsZHI0bXd5bGRyNTRtd3lsZHIxNTk0MDcxNzI4bXd5bGRyNjE=,base64:type253:MTBtd3lsZHI0bXd5bGRyNTRtd3lsZHIxNTk0MDcxNzI4bXd5bGRyNjE=
base64:type253:MTBtd3lsZHI0bXd5bGRyNTVtd3lsZHIxNTk0MDc1NzQ1bXd5bGRyMjc=,base64:type253:MTBtd3lsZHI0bXd5bGRyNTVtd3lsZHIxNTk0MDc1NzQ1bXd5bGRyMjc=,base64:type253:MTBtd3lsZHI0bXd5bGRyNTVtd3lsZHIxNTk0MDc1NzQ1bXd5bGRyMjc=,base64:type253:MTBtd3lsZHI0bXd5bGRyNTVtd3lsZHIxNTk0MDc1NzQ1bXd5bGRyMjc=,base64:type253:MTBtd3lsZHI0bXd5bGRyNTVtd3lsZHIxNTk0MDc1NzQ1bXd5bGRyMjc=
base64:type253:MTZtd3lsZHI0bXd5bGRyNTZtd3lsZHIxNTk0MDc5MzIybXd5bGRyMTA=,base64:type253:MTZtd3lsZHI0bXd5bGRyNTZtd3lsZHIxNTk0MDc5MzIybXd5bGRyMTA=,base64:type253:MTZtd3lsZHI0bXd5bGRyNTZtd3lsZHIxNTk0MDc5MzIybXd5bGRyMTA=,base64:type253:MTZtd3lsZHI0bXd5bGRyNTZtd3lsZHIxNTk0MDc5MzIybXd5bGRyMTA=,base64:type253:MTZtd3lsZHI0bXd5bGRyNTZtd3lsZHIxNTk0MDc5MzIybXd5bGRyMTA=
base64:type253:MTdtd3lsZHI0bXd5bGRyNTdtd3lsZHIxNTk0MDc5MzYxbXd5bGRyMTA=,base64:type253:MTdtd3lsZHI0bXd5bGRyNTdtd3lsZHIxNTk0MDc5MzYxbXd5bGRyMTA=,base64:type253:MTdtd3lsZHI0bXd5bGRyNTdtd3lsZHIxNTk0MDc5MzYxbXd5bGRyMTA=,base64:type253:MTdtd3lsZHI0bXd5bGRyNTdtd3lsZHIxNTk0MDc5MzYxbXd5bGRyMTA=,base64:type253:MTdtd3lsZHI0bXd5bGRyNTdtd3lsZHIxNTk0MDc5MzYxbXd5bGRyMTA=
base64:type253:MTBtd3lsZHI0bXd5bGRyNTltd3lsZHIxNTk0MDgxMzE5bXd5bGRyOTA=,base64:type253:MTBtd3lsZHI0bXd5bGRyNTltd3lsZHIxNTk0MDgxMzE5bXd5bGRyOTA=,base64:type253:MTBtd3lsZHI0bXd5bGRyNTltd3lsZHIxNTk0MDgxMzE5bXd5bGRyOTA=,base64:type253:MTBtd3lsZHI0bXd5bGRyNTltd3lsZHIxNTk0MDgxMzE5bXd5bGRyOTA=,base64:type253:MTBtd3lsZHI0bXd5bGRyNTltd3lsZHIxNTk0MDgxMzE5bXd5bGRyOTA=
base64:type253:MTNtd3lsZHI0bXd5bGRyNjBtd3lsZHIxNTk0MDgyMjkybXd5bGRyMTA=,base64:type253:MTNtd3lsZHI0bXd5bGRyNjBtd3lsZHIxNTk0MDgyMjkybXd5bGRyMTA=,base64:type253:MTNtd3lsZHI0bXd5bGRyNjBtd3lsZHIxNTk0MDgyMjkybXd5bGRyMTA=,base64:type253:MTNtd3lsZHI0bXd5bGRyNjBtd3lsZHIxNTk0MDgyMjkybXd5bGRyMTA=,base64:type253:MTNtd3lsZHI0bXd5bGRyNjBtd3lsZHIxNTk0MDgyMjkybXd5bGRyMTA=
base64:type253:MThtd3lsZHI0bXd5bGRyNjFtd3lsZHIxNTk0MDgyNDM1bXd5bGRyMTA=,base64:type253:MThtd3lsZHI0bXd5bGRyNjFtd3lsZHIxNTk0MDgyNDM1bXd5bGRyMTA=,base64:type253:MThtd3lsZHI0bXd5bGRyNjFtd3lsZHIxNTk0MDgyNDM1bXd5bGRyMTA=,base64:type253:MThtd3lsZHI0bXd5bGRyNjFtd3lsZHIxNTk0MDgyNDM1bXd5bGRyMTA=,base64:type253:MThtd3lsZHI0bXd5bGRyNjFtd3lsZHIxNTk0MDgyNDM1bXd5bGRyMTA=
base64:type253:MTBtd3lsZHI0bXd5bGRyNjJtd3lsZHIxNTk0MDgyNDc1bXd5bGRyMTA=,base64:type253:MTBtd3lsZHI0bXd5bGRyNjJtd3lsZHIxNTk0MDgyNDc1bXd5bGRyMTA=,base64:type253:MTBtd3lsZHI0bXd5bGRyNjJtd3lsZHIxNTk0MDgyNDc1bXd5bGRyMTA=,base64:type253:MTBtd3lsZHI0bXd5bGRyNjJtd3lsZHIxNTk0MDgyNDc1bXd5bGRyMTA=,base64:type253:MTBtd3lsZHI0bXd5bGRyNjJtd3lsZHIxNTk0MDgyNDc1bXd5bGRyMTA=
base64:type253:MTBtd3lsZHI0bXd5bGRyNjNtd3lsZHIxNTk0MDgyOTY4bXd5bGRyNDQ=,base64:type253:MTBtd3lsZHI0bXd5bGRyNjNtd3lsZHIxNTk0MDgyOTY4bXd5bGRyNDQ=,base64:type253:MTBtd3lsZHI0bXd5bGRyNjNtd3lsZHIxNTk0MDgyOTY4bXd5bGRyNDQ=,base64:type253:MTBtd3lsZHI0bXd5bGRyNjNtd3lsZHIxNTk0MDgyOTY4bXd5bGRyNDQ=,base64:type253:MTBtd3lsZHI0bXd5bGRyNjNtd3lsZHIxNTk0MDgyOTY4bXd5bGRyNDQ=
base64:type253:MTBtd3lsZHI0bXd5bGRyNjRtd3lsZHIxNTk0MDk0ODc5bXd5bGRyNjA=,base64:type253:MTBtd3lsZHI0bXd5bGRyNjRtd3lsZHIxNTk0MDk0ODc5bXd5bGRyNjA=,base64:type253:MTBtd3lsZHI0bXd5bGRyNjRtd3lsZHIxNTk0MDk0ODc5bXd5bGRyNjA=,base64:type253:MTBtd3lsZHI0bXd5bGRyNjRtd3lsZHIxNTk0MDk0ODc5bXd5bGRyNjA=,base64:type253:MTBtd3lsZHI0bXd5bGRyNjRtd3lsZHIxNTk0MDk0ODc5bXd5bGRyNjA=
base64:type253:MTltd3lsZHI0bXd5bGRyNjVtd3lsZHIxNTk0MTM2NzQ2bXd5bGRyNTU=,base64:type253:MTltd3lsZHI0bXd5bGRyNjVtd3lsZHIxNTk0MTM2NzQ2bXd5bGRyNTU=,base64:type253:MTltd3lsZHI0bXd5bGRyNjVtd3lsZHIxNTk0MTM2NzQ2bXd5bGRyNTU=,base64:type253:MTltd3lsZHI0bXd5bGRyNjVtd3lsZHIxNTk0MTM2NzQ2bXd5bGRyNTU=,base64:type253:MTltd3lsZHI0bXd5bGRyNjVtd3lsZHIxNTk0MTM2NzQ2bXd5bGRyNTU=
base64:type253:MTltd3lsZHI0bXd5bGRyNjZtd3lsZHIxNTk0MTQyODAxbXd5bGRyOQ==,base64:type253:MTltd3lsZHI0bXd5bGRyNjZtd3lsZHIxNTk0MTQyODAxbXd5bGRyOQ==,base64:type253:MTltd3lsZHI0bXd5bGRyNjZtd3lsZHIxNTk0MTQyODAxbXd5bGRyOQ==,base64:type253:MTltd3lsZHI0bXd5bGRyNjZtd3lsZHIxNTk0MTQyODAxbXd5bGRyOQ==,base64:type253:MTltd3lsZHI0bXd5bGRyNjZtd3lsZHIxNTk0MTQyODAxbXd5bGRyOQ==
base64:type253:MTBtd3lsZHI0bXd5bGRyNjdtd3lsZHIxNTk0MTUyMTkybXd5bGRyMzY=,base64:type253:MTBtd3lsZHI0bXd5bGRyNjdtd3lsZHIxNTk0MTUyMTkybXd5bGRyMzY=,base64:type253:MTBtd3lsZHI0bXd5bGRyNjdtd3lsZHIxNTk0MTUyMTkybXd5bGRyMzY=,base64:type253:MTBtd3lsZHI0bXd5bGRyNjdtd3lsZHIxNTk0MTUyMTkybXd5bGRyMzY=,base64:type253:MTBtd3lsZHI0bXd5bGRyNjdtd3lsZHIxNTk0MTUyMTkybXd5bGRyMzY=
base64:type253:MjBtd3lsZHI0bXd5bGRyNjltd3lsZHIxNTk0MTYwMDg5bXd5bGRyNTA=,base64:type253:MjBtd3lsZHI0bXd5bGRyNjltd3lsZHIxNTk0MTYwMDg5bXd5bGRyNTA=,base64:type253:MjBtd3lsZHI0bXd5bGRyNjltd3lsZHIxNTk0MTYwMDg5bXd5bGRyNTA=,base64:type253:MjBtd3lsZHI0bXd5bGRyNjltd3lsZHIxNTk0MTYwMDg5bXd5bGRyNTA=,base64:type253:MjBtd3lsZHI0bXd5bGRyNjltd3lsZHIxNTk0MTYwMDg5bXd5bGRyNTA=
base64:type253:MTBtd3lsZHI0bXd5bGRyNzFtd3lsZHIxNTk0MTYxMTA2bXd5bGRyMzE=,base64:type253:MTBtd3lsZHI0bXd5bGRyNzFtd3lsZHIxNTk0MTYxMTA2bXd5bGRyMzE=,base64:type253:MTBtd3lsZHI0bXd5bGRyNzFtd3lsZHIxNTk0MTYxMTA2bXd5bGRyMzE=,base64:type253:MTBtd3lsZHI0bXd5bGRyNzFtd3lsZHIxNTk0MTYxMTA2bXd5bGRyMzE=,base64:type253:MTBtd3lsZHI0bXd5bGRyNzFtd3lsZHIxNTk0MTYxMTA2bXd5bGRyMzE=
base64:type253:MTBtd3lsZHI0bXd5bGRyNzJtd3lsZHIxNTk0MTY1MTg4bXd5bGRyMzA=,base64:type253:MTBtd3lsZHI0bXd5bGRyNzJtd3lsZHIxNTk0MTY1MTg4bXd5bGRyMzA=,base64:type253:MTBtd3lsZHI0bXd5bGRyNzJtd3lsZHIxNTk0MTY1MTg4bXd5bGRyMzA=,base64:type253:MTBtd3lsZHI0bXd5bGRyNzJtd3lsZHIxNTk0MTY1MTg4bXd5bGRyMzA=,base64:type253:MTBtd3lsZHI0bXd5bGRyNzJtd3lsZHIxNTk0MTY1MTg4bXd5bGRyMzA=
base64:type253:MTBtd3lsZHI0bXd5bGRyNzNtd3lsZHIxNTk0MTY1MjQ4bXd5bGRyNDk=,base64:type253:MTBtd3lsZHI0bXd5bGRyNzNtd3lsZHIxNTk0MTY1MjQ4bXd5bGRyNDk=,base64:type253:MTBtd3lsZHI0bXd5bGRyNzNtd3lsZHIxNTk0MTY1MjQ4bXd5bGRyNDk=,base64:type253:MTBtd3lsZHI0bXd5bGRyNzNtd3lsZHIxNTk0MTY1MjQ4bXd5bGRyNDk=,base64:type253:MTBtd3lsZHI0bXd5bGRyNzNtd3lsZHIxNTk0MTY1MjQ4bXd5bGRyNDk=
base64:type253:MTBtd3lsZHI0bXd5bGRyNzRtd3lsZHIxNTk0MTczNDI1bXd5bGRyMTc=,base64:type253:MTBtd3lsZHI0bXd5bGRyNzRtd3lsZHIxNTk0MTczNDI1bXd5bGRyMTc=,base64:type253:MTBtd3lsZHI0bXd5bGRyNzRtd3lsZHIxNTk0MTczNDI1bXd5bGRyMTc=,base64:type253:MTBtd3lsZHI0bXd5bGRyNzRtd3lsZHIxNTk0MTczNDI1bXd5bGRyMTc=,base64:type253:MTBtd3lsZHI0bXd5bGRyNzRtd3lsZHIxNTk0MTczNDI1bXd5bGRyMTc=
base64:type253:MTBtd3lsZHI0bXd5bGRyNzVtd3lsZHIxNTk0MjIxMjUzbXd5bGRyOTY=,base64:type253:MTBtd3lsZHI0bXd5bGRyNzVtd3lsZHIxNTk0MjIxMjUzbXd5bGRyOTY=,base64:type253:MTBtd3lsZHI0bXd5bGRyNzVtd3lsZHIxNTk0MjIxMjUzbXd5bGRyOTY=,base64:type253:MTBtd3lsZHI0bXd5bGRyNzVtd3lsZHIxNTk0MjIxMjUzbXd5bGRyOTY=,base64:type253:MTBtd3lsZHI0bXd5bGRyNzVtd3lsZHIxNTk0MjIxMjUzbXd5bGRyOTY=
base64:type253:MTBtd3lsZHI0bXd5bGRyNzZtd3lsZHIxNTk0MjMxNTY0bXd5bGRyMzg=,base64:type253:MTBtd3lsZHI0bXd5bGRyNzZtd3lsZHIxNTk0MjMxNTY0bXd5bGRyMzg=,base64:type253:MTBtd3lsZHI0bXd5bGRyNzZtd3lsZHIxNTk0MjMxNTY0bXd5bGRyMzg=,base64:type253:MTBtd3lsZHI0bXd5bGRyNzZtd3lsZHIxNTk0MjMxNTY0bXd5bGRyMzg=,base64:type253:MTBtd3lsZHI0bXd5bGRyNzZtd3lsZHIxNTk0MjMxNTY0bXd5bGRyMzg=
base64:type253:MjFtd3lsZHI0bXd5bGRyNzdtd3lsZHIxNTk0MjUyNDE5bXd5bGRyODY=,base64:type253:MjFtd3lsZHI0bXd5bGRyNzdtd3lsZHIxNTk0MjUyNDE5bXd5bGRyODY=,base64:type253:MjFtd3lsZHI0bXd5bGRyNzdtd3lsZHIxNTk0MjUyNDE5bXd5bGRyODY=,base64:type253:MjFtd3lsZHI0bXd5bGRyNzdtd3lsZHIxNTk0MjUyNDE5bXd5bGRyODY=,base64:type253:MjFtd3lsZHI0bXd5bGRyNzdtd3lsZHIxNTk0MjUyNDE5bXd5bGRyODY=
base64:type253:MTBtd3lsZHI0bXd5bGRyNzhtd3lsZHIxNTk0MjU1MTYybXd5bGRyODY=,base64:type253:MTBtd3lsZHI0bXd5bGRyNzhtd3lsZHIxNTk0MjU1MTYybXd5bGRyODY=,base64:type253:MTBtd3lsZHI0bXd5bGRyNzhtd3lsZHIxNTk0MjU1MTYybXd5bGRyODY=,base64:type253:MTBtd3lsZHI0bXd5bGRyNzhtd3lsZHIxNTk0MjU1MTYybXd5bGRyODY=,base64:type253:MTBtd3lsZHI0bXd5bGRyNzhtd3lsZHIxNTk0MjU1MTYybXd5bGRyODY=
base64:type253:MTBtd3lsZHI0bXd5bGRyNzltd3lsZHIxNTk0MjYyMDM5bXd5bGRyNTg=,base64:type253:MTBtd3lsZHI0bXd5bGRyNzltd3lsZHIxNTk0MjYyMDM5bXd5bGRyNTg=,base64:type253:MTBtd3lsZHI0bXd5bGRyNzltd3lsZHIxNTk0MjYyMDM5bXd5bGRyNTg=,base64:type253:MTBtd3lsZHI0bXd5bGRyNzltd3lsZHIxNTk0MjYyMDM5bXd5bGRyNTg=,base64:type253:MTBtd3lsZHI0bXd5bGRyNzltd3lsZHIxNTk0MjYyMDM5bXd5bGRyNTg=
base64:type253:MjFtd3lsZHI0bXd5bGRyODBtd3lsZHIxNTk0MjY0NDE0bXd5bGRyNTg=,base64:type253:MjFtd3lsZHI0bXd5bGRyODBtd3lsZHIxNTk0MjY0NDE0bXd5bGRyNTg=,base64:type253:MjFtd3lsZHI0bXd5bGRyODBtd3lsZHIxNTk0MjY0NDE0bXd5bGRyNTg=,base64:type253:MjFtd3lsZHI0bXd5bGRyODBtd3lsZHIxNTk0MjY0NDE0bXd5bGRyNTg=,base64:type253:MjFtd3lsZHI0bXd5bGRyODBtd3lsZHIxNTk0MjY0NDE0bXd5bGRyNTg=
base64:type253:MjJtd3lsZHI0bXd5bGRyODFtd3lsZHIxNTk0MjY2MzA2bXd5bGRyNDc=,base64:type253:MjJtd3lsZHI0bXd5bGRyODFtd3lsZHIxNTk0MjY2MzA2bXd5bGRyNDc=,base64:type253:MjJtd3lsZHI0bXd5bGRyODFtd3lsZHIxNTk0MjY2MzA2bXd5bGRyNDc=,base64:type253:MjJtd3lsZHI0bXd5bGRyODFtd3lsZHIxNTk0MjY2MzA2bXd5bGRyNDc=,base64:type253:MjJtd3lsZHI0bXd5bGRyODFtd3lsZHIxNTk0MjY2MzA2bXd5bGRyNDc=
base64:type253:MTBtd3lsZHI0bXd5bGRyODJtd3lsZHIxNTk0MzE0ODMybXd5bGRyNDM=,base64:type253:MTBtd3lsZHI0bXd5bGRyODJtd3lsZHIxNTk0MzE0ODMybXd5bGRyNDM=,base64:type253:MTBtd3lsZHI0bXd5bGRyODJtd3lsZHIxNTk0MzE0ODMybXd5bGRyNDM=,base64:type253:MTBtd3lsZHI0bXd5bGRyODJtd3lsZHIxNTk0MzE0ODMybXd5bGRyNDM=,base64:type253:MTBtd3lsZHI0bXd5bGRyODJtd3lsZHIxNTk0MzE0ODMybXd5bGRyNDM=
base64:type253:MjFtd3lsZHI0bXd5bGRyODNtd3lsZHIxNTk0MzE3MTg0bXd5bGRyOQ==,base64:type253:MjFtd3lsZHI0bXd5bGRyODNtd3lsZHIxNTk0MzE3MTg0bXd5bGRyOQ==,base64:type253:MjFtd3lsZHI0bXd5bGRyODNtd3lsZHIxNTk0MzE3MTg0bXd5bGRyOQ==,base64:type253:MjFtd3lsZHI0bXd5bGRyODNtd3lsZHIxNTk0MzE3MTg0bXd5bGRyOQ==,base64:type253:MjFtd3lsZHI0bXd5bGRyODNtd3lsZHIxNTk0MzE3MTg0bXd5bGRyOQ==
base64:type253:MTBtd3lsZHI0bXd5bGRyODRtd3lsZHIxNTk0MzI1MTc2bXd5bGRyOTc=,base64:type253:MTBtd3lsZHI0bXd5bGRyODRtd3lsZHIxNTk0MzI1MTc2bXd5bGRyOTc=,base64:type253:MTBtd3lsZHI0bXd5bGRyODRtd3lsZHIxNTk0MzI1MTc2bXd5bGRyOTc=,base64:type253:MTBtd3lsZHI0bXd5bGRyODRtd3lsZHIxNTk0MzI1MTc2bXd5bGRyOTc=,base64:type253:MTBtd3lsZHI0bXd5bGRyODRtd3lsZHIxNTk0MzI1MTc2bXd5bGRyOTc=
base64:type253:MTBtd3lsZHI0bXd5bGRyODVtd3lsZHIxNTk0MzQ4OTI2bXd5bGRyNTI=,base64:type253:MTBtd3lsZHI0bXd5bGRyODVtd3lsZHIxNTk0MzQ4OTI2bXd5bGRyNTI=,base64:type253:MTBtd3lsZHI0bXd5bGRyODVtd3lsZHIxNTk0MzQ4OTI2bXd5bGRyNTI=,base64:type253:MTBtd3lsZHI0bXd5bGRyODVtd3lsZHIxNTk0MzQ4OTI2bXd5bGRyNTI=,base64:type253:MTBtd3lsZHI0bXd5bGRyODVtd3lsZHIxNTk0MzQ4OTI2bXd5bGRyNTI=
base64:type253:MTBtd3lsZHI0bXd5bGRyODZtd3lsZHIxNTk0MzUwNzI3bXd5bGRyNzk=,base64:type253:MTBtd3lsZHI0bXd5bGRyODZtd3lsZHIxNTk0MzUwNzI3bXd5bGRyNzk=,base64:type253:MTBtd3lsZHI0bXd5bGRyODZtd3lsZHIxNTk0MzUwNzI3bXd5bGRyNzk=,base64:type253:MTBtd3lsZHI0bXd5bGRyODZtd3lsZHIxNTk0MzUwNzI3bXd5bGRyNzk=,base64:type253:MTBtd3lsZHI0bXd5bGRyODZtd3lsZHIxNTk0MzUwNzI3bXd5bGRyNzk=
base64:type253:MTBtd3lsZHI0bXd5bGRyODdtd3lsZHIxNTk0NDE3Mzk4bXd5bGRyNDE=,base64:type253:MTBtd3lsZHI0bXd5bGRyODdtd3lsZHIxNTk0NDE3Mzk4bXd5bGRyNDE=,base64:type253:MTBtd3lsZHI0bXd5bGRyODdtd3lsZHIxNTk0NDE3Mzk4bXd5bGRyNDE=,base64:type253:MTBtd3lsZHI0bXd5bGRyODdtd3lsZHIxNTk0NDE3Mzk4bXd5bGRyNDE=,base64:type253:MTBtd3lsZHI0bXd5bGRyODdtd3lsZHIxNTk0NDE3Mzk4bXd5bGRyNDE=
base64:type253:MjNtd3lsZHI0bXd5bGRyODhtd3lsZHIxNTk0NDE3Nzk5bXd5bGRyNDE=,base64:type253:MjNtd3lsZHI0bXd5bGRyODhtd3lsZHIxNTk0NDE3Nzk5bXd5bGRyNDE=,base64:type253:MjNtd3lsZHI0bXd5bGRyODhtd3lsZHIxNTk0NDE3Nzk5bXd5bGRyNDE=,base64:type253:MjNtd3lsZHI0bXd5bGRyODhtd3lsZHIxNTk0NDE3Nzk5bXd5bGRyNDE=,base64:type253:MjNtd3lsZHI0bXd5bGRyODhtd3lsZHIxNTk0NDE3Nzk5bXd5bGRyNDE=
base64:type253:MTBtd3lsZHI0bXd5bGRyODltd3lsZHIxNTk0NDI4NTYxbXd5bGRyMjQ=,base64:type253:MTBtd3lsZHI0bXd5bGRyODltd3lsZHIxNTk0NDI4NTYxbXd5bGRyMjQ=,base64:type253:MTBtd3lsZHI0bXd5bGRyODltd3lsZHIxNTk0NDI4NTYxbXd5bGRyMjQ=,base64:type253:MTBtd3lsZHI0bXd5bGRyODltd3lsZHIxNTk0NDI4NTYxbXd5bGRyMjQ=,base64:type253:MTBtd3lsZHI0bXd5bGRyODltd3lsZHIxNTk0NDI4NTYxbXd5bGRyMjQ=
base64:type253:MTBtd3lsZHI0bXd5bGRyOTBtd3lsZHIxNTk0NDQ2MDk1bXd5bGRyMzk=,base64:type253:MTBtd3lsZHI0bXd5bGRyOTBtd3lsZHIxNTk0NDQ2MDk1bXd5bGRyMzk=,base64:type253:MTBtd3lsZHI0bXd5bGRyOTBtd3lsZHIxNTk0NDQ2MDk1bXd5bGRyMzk=,base64:type253:MTBtd3lsZHI0bXd5bGRyOTBtd3lsZHIxNTk0NDQ2MDk1bXd5bGRyMzk=,base64:type253:MTBtd3lsZHI0bXd5bGRyOTBtd3lsZHIxNTk0NDQ2MDk1bXd5bGRyMzk=
base64:type253:MjRtd3lsZHI0bXd5bGRyOTFtd3lsZHIxNTk0NDgxNzMybXd5bGRyNzI=,base64:type253:MjRtd3lsZHI0bXd5bGRyOTFtd3lsZHIxNTk0NDgxNzMybXd5bGRyNzI=,base64:type253:MjRtd3lsZHI0bXd5bGRyOTFtd3lsZHIxNTk0NDgxNzMybXd5bGRyNzI=,base64:type253:MjRtd3lsZHI0bXd5bGRyOTFtd3lsZHIxNTk0NDgxNzMybXd5bGRyNzI=,base64:type253:MjRtd3lsZHI0bXd5bGRyOTFtd3lsZHIxNTk0NDgxNzMybXd5bGRyNzI=
base64:type253:MTBtd3lsZHI0bXd5bGRyOTJtd3lsZHIxNTk0NDg3NDcxbXd5bGRyNzU=,base64:type253:MTBtd3lsZHI0bXd5bGRyOTJtd3lsZHIxNTk0NDg3NDcxbXd5bGRyNzU=,base64:type253:MTBtd3lsZHI0bXd5bGRyOTJtd3lsZHIxNTk0NDg3NDcxbXd5bGRyNzU=,base64:type253:MTBtd3lsZHI0bXd5bGRyOTJtd3lsZHIxNTk0NDg3NDcxbXd5bGRyNzU=,base64:type253:MTBtd3lsZHI0bXd5bGRyOTJtd3lsZHIxNTk0NDg3NDcxbXd5bGRyNzU=
base64:type253:MTBtd3lsZHI0bXd5bGRyOTNtd3lsZHIxNTk0NDg5NDAxbXd5bGRyNjk=,base64:type253:MTBtd3lsZHI0bXd5bGRyOTNtd3lsZHIxNTk0NDg5NDAxbXd5bGRyNjk=,base64:type253:MTBtd3lsZHI0bXd5bGRyOTNtd3lsZHIxNTk0NDg5NDAxbXd5bGRyNjk=,base64:type253:MTBtd3lsZHI0bXd5bGRyOTNtd3lsZHIxNTk0NDg5NDAxbXd5bGRyNjk=,base64:type253:MTBtd3lsZHI0bXd5bGRyOTNtd3lsZHIxNTk0NDg5NDAxbXd5bGRyNjk=
base64:type253:MTBtd3lsZHI0bXd5bGRyOTRtd3lsZHIxNTk0NTAwNDE5bXd5bGRyOTM=,base64:type253:MTBtd3lsZHI0bXd5bGRyOTRtd3lsZHIxNTk0NTAwNDE5bXd5bGRyOTM=,base64:type253:MTBtd3lsZHI0bXd5bGRyOTRtd3lsZHIxNTk0NTAwNDE5bXd5bGRyOTM=,base64:type253:MTBtd3lsZHI0bXd5bGRyOTRtd3lsZHIxNTk0NTAwNDE5bXd5bGRyOTM=,base64:type253:MTBtd3lsZHI0bXd5bGRyOTRtd3lsZHIxNTk0NTAwNDE5bXd5bGRyOTM=
base64:type253:MTBtd3lsZHI0bXd5bGRyOTVtd3lsZHIxNTk0NTA3NDUxbXd5bGRyNjY=,base64:type253:MTBtd3lsZHI0bXd5bGRyOTVtd3lsZHIxNTk0NTA3NDUxbXd5bGRyNjY=,base64:type253:MTBtd3lsZHI0bXd5bGRyOTVtd3lsZHIxNTk0NTA3NDUxbXd5bGRyNjY=,base64:type253:MTBtd3lsZHI0bXd5bGRyOTVtd3lsZHIxNTk0NTA3NDUxbXd5bGRyNjY=,base64:type253:MTBtd3lsZHI0bXd5bGRyOTVtd3lsZHIxNTk0NTA3NDUxbXd5bGRyNjY=
base64:type253:MTBtd3lsZHI0bXd5bGRyOTZtd3lsZHIxNTk0NTEzMTIwbXd5bGRyNzE=,base64:type253:MTBtd3lsZHI0bXd5bGRyOTZtd3lsZHIxNTk0NTEzMTIwbXd5bGRyNzE=,base64:type253:MTBtd3lsZHI0bXd5bGRyOTZtd3lsZHIxNTk0NTEzMTIwbXd5bGRyNzE=,base64:type253:MTBtd3lsZHI0bXd5bGRyOTZtd3lsZHIxNTk0NTEzMTIwbXd5bGRyNzE=,base64:type253:MTBtd3lsZHI0bXd5bGRyOTZtd3lsZHIxNTk0NTEzMTIwbXd5bGRyNzE=
base64:type253:MTBtd3lsZHI0bXd5bGRyOTdtd3lsZHIxNTk0NTkyMTczbXd5bGRyMTM=,base64:type253:MTBtd3lsZHI0bXd5bGRyOTdtd3lsZHIxNTk0NTkyMTczbXd5bGRyMTM=,base64:type253:MTBtd3lsZHI0bXd5bGRyOTdtd3lsZHIxNTk0NTkyMTczbXd5bGRyMTM=,base64:type253:MTBtd3lsZHI0bXd5bGRyOTdtd3lsZHIxNTk0NTkyMTczbXd5bGRyMTM=,base64:type253:MTBtd3lsZHI0bXd5bGRyOTdtd3lsZHIxNTk0NTkyMTczbXd5bGRyMTM=
base64:type253:Nm13eWxkcjNtd3lsZHI5OG13eWxkcjE1OTQ1OTIyODRtd3lsZHIxMw==,base64:type253:Nm13eWxkcjNtd3lsZHI5OG13eWxkcjE1OTQ1OTIyODRtd3lsZHIxMw==,base64:type253:Nm13eWxkcjNtd3lsZHI5OG13eWxkcjE1OTQ1OTIyODRtd3lsZHIxMw==,base64:type253:Nm13eWxkcjNtd3lsZHI5OG13eWxkcjE1OTQ1OTIyODRtd3lsZHIxMw==,base64:type253:Nm13eWxkcjNtd3lsZHI5OG13eWxkcjE1OTQ1OTIyODRtd3lsZHIxMw==
base64:type253:MTBtd3lsZHI0bXd5bGRyOTltd3lsZHIxNTk0NjAyMTY0bXd5bGRyMzI=,base64:type253:MTBtd3lsZHI0bXd5bGRyOTltd3lsZHIxNTk0NjAyMTY0bXd5bGRyMzI=,base64:type253:MTBtd3lsZHI0bXd5bGRyOTltd3lsZHIxNTk0NjAyMTY0bXd5bGRyMzI=,base64:type253:MTBtd3lsZHI0bXd5bGRyOTltd3lsZHIxNTk0NjAyMTY0bXd5bGRyMzI=,base64:type253:MTBtd3lsZHI0bXd5bGRyOTltd3lsZHIxNTk0NjAyMTY0bXd5bGRyMzI=
base64:type253:MjVtd3lsZHI0bXd5bGRyMTAwbXd5bGRyMTU5NDYwNTA2Nm13eWxkcjMz,base64:type253:MjVtd3lsZHI0bXd5bGRyMTAwbXd5bGRyMTU5NDYwNTA2Nm13eWxkcjMz,base64:type253:MjVtd3lsZHI0bXd5bGRyMTAwbXd5bGRyMTU5NDYwNTA2Nm13eWxkcjMz,base64:type253:MjVtd3lsZHI0bXd5bGRyMTAwbXd5bGRyMTU5NDYwNTA2Nm13eWxkcjMz,base64:type253:MjVtd3lsZHI0bXd5bGRyMTAwbXd5bGRyMTU5NDYwNTA2Nm13eWxkcjMz
base64:type253:MTBtd3lsZHI0bXd5bGRyMTAxbXd5bGRyMTU5NDYxNDc5OW13eWxkcjY3,base64:type253:MTBtd3lsZHI0bXd5bGRyMTAxbXd5bGRyMTU5NDYxNDc5OW13eWxkcjY3,base64:type253:MTBtd3lsZHI0bXd5bGRyMTAxbXd5bGRyMTU5NDYxNDc5OW13eWxkcjY3,base64:type253:MTBtd3lsZHI0bXd5bGRyMTAxbXd5bGRyMTU5NDYxNDc5OW13eWxkcjY3,base64:type253:MTBtd3lsZHI0bXd5bGRyMTAxbXd5bGRyMTU5NDYxNDc5OW13eWxkcjY3
base64:type253:M213eWxkcjJtd3lsZHIxMDJtd3lsZHIxNTk0NjIwMTY0bXd5bGRyMjM=,base64:type253:M213eWxkcjJtd3lsZHIxMDJtd3lsZHIxNTk0NjIwMTY0bXd5bGRyMjM=,base64:type253:M213eWxkcjJtd3lsZHIxMDJtd3lsZHIxNTk0NjIwMTY0bXd5bGRyMjM=,base64:type253:M213eWxkcjJtd3lsZHIxMDJtd3lsZHIxNTk0NjIwMTY0bXd5bGRyMjM=,base64:type253:M213eWxkcjJtd3lsZHIxMDJtd3lsZHIxNTk0NjIwMTY0bXd5bGRyMjM=
base64:type253:MjZtd3lsZHIzbXd5bGRyMTAzbXd5bGRyMTU5NDY1MjY1N213eWxkcjIw,base64:type253:MjZtd3lsZHIzbXd5bGRyMTAzbXd5bGRyMTU5NDY1MjY1N213eWxkcjIw,base64:type253:MjZtd3lsZHIzbXd5bGRyMTAzbXd5bGRyMTU5NDY1MjY1N213eWxkcjIw,base64:type253:MjZtd3lsZHIzbXd5bGRyMTAzbXd5bGRyMTU5NDY1MjY1N213eWxkcjIw,base64:type253:MjZtd3lsZHIzbXd5bGRyMTAzbXd5bGRyMTU5NDY1MjY1N213eWxkcjIw
base64:type253:MjVtd3lsZHI0bXd5bGRyMTA0bXd5bGRyMTU5NDY2NDAyMm13eWxkcjk=,base64:type253:MjVtd3lsZHI0bXd5bGRyMTA0bXd5bGRyMTU5NDY2NDAyMm13eWxkcjk=,base64:type253:MjVtd3lsZHI0bXd5bGRyMTA0bXd5bGRyMTU5NDY2NDAyMm13eWxkcjk=,base64:type253:MjVtd3lsZHI0bXd5bGRyMTA0bXd5bGRyMTU5NDY2NDAyMm13eWxkcjk=,base64:type253:MjVtd3lsZHI0bXd5bGRyMTA0bXd5bGRyMTU5NDY2NDAyMm13eWxkcjk=
base64:type253:MjRtd3lsZHI0bXd5bGRyMTA1bXd5bGRyMTU5NDY2NDAyM213eWxkcjk=,base64:type253:MjRtd3lsZHI0bXd5bGRyMTA1bXd5bGRyMTU5NDY2NDAyM213eWxkcjk=,base64:type253:MjRtd3lsZHI0bXd5bGRyMTA1bXd5bGRyMTU5NDY2NDAyM213eWxkcjk=,base64:type253:MjRtd3lsZHI0bXd5bGRyMTA1bXd5bGRyMTU5NDY2NDAyM213eWxkcjk=,base64:type253:MjRtd3lsZHI0bXd5bGRyMTA1bXd5bGRyMTU5NDY2NDAyM213eWxkcjk=
base64:type253:MjNtd3lsZHI0bXd5bGRyMTA2bXd5bGRyMTU5NDY2NDAyNW13eWxkcjk=,base64:type253:MjNtd3lsZHI0bXd5bGRyMTA2bXd5bGRyMTU5NDY2NDAyNW13eWxkcjk=,base64:type253:MjNtd3lsZHI0bXd5bGRyMTA2bXd5bGRyMTU5NDY2NDAyNW13eWxkcjk=,base64:type253:MjNtd3lsZHI0bXd5bGRyMTA2bXd5bGRyMTU5NDY2NDAyNW13eWxkcjk=,base64:type253:MjNtd3lsZHI0bXd5bGRyMTA2bXd5bGRyMTU5NDY2NDAyNW13eWxkcjk=
base64:type253:MjJtd3lsZHI0bXd5bGRyMTA3bXd5bGRyMTU5NDY2NDAyN213eWxkcjk=,base64:type253:MjJtd3lsZHI0bXd5bGRyMTA3bXd5bGRyMTU5NDY2NDAyN213eWxkcjk=,base64:type253:MjJtd3lsZHI0bXd5bGRyMTA3bXd5bGRyMTU5NDY2NDAyN213eWxkcjk=,base64:type253:MjJtd3lsZHI0bXd5bGRyMTA3bXd5bGRyMTU5NDY2NDAyN213eWxkcjk=,base64:type253:MjJtd3lsZHI0bXd5bGRyMTA3bXd5bGRyMTU5NDY2NDAyN213eWxkcjk=
base64:type253:MjBtd3lsZHI0bXd5bGRyMTA4bXd5bGRyMTU5NDY2NDAzMG13eWxkcjk=,base64:type253:MjBtd3lsZHI0bXd5bGRyMTA4bXd5bGRyMTU5NDY2NDAzMG13eWxkcjk=,base64:type253:MjBtd3lsZHI0bXd5bGRyMTA4bXd5bGRyMTU5NDY2NDAzMG13eWxkcjk=,base64:type253:MjBtd3lsZHI0bXd5bGRyMTA4bXd5bGRyMTU5NDY2NDAzMG13eWxkcjk=,base64:type253:MjBtd3lsZHI0bXd5bGRyMTA4bXd5bGRyMTU5NDY2NDAzMG13eWxkcjk=
base64:type253:MThtd3lsZHI0bXd5bGRyMTA5bXd5bGRyMTU5NDY2NDAzNG13eWxkcjk=,base64:type253:MThtd3lsZHI0bXd5bGRyMTA5bXd5bGRyMTU5NDY2NDAzNG13eWxkcjk=,base64:type253:MThtd3lsZHI0bXd5bGRyMTA5bXd5bGRyMTU5NDY2NDAzNG13eWxkcjk=,base64:type253:MThtd3lsZHI0bXd5bGRyMTA5bXd5bGRyMTU5NDY2NDAzNG13eWxkcjk=,base64:type253:MThtd3lsZHI0bXd5bGRyMTA5bXd5bGRyMTU5NDY2NDAzNG13eWxkcjk=
base64:type253:MTNtd3lsZHI0bXd5bGRyMTEwbXd5bGRyMTU5NDY2NDAzNW13eWxkcjk=,base64:type253:MTNtd3lsZHI0bXd5bGRyMTEwbXd5bGRyMTU5NDY2NDAzNW13eWxkcjk=,base64:type253:MTNtd3lsZHI0bXd5bGRyMTEwbXd5bGRyMTU5NDY2NDAzNW13eWxkcjk=,base64:type253:MTNtd3lsZHI0bXd5bGRyMTEwbXd5bGRyMTU5NDY2NDAzNW13eWxkcjk=,base64:type253:MTNtd3lsZHI0bXd5bGRyMTEwbXd5bGRyMTU5NDY2NDAzNW13eWxkcjk=
base64:type253:MTZtd3lsZHI0bXd5bGRyMTExbXd5bGRyMTU5NDY2NDAzN213eWxkcjk=,base64:type253:MTZtd3lsZHI0bXd5bGRyMTExbXd5bGRyMTU5NDY2NDAzN213eWxkcjk=,base64:type253:MTZtd3lsZHI0bXd5bGRyMTExbXd5bGRyMTU5NDY2NDAzN213eWxkcjk=,base64:type253:MTZtd3lsZHI0bXd5bGRyMTExbXd5bGRyMTU5NDY2NDAzN213eWxkcjk=,base64:type253:MTZtd3lsZHI0bXd5bGRyMTExbXd5bGRyMTU5NDY2NDAzN213eWxkcjk=
base64:type253:MTdtd3lsZHI0bXd5bGRyMTEybXd5bGRyMTU5NDY2NDAzOG13eWxkcjk=,base64:type253:MTdtd3lsZHI0bXd5bGRyMTEybXd5bGRyMTU5NDY2NDAzOG13eWxkcjk=,base64:type253:MTdtd3lsZHI0bXd5bGRyMTEybXd5bGRyMTU5NDY2NDAzOG13eWxkcjk=,base64:type253:MTdtd3lsZHI0bXd5bGRyMTEybXd5bGRyMTU5NDY2NDAzOG13eWxkcjk=,base64:type253:MTdtd3lsZHI0bXd5bGRyMTEybXd5bGRyMTU5NDY2NDAzOG13eWxkcjk=
base64:type253:MTRtd3lsZHI0bXd5bGRyMTEzbXd5bGRyMTU5NDY2NDA0Mm13eWxkcjk=,base64:type253:MTRtd3lsZHI0bXd5bGRyMTEzbXd5bGRyMTU5NDY2NDA0Mm13eWxkcjk=,base64:type253:MTRtd3lsZHI0bXd5bGRyMTEzbXd5bGRyMTU5NDY2NDA0Mm13eWxkcjk=,base64:type253:MTRtd3lsZHI0bXd5bGRyMTEzbXd5bGRyMTU5NDY2NDA0Mm13eWxkcjk=,base64:type253:MTRtd3lsZHI0bXd5bGRyMTEzbXd5bGRyMTU5NDY2NDA0Mm13eWxkcjk=
base64:type253:MTVtd3lsZHI0bXd5bGRyMTE0bXd5bGRyMTU5NDY2NDA0M213eWxkcjk=,base64:type253:MTVtd3lsZHI0bXd5bGRyMTE0bXd5bGRyMTU5NDY2NDA0M213eWxkcjk=,base64:type253:MTVtd3lsZHI0bXd5bGRyMTE0bXd5bGRyMTU5NDY2NDA0M213eWxkcjk=,base64:type253:MTVtd3lsZHI0bXd5bGRyMTE0bXd5bGRyMTU5NDY2NDA0M213eWxkcjk=,base64:type253:MTVtd3lsZHI0bXd5bGRyMTE0bXd5bGRyMTU5NDY2NDA0M213eWxkcjk=
base64:type253:Mjdtd3lsZHI0bXd5bGRyMTE1bXd5bGRyMTU5NDY2NDQ5OW13eWxkcjY=,base64:type253:Mjdtd3lsZHI0bXd5bGRyMTE1bXd5bGRyMTU5NDY2NDQ5OW13eWxkcjY=,base64:type253:Mjdtd3lsZHI0bXd5bGRyMTE1bXd5bGRyMTU5NDY2NDQ5OW13eWxkcjY=,base64:type253:Mjdtd3lsZHI0bXd5bGRyMTE1bXd5bGRyMTU5NDY2NDQ5OW13eWxkcjY=,base64:type253:Mjdtd3lsZHI0bXd5bGRyMTE1bXd5bGRyMTU5NDY2NDQ5OW13eWxkcjY=
base64:type253:MTBtd3lsZHI0bXd5bGRyMTE3bXd5bGRyMTU5NDY5MzI4OG13eWxkcjQ=,base64:type253:MTBtd3lsZHI0bXd5bGRyMTE3bXd5bGRyMTU5NDY5MzI4OG13eWxkcjQ=,base64:type253:MTBtd3lsZHI0bXd5bGRyMTE3bXd5bGRyMTU5NDY5MzI4OG13eWxkcjQ=,base64:type253:MTBtd3lsZHI0bXd5bGRyMTE3bXd5bGRyMTU5NDY5MzI4OG13eWxkcjQ=,base64:type253:MTBtd3lsZHI0bXd5bGRyMTE3bXd5bGRyMTU5NDY5MzI4OG13eWxkcjQ=
base64:type253:MTBtd3lsZHI0bXd5bGRyMTE4bXd5bGRyMTU5NDY5NzU0Nm13eWxkcjY=,base64:type253:MTBtd3lsZHI0bXd5bGRyMTE4bXd5bGRyMTU5NDY5NzU0Nm13eWxkcjY=,base64:type253:MTBtd3lsZHI0bXd5bGRyMTE4bXd5bGRyMTU5NDY5NzU0Nm13eWxkcjY=,base64:type253:MTBtd3lsZHI0bXd5bGRyMTE4bXd5bGRyMTU5NDY5NzU0Nm13eWxkcjY=,base64:type253:MTBtd3lsZHI0bXd5bGRyMTE4bXd5bGRyMTU5NDY5NzU0Nm13eWxkcjY=
base64:type253:MTBtd3lsZHI0bXd5bGRyMTE5bXd5bGRyMTU5NDcwMzgyM213eWxkcjIx,base64:type253:MTBtd3lsZHI0bXd5bGRyMTE5bXd5bGRyMTU5NDcwMzgyM213eWxkcjIx,base64:type253:MTBtd3lsZHI0bXd5bGRyMTE5bXd5bGRyMTU5NDcwMzgyM213eWxkcjIx,base64:type253:MTBtd3lsZHI0bXd5bGRyMTE5bXd5bGRyMTU5NDcwMzgyM213eWxkcjIx,base64:type253:MTBtd3lsZHI0bXd5bGRyMTE5bXd5bGRyMTU5NDcwMzgyM213eWxkcjIx
base64:type253:Mjhtd3lsZHI0bXd5bGRyMTIwbXd5bGRyMTU5NDcwNDE4Nm13eWxkcjIx,base64:type253:Mjhtd3lsZHI0bXd5bGRyMTIwbXd5bGRyMTU5NDcwNDE4Nm13eWxkcjIx,base64:type253:Mjhtd3lsZHI0bXd5bGRyMTIwbXd5bGRyMTU5NDcwNDE4Nm13eWxkcjIx,base64:type253:Mjhtd3lsZHI0bXd5bGRyMTIwbXd5bGRyMTU5NDcwNDE4Nm13eWxkcjIx,base64:type253:Mjhtd3lsZHI0bXd5bGRyMTIwbXd5bGRyMTU5NDcwNDE4Nm13eWxkcjIx
base64:type253:Mjltd3lsZHI0bXd5bGRyMTIxbXd5bGRyMTU5NDc0OTIyM213eWxkcjY=,base64:type253:Mjltd3lsZHI0bXd5bGRyMTIxbXd5bGRyMTU5NDc0OTIyM213eWxkcjY=,base64:type253:Mjltd3lsZHI0bXd5bGRyMTIxbXd5bGRyMTU5NDc0OTIyM213eWxkcjY=,base64:type253:Mjltd3lsZHI0bXd5bGRyMTIxbXd5bGRyMTU5NDc0OTIyM213eWxkcjY=,base64:type253:Mjltd3lsZHI0bXd5bGRyMTIxbXd5bGRyMTU5NDc0OTIyM213eWxkcjY=
base64:type253:MTJtd3lsZHI0bXd5bGRyMTIzbXd5bGRyMTU5NDc3MDY3N213eWxkcjM1,base64:type253:MTJtd3lsZHI0bXd5bGRyMTIzbXd5bGRyMTU5NDc3MDY3N213eWxkcjM1,base64:type253:MTJtd3lsZHI0bXd5bGRyMTIzbXd5bGRyMTU5NDc3MDY3N213eWxkcjM1,base64:type253:MTJtd3lsZHI0bXd5bGRyMTIzbXd5bGRyMTU5NDc3MDY3N213eWxkcjM1,base64:type253:MTJtd3lsZHI0bXd5bGRyMTIzbXd5bGRyMTU5NDc3MDY3N213eWxkcjM1
base64:type253:MzBtd3lsZHI0bXd5bGRyMTI0bXd5bGRyMTU5NDc3Nzg3Mm13eWxkcjgy,base64:type253:MzBtd3lsZHI0bXd5bGRyMTI0bXd5bGRyMTU5NDc3Nzg3Mm13eWxkcjgy,base64:type253:MzBtd3lsZHI0bXd5bGRyMTI0bXd5bGRyMTU5NDc3Nzg3Mm13eWxkcjgy,base64:type253:MzBtd3lsZHI0bXd5bGRyMTI0bXd5bGRyMTU5NDc3Nzg3Mm13eWxkcjgy,base64:type253:MzBtd3lsZHI0bXd5bGRyMTI0bXd5bGRyMTU5NDc3Nzg3Mm13eWxkcjgy
base64:type253:MTBtd3lsZHI0bXd5bGRyMTI1bXd5bGRyMTU5NDc3Nzk0Mm13eWxkcjgy,base64:type253:MTBtd3lsZHI0bXd5bGRyMTI1bXd5bGRyMTU5NDc3Nzk0Mm13eWxkcjgy,base64:type253:MTBtd3lsZHI0bXd5bGRyMTI1bXd5bGRyMTU5NDc3Nzk0Mm13eWxkcjgy,base64:type253:MTBtd3lsZHI0bXd5bGRyMTI1bXd5bGRyMTU5NDc3Nzk0Mm13eWxkcjgy,base64:type253:MTBtd3lsZHI0bXd5bGRyMTI1bXd5bGRyMTU5NDc3Nzk0Mm13eWxkcjgy
base64:type253:Nm13eWxkcjNtd3lsZHIxMjZtd3lsZHIxNTk0Nzg0NzU4bXd5bGRyMTI=,base64:type253:Nm13eWxkcjNtd3lsZHIxMjZtd3lsZHIxNTk0Nzg0NzU4bXd5bGRyMTI=,base64:type253:Nm13eWxkcjNtd3lsZHIxMjZtd3lsZHIxNTk0Nzg0NzU4bXd5bGRyMTI=,base64:type253:Nm13eWxkcjNtd3lsZHIxMjZtd3lsZHIxNTk0Nzg0NzU4bXd5bGRyMTI=,base64:type253:Nm13eWxkcjNtd3lsZHIxMjZtd3lsZHIxNTk0Nzg0NzU4bXd5bGRyMTI=
base64:type253:MzFtd3lsZHIybXd5bGRyMTI3bXd5bGRyMTU5NDgzNjMxNm13eWxkcjIw,base64:type253:MzFtd3lsZHIybXd5bGRyMTI3bXd5bGRyMTU5NDgzNjMxNm13eWxkcjIw,base64:type253:MzFtd3lsZHIybXd5bGRyMTI3bXd5bGRyMTU5NDgzNjMxNm13eWxkcjIw,base64:type253:MzFtd3lsZHIybXd5bGRyMTI3bXd5bGRyMTU5NDgzNjMxNm13eWxkcjIw,base64:type253:MzFtd3lsZHIybXd5bGRyMTI3bXd5bGRyMTU5NDgzNjMxNm13eWxkcjIw
base64:type253:MzJtd3lsZHIzbXd5bGRyMTMxbXd5bGRyMTU5NDk2ODAzNW13eWxkcjU2,base64:type253:MzJtd3lsZHIzbXd5bGRyMTMxbXd5bGRyMTU5NDk2ODAzNW13eWxkcjU2,base64:type253:MzJtd3lsZHIzbXd5bGRyMTMxbXd5bGRyMTU5NDk2ODAzNW13eWxkcjU2,base64:type253:MzJtd3lsZHIzbXd5bGRyMTMxbXd5bGRyMTU5NDk2ODAzNW13eWxkcjU2,base64:type253:MzJtd3lsZHIzbXd5bGRyMTMxbXd5bGRyMTU5NDk2ODAzNW13eWxkcjU2
base64:type253:MzBtd3lsZHI0bXd5bGRyMTMybXd5bGRyMTU5NTAxNzk4N213eWxkcjk=,base64:type253:MzBtd3lsZHI0bXd5bGRyMTMybXd5bGRyMTU5NTAxNzk4N213eWxkcjk=,base64:type253:MzBtd3lsZHI0bXd5bGRyMTMybXd5bGRyMTU5NTAxNzk4N213eWxkcjk=,base64:type253:MzBtd3lsZHI0bXd5bGRyMTMybXd5bGRyMTU5NTAxNzk4N213eWxkcjk=,base64:type253:MzBtd3lsZHI0bXd5bGRyMTMybXd5bGRyMTU5NTAxNzk4N213eWxkcjk=
base64:type253:Mjltd3lsZHI0bXd5bGRyMTMzbXd5bGRyMTU5NTAxODAwMm13eWxkcjk=,base64:type253:Mjltd3lsZHI0bXd5bGRyMTMzbXd5bGRyMTU5NTAxODAwMm13eWxkcjk=,base64:type253:Mjltd3lsZHI0bXd5bGRyMTMzbXd5bGRyMTU5NTAxODAwMm13eWxkcjk=,base64:type253:Mjltd3lsZHI0bXd5bGRyMTMzbXd5bGRyMTU5NTAxODAwMm13eWxkcjk=,base64:type253:Mjltd3lsZHI0bXd5bGRyMTMzbXd5bGRyMTU5NTAxODAwMm13eWxkcjk=
base64:type253:Mjhtd3lsZHI0bXd5bGRyMTM0bXd5bGRyMTU5NTAxODAwM213eWxkcjk=,base64:type253:Mjhtd3lsZHI0bXd5bGRyMTM0bXd5bGRyMTU5NTAxODAwM213eWxkcjk=,base64:type253:Mjhtd3lsZHI0bXd5bGRyMTM0bXd5bGRyMTU5NTAxODAwM213eWxkcjk=,base64:type253:Mjhtd3lsZHI0bXd5bGRyMTM0bXd5bGRyMTU5NTAxODAwM213eWxkcjk=,base64:type253:Mjhtd3lsZHI0bXd5bGRyMTM0bXd5bGRyMTU5NTAxODAwM213eWxkcjk=
base64:type253:Mjdtd3lsZHI0bXd5bGRyMTM1bXd5bGRyMTU5NTAxODAwNW13eWxkcjk=,base64:type253:Mjdtd3lsZHI0bXd5bGRyMTM1bXd5bGRyMTU5NTAxODAwNW13eWxkcjk=,base64:type253:Mjdtd3lsZHI0bXd5bGRyMTM1bXd5bGRyMTU5NTAxODAwNW13eWxkcjk=,base64:type253:Mjdtd3lsZHI0bXd5bGRyMTM1bXd5bGRyMTU5NTAxODAwNW13eWxkcjk=,base64:type253:Mjdtd3lsZHI0bXd5bGRyMTM1bXd5bGRyMTU5NTAxODAwNW13eWxkcjk=
base64:type253:MzJtd3lsZHIzbXd5bGRyMTM2bXd5bGRyMTU5NTAzMzc4N213eWxkcjI0,base64:type253:MzJtd3lsZHIzbXd5bGRyMTM2bXd5bGRyMTU5NTAzMzc4N213eWxkcjI0,base64:type253:MzJtd3lsZHIzbXd5bGRyMTM2bXd5bGRyMTU5NTAzMzc4N213eWxkcjI0,base64:type253:MzJtd3lsZHIzbXd5bGRyMTM2bXd5bGRyMTU5NTAzMzc4N213eWxkcjI0,base64:type253:MzJtd3lsZHIzbXd5bGRyMTM2bXd5bGRyMTU5NTAzMzc4N213eWxkcjI0
base64:type253:MTBtd3lsZHI0bXd5bGRyMTM3bXd5bGRyMTU5NTAzNDg5MW13eWxkcjY4,base64:type253:MTBtd3lsZHI0bXd5bGRyMTM3bXd5bGRyMTU5NTAzNDg5MW13eWxkcjY4,base64:type253:MTBtd3lsZHI0bXd5bGRyMTM3bXd5bGRyMTU5NTAzNDg5MW13eWxkcjY4,base64:type253:MTBtd3lsZHI0bXd5bGRyMTM3bXd5bGRyMTU5NTAzNDg5MW13eWxkcjY4,base64:type253:MTBtd3lsZHI0bXd5bGRyMTM3bXd5bGRyMTU5NTAzNDg5MW13eWxkcjY4
base64:type253:MTBtd3lsZHI0bXd5bGRyMTM5bXd5bGRyMTU5NTEzODU1OW13eWxkcjQ4,base64:type253:MTBtd3lsZHI0bXd5bGRyMTM5bXd5bGRyMTU5NTEzODU1OW13eWxkcjQ4,base64:type253:MTBtd3lsZHI0bXd5bGRyMTM5bXd5bGRyMTU5NTEzODU1OW13eWxkcjQ4,base64:type253:MTBtd3lsZHI0bXd5bGRyMTM5bXd5bGRyMTU5NTEzODU1OW13eWxkcjQ4,base64:type253:MTBtd3lsZHI0bXd5bGRyMTM5bXd5bGRyMTU5NTEzODU1OW13eWxkcjQ4
base64:type253:MzRtd3lsZHI0bXd5bGRyMTQwbXd5bGRyMTU5NTEzODgyNm13eWxkcjQ4,base64:type253:MzRtd3lsZHI0bXd5bGRyMTQwbXd5bGRyMTU5NTEzODgyNm13eWxkcjQ4,base64:type253:MzRtd3lsZHI0bXd5bGRyMTQwbXd5bGRyMTU5NTEzODgyNm13eWxkcjQ4,base64:type253:MzRtd3lsZHI0bXd5bGRyMTQwbXd5bGRyMTU5NTEzODgyNm13eWxkcjQ4,base64:type253:MzRtd3lsZHI0bXd5bGRyMTQwbXd5bGRyMTU5NTEzODgyNm13eWxkcjQ4
base64:type253:MzVtd3lsZHI0bXd5bGRyMTQxbXd5bGRyMTU5NTYxNjYzMW13eWxkcjU4,base64:type253:MzVtd3lsZHI0bXd5bGRyMTQxbXd5bGRyMTU5NTYxNjYzMW13eWxkcjU4,base64:type253:MzVtd3lsZHI0bXd5bGRyMTQxbXd5bGRyMTU5NTYxNjYzMW13eWxkcjU4,base64:type253:MzVtd3lsZHI0bXd5bGRyMTQxbXd5bGRyMTU5NTYxNjYzMW13eWxkcjU4,base64:type253:MzVtd3lsZHI0bXd5bGRyMTQxbXd5bGRyMTU5NTYxNjYzMW13eWxkcjU4
base64:type253:MzZtd3lsZHI0bXd5bGRyMTQybXd5bGRyMTU5NTYxNjY4Nm13eWxkcjU4,base64:type253:MzZtd3lsZHI0bXd5bGRyMTQybXd5bGRyMTU5NTYxNjY4Nm13eWxkcjU4,base64:type253:MzZtd3lsZHI0bXd5bGRyMTQybXd5bGRyMTU5NTYxNjY4Nm13eWxkcjU4,base64:type253:MzZtd3lsZHI0bXd5bGRyMTQybXd5bGRyMTU5NTYxNjY4Nm13eWxkcjU4,base64:type253:MzZtd3lsZHI0bXd5bGRyMTQybXd5bGRyMTU5NTYxNjY4Nm13eWxkcjU4
base64:type253:Mzltd3lsZHIybXd5bGRyMTQ0bXd5bGRyMTYwMTkxNjY1MW13eWxkcjI=,base64:type253:Mzltd3lsZHIybXd5bGRyMTQ0bXd5bGRyMTYwMTkxNjY1MW13eWxkcjI=,base64:type253:Mzltd3lsZHIybXd5bGRyMTQ0bXd5bGRyMTYwMTkxNjY1MW13eWxkcjI=,base64:type253:Mzltd3lsZHIybXd5bGRyMTQ0bXd5bGRyMTYwMTkxNjY1MW13eWxkcjI=,base64:type253:Mzltd3lsZHIybXd5bGRyMTQ0bXd5bGRyMTYwMTkxNjY1MW13eWxkcjI=
base64:type253:NDBtd3lsZHIzbXd5bGRyMTQ1bXd5bGRyMTYwMTkxNjcwMW13eWxkcjI=,base64:type253:NDBtd3lsZHIzbXd5bGRyMTQ1bXd5bGRyMTYwMTkxNjcwMW13eWxkcjI=,base64:type253:NDBtd3lsZHIzbXd5bGRyMTQ1bXd5bGRyMTYwMTkxNjcwMW13eWxkcjI=,base64:type253:NDBtd3lsZHIzbXd5bGRyMTQ1bXd5bGRyMTYwMTkxNjcwMW13eWxkcjI=,base64:type253:NDBtd3lsZHIzbXd5bGRyMTQ1bXd5bGRyMTYwMTkxNjcwMW13eWxkcjI=
base64:type253:NDFtd3lsZHI0bXd5bGRyMTQ2bXd5bGRyMTYwMTkxNjc2MG13eWxkcjI=,base64:type253:NDFtd3lsZHI0bXd5bGRyMTQ2bXd5bGRyMTYwMTkxNjc2MG13eWxkcjI=,base64:type253:NDFtd3lsZHI0bXd5bGRyMTQ2bXd5bGRyMTYwMTkxNjc2MG13eWxkcjI=,base64:type253:NDFtd3lsZHI0bXd5bGRyMTQ2bXd5bGRyMTYwMTkxNjc2MG13eWxkcjI=,base64:type253:NDFtd3lsZHI0bXd5bGRyMTQ2bXd5bGRyMTYwMTkxNjc2MG13eWxkcjI=
base64:type253:NDJtd3lsZHI4bXd5bGRyMTQ3bXd5bGRyMTYwMTkxNzExOW13eWxkcjI=,base64:type253:NDJtd3lsZHI4bXd5bGRyMTQ3bXd5bGRyMTYwMTkxNzExOW13eWxkcjI=,base64:type253:NDJtd3lsZHI4bXd5bGRyMTQ3bXd5bGRyMTYwMTkxNzExOW13eWxkcjI=,base64:type253:NDJtd3lsZHI4bXd5bGRyMTQ3bXd5bGRyMTYwMTkxNzExOW13eWxkcjI=,base64:type253:NDJtd3lsZHI4bXd5bGRyMTQ3bXd5bGRyMTYwMTkxNzExOW13eWxkcjI=
base64:type253:NDNtd3lsZHI5bXd5bGRyMTQ4bXd5bGRyMTYwMTkxNzI0M213eWxkcjI=,base64:type253:NDNtd3lsZHI5bXd5bGRyMTQ4bXd5bGRyMTYwMTkxNzI0M213eWxkcjI=,base64:type253:NDNtd3lsZHI5bXd5bGRyMTQ4bXd5bGRyMTYwMTkxNzI0M213eWxkcjI=,base64:type253:NDNtd3lsZHI5bXd5bGRyMTQ4bXd5bGRyMTYwMTkxNzI0M213eWxkcjI=,base64:type253:NDNtd3lsZHI5bXd5bGRyMTQ4bXd5bGRyMTYwMTkxNzI0M213eWxkcjI=
base64:type253:NDRtd3lsZHIxMG13eWxkcjE0OW13eWxkcjE2MDE5MTczMzRtd3lsZHIy,base64:type253:NDRtd3lsZHIxMG13eWxkcjE0OW13eWxkcjE2MDE5MTczMzRtd3lsZHIy,base64:type253:NDRtd3lsZHIxMG13eWxkcjE0OW13eWxkcjE2MDE5MTczMzRtd3lsZHIy,base64:type253:NDRtd3lsZHIxMG13eWxkcjE0OW13eWxkcjE2MDE5MTczMzRtd3lsZHIy,base64:type253:NDRtd3lsZHIxMG13eWxkcjE0OW13eWxkcjE2MDE5MTczMzRtd3lsZHIy
base64:type253:NDVtd3lsZHI5bXd5bGRyMTUwbXd5bGRyMTYwMTkxODIyMm13eWxkcjI=,base64:type253:NDVtd3lsZHI5bXd5bGRyMTUwbXd5bGRyMTYwMTkxODIyMm13eWxkcjI=,base64:type253:NDVtd3lsZHI5bXd5bGRyMTUwbXd5bGRyMTYwMTkxODIyMm13eWxkcjI=,base64:type253:NDVtd3lsZHI5bXd5bGRyMTUwbXd5bGRyMTYwMTkxODIyMm13eWxkcjI=,base64:type253:NDVtd3lsZHI5bXd5bGRyMTUwbXd5bGRyMTYwMTkxODIyMm13eWxkcjI=
base64:type253:NDZtd3lsZHIybXd5bGRyMTUxbXd5bGRyMTYwMTkxODI4M213eWxkcjI=,base64:type253:NDZtd3lsZHIybXd5bGRyMTUxbXd5bGRyMTYwMTkxODI4M213eWxkcjI=,base64:type253:NDZtd3lsZHIybXd5bGRyMTUxbXd5bGRyMTYwMTkxODI4M213eWxkcjI=,base64:type253:NDZtd3lsZHIybXd5bGRyMTUxbXd5bGRyMTYwMTkxODI4M213eWxkcjI=,base64:type253:NDZtd3lsZHIybXd5bGRyMTUxbXd5bGRyMTYwMTkxODI4M213eWxkcjI=
base64:type253:NDRtd3lsZHIxMG13eWxkcjE1M213eWxkcjE2MDE5MTg1NDdtd3lsZHIxMTA=,base64:type253:NDRtd3lsZHIxMG13eWxkcjE1M213eWxkcjE2MDE5MTg1NDdtd3lsZHIxMTA=,base64:type253:NDRtd3lsZHIxMG13eWxkcjE1M213eWxkcjE2MDE5MTg1NDdtd3lsZHIxMTA=,base64:type253:NDRtd3lsZHIxMG13eWxkcjE1M213eWxkcjE2MDE5MTg1NDdtd3lsZHIxMTA=,base64:type253:NDRtd3lsZHIxMG13eWxkcjE1M213eWxkcjE2MDE5MTg1NDdtd3lsZHIxMTA=
base64:type253:NDRtd3lsZHIxMG13eWxkcjE1NG13eWxkcjE2MDE5MzAxMzVtd3lsZHI3,base64:type253:NDRtd3lsZHIxMG13eWxkcjE1NG13eWxkcjE2MDE5MzAxMzVtd3lsZHI3,base64:type253:NDRtd3lsZHIxMG13eWxkcjE1NG13eWxkcjE2MDE5MzAxMzVtd3lsZHI3,base64:type253:NDRtd3lsZHIxMG13eWxkcjE1NG13eWxkcjE2MDE5MzAxMzVtd3lsZHI3,base64:type253:NDRtd3lsZHIxMG13eWxkcjE1NG13eWxkcjE2MDE5MzAxMzVtd3lsZHI3
base64:type253:NDRtd3lsZHIxMG13eWxkcjE1Nm13eWxkcjE2MDE5MzgxMDVtd3lsZHIxMTM=,base64:type253:NDRtd3lsZHIxMG13eWxkcjE1Nm13eWxkcjE2MDE5MzgxMDVtd3lsZHIxMTM=,base64:type253:NDRtd3lsZHIxMG13eWxkcjE1Nm13eWxkcjE2MDE5MzgxMDVtd3lsZHIxMTM=,base64:type253:NDRtd3lsZHIxMG13eWxkcjE1Nm13eWxkcjE2MDE5MzgxMDVtd3lsZHIxMTM=,base64:type253:NDRtd3lsZHIxMG13eWxkcjE1Nm13eWxkcjE2MDE5MzgxMDVtd3lsZHIxMTM=
base64:type253:NDRtd3lsZHIxMG13eWxkcjE1N213eWxkcjE2MDE5NDE1NjRtd3lsZHIxMTU=,base64:type253:NDRtd3lsZHIxMG13eWxkcjE1N213eWxkcjE2MDE5NDE1NjRtd3lsZHIxMTU=,base64:type253:NDRtd3lsZHIxMG13eWxkcjE1N213eWxkcjE2MDE5NDE1NjRtd3lsZHIxMTU=,base64:type253:NDRtd3lsZHIxMG13eWxkcjE1N213eWxkcjE2MDE5NDE1NjRtd3lsZHIxMTU=,base64:type253:NDRtd3lsZHIxMG13eWxkcjE1N213eWxkcjE2MDE5NDE1NjRtd3lsZHIxMTU=
base64:type253:NDJtd3lsZHI4bXd5bGRyMTU4bXd5bGRyMTYwMTk0MTYzMG13eWxkcjEwMg==,base64:type253:NDJtd3lsZHI4bXd5bGRyMTU4bXd5bGRyMTYwMTk0MTYzMG13eWxkcjEwMg==,base64:type253:NDJtd3lsZHI4bXd5bGRyMTU4bXd5bGRyMTYwMTk0MTYzMG13eWxkcjEwMg==,base64:type253:NDJtd3lsZHI4bXd5bGRyMTU4bXd5bGRyMTYwMTk0MTYzMG13eWxkcjEwMg==,base64:type253:NDJtd3lsZHI4bXd5bGRyMTU4bXd5bGRyMTYwMTk0MTYzMG13eWxkcjEwMg==
base64:type253:NDRtd3lsZHIxMG13eWxkcjE1OW13eWxkcjE2MDE5NDI0ODNtd3lsZHIxMDI=,base64:type253:NDRtd3lsZHIxMG13eWxkcjE1OW13eWxkcjE2MDE5NDI0ODNtd3lsZHIxMDI=,base64:type253:NDRtd3lsZHIxMG13eWxkcjE1OW13eWxkcjE2MDE5NDI0ODNtd3lsZHIxMDI=,base64:type253:NDRtd3lsZHIxMG13eWxkcjE1OW13eWxkcjE2MDE5NDI0ODNtd3lsZHIxMDI=,base64:type253:NDRtd3lsZHIxMG13eWxkcjE1OW13eWxkcjE2MDE5NDI0ODNtd3lsZHIxMDI=
base64:type253:NDRtd3lsZHIxMG13eWxkcjE2MG13eWxkcjE2MDE5NDQ3Mjltd3lsZHIxMTI=,base64:type253:NDRtd3lsZHIxMG13eWxkcjE2MG13eWxkcjE2MDE5NDQ3Mjltd3lsZHIxMTI=,base64:type253:NDRtd3lsZHIxMG13eWxkcjE2MG13eWxkcjE2MDE5NDQ3Mjltd3lsZHIxMTI=,base64:type253:NDRtd3lsZHIxMG13eWxkcjE2MG13eWxkcjE2MDE5NDQ3Mjltd3lsZHIxMTI=,base64:type253:NDRtd3lsZHIxMG13eWxkcjE2MG13eWxkcjE2MDE5NDQ3Mjltd3lsZHIxMTI=
base64:type253:NDRtd3lsZHIxMG13eWxkcjE2MW13eWxkcjE2MDE5NTI0NTltd3lsZHI2Mg==,base64:type253:NDRtd3lsZHIxMG13eWxkcjE2MW13eWxkcjE2MDE5NTI0NTltd3lsZHI2Mg==,base64:type253:NDRtd3lsZHIxMG13eWxkcjE2MW13eWxkcjE2MDE5NTI0NTltd3lsZHI2Mg==,base64:type253:NDRtd3lsZHIxMG13eWxkcjE2MW13eWxkcjE2MDE5NTI0NTltd3lsZHI2Mg==,base64:type253:NDRtd3lsZHIxMG13eWxkcjE2MW13eWxkcjE2MDE5NTI0NTltd3lsZHI2Mg==
base64:type253:NDFtd3lsZHI0bXd5bGRyMTYybXd5bGRyMTYwMjAwNDc5OW13eWxkcjEwOQ==,base64:type253:NDFtd3lsZHI0bXd5bGRyMTYybXd5bGRyMTYwMjAwNDc5OW13eWxkcjEwOQ==,base64:type253:NDFtd3lsZHI0bXd5bGRyMTYybXd5bGRyMTYwMjAwNDc5OW13eWxkcjEwOQ==,base64:type253:NDFtd3lsZHI0bXd5bGRyMTYybXd5bGRyMTYwMjAwNDc5OW13eWxkcjEwOQ==,base64:type253:NDFtd3lsZHI0bXd5bGRyMTYybXd5bGRyMTYwMjAwNDc5OW13eWxkcjEwOQ==
base64:type253:NDJtd3lsZHI4bXd5bGRyMTYzbXd5bGRyMTYwMjA0NTMyMm13eWxkcjEwMQ==,base64:type253:NDJtd3lsZHI4bXd5bGRyMTYzbXd5bGRyMTYwMjA0NTMyMm13eWxkcjEwMQ==,base64:type253:NDJtd3lsZHI4bXd5bGRyMTYzbXd5bGRyMTYwMjA0NTMyMm13eWxkcjEwMQ==,base64:type253:NDJtd3lsZHI4bXd5bGRyMTYzbXd5bGRyMTYwMjA0NTMyMm13eWxkcjEwMQ==,base64:type253:NDJtd3lsZHI4bXd5bGRyMTYzbXd5bGRyMTYwMjA0NTMyMm13eWxkcjEwMQ==
base64:type253:NDVtd3lsZHI5bXd5bGRyMTY0bXd5bGRyMTYwMjA0NTY0NG13eWxkcjEwMQ==,base64:type253:NDVtd3lsZHI5bXd5bGRyMTY0bXd5bGRyMTYwMjA0NTY0NG13eWxkcjEwMQ==,base64:type253:NDVtd3lsZHI5bXd5bGRyMTY0bXd5bGRyMTYwMjA0NTY0NG13eWxkcjEwMQ==,base64:type253:NDVtd3lsZHI5bXd5bGRyMTY0bXd5bGRyMTYwMjA0NTY0NG13eWxkcjEwMQ==,base64:type253:NDVtd3lsZHI5bXd5bGRyMTY0bXd5bGRyMTYwMjA0NTY0NG13eWxkcjEwMQ==
base64:type253:NDNtd3lsZHI5bXd5bGRyMTY1bXd5bGRyMTYwMjA0NTY0NW13eWxkcjEwMQ==,base64:type253:NDNtd3lsZHI5bXd5bGRyMTY1bXd5bGRyMTYwMjA0NTY0NW13eWxkcjEwMQ==,base64:type253:NDNtd3lsZHI5bXd5bGRyMTY1bXd5bGRyMTYwMjA0NTY0NW13eWxkcjEwMQ==,base64:type253:NDNtd3lsZHI5bXd5bGRyMTY1bXd5bGRyMTYwMjA0NTY0NW13eWxkcjEwMQ==,base64:type253:NDNtd3lsZHI5bXd5bGRyMTY1bXd5bGRyMTYwMjA0NTY0NW13eWxkcjEwMQ==
base64:type253:NDRtd3lsZHIxMG13eWxkcjE2Nm13eWxkcjE2MDIwNDU2NTltd3lsZHIxMDE=,base64:type253:NDRtd3lsZHIxMG13eWxkcjE2Nm13eWxkcjE2MDIwNDU2NTltd3lsZHIxMDE=,base64:type253:NDRtd3lsZHIxMG13eWxkcjE2Nm13eWxkcjE2MDIwNDU2NTltd3lsZHIxMDE=,base64:type253:NDRtd3lsZHIxMG13eWxkcjE2Nm13eWxkcjE2MDIwNDU2NTltd3lsZHIxMDE=,base64:type253:NDRtd3lsZHIxMG13eWxkcjE2Nm13eWxkcjE2MDIwNDU2NTltd3lsZHIxMDE=
base64:type253:NDRtd3lsZHIxMG13eWxkcjE2N213eWxkcjE2MDIwODk5MjBtd3lsZHIxMDc=,base64:type253:NDRtd3lsZHIxMG13eWxkcjE2N213eWxkcjE2MDIwODk5MjBtd3lsZHIxMDc=,base64:type253:NDRtd3lsZHIxMG13eWxkcjE2N213eWxkcjE2MDIwODk5MjBtd3lsZHIxMDc=,base64:type253:NDRtd3lsZHIxMG13eWxkcjE2N213eWxkcjE2MDIwODk5MjBtd3lsZHIxMDc=,base64:type253:NDRtd3lsZHIxMG13eWxkcjE2N213eWxkcjE2MDIwODk5MjBtd3lsZHIxMDc=
base64:type253:NDJtd3lsZHI4bXd5bGRyMTY4bXd5bGRyMTYwMjA5NDY0OG13eWxkcjExOA==,base64:type253:NDJtd3lsZHI4bXd5bGRyMTY4bXd5bGRyMTYwMjA5NDY0OG13eWxkcjExOA==,base64:type253:NDJtd3lsZHI4bXd5bGRyMTY4bXd5bGRyMTYwMjA5NDY0OG13eWxkcjExOA==,base64:type253:NDJtd3lsZHI4bXd5bGRyMTY4bXd5bGRyMTYwMjA5NDY0OG13eWxkcjExOA==,base64:type253:NDJtd3lsZHI4bXd5bGRyMTY4bXd5bGRyMTYwMjA5NDY0OG13eWxkcjExOA==
base64:type253:NDRtd3lsZHIxMG13eWxkcjE2OW13eWxkcjE2MDIwOTQ3Mzltd3lsZHIxMTg=,base64:type253:NDRtd3lsZHIxMG13eWxkcjE2OW13eWxkcjE2MDIwOTQ3Mzltd3lsZHIxMTg=,base64:type253:NDRtd3lsZHIxMG13eWxkcjE2OW13eWxkcjE2MDIwOTQ3Mzltd3lsZHIxMTg=,base64:type253:NDRtd3lsZHIxMG13eWxkcjE2OW13eWxkcjE2MDIwOTQ3Mzltd3lsZHIxMTg=,base64:type253:NDRtd3lsZHIxMG13eWxkcjE2OW13eWxkcjE2MDIwOTQ3Mzltd3lsZHIxMTg=
base64:type253:NDNtd3lsZHI5bXd5bGRyMTcwbXd5bGRyMTYwMjEyMDYxN213eWxkcjExOA==,base64:type253:NDNtd3lsZHI5bXd5bGRyMTcwbXd5bGRyMTYwMjEyMDYxN213eWxkcjExOA==,base64:type253:NDNtd3lsZHI5bXd5bGRyMTcwbXd5bGRyMTYwMjEyMDYxN213eWxkcjExOA==,base64:type253:NDNtd3lsZHI5bXd5bGRyMTcwbXd5bGRyMTYwMjEyMDYxN213eWxkcjExOA==,base64:type253:NDNtd3lsZHI5bXd5bGRyMTcwbXd5bGRyMTYwMjEyMDYxN213eWxkcjExOA==
base64:type253:NDdtd3lsZHI4bXd5bGRyMTcxbXd5bGRyMTYwMjE2ODc0M213eWxkcjI=,base64:type253:NDdtd3lsZHI4bXd5bGRyMTcxbXd5bGRyMTYwMjE2ODc0M213eWxkcjI=,base64:type253:NDdtd3lsZHI4bXd5bGRyMTcxbXd5bGRyMTYwMjE2ODc0M213eWxkcjI=,base64:type253:NDdtd3lsZHI4bXd5bGRyMTcxbXd5bGRyMTYwMjE2ODc0M213eWxkcjI=,base64:type253:NDdtd3lsZHI4bXd5bGRyMTcxbXd5bGRyMTYwMjE2ODc0M213eWxkcjI=
base64:type253:NDNtd3lsZHI5bXd5bGRyMTcybXd5bGRyMTYwMjE4MTA4OW13eWxkcjY5,base64:type253:NDNtd3lsZHI5bXd5bGRyMTcybXd5bGRyMTYwMjE4MTA4OW13eWxkcjY5,base64:type253:NDNtd3lsZHI5bXd5bGRyMTcybXd5bGRyMTYwMjE4MTA4OW13eWxkcjY5,base64:type253:NDNtd3lsZHI5bXd5bGRyMTcybXd5bGRyMTYwMjE4MTA4OW13eWxkcjY5,base64:type253:NDNtd3lsZHI5bXd5bGRyMTcybXd5bGRyMTYwMjE4MTA4OW13eWxkcjY5
base64:type253:NDJtd3lsZHI4bXd5bGRyMTczbXd5bGRyMTYwMjE4MTM3OG13eWxkcjExNA==,base64:type253:NDJtd3lsZHI4bXd5bGRyMTczbXd5bGRyMTYwMjE4MTM3OG13eWxkcjExNA==,base64:type253:NDJtd3lsZHI4bXd5bGRyMTczbXd5bGRyMTYwMjE4MTM3OG13eWxkcjExNA==,base64:type253:NDJtd3lsZHI4bXd5bGRyMTczbXd5bGRyMTYwMjE4MTM3OG13eWxkcjExNA==,base64:type253:NDJtd3lsZHI4bXd5bGRyMTczbXd5bGRyMTYwMjE4MTM3OG13eWxkcjExNA==
base64:type253:NDRtd3lsZHIxMG13eWxkcjE3NG13eWxkcjE2MDIxODE0NjZtd3lsZHIxMTQ=,base64:type253:NDRtd3lsZHIxMG13eWxkcjE3NG13eWxkcjE2MDIxODE0NjZtd3lsZHIxMTQ=,base64:type253:NDRtd3lsZHIxMG13eWxkcjE3NG13eWxkcjE2MDIxODE0NjZtd3lsZHIxMTQ=,base64:type253:NDRtd3lsZHIxMG13eWxkcjE3NG13eWxkcjE2MDIxODE0NjZtd3lsZHIxMTQ=,base64:type253:NDRtd3lsZHIxMG13eWxkcjE3NG13eWxkcjE2MDIxODE0NjZtd3lsZHIxMTQ=
base64:type253:NDJtd3lsZHI4bXd5bGRyMTc1bXd5bGRyMTYwMjE5ODYyMG13eWxkcjEwNg==,base64:type253:NDJtd3lsZHI4bXd5bGRyMTc1bXd5bGRyMTYwMjE5ODYyMG13eWxkcjEwNg==,base64:type253:NDJtd3lsZHI4bXd5bGRyMTc1bXd5bGRyMTYwMjE5ODYyMG13eWxkcjEwNg==,base64:type253:NDJtd3lsZHI4bXd5bGRyMTc1bXd5bGRyMTYwMjE5ODYyMG13eWxkcjEwNg==,base64:type253:NDJtd3lsZHI4bXd5bGRyMTc1bXd5bGRyMTYwMjE5ODYyMG13eWxkcjEwNg==
base64:type253:NDRtd3lsZHIxMG13eWxkcjE3Nm13eWxkcjE2MDIxOTg3OTJtd3lsZHIxMDY=,base64:type253:NDRtd3lsZHIxMG13eWxkcjE3Nm13eWxkcjE2MDIxOTg3OTJtd3lsZHIxMDY=,base64:type253:NDRtd3lsZHIxMG13eWxkcjE3Nm13eWxkcjE2MDIxOTg3OTJtd3lsZHIxMDY=,base64:type253:NDRtd3lsZHIxMG13eWxkcjE3Nm13eWxkcjE2MDIxOTg3OTJtd3lsZHIxMDY=,base64:type253:NDRtd3lsZHIxMG13eWxkcjE3Nm13eWxkcjE2MDIxOTg3OTJtd3lsZHIxMDY=
base64:type253:NDRtd3lsZHIxMG13eWxkcjE3N213eWxkcjE2MDIyNjM5ODhtd3lsZHIxMjA=,base64:type253:NDRtd3lsZHIxMG13eWxkcjE3N213eWxkcjE2MDIyNjM5ODhtd3lsZHIxMjA=,base64:type253:NDRtd3lsZHIxMG13eWxkcjE3N213eWxkcjE2MDIyNjM5ODhtd3lsZHIxMjA=,base64:type253:NDRtd3lsZHIxMG13eWxkcjE3N213eWxkcjE2MDIyNjM5ODhtd3lsZHIxMjA=,base64:type253:NDRtd3lsZHIxMG13eWxkcjE3N213eWxkcjE2MDIyNjM5ODhtd3lsZHIxMjA=
base64:type253:NDNtd3lsZHI5bXd5bGRyMTc4bXd5bGRyMTYwMjI2NDE2OG13eWxkcjEyMA==,base64:type253:NDNtd3lsZHI5bXd5bGRyMTc4bXd5bGRyMTYwMjI2NDE2OG13eWxkcjEyMA==,base64:type253:NDNtd3lsZHI5bXd5bGRyMTc4bXd5bGRyMTYwMjI2NDE2OG13eWxkcjEyMA==,base64:type253:NDNtd3lsZHI5bXd5bGRyMTc4bXd5bGRyMTYwMjI2NDE2OG13eWxkcjEyMA==,base64:type253:NDNtd3lsZHI5bXd5bGRyMTc4bXd5bGRyMTYwMjI2NDE2OG13eWxkcjEyMA==
base64:type253:NDRtd3lsZHIxMG13eWxkcjE3OW13eWxkcjE2MDIyNzk3MzZtd3lsZHIxMDM=,base64:type253:NDRtd3lsZHIxMG13eWxkcjE3OW13eWxkcjE2MDIyNzk3MzZtd3lsZHIxMDM=,base64:type253:NDRtd3lsZHIxMG13eWxkcjE3OW13eWxkcjE2MDIyNzk3MzZtd3lsZHIxMDM=,base64:type253:NDRtd3lsZHIxMG13eWxkcjE3OW13eWxkcjE2MDIyNzk3MzZtd3lsZHIxMDM=,base64:type253:NDRtd3lsZHIxMG13eWxkcjE3OW13eWxkcjE2MDIyNzk3MzZtd3lsZHIxMDM=
base64:type253:NDRtd3lsZHIxMG13eWxkcjE4MG13eWxkcjE2MDIyODA5OTRtd3lsZHI3NQ==,base64:type253:NDRtd3lsZHIxMG13eWxkcjE4MG13eWxkcjE2MDIyODA5OTRtd3lsZHI3NQ==,base64:type253:NDRtd3lsZHIxMG13eWxkcjE4MG13eWxkcjE2MDIyODA5OTRtd3lsZHI3NQ==,base64:type253:NDRtd3lsZHIxMG13eWxkcjE4MG13eWxkcjE2MDIyODA5OTRtd3lsZHI3NQ==,base64:type253:NDRtd3lsZHIxMG13eWxkcjE4MG13eWxkcjE2MDIyODA5OTRtd3lsZHI3NQ==
base64:type253:NDRtd3lsZHIxMG13eWxkcjE4MW13eWxkcjE2MDI1MjU5MTdtd3lsZHI2,base64:type253:NDRtd3lsZHIxMG13eWxkcjE4MW13eWxkcjE2MDI1MjU5MTdtd3lsZHI2,base64:type253:NDRtd3lsZHIxMG13eWxkcjE4MW13eWxkcjE2MDI1MjU5MTdtd3lsZHI2,base64:type253:NDRtd3lsZHIxMG13eWxkcjE4MW13eWxkcjE2MDI1MjU5MTdtd3lsZHI2,base64:type253:NDRtd3lsZHIxMG13eWxkcjE4MW13eWxkcjE2MDI1MjU5MTdtd3lsZHI2
base64:type253:NDRtd3lsZHIxMG13eWxkcjE4Mm13eWxkcjE2MDI1MzI2MjNtd3lsZHIxMDQ=,base64:type253:NDRtd3lsZHIxMG13eWxkcjE4Mm13eWxkcjE2MDI1MzI2MjNtd3lsZHIxMDQ=,base64:type253:NDRtd3lsZHIxMG13eWxkcjE4Mm13eWxkcjE2MDI1MzI2MjNtd3lsZHIxMDQ=,base64:type253:NDRtd3lsZHIxMG13eWxkcjE4Mm13eWxkcjE2MDI1MzI2MjNtd3lsZHIxMDQ=,base64:type253:NDRtd3lsZHIxMG13eWxkcjE4Mm13eWxkcjE2MDI1MzI2MjNtd3lsZHIxMDQ=
base64:type253:NDJtd3lsZHI4bXd5bGRyMTgzbXd5bGRyMTYwMjUzMjk1NG13eWxkcjEwNA==,base64:type253:NDJtd3lsZHI4bXd5bGRyMTgzbXd5bGRyMTYwMjUzMjk1NG13eWxkcjEwNA==,base64:type253:NDJtd3lsZHI4bXd5bGRyMTgzbXd5bGRyMTYwMjUzMjk1NG13eWxkcjEwNA==,base64:type253:NDJtd3lsZHI4bXd5bGRyMTgzbXd5bGRyMTYwMjUzMjk1NG13eWxkcjEwNA==,base64:type253:NDJtd3lsZHI4bXd5bGRyMTgzbXd5bGRyMTYwMjUzMjk1NG13eWxkcjEwNA==
base64:type253:NDRtd3lsZHIxMG13eWxkcjE4NW13eWxkcjE2MDI3NzE3NTFtd3lsZHIxMjI=,base64:type253:NDRtd3lsZHIxMG13eWxkcjE4NW13eWxkcjE2MDI3NzE3NTFtd3lsZHIxMjI=,base64:type253:NDRtd3lsZHIxMG13eWxkcjE4NW13eWxkcjE2MDI3NzE3NTFtd3lsZHIxMjI=,base64:type253:NDRtd3lsZHIxMG13eWxkcjE4NW13eWxkcjE2MDI3NzE3NTFtd3lsZHIxMjI=,base64:type253:NDRtd3lsZHIxMG13eWxkcjE4NW13eWxkcjE2MDI3NzE3NTFtd3lsZHIxMjI=
base64:type253:NDRtd3lsZHIxMG13eWxkcjE4Nm13eWxkcjE2MDI4MTY4NjZtd3lsZHIxMDg=,base64:type253:NDRtd3lsZHIxMG13eWxkcjE4Nm13eWxkcjE2MDI4MTY4NjZtd3lsZHIxMDg=,base64:type253:NDRtd3lsZHIxMG13eWxkcjE4Nm13eWxkcjE2MDI4MTY4NjZtd3lsZHIxMDg=,base64:type253:NDRtd3lsZHIxMG13eWxkcjE4Nm13eWxkcjE2MDI4MTY4NjZtd3lsZHIxMDg=,base64:type253:NDRtd3lsZHIxMG13eWxkcjE4Nm13eWxkcjE2MDI4MTY4NjZtd3lsZHIxMDg=
base64:type253:NDJtd3lsZHI4bXd5bGRyMTg3bXd5bGRyMTYwMjgxNzA0MG13eWxkcjEwOA==,base64:type253:NDJtd3lsZHI4bXd5bGRyMTg3bXd5bGRyMTYwMjgxNzA0MG13eWxkcjEwOA==,base64:type253:NDJtd3lsZHI4bXd5bGRyMTg3bXd5bGRyMTYwMjgxNzA0MG13eWxkcjEwOA==,base64:type253:NDJtd3lsZHI4bXd5bGRyMTg3bXd5bGRyMTYwMjgxNzA0MG13eWxkcjEwOA==,base64:type253:NDJtd3lsZHI4bXd5bGRyMTg3bXd5bGRyMTYwMjgxNzA0MG13eWxkcjEwOA==
base64:type253:NDVtd3lsZHI5bXd5bGRyMTg5bXd5bGRyMTYwMjgxNzEwN213eWxkcjEwOA==,base64:type253:NDVtd3lsZHI5bXd5bGRyMTg5bXd5bGRyMTYwMjgxNzEwN213eWxkcjEwOA==,base64:type253:NDVtd3lsZHI5bXd5bGRyMTg5bXd5bGRyMTYwMjgxNzEwN213eWxkcjEwOA==,base64:type253:NDVtd3lsZHI5bXd5bGRyMTg5bXd5bGRyMTYwMjgxNzEwN213eWxkcjEwOA==,base64:type253:NDVtd3lsZHI5bXd5bGRyMTg5bXd5bGRyMTYwMjgxNzEwN213eWxkcjEwOA==
base64:type253:NDNtd3lsZHI5bXd5bGRyMTkwbXd5bGRyMTYwMjg4NjIzOW13eWxkcjEwMw==,base64:type253:NDNtd3lsZHI5bXd5bGRyMTkwbXd5bGRyMTYwMjg4NjIzOW13eWxkcjEwMw==,base64:type253:NDNtd3lsZHI5bXd5bGRyMTkwbXd5bGRyMTYwMjg4NjIzOW13eWxkcjEwMw==,base64:type253:NDNtd3lsZHI5bXd5bGRyMTkwbXd5bGRyMTYwMjg4NjIzOW13eWxkcjEwMw==,base64:type253:NDNtd3lsZHI5bXd5bGRyMTkwbXd5bGRyMTYwMjg4NjIzOW13eWxkcjEwMw==
base64:type253:NDltd3lsZHIxMG13eWxkcjE5Mm13eWxkcjE2MDM0MjM1OTJtd3lsZHI2,base64:type253:NDltd3lsZHIxMG13eWxkcjE5Mm13eWxkcjE2MDM0MjM1OTJtd3lsZHI2,base64:type253:NDltd3lsZHIxMG13eWxkcjE5Mm13eWxkcjE2MDM0MjM1OTJtd3lsZHI2,base64:type253:NDltd3lsZHIxMG13eWxkcjE5Mm13eWxkcjE2MDM0MjM1OTJtd3lsZHI2,base64:type253:NDltd3lsZHIxMG13eWxkcjE5Mm13eWxkcjE2MDM0MjM1OTJtd3lsZHI2
base64:type253:NDltd3lsZHIxMG13eWxkcjE5M213eWxkcjE2MDM0OTA0MzRtd3lsZHIxMDY=,base64:type253:NDltd3lsZHIxMG13eWxkcjE5M213eWxkcjE2MDM0OTA0MzRtd3lsZHIxMDY=,base64:type253:NDltd3lsZHIxMG13eWxkcjE5M213eWxkcjE2MDM0OTA0MzRtd3lsZHIxMDY=,base64:type253:NDltd3lsZHIxMG13eWxkcjE5M213eWxkcjE2MDM0OTA0MzRtd3lsZHIxMDY=,base64:type253:NDltd3lsZHIxMG13eWxkcjE5M213eWxkcjE2MDM0OTA0MzRtd3lsZHIxMDY=
base64:type253:NTBtd3lsZHIxMG13eWxkcjE5NG13eWxkcjE2MDM0OTE0ODRtd3lsZHI3NQ==,base64:type253:NTBtd3lsZHIxMG13eWxkcjE5NG13eWxkcjE2MDM0OTE0ODRtd3lsZHI3NQ==,base64:type253:NTBtd3lsZHIxMG13eWxkcjE5NG13eWxkcjE2MDM0OTE0ODRtd3lsZHI3NQ==,base64:type253:NTBtd3lsZHIxMG13eWxkcjE5NG13eWxkcjE2MDM0OTE0ODRtd3lsZHI3NQ==,base64:type253:NTBtd3lsZHIxMG13eWxkcjE5NG13eWxkcjE2MDM0OTE0ODRtd3lsZHI3NQ==
base64:type253:NTBtd3lsZHIxMG13eWxkcjE5NW13eWxkcjE2MDM0OTQ1NDJtd3lsZHIxMA==,base64:type253:NTBtd3lsZHIxMG13eWxkcjE5NW13eWxkcjE2MDM0OTQ1NDJtd3lsZHIxMA==,base64:type253:NTBtd3lsZHIxMG13eWxkcjE5NW13eWxkcjE2MDM0OTQ1NDJtd3lsZHIxMA==,base64:type253:NTBtd3lsZHIxMG13eWxkcjE5NW13eWxkcjE2MDM0OTQ1NDJtd3lsZHIxMA==,base64:type253:NTBtd3lsZHIxMG13eWxkcjE5NW13eWxkcjE2MDM0OTQ1NDJtd3lsZHIxMA==
base64:type253:NDltd3lsZHIxMG13eWxkcjE5Nm13eWxkcjE2MDM0OTQ1NjRtd3lsZHIxMA==,base64:type253:NDltd3lsZHIxMG13eWxkcjE5Nm13eWxkcjE2MDM0OTQ1NjRtd3lsZHIxMA==,base64:type253:NDltd3lsZHIxMG13eWxkcjE5Nm13eWxkcjE2MDM0OTQ1NjRtd3lsZHIxMA==,base64:type253:NDltd3lsZHIxMG13eWxkcjE5Nm13eWxkcjE2MDM0OTQ1NjRtd3lsZHIxMA==,base64:type253:NDltd3lsZHIxMG13eWxkcjE5Nm13eWxkcjE2MDM0OTQ1NjRtd3lsZHIxMA==
base64:type253:NDRtd3lsZHIxMG13eWxkcjE5N213eWxkcjE2MDM0OTQ2MDBtd3lsZHIxMA==,base64:type253:NDRtd3lsZHIxMG13eWxkcjE5N213eWxkcjE2MDM0OTQ2MDBtd3lsZHIxMA==,base64:type253:NDRtd3lsZHIxMG13eWxkcjE5N213eWxkcjE2MDM0OTQ2MDBtd3lsZHIxMA==,base64:type253:NDRtd3lsZHIxMG13eWxkcjE5N213eWxkcjE2MDM0OTQ2MDBtd3lsZHIxMA==,base64:type253:NDRtd3lsZHIxMG13eWxkcjE5N213eWxkcjE2MDM0OTQ2MDBtd3lsZHIxMA==
base64:type253:NDBtd3lsZHIzbXd5bGRyMTk5bXd5bGRyMTYwMzY0NDk2OG13eWxkcjEwOQ==,base64:type253:NDBtd3lsZHIzbXd5bGRyMTk5bXd5bGRyMTYwMzY0NDk2OG13eWxkcjEwOQ==,base64:type253:NDBtd3lsZHIzbXd5bGRyMTk5bXd5bGRyMTYwMzY0NDk2OG13eWxkcjEwOQ==,base64:type253:NDBtd3lsZHIzbXd5bGRyMTk5bXd5bGRyMTYwMzY0NDk2OG13eWxkcjEwOQ==,base64:type253:NDBtd3lsZHIzbXd5bGRyMTk5bXd5bGRyMTYwMzY0NDk2OG13eWxkcjEwOQ==

