id,uuid,appid,pushid,userid,model,name,platform,version,timecreated,timemodified
1,47b2fc7f0679fca3,com.moodle.moodlemobile,dOCwhsKZa1A:APA91bHiSrlMuZTrCN2GiR7xQPChq_1Qj6l8ArJ8x6tz9l0nfrmRSZmi_cphK0sutmeG1BQe7BhUFe_B2fWMUq12Rz_xKd1N6PUIXUuoOechww3r3eQfa7ajnbxh1G_pIv8JXHkj0Vn4,2,Mi 9T,Xiaomi,Android-fcm,10,1589229096,1589229096
2,7503ad200e0bb2f1,com.moodle.moodlemobile,eR994v2Fn-o:APA91bGmv9sVRZo8nTjyBOSmXY8YE_UYGTj7StK1pb6-9Yn0kDsFH4dv-ZpV2oZoc_sUox8GRU62ns-KAUnseotfn9CMZTL8A7VHpCb9_4TbDK-aAc156RnvhJ3nXiAdy8QrBK_s9Hdc,86,MRD-LX3,HUAWEI,Android-fcm,9,1594057774,1594057774
3,c6498bc34f6a622e,com.moodle.moodlemobile,fVUfQkH7PIo:APA91bEpXW2fd85mo0vUl1bFYq1G5ncJiq906g2iQXGNa_h50m4QhvO5F657pHTwS3DF6Rf2P-3fyAAeTwI-xgmTxesvY9LraqaWH_ZpNM-2VItuwWWpCw8eQDDq5IQCUdbL-5fRN3X8,44,DRA-LX3,HUAWEI,Android-fcm,8.1.0,1594086990,1594086990
4,9fb94ee9c2659b60,com.moodle.moodlemobile,fpUVps19GEk:APA91bHJAOeTUrUcAS5Sfcfr5GgduNrdhRLmc0cZxc_zQ5LfH7y2EVijx-bGF9MKKhgz6TaXKGsGZvKxXG7_2G1JqAawY4gA5WDQf9wl_3lI0VdWOq1QPHXjQLPyxKma5aokxcdAcFxJ,31,Redmi Note 8 Pro,Xiaomi,Android-fcm,10,1594166140,1594166140
6,7D4F3362-6FEB-44E8-A4CC-80FE35C08915,com.moodle.moodlemobile,efCf3yTlpQE:APA91bHdqTYMhzHubSerwW8g1096aBTvU3zx0PCvPJp57_zvzelmgYzV88mV7nZvzI3QwovATw5aFHkBIzAK8CoIgUuH8TBR61Wf1CWvJJrIsvBO4SN2ZCDYFivMeZ-Nm4n_wvmZTI61,74,"iPhone7,1",Apple,iOS-fcm,12.4.6,1594256270,1594256270
7,EA06680F-31AD-4A11-A1C0-81E41F15686F,com.moodle.moodlemobile,fPaxwSd3y30:APA91bH8q4LnuS9VjHQ86SQ_a8U9bPocWD900DPwmq2I307MAjPB3WNKTppZt3_MqCSuY5uP30JNsuqdmG0ivsWyDtKhw-FdToAffiY01jdGk64uXmytOgr4ZMPKmj0EG6TDGHelf0Fe,19,"iPhone10,6",Apple,iOS-fcm,13.5.1,1594400618,1594400618
8,311a4a4d96e18943,com.moodle.moodlemobile,c2LKyBA4Cl8:APA91bFz7ujqq6uR8cYQDfqKuBgLGhH6yhzp8FjwieLOBBi2gq0o6YrEJdNjvsuW1xxZEg4Zl8i9p64qSNAHDOzWRj0hgRdXZpTHiGvFs9_qYFaCvlvRPGDipHN5XMgIBo_ScXrBSgbZ,48,YAL-L21,HUAWEI,Android-fcm,10,1594529693,1594529693
9,7b74abfcc66a3c91,com.moodle.moodlemobile,e9fTF5fTBX0:APA91bHnG7vCBvtlLMyn_PS_hXyqCZvmuAT44o3rqlq6cS6zaUoHl41-wZ9IacjLaKwgypsVlqKKEau6PAQrQJUkJgqKScVkQQPsqKeYkx3oskrgL_6D54qyiEfmd5hEBLGWv8WQyUnU,87,Mi A2 Lite,Xiaomi,Android-fcm,10,1595040756,1595040756
10,046d5c690e64e45a,com.moodle.moodlemobile,dxs6hTxXbrE:APA91bEPT1JII8MsSSeVC6QmDfI-pfG_Ra9ZBtPkzTHbZvExsAzT_ubXt73OKZFwwYjYrFQFh9uux0yWyMETlJwC0fXJISIg814Ufij5Z_mWW4L0uEwHWYrLrkdWyse6UTd5q33mtyLc,112,Moto Z2 Play,motorola,Android-fcm,8.0.0,1601931493,1601931493

