id,roleid,allowview
base64:type253:MW13eWxkcjFtd3lsZHIx,base64:type253:MW13eWxkcjFtd3lsZHIx,base64:type253:MW13eWxkcjFtd3lsZHIx
base64:type253:Mm13eWxkcjJtd3lsZHIx,base64:type253:Mm13eWxkcjJtd3lsZHIx,base64:type253:Mm13eWxkcjJtd3lsZHIx
base64:type253:M213eWxkcjNtd3lsZHIx,base64:type253:M213eWxkcjNtd3lsZHIx,base64:type253:M213eWxkcjNtd3lsZHIx
base64:type253:NG13eWxkcjRtd3lsZHIx,base64:type253:NG13eWxkcjRtd3lsZHIx,base64:type253:NG13eWxkcjRtd3lsZHIx
base64:type253:NW13eWxkcjVtd3lsZHIx,base64:type253:NW13eWxkcjVtd3lsZHIx,base64:type253:NW13eWxkcjVtd3lsZHIx
base64:type253:Nm13eWxkcjZtd3lsZHIx,base64:type253:Nm13eWxkcjZtd3lsZHIx,base64:type253:Nm13eWxkcjZtd3lsZHIx
base64:type253:N213eWxkcjdtd3lsZHIx,base64:type253:N213eWxkcjdtd3lsZHIx,base64:type253:N213eWxkcjdtd3lsZHIx
base64:type253:OG13eWxkcjhtd3lsZHIx,base64:type253:OG13eWxkcjhtd3lsZHIx,base64:type253:OG13eWxkcjhtd3lsZHIx
base64:type253:Mm13eWxkcjltd3lsZHIy,base64:type253:Mm13eWxkcjltd3lsZHIy,base64:type253:Mm13eWxkcjltd3lsZHIy
base64:type253:M213eWxkcjEwbXd5bGRyMg==,base64:type253:M213eWxkcjEwbXd5bGRyMg==,base64:type253:M213eWxkcjEwbXd5bGRyMg==
base64:type253:NG13eWxkcjExbXd5bGRyMg==,base64:type253:NG13eWxkcjExbXd5bGRyMg==,base64:type253:NG13eWxkcjExbXd5bGRyMg==
base64:type253:NW13eWxkcjEybXd5bGRyMg==,base64:type253:NW13eWxkcjEybXd5bGRyMg==,base64:type253:NW13eWxkcjEybXd5bGRyMg==
base64:type253:Mm13eWxkcjEzbXd5bGRyMw==,base64:type253:Mm13eWxkcjEzbXd5bGRyMw==,base64:type253:Mm13eWxkcjEzbXd5bGRyMw==
base64:type253:M213eWxkcjE0bXd5bGRyMw==,base64:type253:M213eWxkcjE0bXd5bGRyMw==,base64:type253:M213eWxkcjE0bXd5bGRyMw==
base64:type253:NG13eWxkcjE1bXd5bGRyMw==,base64:type253:NG13eWxkcjE1bXd5bGRyMw==,base64:type253:NG13eWxkcjE1bXd5bGRyMw==
base64:type253:NW13eWxkcjE2bXd5bGRyMw==,base64:type253:NW13eWxkcjE2bXd5bGRyMw==,base64:type253:NW13eWxkcjE2bXd5bGRyMw==
base64:type253:Mm13eWxkcjE3bXd5bGRyNA==,base64:type253:Mm13eWxkcjE3bXd5bGRyNA==,base64:type253:Mm13eWxkcjE3bXd5bGRyNA==
base64:type253:M213eWxkcjE4bXd5bGRyNA==,base64:type253:M213eWxkcjE4bXd5bGRyNA==,base64:type253:M213eWxkcjE4bXd5bGRyNA==
base64:type253:NG13eWxkcjE5bXd5bGRyNA==,base64:type253:NG13eWxkcjE5bXd5bGRyNA==,base64:type253:NG13eWxkcjE5bXd5bGRyNA==
base64:type253:NW13eWxkcjIwbXd5bGRyNA==,base64:type253:NW13eWxkcjIwbXd5bGRyNA==,base64:type253:NW13eWxkcjIwbXd5bGRyNA==
base64:type253:Mm13eWxkcjIxbXd5bGRyNQ==,base64:type253:Mm13eWxkcjIxbXd5bGRyNQ==,base64:type253:Mm13eWxkcjIxbXd5bGRyNQ==
base64:type253:M213eWxkcjIybXd5bGRyNQ==,base64:type253:M213eWxkcjIybXd5bGRyNQ==,base64:type253:M213eWxkcjIybXd5bGRyNQ==
base64:type253:NG13eWxkcjIzbXd5bGRyNQ==,base64:type253:NG13eWxkcjIzbXd5bGRyNQ==,base64:type253:NG13eWxkcjIzbXd5bGRyNQ==
base64:type253:NW13eWxkcjI0bXd5bGRyNQ==,base64:type253:NW13eWxkcjI0bXd5bGRyNQ==,base64:type253:NW13eWxkcjI0bXd5bGRyNQ==

