id,name,course,summary,sequence,section,visible,availability,timemodified,summaryformat
1,NULL,2,<blank>,"1,2,6,11,29,30,31,32",0,1,NULL,1589218259,1
2,M\xf3dulo I,2,<blank>,"3,4,5,23",1,1,NULL,1593817619,1
3,M\xf3dulo II,2,<blank>,"7,8,24,21,28",2,1,NULL,1602530194,1
4,M\xf3dulo III,2,<blank>,"9,10,12,13,25,22",3,1,NULL,1603154057,1
5,M\xf3dulo IV,2,<blank>,"14,15,16,26,20",4,1,NULL,1603731622,1
6,<blank>,1,"<br>\r\n<p></p>\r\n<p></p>\r\n<p></p>\r\n<p></p>\r\n<p></p>\r\n<table width=""100%"">\r\n    <caption style=""text-align: center;"">Bienvenidos a: Programa Entrena Academia de Comude</caption>\r\n    <caption style=""text-align: center;""><img src=""https://certificaciones.comudeguadalajara.gob.mx/theme/imagenes/logoEntrenaCertificaciones.png"" alt=""LogoPrincipal"" width=""508"" height=""508"" class=""img-responsive atto_image_button_text-bottom""><br></caption>\r\n    <thead>\r\n        <tr>\r\n            <th scope=""col"" style=""text-align: center;"">Certificaciones Disponibles</th>\r\n            <th scope=""col"">Detalles:</th>\r\n        </tr>\r\n    </thead>\r\n    <tbody>\r\n        <tr>\r\n            <td width=""50%"" style=""text-align: center; padding:10px;""><img src=""https://certificaciones.comudeguadalajara.gob.mx/theme/imagenes/logoVAdultosMayores.png"" alt=""Certificaci\xf3n Ejercicio F\xedsico para las Personas Adultas Mayores"" width=""417"" height=""417"" role=""presentation"" class=""img-responsive atto_image_button_text-bottom""><br><br>\r\n                <p style=""text-align: justify;""><span style=""font-size: 0.9375rem; font-family: -apple-system, BlinkMacSystemFont, ""Segoe UI"", Roboto, ""Helvetica Neue"", Arial, ""Noto Sans"", sans-serif, ""Apple Color Emoji"", ""Segoe UI Emoji"", ""Segoe UI Symbol"", ""Noto Color Emoji"";"">Certificaci\xf3n destinada a satisfacer las necesidades actuales de los estudiantes\xa0</span>\r\n                    <span style=""font-family: -apple-system, BlinkMacSystemFont, ""Segoe UI"", Roboto, ""Helvetica Neue"", Arial, ""Noto Sans"", sans-serif, ""Apple Color Emoji"", ""Segoe UI Emoji"", ""Segoe UI Symbol"", ""Noto Color Emoji""; font-size: 0.9375rem;"">o licenciados de Cultura F\xedsica, Educaci\xf3n F\xedsica, deporte, recreaci\xf3n, t\xe9cnicos o tecn\xf3logos en deportes, entrenadores deportivos en general, preparadores f\xedsicos, metod\xf3logos deportivos, fisioterapeutas, personas interesadas en las\r\n                        ciencias aplicadas al deporte, el entrenamiento deportivo, profesionales o no profesionales vinculados con el ejercicio, la actividad f\xedsica y la salud, as\xed como cualquier ser humano interesado en adquirir aprendizajes en el \xe1rea.</span>\r\n                </p>\r\n            </td>\r\n            <td width=""50%"" style=""padding:10px;"">\r\n                <h5>Inscripciones y Detalles</h5>Inscr\xedbete a trav\xe9s de:<br><a href=""https://portal.comudeguadalajara.gob.mx/certificaciones.php"" target=""_blank"">https://portal.comudeguadalajara.gob.mx/certificaciones.php<br></a><br>Convocatoria y detalles:<br>\r\n                <a href=""https://portal.comudeguadalajara.gob.mx/archivos/convocatorias/Certificacion_ comude_Adulto Mayor_2020B.pdf"" target=""_blank"">https://portal.comudeguadalajara.gob.mx/Certificacion_ Comude_Adulto Mayor_2020B.pdf/</a><br><br>Ficha\r\n                T\xe9cnica:\r\n                <br><a href=""https://portal.comudeguadalajara.gob.mx/archivos/otros/ficha-tecnica-certificacion-adulto-mayor.pdf"">Certificaci\xf3n en Ejercicio F\xedsico Para los Adultos Mayores</a><br><h5><br></h5><ul>\r\n                </ul>\r\n                <h5>Costo y M\xe9todos de Pago</h5>\r\n                <p></p>\r\n                <ul>\r\n                    <li><strong><span>$ </span>1,250.00 MXN</strong> con certificaci\xf3n avalada por la\xa0<span>Secretar\xeda de Educaci\xf3n Jalisco y constancia de Comude</span>\xa0(valor curricular).</li>\r\n                    <li><strong>$ 625.00 MXN</strong> con certificaci\xf3n avalada por la Secretar\xeda de Educaci\xf3n Jalisco y constancia del Comude (solo para estudiantes, residentes de Guadalajara y personal adscrito a Comude Guadalajara).</li>\r\n                    <li><strong>$ 400.00 MXN</strong> sin certificaci\xf3n, solo constancia del Comude Guadalajara.</li>\r\n                    <li><strong>$ 200.00 MXN </strong>solo acceso al curso, sin certificaci\xf3n ni constancia.</li>\r\n                </ul>\r\n\r\n                <table width=""100%"">\r\n                    <tbody>\r\n                        <tr>\r\n                            <td style=""text-align: center;""><img src=""https://www.portal.comudeguadalajara.gob.mx/mi-cuenta/imagenes/logo_oxxo.png"" alt=""Pago en OXXO"" width=""201"" height=""109"" class=""img-responsive atto_image_button_text-bottom""></td>\r\n                            <td style=""text-align: center;""><img src=""https://www.portal.comudeguadalajara.gob.mx/mi-cuenta/imagenes/visa_master.png"" alt=""Pago en L\xednea"" width=""202"" height=""52"" class=""img-responsive atto_image_button_text-bottom""></td>\r\n                        </tr>\r\n                    </tbody>\r\n                </table>\r\n\r\n\r\n\r\n\r\n            </td>\r\n        </tr>\r\n        <tr>\r\n            <td width=""50%"" style=""text-align: center; padding:10px;""><img src=""https://certificaciones.comudeguadalajara.gob.mx/theme/imagenes/logoVLenguaMexicana.png"" alt=""Certificaci\xf3n Ejercicio F\xedsico para las Personas Adultas Mayores"" width=""417"" height=""417"" role=""presentation"" class=""img-responsive atto_image_button_text-bottom""><br><br>\r\n                <p style=""text-align: justify;""><span style=""font-size: 0.9375rem; font-family: -apple-system, BlinkMacSystemFont, ""Segoe UI"", Roboto, ""Helvetica Neue"", Arial, ""Noto Sans"", sans-serif, ""Apple Color Emoji"", ""Segoe UI Emoji"", ""Segoe UI Symbol"", ""Noto Color Emoji"";""></span><span lang=""ES-MX"">Certificaci\xf3n destinada a otorgar la capacitaci\xf3n a entrenadores e instructores para que tengan un\r\ndominio conceptual y un dominio te\xf3rico-practico en el conocimiento de la\r\ncomunidad Sorda, as\xed como la lengua de Se\xf1as Mexicana (LSM). proyectadar\xa0 servicios integrales, as\xed como programas, entrenamientos, convocatorias o informaci\xf3n para\r\nlas personas con Discapacidad auditiva, obteniendo como resultado una\r\ncomunicaci\xf3n b\xe1sica y clara con grandes habilidades, actitudes, as\xed como un\r\nconocimiento de estas, con el fin de contribuir al mantenimiento de su salud y\r\ncalidad de vida, desde una visi\xf3n integral mediante el desarrollo de valores\r\nque les permitan demostrar honestidad, responsabilidad y compromiso social.</span><span style=""font-family: -apple-system, BlinkMacSystemFont, ""Segoe UI"", Roboto, ""Helvetica Neue"", Arial, ""Noto Sans"", sans-serif, ""Apple Color Emoji"", ""Segoe UI Emoji"", ""Segoe UI Symbol"", ""Noto Color Emoji""; font-size: 0.9375rem;""></span>\r\n                </p>\r\n            </td>\r\n            <td><h5>Inscripciones y Detalles</h5>Inscr\xedbete a trav\xe9s de:<br><a href=""https://portal.comudeguadalajara.gob.mx/certificaciones.php"" target=""_blank"">https://portal.comudeguadalajara.gob.mx/certificaciones.php<br></a><br>Convocatoria y detalles:<br><a href=""https://portal.comudeguadalajara.gob.mx/archivos/convocatorias/convocatoria_certificacion_LSM.pdf"" target=""_blank"">https://portal.comudeguadalajara.gob.mx/Certificacion_ Comude_Lengua_Se\xf1as_Mexicana.pdf/</a><br><br>Ficha T\xe9cnica:\xa0<br><a href=""https://portal.comudeguadalajara.gob.mx/archivos/otros/ficha-tecnica-certificacion-lengua-senas.mexicana-ambito-deportivo.pdf"">Certificaci\xf3n Lengua de Se\xf1as Mexicana en el \xc1mbito Deportivo</a><br><h5><br></h5><h5>Costo y M\xe9todos de Pago</h5><p></p><ul><li><strong><span>$\xa0</span>1,250.00 MXN</strong>\xa0con certificaci\xf3n avalada por la\xa0<span>Secretar\xeda de Educaci\xf3n Jalisco y constancia de Comude</span>\xa0(valor curricular).</li><li><strong>$ 625.00 MXN</strong>\xa0con certificaci\xf3n avalada por la Secretar\xeda de Educaci\xf3n Jalisco y constancia del Comude (solo para estudiantes, residentes de Guadalajara y personal adscrito a Comude Guadalajara).</li><li><strong>$ 400.00 MXN</strong>\xa0sin certificaci\xf3n, solo constancia del Comude Guadalajara.</li><li><strong>$ 200.00 MXN\xa0</strong>solo acceso al curso, sin certificaci\xf3n ni constancia.</li></ul><table width=""100%""><tbody><tr><td><img src=""https://www.portal.comudeguadalajara.gob.mx/mi-cuenta/imagenes/logo_oxxo.png"" alt=""Pago en OXXO"" width=""201"" height=""109""></td><td><img src=""https://www.portal.comudeguadalajara.gob.mx/mi-cuenta/imagenes/visa_master.png"" alt=""Pago en L\xednea"" width=""202"" height=""52""></td></tr></tbody></table></td>\r\n        </tr>\r\n    </tbody>\r\n</table>\r\n\r\n\r\n\r\n\r\n\r\n\r\n\r\n<br>",<blank>,1,1,"{""op"":""&"",""c"":[],""showc"":[]}",1603732491,1
7,M\xf3dulo V,2,<blank>,"17,27",5,1,NULL,1604417803,1
8,Actividad Final Integradora,2,<blank>,18,6,1,NULL,1605032121,1
9,NULL,3,<blank>,33,0,1,NULL,1597761046,1
10,M\xf3dulo I,3,"<p dir=""ltr"" style=""text-align: left;""></p><p><span style=""font-size: 0.9375rem; font-family: -apple-system, BlinkMacSystemFont, ""Segoe UI"", Roboto, ""Helvetica Neue"", Arial, ""Noto Sans"", sans-serif, ""Apple Color Emoji"", ""Segoe UI Emoji"", ""Segoe UI Symbol"", ""Noto Color Emoji"";"">Este m\xf3dulo es introductorio al dominio conceptual de la cultura f\xedsica en general, as\xed como su fortalecimiento del dominio te\xf3rico. Conocer los modelos de evaluaci\xf3n de las capacidades f\xedsicas b\xe1sicas del ser humano para poder establecer categor\xedas de acuerdo al rendimiento f\xedsico. Para efectos de tener una base que permita al entrenador concentrar par\xe1metros para planificar su programa.</span><br></p><br><p></p>","34,35,36",1,1,"{""op"":""&"",""c"":[],""showc"":[]}",1601397609,1
11,M\xf3dulo II,3,"<p dir=""ltr"" style=""text-align: left;""><p><span style=""font-size: 0.9375rem; font-family: -apple-system, BlinkMacSystemFont, ""Segoe UI"", Roboto, ""Helvetica Neue"", Arial, ""Noto Sans"", sans-serif, ""Apple Color Emoji"", ""Segoe UI Emoji"", ""Segoe UI Symbol"", ""Noto Color Emoji"";"">Este m\xf3dulo tiene la finalidad de que el entrenador conozca los riesgos propios de la realizaci\xf3n de ejercicio f\xedsico y deporte, las lesiones m\xe1s recurrentes, para crear un plan de emergencia anticipando varias posibles situaciones. As\xed mismo, tener el conocimiento b\xe1sico de distintos vendajes e inmovilizaciones emergentes.</span></p><br></p>","37,38,39",2,1,"{""op"":""&"",""c"":[],""showc"":[]}",1601397662,1
12,M\xf3dulo III,3,"<p dir=""ltr"" style=""text-align: left;""></p><h4><span style=""font-size: 0.9375rem; font-family: -apple-system, BlinkMacSystemFont, ""Segoe UI"", Roboto, ""Helvetica Neue"", Arial, ""Noto Sans"", sans-serif, ""Apple Color Emoji"", ""Segoe UI Emoji"", ""Segoe UI Symbol"", ""Noto Color Emoji"";"">El m\xf3dulo tres est\xe1 compuesto por temas que conlleva a la planificaci\xf3n de un programa de entrenamiento deportivo, conocer las etapas y desarrollarlas de acuerdo a los objetivos trazados del macrociclo generado.</span></h4><br><p></p>","40,41",3,1,"{""op"":""&"",""c"":[],""showc"":[]}",1601398049,1
13,M\xf3dulo IV,3,"<h4 style=""text-align: left;"">La metodolog\xeda es esencial para diversificar los m\xe9todos seg\xfan las necesidades pedag\xf3gicas y el contexto en el que se desarrollar\xe1 el entrenamiento, es por eso que este m\xf3dulo estar\xe1 dedicado a este objetivo.<br></h4>","42,43",4,1,"{""op"":""&"",""c"":[],""showc"":[]}",1601401567,1
14,M\xf3dulo V,3,"<p dir=""ltr"" style=""text-align: left;"">Finalmente, el m\xf3dulo quinto y \xfaltimo trata de la observaci\xf3n, an\xe1lisis y desarrollo de las habilidades f\xedsicas y deportivas individuales para un mejor y m\xe1s atinado desempe\xf1o en su pr\xe1ctica<br></p>","44,45",5,1,"{""op"":""&"",""c"":[],""showc"":[]}",1601401628,1
15,Actividad Integradora,3,<blank>,<blank>,6,1,NULL,1597762790,1
16,General,4,<blank>,"47,46,60,61,62",0,1,"{""op"":""&"",""c"":[],""showc"":[]}",1602169084,1
18,M\xf3dulo II,4,<blank>,"50,51,64",2,1,"{""op"":""&"",""c"":[],""showc"":[]}",1602516571,1
19,M\xf3dulo III,4,<blank>,"52,53,65",3,1,"{""op"":""&"",""c"":[],""showc"":[]}",1603141332,1
20,M\xf3dulo IV,4,<blank>,"54,55,56,66",4,1,"{""op"":""&"",""c"":[],""showc"":[]}",1603732222,1
21,Actividad Integradora ,4,<blank>,"57,58,67",5,1,"{""op"":""&"",""c"":[],""showc"":[]}",1604338733,1
22,M\xf3dulo I,4,<blank>,"59,48,49,63",1,1,NULL,1601927049,1
23,NULL,5,<blank>,"68,69",0,1,NULL,1606148148,1

