id,roleid,allowoverride
base64:type253:MW13eWxkcjFtd3lsZHIx,base64:type253:MW13eWxkcjFtd3lsZHIx,base64:type253:MW13eWxkcjFtd3lsZHIx
base64:type253:Mm13eWxkcjJtd3lsZHIx,base64:type253:Mm13eWxkcjJtd3lsZHIx,base64:type253:Mm13eWxkcjJtd3lsZHIx
base64:type253:M213eWxkcjNtd3lsZHIx,base64:type253:M213eWxkcjNtd3lsZHIx,base64:type253:M213eWxkcjNtd3lsZHIx
base64:type253:NG13eWxkcjRtd3lsZHIx,base64:type253:NG13eWxkcjRtd3lsZHIx,base64:type253:NG13eWxkcjRtd3lsZHIx
base64:type253:NW13eWxkcjVtd3lsZHIx,base64:type253:NW13eWxkcjVtd3lsZHIx,base64:type253:NW13eWxkcjVtd3lsZHIx
base64:type253:Nm13eWxkcjZtd3lsZHIx,base64:type253:Nm13eWxkcjZtd3lsZHIx,base64:type253:Nm13eWxkcjZtd3lsZHIx
base64:type253:N213eWxkcjdtd3lsZHIx,base64:type253:N213eWxkcjdtd3lsZHIx,base64:type253:N213eWxkcjdtd3lsZHIx
base64:type253:OG13eWxkcjhtd3lsZHIx,base64:type253:OG13eWxkcjhtd3lsZHIx,base64:type253:OG13eWxkcjhtd3lsZHIx
base64:type253:NG13eWxkcjltd3lsZHIz,base64:type253:NG13eWxkcjltd3lsZHIz,base64:type253:NG13eWxkcjltd3lsZHIz
base64:type253:NW13eWxkcjEwbXd5bGRyMw==,base64:type253:NW13eWxkcjEwbXd5bGRyMw==,base64:type253:NW13eWxkcjEwbXd5bGRyMw==
base64:type253:Nm13eWxkcjExbXd5bGRyMw==,base64:type253:Nm13eWxkcjExbXd5bGRyMw==,base64:type253:Nm13eWxkcjExbXd5bGRyMw==

