id,scaleid,courseid,idnumber,outcomeid,categoryid,hidden,display,locked,decimals,grademax,grademin,iteminfo,itemname,itemtype,locktime,gradepass,gradetype,sortorder,itemmodule,itemnumber,multfactor,plusfactor,calculation,needsupdate,timecreated,iteminstance,timemodified,weightoverride,aggregationcoef,aggregationcoef2
16,NULL,1,NULL,NULL,NULL,0,0,0,NULL,0.00000,0.00000,NULL,NULL,course,0,0.00000,1,1,NULL,NULL,1.00000,0.00000,NULL,0,1593401429,2,1593401429,0,0.00000,0.00000
17,NULL,3,NULL,NULL,NULL,0,0,0,NULL,1200.00000,0.00000,NULL,NULL,course,0,0.00000,1,1,NULL,NULL,1.00000,0.00000,NULL,0,1598977179,3,1598980592,0,0.00000,0.00000
18,NULL,3,<blank>,NULL,3,0,0,0,NULL,100.00000,0.00000,NULL,"Act 1.1 ""Conceptos B\xe1sicos de Cultura F\xedsica, Educaci\xf3n F\xedsica, Entrenamiento Deportivo y Actividad F\xedsica""",mod,0,0.00000,1,2,assign,0,1.00000,0.00000,NULL,0,1598977821,14,1603379110,0,0.00000,0.08333
19,NULL,3,<blank>,NULL,3,0,0,0,NULL,100.00000,0.00000,NULL,"Act 1.2 ""Evaluaci\xf3n F\xedsica""",mod,0,0.00000,1,3,assign,0,1.00000,0.00000,NULL,0,1598978230,15,1602702865,0,0.00000,0.08333
20,NULL,3,<blank>,NULL,3,0,0,0,NULL,100.00000,0.00000,NULL,"Act 1.3 ""Test de capacidades f\xedsicas condicionales (fuerza, resistencia, velocidad y flexibilidad)""",mod,0,0.00000,1,4,assign,0,1.00000,0.00000,NULL,0,1598978337,16,1602703948,0,0.00000,0.08333
21,NULL,3,<blank>,NULL,3,0,0,0,NULL,100.00000,0.00000,NULL,"Act 2.1 ""Lesiones Deportivas""",mod,0,0.00000,1,5,assign,0,1.00000,0.00000,NULL,0,1598978761,17,1603379240,0,0.00000,0.08333
22,NULL,3,<blank>,NULL,3,0,0,0,NULL,100.00000,0.00000,NULL,"Act 2.2 ""Vendajes""",mod,0,0.00000,1,6,assign,0,1.00000,0.00000,NULL,0,1598979046,18,1603215190,0,0.00000,0.08333
23,NULL,3,<blank>,NULL,3,0,0,0,NULL,100.00000,0.00000,NULL,"Act 2.3 ""Plan de Emergencia""",mod,0,0.00000,1,7,assign,0,1.00000,0.00000,NULL,0,1598979284,19,1603215211,0,0.00000,0.08333
24,NULL,3,<blank>,NULL,3,0,0,0,NULL,100.00000,0.00000,NULL,"Act 3.1 ""Metodos del Entrenamiento de la Preparacion Fisica""",mod,0,0.00000,1,8,assign,0,1.00000,0.00000,NULL,0,1598979477,20,1603379504,0,0.00000,0.08333
25,NULL,3,<blank>,NULL,3,0,0,0,NULL,100.00000,0.00000,NULL,"Act 3.2 ""Principios del Entrenamiento Deportivo""",mod,0,0.00000,1,9,assign,0,1.00000,0.00000,NULL,0,1598979692,21,1603218628,0,0.00000,0.08333
26,NULL,3,<blank>,NULL,3,0,0,0,NULL,100.00000,0.00000,NULL,"Act 4.1 ""Entrenamiento Deportivo""",mod,0,0.00000,1,10,assign,0,1.00000,0.00000,NULL,0,1598979880,22,1603379574,0,0.00000,0.08333
27,NULL,3,<blank>,NULL,3,0,0,0,NULL,100.00000,0.00000,NULL,"Act 4.2 ""Medios y M\xe9todos del Entrenamiento Deportivo""",mod,0,0.00000,1,11,assign,0,1.00000,0.00000,NULL,0,1598980123,23,1603222308,0,0.00000,0.08333
28,NULL,3,<blank>,NULL,3,0,0,0,NULL,100.00000,0.00000,NULL,"Act 5.1 ""An\xe1lisis de habilidades Deportivas y Desarollo de las Mismas """,mod,0,0.00000,1,12,assign,0,1.00000,0.00000,NULL,0,1598980427,24,1603912819,0,0.00000,0.08333
29,NULL,3,<blank>,NULL,3,0,0,0,NULL,100.00000,0.00000,NULL,"Act 5.2 ""Detecci\xf3n de Talentos Deportivos""",mod,0,0.00000,1,13,assign,0,1.00000,0.00000,NULL,0,1598980591,25,1603916790,0,0.00000,0.08333
30,NULL,4,NULL,NULL,NULL,0,0,0,NULL,1200.00000,0.00000,NULL,NULL,course,0,0.00000,1,1,NULL,NULL,1.00000,0.00000,NULL,0,1599498426,4,1601929486,0,0.00000,0.00000
31,NULL,4,<blank>,NULL,4,0,0,0,NULL,100.00000,0.00000,NULL,"Act 1.2 "" Cuestionario Comunidad Sorda y Discapacidad Auditiva """,mod,0,0.00000,1,2,assign,0,1.00000,0.00000,NULL,0,1599498557,26,1601951883,1,0.00000,0.00000
32,NULL,4,<blank>,NULL,4,0,0,0,NULL,100.00000,0.00000,NULL,"Act 1.2 ""Cuestionario Comunidad Sorda y Discapacidad Auditiva""",mod,0,0.00000,1,3,assign,0,1.00000,0.00000,NULL,0,1599499074,27,1602184939,1,0.00000,0.06000
33,NULL,4,<blank>,NULL,4,0,0,0,NULL,100.00000,0.00000,NULL,"Act 1.3 ""Introducci\xf3n a la Lengua de Se\xf1as Mexicanas (B\xe1sico) y el uso de Clasificatorio (CL)""",mod,0,0.00000,1,4,assign,0,1.00000,0.00000,NULL,0,1599499462,28,1601951883,1,0.00000,0.08000
34,NULL,4,<blank>,NULL,4,0,0,0,NULL,100.00000,0.00000,NULL,"Act 2.1 ""Introducci\xf3n a la Lengua de Se\xf1as Mexicana (LSM)""",mod,0,0.00000,1,5,assign,0,1.00000,0.00000,NULL,0,1599499946,29,1602516572,1,0.00000,0.10000
35,NULL,4,<blank>,NULL,4,0,0,0,NULL,100.00000,0.00000,NULL,"Act 2.2 ""Se\xf1as de Lengua Mexicana (LMS)""",mod,0,0.00000,1,6,assign,0,1.00000,0.00000,NULL,0,1599500536,30,1602516573,1,0.00000,0.10000
36,NULL,4,<blank>,NULL,4,0,0,0,NULL,100.00000,0.00000,NULL,"Act 3.1 ""LSM en el Deporte, Generalidades Deportivas, Lesiones y Primeros Auxilios""",mod,0,0.00000,1,7,assign,0,1.00000,0.00000,NULL,0,1599501309,31,1603141332,1,0.00000,0.10000
37,NULL,4,<blank>,NULL,4,0,0,0,NULL,100.00000,0.00000,NULL,"Act 3.2 ""Cuestionario Online Kahoot""",mod,0,0.00000,1,8,assign,0,1.00000,0.00000,NULL,0,1599501357,32,1603406437,1,0.00000,0.10000
38,NULL,4,<blank>,NULL,4,0,0,0,NULL,100.00000,0.00000,NULL,"Act 4.1 ""Estructura del Deporte Competitivo para Sordos""",mod,0,0.00000,1,9,assign,0,1.00000,0.00000,NULL,0,1599501590,33,1603732222,1,0.00000,0.04000
39,NULL,4,<blank>,NULL,4,0,0,0,NULL,100.00000,0.00000,NULL,"Act 4.2 ""Significados y T\xe9rminos""",mod,0,0.00000,1,10,assign,0,1.00000,0.00000,NULL,0,1599501861,34,1603812937,1,0.00000,0.08000
40,NULL,4,<blank>,NULL,4,0,0,0,NULL,100.00000,0.00000,NULL,"Act 4.3 Resumen ""El Tiempo es Oro""",mod,0,0.00000,1,11,assign,0,1.00000,0.00000,NULL,0,1599502038,35,1603732222,1,0.00000,0.08000
41,NULL,4,<blank>,NULL,4,0,0,0,NULL,100.00000,0.00000,NULL,"Act 5.1 ""Entrenamiento Deportivo para Grupo Sordo""",mod,0,0.00000,1,12,assign,0,1.00000,0.00000,NULL,0,1599502186,36,1604338733,1,0.00000,0.10000
42,NULL,4,<blank>,NULL,4,0,0,0,NULL,100.00000,0.00000,NULL,"Act 5.2 ""Presentando Video Deportivo de Comude""",mod,0,0.00000,1,13,assign,0,1.00000,0.00000,NULL,0,1599502249,37,1604510935,1,0.00000,0.10000
43,NULL,4,<blank>,NULL,4,0,0,0,NULL,100.00000,0.00000,NULL,"Act 1.1 ""Conceptos B\xe1sicos Te\xf3ricos""",mod,0,0.00000,1,14,assign,0,1.00000,0.00000,NULL,0,1599502478,38,1602184822,1,0.00000,0.06000
44,NULL,2,NULL,NULL,NULL,0,0,0,NULL,1210.00000,0.00000,NULL,NULL,course,0,0.00000,1,1,NULL,NULL,1.00000,0.00000,NULL,0,1599676282,5,1599676283,0,0.00000,0.00000
45,NULL,2,<blank>,NULL,5,0,0,0,NULL,100.00000,0.00000,NULL,Act. 1.1 An\xe1lisis del Concepto del Envejecimiento,mod,0,0.00000,1,2,assign,0,1.00000,0.00000,NULL,0,1599676282,1,1600102225,0,0.00000,0.08264
46,NULL,2,<blank>,NULL,5,0,0,0,NULL,100.00000,0.00000,NULL,Act. 1.2 Conceptos Fundamentales,mod,0,0.00000,1,3,assign,0,1.00000,0.00000,NULL,0,1599676282,2,1600101143,0,0.00000,0.08264
47,NULL,2,<blank>,NULL,5,0,0,0,NULL,100.00000,0.00000,NULL,Act. 1.3 Investigaci\xf3n de Patolog\xedas,mod,0,0.00000,1,4,assign,0,1.00000,0.00000,NULL,0,1599676283,3,1600101194,0,0.00000,0.08264
48,NULL,2,<blank>,NULL,5,0,0,0,NULL,100.00000,0.00000,NULL,Act. 2.1 Ejercicio F\xedsico con Adultos Mayores que Padecen Diabetes y Osteoporosis,mod,0,0.00000,1,5,assign,0,1.00000,0.00000,NULL,0,1599676283,4,1602530194,0,0.00000,0.08264
49,NULL,2,<blank>,NULL,5,0,0,0,NULL,100.00000,0.00000,NULL,Act. 2.2 Beneficio de la Actividad F\xedsica en Personas Mayores,mod,0,0.00000,1,6,assign,0,1.00000,0.00000,NULL,0,1599676283,5,1602530195,0,0.00000,0.08264
50,NULL,2,<blank>,NULL,5,0,0,0,NULL,100.00000,0.00000,NULL,"Act. 3.1 Flexibilidad en el Adulto Mayor, Ejercicios Cardiovasculares y Desarrollo de Fuerza",mod,0,0.00000,1,7,assign,0,1.00000,0.00000,NULL,0,1599676283,6,1603154057,0,0.00000,0.08264
51,NULL,2,<blank>,NULL,5,0,0,0,NULL,100.00000,0.00000,NULL,Act. 3.2 Flexibilidad en el Adulor Mayor,mod,0,0.00000,1,8,assign,0,1.00000,0.00000,NULL,0,1599676283,7,1603154057,0,0.00000,0.08264
52,NULL,2,<blank>,NULL,5,0,0,0,NULL,100.00000,0.00000,NULL,Act. 3.3 Entrenamiento Funcional,mod,0,0.00000,3,9,assign,0,1.00000,0.00000,NULL,0,1599676283,8,1603154057,0,0.00000,0.00000
53,NULL,2,<blank>,NULL,5,0,0,0,NULL,100.00000,0.00000,NULL,Act. 4.1 Beneficios del Entrenamiento de Fuerza,mod,0,0.00000,1,10,assign,0,1.00000,0.00000,NULL,0,1599676283,9,1603731623,0,0.00000,0.08264
54,NULL,2,<blank>,NULL,5,0,0,0,NULL,100.00000,0.00000,NULL,Act. 4.2 Beneficios del Entrenamiento de Fuerza para la Prevenci\xf3n y Tratamiento de la Sarcopenia,mod,0,0.00000,1,11,assign,0,1.00000,0.00000,NULL,0,1599676283,10,1603731624,0,0.00000,0.08264
55,NULL,2,<blank>,NULL,5,0,0,0,NULL,100.00000,0.00000,NULL,Act. 4.3 Programa de Ejercicios con Pesas para el Entrenamiento de Fuerza para Mayores de 60 A\xf1os de Edad,mod,0,0.00000,1,12,assign,0,1.00000,0.00000,NULL,0,1599676283,11,1603731624,0,0.00000,0.08264
56,NULL,2,<blank>,NULL,5,0,0,0,NULL,100.00000,0.00000,NULL,"Act. 5.1 Instrumentos para Evaluar la Condici\xf3n F\xedsica, la Capacidad Funcional y el Nivel de Actividad F\xedsica en el Adulto Mayor",mod,0,0.00000,1,13,assign,0,1.00000,0.00000,NULL,0,1599676283,12,1604417803,0,0.00000,0.08264
57,NULL,2,<blank>,NULL,5,0,0,0,NULL,100.00000,0.00000,NULL,Actividad Integradora,mod,0,0.00000,1,14,assign,0,1.00000,0.00000,NULL,0,1599676283,13,1605032122,0,0.00000,0.08264
58,NULL,2,<blank>,NULL,5,0,0,0,NULL,10.00000,0.00000,NULL,Act. 3.4 Examen Entrenamiento Funcional,mod,0,0.00000,1,15,quiz,0,1.00000,0.00000,NULL,0,1599676283,1,1603154058,0,0.00000,0.00826
59,NULL,5,NULL,NULL,NULL,0,0,0,NULL,10.00000,0.00000,NULL,NULL,course,0,0.00000,1,1,NULL,NULL,1.00000,0.00000,NULL,0,1606148307,6,1606148497,0,0.00000,0.00000
60,NULL,5,<blank>,NULL,6,0,0,0,NULL,10.00000,0.00000,NULL,Examen \xdanico II Encuentro Mundial del Deporte,mod,0,6.00000,1,2,quiz,0,1.00000,0.00000,NULL,0,1606148497,2,1606148497,0,0.00000,1.00000

