id,name,expiry,value,flagtype,timemodified
1,2,1608857195,1,userpreferenceschanged,1608828395
2,/1/25,1589246847,1,accesslib/dirtycontexts,1589218047
3,3,1606373983,1,userpreferenceschanged,1606345183
4,3,1603244316,1,accesslib/dirtyusers,1603215516
5,4,1594706801,1,userpreferenceschanged,1594678001
6,4,1599705063,1,accesslib/dirtyusers,1599676263
7,2,1606183928,1,accesslib/dirtyusers,1606155128
8,5,1589410239,1,userpreferenceschanged,1589381439
9,5,1589410287,1,accesslib/dirtyusers,1589381487
10,6,1607064695,1,userpreferenceschanged,1607035895
11,6,1601781979,1,accesslib/dirtyusers,1601753179
12,7,1612952263,1,userpreferenceschanged,1612923463
13,7,1601633446,1,accesslib/dirtyusers,1601604646
14,8,1590208780,1,userpreferenceschanged,1590179980
15,8,1600402719,1,accesslib/dirtyusers,1600373919
16,9,1604891243,1,userpreferenceschanged,1604862443
17,10,1610435945,1,userpreferenceschanged,1610407145
18,10,1601594878,1,accesslib/dirtyusers,1601566078
19,9,1601594878,1,accesslib/dirtyusers,1601566078
20,11,1597740227,1,userpreferenceschanged,1597711427
21,12,1597471403,1,userpreferenceschanged,1597442603
22,12,1599705064,1,accesslib/dirtyusers,1599676264
23,11,1599705064,1,accesslib/dirtyusers,1599676264
24,13,1597225518,1,userpreferenceschanged,1597196718
25,13,1599705064,1,accesslib/dirtyusers,1599676264
26,14,1597044759,1,userpreferenceschanged,1597015959
27,14,1599705064,1,accesslib/dirtyusers,1599676264
28,15,1600814722,1,userpreferenceschanged,1600785922
29,15,1599705064,1,accesslib/dirtyusers,1599676264
30,16,1597444320,1,userpreferenceschanged,1597415520
31,16,1599705064,1,accesslib/dirtyusers,1599676264
32,17,1604796868,1,userpreferenceschanged,1604768068
33,17,1599705064,1,accesslib/dirtyusers,1599676264
34,18,1597306270,1,userpreferenceschanged,1597277470
35,18,1599705064,1,accesslib/dirtyusers,1599676264
36,19,1597010833,1,userpreferenceschanged,1596982033
37,19,1599705064,1,accesslib/dirtyusers,1599676264
38,20,1597961686,1,userpreferenceschanged,1597932886
39,20,1599705065,1,accesslib/dirtyusers,1599676265
40,21,1632212547,1,userpreferenceschanged,1632183747
41,21,1599705065,1,accesslib/dirtyusers,1599676265
42,22,1597825482,1,userpreferenceschanged,1597796682
43,22,1599705065,1,accesslib/dirtyusers,1599676265
44,23,1597446999,1,userpreferenceschanged,1597418199
45,23,1599705065,1,accesslib/dirtyusers,1599676265
46,24,1597283586,1,userpreferenceschanged,1597254786
47,24,1599705065,1,accesslib/dirtyusers,1599676265
48,25,1597287786,1,userpreferenceschanged,1597258986
49,25,1599705065,1,accesslib/dirtyusers,1599676265
50,26,1597306561,1,userpreferenceschanged,1597277761
51,26,1599705065,1,accesslib/dirtyusers,1599676265
52,27,1597215522,1,userpreferenceschanged,1597186722
53,27,1599705065,1,accesslib/dirtyusers,1599676265
54,28,1598926543,1,userpreferenceschanged,1598897743
55,28,1599705066,1,accesslib/dirtyusers,1599676266
56,29,1597829388,1,userpreferenceschanged,1597800588
57,29,1599705066,1,accesslib/dirtyusers,1599676266
58,30,1597473906,1,userpreferenceschanged,1597445106
59,30,1599705066,1,accesslib/dirtyusers,1599676266
60,31,1599888553,1,userpreferenceschanged,1599859753
61,31,1599705066,1,accesslib/dirtyusers,1599676266
62,32,1597309991,1,userpreferenceschanged,1597281191
63,32,1599705066,1,accesslib/dirtyusers,1599676266
64,33,1597991658,1,userpreferenceschanged,1597962858
65,33,1599705066,1,accesslib/dirtyusers,1599676266
66,34,1597219993,1,userpreferenceschanged,1597191193
67,34,1599705066,1,accesslib/dirtyusers,1599676266
68,35,1597296641,1,userpreferenceschanged,1597267841
69,35,1599705066,1,accesslib/dirtyusers,1599676266
70,36,1597270966,1,userpreferenceschanged,1597242166
71,36,1599705066,1,accesslib/dirtyusers,1599676266
72,37,1597299719,1,userpreferenceschanged,1597270919
73,37,1599705067,1,accesslib/dirtyusers,1599676267
74,38,1597275901,1,userpreferenceschanged,1597247101
75,39,1598064840,1,userpreferenceschanged,1598036040
76,38,1599705067,1,accesslib/dirtyusers,1599676267
77,39,1599705067,1,accesslib/dirtyusers,1599676267
78,40,1597196360,1,userpreferenceschanged,1597167560
79,40,1599705067,1,accesslib/dirtyusers,1599676267
80,41,1597308268,1,userpreferenceschanged,1597279468
81,41,1599705067,1,accesslib/dirtyusers,1599676267
82,42,1597314093,1,userpreferenceschanged,1597285293
83,42,1599705067,1,accesslib/dirtyusers,1599676267
84,43,1607259566,1,userpreferenceschanged,1607230766
85,43,1599705067,1,accesslib/dirtyusers,1599676267
86,44,1597216930,1,userpreferenceschanged,1597188130
87,44,1599705067,1,accesslib/dirtyusers,1599676267
88,45,1597213693,1,userpreferenceschanged,1597184893
89,45,1599705067,1,accesslib/dirtyusers,1599676267
90,46,1597230966,1,userpreferenceschanged,1597202166
91,46,1599705068,1,accesslib/dirtyusers,1599676268
92,47,1608612256,1,userpreferenceschanged,1608583456
93,47,1608265117,1,accesslib/dirtyusers,1608236317
94,48,1595241996,1,userpreferenceschanged,1595213196
95,48,1599705068,1,accesslib/dirtyusers,1599676268
96,49,1597235453,1,userpreferenceschanged,1597206653
97,49,1599705068,1,accesslib/dirtyusers,1599676268
98,50,1622497281,1,userpreferenceschanged,1622468481
99,50,1599705068,1,accesslib/dirtyusers,1599676268
100,51,1597290402,1,userpreferenceschanged,1597261602
101,51,1599705068,1,accesslib/dirtyusers,1599676268
102,52,1598047122,1,userpreferenceschanged,1598018322
103,52,1599705068,1,accesslib/dirtyusers,1599676268
104,53,1597316070,1,userpreferenceschanged,1597287270
105,53,1599705068,1,accesslib/dirtyusers,1599676268
106,54,1597372347,1,userpreferenceschanged,1597343547
107,54,1599705069,1,accesslib/dirtyusers,1599676269
108,55,1602762548,1,userpreferenceschanged,1602733748
109,55,1599705069,1,accesslib/dirtyusers,1599676269
110,56,1597560503,1,userpreferenceschanged,1597531703
111,56,1599705069,1,accesslib/dirtyusers,1599676269
112,57,1597989275,1,userpreferenceschanged,1597960475
113,58,1597966973,1,userpreferenceschanged,1597938173
114,58,1599705069,1,accesslib/dirtyusers,1599676269
115,57,1599705069,1,accesslib/dirtyusers,1599676269
116,59,1597146264,1,userpreferenceschanged,1597117464
117,59,1599705069,1,accesslib/dirtyusers,1599676269
118,60,1606798335,1,userpreferenceschanged,1606769535
119,60,1599705069,1,accesslib/dirtyusers,1599676269
120,61,1597273980,1,userpreferenceschanged,1597245180
121,61,1599705069,1,accesslib/dirtyusers,1599676269
122,62,1602816064,1,userpreferenceschanged,1602787264
123,62,1601802624,1,accesslib/dirtyusers,1601773824
124,63,1601007695,1,userpreferenceschanged,1600978895
125,64,1594714799,1,userpreferenceschanged,1594685999
126,64,1599705070,1,accesslib/dirtyusers,1599676270
127,63,1599705070,1,accesslib/dirtyusers,1599676270
128,65,1594454849,1,userpreferenceschanged,1594426049
129,65,1599705070,1,accesslib/dirtyusers,1599676270
130,66,1597317034,1,userpreferenceschanged,1597288234
131,66,1599705070,1,accesslib/dirtyusers,1599676270
132,67,1598158596,1,userpreferenceschanged,1598129796
133,67,1599705070,1,accesslib/dirtyusers,1599676270
134,68,1597360092,1,userpreferenceschanged,1597331292
135,68,1599705070,1,accesslib/dirtyusers,1599676270
136,69,1606802009,1,userpreferenceschanged,1606773209
137,69,1601954144,1,accesslib/dirtyusers,1601925344
138,70,1599883964,1,userpreferenceschanged,1599855164
139,70,1599705071,1,accesslib/dirtyusers,1599676271
140,71,1597266248,1,userpreferenceschanged,1597237448
141,71,1599705071,1,accesslib/dirtyusers,1599676271
142,72,1597405896,1,userpreferenceschanged,1597377096
143,72,1599705071,1,accesslib/dirtyusers,1599676271
144,73,1597264705,1,userpreferenceschanged,1597235905
145,73,1599705071,1,accesslib/dirtyusers,1599676271
146,74,1597313055,1,userpreferenceschanged,1597284255
147,74,1599705071,1,accesslib/dirtyusers,1599676271
148,75,1619856071,1,userpreferenceschanged,1619827271
149,75,1601942641,1,accesslib/dirtyusers,1601913841
150,76,1595323535,1,userpreferenceschanged,1595294735
151,76,1599705071,1,accesslib/dirtyusers,1599676271
152,77,1596434196,1,userpreferenceschanged,1596405396
153,77,1599705071,1,accesslib/dirtyusers,1599676271
154,78,1597242644,1,userpreferenceschanged,1597213844
155,78,1599705072,1,accesslib/dirtyusers,1599676272
156,79,1597293992,1,userpreferenceschanged,1597265192
157,79,1599705072,1,accesslib/dirtyusers,1599676272
158,80,1594796319,1,userpreferenceschanged,1594767519
159,80,1599705072,1,accesslib/dirtyusers,1599676272
160,81,1597145140,1,userpreferenceschanged,1597116340
161,81,1599705072,1,accesslib/dirtyusers,1599676272
162,82,1598766126,1,userpreferenceschanged,1598737326
163,82,1599705072,1,accesslib/dirtyusers,1599676272
164,83,1597215215,1,userpreferenceschanged,1597186415
165,83,1599705072,1,accesslib/dirtyusers,1599676272
166,84,1600566130,1,userpreferenceschanged,1600537330
167,84,1599705072,1,accesslib/dirtyusers,1599676272
168,85,1593664763,1,userpreferenceschanged,1593635963
169,86,1603609613,1,userpreferenceschanged,1603580813
170,86,1601954850,1,accesslib/dirtyusers,1601926050
171,85,1599705072,1,accesslib/dirtyusers,1599676272
172,87,1595069548,1,userpreferenceschanged,1595040748
173,87,1599705073,1,accesslib/dirtyusers,1599676273
174,88,1594631353,1,userpreferenceschanged,1594602553
175,88,1599705073,1,accesslib/dirtyusers,1599676273
176,89,1597195839,1,userpreferenceschanged,1597167039
177,89,1599705073,1,accesslib/dirtyusers,1599676273
178,90,1599807023,1,userpreferenceschanged,1599778223
179,90,1599705073,1,accesslib/dirtyusers,1599676273
180,91,1597133321,1,userpreferenceschanged,1597104521
181,91,1599705073,1,accesslib/dirtyusers,1599676273
182,92,1601633185,1,userpreferenceschanged,1601604385
183,92,1601633345,1,accesslib/dirtyusers,1601604545
184,93,1597291136,1,userpreferenceschanged,1597262336
185,93,1599705073,1,accesslib/dirtyusers,1599676273
186,94,1597268545,1,userpreferenceschanged,1597239745
187,94,1599705074,1,accesslib/dirtyusers,1599676274
188,95,1597308308,1,userpreferenceschanged,1597279508
189,95,1599705074,1,accesslib/dirtyusers,1599676274
190,96,1597295527,1,userpreferenceschanged,1597266727
191,96,1599705074,1,accesslib/dirtyusers,1599676274
192,97,1597218028,1,userpreferenceschanged,1597189228
193,97,1599705074,1,accesslib/dirtyusers,1599676274
194,98,1597302928,1,userpreferenceschanged,1597274128
195,98,1600402713,1,accesslib/dirtyusers,1600373913
196,99,1609727145,1,userpreferenceschanged,1609698345
197,99,1606178039,1,accesslib/dirtyusers,1606149239
198,100,1600402695,1,userpreferenceschanged,1600373895
199,100,1600402793,1,accesslib/dirtyusers,1600373993
200,101,1607001581,1,userpreferenceschanged,1606972781
201,102,1622086600,1,userpreferenceschanged,1622057800
202,102,1601597515,1,accesslib/dirtyusers,1601568715
203,103,1606302022,1,userpreferenceschanged,1606273222
204,103,1601598443,1,accesslib/dirtyusers,1601569643
205,104,1605686811,1,userpreferenceschanged,1605658011
206,104,1601600919,1,accesslib/dirtyusers,1601572119
207,101,1601601423,1,accesslib/dirtyusers,1601572623
208,105,1606393522,1,userpreferenceschanged,1606364722
209,105,1601623225,1,accesslib/dirtyusers,1601594425
210,106,1606953039,1,userpreferenceschanged,1606924239
211,106,1601727993,1,accesslib/dirtyusers,1601699193
212,107,1605526625,1,userpreferenceschanged,1605497825
213,107,1601803216,1,accesslib/dirtyusers,1601774416
214,108,1610437809,1,userpreferenceschanged,1610409009
215,108,1601803634,1,accesslib/dirtyusers,1601774834
216,109,1606820892,1,userpreferenceschanged,1606792092
217,109,1601884888,1,accesslib/dirtyusers,1601856088
218,110,1607481162,1,userpreferenceschanged,1607452362
219,110,1601940708,1,accesslib/dirtyusers,1601911908
220,111,1607420004,1,userpreferenceschanged,1607391204
221,111,1601958189,1,accesslib/dirtyusers,1601929389
222,112,1606779570,1,userpreferenceschanged,1606750770
223,112,1601958646,1,accesslib/dirtyusers,1601929846
224,113,1607654904,1,userpreferenceschanged,1607626104
225,113,1601960130,1,accesslib/dirtyusers,1601931330
226,114,1607352768,1,userpreferenceschanged,1607323968
227,114,1601961139,1,accesslib/dirtyusers,1601932339
228,115,1607396870,1,userpreferenceschanged,1607368070
229,115,1601961304,1,accesslib/dirtyusers,1601932504
230,116,1606209360,1,userpreferenceschanged,1606180560
231,116,1602016067,1,accesslib/dirtyusers,1601987267
232,117,1606284041,1,userpreferenceschanged,1606255241
233,117,1602016404,1,accesslib/dirtyusers,1601987604
234,118,1606091600,1,userpreferenceschanged,1606062800
235,118,1602102453,1,accesslib/dirtyusers,1602073653
236,119,1604471930,1,userpreferenceschanged,1604443130
237,119,1602202933,1,accesslib/dirtyusers,1602174133
238,120,1611204850,1,userpreferenceschanged,1611176050
239,120,1602208436,1,accesslib/dirtyusers,1602179636
240,121,1604372689,1,userpreferenceschanged,1604343889
241,121,1602558565,1,accesslib/dirtyusers,1602529765
242,122,1603104614,1,userpreferenceschanged,1603075814
243,122,1602560001,1,accesslib/dirtyusers,1602531201
244,123,1607484190,1,userpreferenceschanged,1607455390
245,123,1607484243,1,accesslib/dirtyusers,1607455443
246,124,1608811237,1,userpreferenceschanged,1608782437
247,124,1607484782,1,accesslib/dirtyusers,1607455982
248,125,1608619075,1,userpreferenceschanged,1608590275
249,125,1607572812,1,accesslib/dirtyusers,1607544012
250,126,1608250715,1,userpreferenceschanged,1608221915
251,126,1607651199,1,accesslib/dirtyusers,1607622399
252,127,1608721040,1,userpreferenceschanged,1608692240
253,127,1607655430,1,accesslib/dirtyusers,1607626630
254,128,1608022222,1,userpreferenceschanged,1607993422
255,128,1607658382,1,accesslib/dirtyusers,1607629582
256,129,1607736003,1,userpreferenceschanged,1607707203
257,129,1607736063,1,accesslib/dirtyusers,1607707263
258,130,1608615555,1,userpreferenceschanged,1608586755
259,130,1607746700,1,accesslib/dirtyusers,1607717900
260,131,1610510999,1,userpreferenceschanged,1610482199
261,131,1607992533,1,accesslib/dirtyusers,1607963733
262,132,1607993094,1,userpreferenceschanged,1607964294
263,132,1607993149,1,accesslib/dirtyusers,1607964349
264,133,1608727698,1,userpreferenceschanged,1608698898
265,133,1608632598,1,accesslib/dirtyusers,1608603798
266,134,1608882958,1,userpreferenceschanged,1608854158
267,134,1608863754,1,accesslib/dirtyusers,1608834954

