id,userid,requesteduserid,timecreated
base64:type253:MW13eWxkcjM1bXd5bGRyMTU5MzYzNzk1OW13eWxkcjIx,base64:type253:MW13eWxkcjM1bXd5bGRyMTU5MzYzNzk1OW13eWxkcjIx,base64:type253:MW13eWxkcjM1bXd5bGRyMTU5MzYzNzk1OW13eWxkcjIx,base64:type253:MW13eWxkcjM1bXd5bGRyMTU5MzYzNzk1OW13eWxkcjIx
base64:type253:Mm13eWxkcjM0bXd5bGRyMTU5MzgxNzMzMW13eWxkcjMw,base64:type253:Mm13eWxkcjM0bXd5bGRyMTU5MzgxNzMzMW13eWxkcjMw,base64:type253:Mm13eWxkcjM0bXd5bGRyMTU5MzgxNzMzMW13eWxkcjMw,base64:type253:Mm13eWxkcjM0bXd5bGRyMTU5MzgxNzMzMW13eWxkcjMw
base64:type253:NW13eWxkcjNtd3lsZHIxNjA0MTg0ODI5bXd5bGRyMTIx,base64:type253:NW13eWxkcjNtd3lsZHIxNjA0MTg0ODI5bXd5bGRyMTIx,base64:type253:NW13eWxkcjNtd3lsZHIxNjA0MTg0ODI5bXd5bGRyMTIx,base64:type253:NW13eWxkcjNtd3lsZHIxNjA0MTg0ODI5bXd5bGRyMTIx

