id,tourid,title,content,sortorder,configdata,targettype,targetvalue
1,1,"tour4_title_messaging,tool_usertours","tour4_content_messaging,tool_usertours",0,"{""backdrop"":""1""}",2,<blank>
2,1,"tour4_title_icon,tool_usertours","tour4_content_icon,tool_usertours",1,"{""backdrop"":""0"",""reflex"":""1""}",0,[id^=message-drawer-toggle]
3,1,"tour4_title_groupconvo,tool_usertours","tour4_content_groupconvo,tool_usertours",2,"{""placement"":""left""}",0,".message-drawer:not(.hidden) [data-region=""view-overview-group-messages""]"
4,1,"tour4_title_starred,tool_usertours","tour4_content_starred,tool_usertours",3,"{""placement"":""left""}",0,".message-drawer:not(.hidden) [data-region=""view-overview-favourites""]"
5,1,"tour4_title_settings,tool_usertours","tour4_content_settings,tool_usertours",4,"{""reflex"":""1""}",0,".message-drawer:not(.hidden) [data-route=""view-settings""]"
6,1,"tour_final_step_title,tool_usertours","tour_final_step_content,tool_usertours",5,{},2,<blank>
7,2,"tour3_title_dashboard,tool_usertours","tour3_content_dashboard,tool_usertours",0,"{""backdrop"":""1""}",2,<blank>
8,2,"tour3_title_dashboard,tool_usertours","tour3_content_timeline,tool_usertours",1,"{""reflex"":""0""}",1,timeline
9,2,"tour3_title_recentcourses,tool_usertours","tour3_content_recentcourses,tool_usertours",2,"{""placement"":""top"",""backdrop"":""1""}",1,recentlyaccessedcourses
10,2,"tour3_title_overview,tool_usertours","tour3_content_overview,tool_usertours",3,{},1,myoverview
11,2,"tour3_title_starring,tool_usertours","tour3_content_starring,tool_usertours",4,"{""placement"":""right""}",0,".block-myoverview [data-display=""cards""] [data-region=""course-content""] .coursemenubtn"
12,2,"tour3_title_starring,tool_usertours","tour3_content_starring,tool_usertours",5,{},0,".block-myoverview [data-display]:not([data-display=""cards""]) [data-region=""course-content""] .coursemenubtn"
13,2,"tour3_title_displayoptions,tool_usertours","tour3_content_displayoptions,tool_usertours",6,"{""placement"":""top""}",0,#sortingdropdown
14,2,"tour_final_step_title,tool_usertours","tour_final_step_content,tool_usertours",7,{},2,<blank>

