id,role,course,timeend,module,gradepass,enrolperiod,criteriatype,courseinstance,moduleinstance
<blank>,2,4,<blank>,forum,<blank>,<blank>,11,1,<blank>
<blank>,2,4,<blank>,forum,<blank>,<blank>,31,2,<blank>
<blank>,2,4,<blank>,assign,<blank>,<blank>,3,3,<blank>
<blank>,2,4,<blank>,assign,<blank>,<blank>,4,4,<blank>
<blank>,2,4,<blank>,assign,<blank>,<blank>,5,5,<blank>
<blank>,2,4,<blank>,folder,<blank>,<blank>,23,6,<blank>
<blank>,2,4,<blank>,assign,<blank>,<blank>,7,7,<blank>
<blank>,2,4,<blank>,assign,<blank>,<blank>,8,8,<blank>
<blank>,2,4,<blank>,folder,<blank>,<blank>,24,9,<blank>
<blank>,2,4,<blank>,page,<blank>,<blank>,21,10,<blank>
<blank>,2,4,<blank>,page,<blank>,<blank>,28,11,<blank>
<blank>,2,4,<blank>,assign,<blank>,<blank>,9,12,<blank>
<blank>,2,4,<blank>,assign,<blank>,<blank>,10,13,<blank>
<blank>,2,4,<blank>,assign,<blank>,<blank>,12,14,<blank>
<blank>,2,4,<blank>,quiz,<blank>,<blank>,13,15,<blank>
<blank>,2,4,<blank>,folder,<blank>,<blank>,25,16,<blank>
<blank>,2,4,<blank>,page,<blank>,<blank>,22,17,<blank>
<blank>,2,4,<blank>,assign,<blank>,<blank>,14,18,<blank>
<blank>,2,4,<blank>,assign,<blank>,<blank>,15,19,<blank>
<blank>,2,4,<blank>,assign,<blank>,<blank>,16,20,<blank>
<blank>,2,4,<blank>,folder,<blank>,<blank>,26,21,<blank>
<blank>,2,4,<blank>,page,<blank>,<blank>,20,22,<blank>
<blank>,2,4,<blank>,assign,<blank>,<blank>,17,23,<blank>
<blank>,2,4,<blank>,folder,<blank>,<blank>,27,24,<blank>
<blank>,2,4,<blank>,assign,<blank>,<blank>,18,25,<blank>

