id,roleid,courseid,cost,enrol,name,status,currency,notifyall,sortorder,password,customdec1,customdec2,customint1,customint2,customint3,customint4,customint5,customint6,customint7,customint8,customchar1,customchar2,customchar3,customtext1,customtext2,customtext3,customtext4,enrolperiod,timecreated,enrolenddate,expirynotify,timemodified,enrolstartdate,expirythreshold
<blank>,<blank>,0,0,<blank>,0,manual,0,<blank>,<blank>,2,0,5,0,1589218259,1589218259,<blank>,<blank>,<blank>,<blank>,<blank>,0,86400,1,<blank>,<blank>,<blank>,<blank>,<blank>,<blank>,<blank>,<blank>,<blank>,<blank>,<blank>
<blank>,<blank>,0,guest,<blank>,<blank>,2,0,<blank>,<blank>,1,2,0,0,1,1589218259,1589218259,<blank>,<blank>,<blank>,<blank>,0,0,0,<blank>,<blank>,<blank>,<blank>,<blank>,<blank>,<blank>,<blank>,<blank>,<blank>,<blank>
<blank>,<blank>,0,0,<blank>,1,0,1,<blank>,<blank>,2,0,0,0,0,86400,3,0,5,2,1589218259,0,1,self,1589218259,<blank>,<blank>,<blank>,<blank>,<blank>,<blank>,<blank>,<blank>,<blank>,<blank>
<blank>,<blank>,0,0,<blank>,0,manual,0,<blank>,<blank>,3,0,5,0,1597761047,1597761047,<blank>,<blank>,<blank>,<blank>,<blank>,0,86400,4,<blank>,<blank>,<blank>,<blank>,<blank>,<blank>,<blank>,<blank>,<blank>,<blank>,<blank>
<blank>,<blank>,0,guest,<blank>,<blank>,3,0,<blank>,<blank>,1,5,0,0,1,1597761047,1597761047,<blank>,<blank>,<blank>,<blank>,0,0,0,<blank>,<blank>,<blank>,<blank>,<blank>,<blank>,<blank>,<blank>,<blank>,<blank>,<blank>
<blank>,<blank>,0,0,<blank>,1,0,1,<blank>,<blank>,3,0,0,0,0,86400,6,0,5,2,1597761047,0,1,self,1597761047,<blank>,<blank>,<blank>,<blank>,<blank>,<blank>,<blank>,<blank>,<blank>,<blank>
<blank>,<blank>,0,0,<blank>,0,manual,0,<blank>,<blank>,4,0,5,0,1599496552,1599496552,<blank>,<blank>,<blank>,<blank>,<blank>,0,86400,7,<blank>,<blank>,<blank>,<blank>,<blank>,<blank>,<blank>,<blank>,<blank>,<blank>,<blank>
<blank>,<blank>,0,guest,<blank>,<blank>,4,0,<blank>,<blank>,1,8,0,0,1,1599496552,1599496552,<blank>,<blank>,<blank>,<blank>,0,0,0,<blank>,<blank>,<blank>,<blank>,<blank>,<blank>,<blank>,<blank>,<blank>,<blank>,<blank>
<blank>,<blank>,0,0,<blank>,1,0,1,<blank>,<blank>,4,0,0,0,0,86400,9,0,5,2,1599496552,0,1,self,1599496552,<blank>,<blank>,<blank>,<blank>,<blank>,<blank>,<blank>,<blank>,<blank>,<blank>
<blank>,<blank>,0,0,<blank>,0,manual,0,<blank>,<blank>,5,0,5,0,1606148148,1607962768,<blank>,<blank>,<blank>,<blank>,<blank>,0,0,10,<blank>,<blank>,<blank>,<blank>,<blank>,<blank>,<blank>,<blank>,<blank>,<blank>,<blank>
<blank>,<blank>,0,guest,<blank>,<blank>,5,0,<blank>,<blank>,1,11,0,0,1,1606148148,1606148148,<blank>,<blank>,<blank>,<blank>,0,0,0,<blank>,<blank>,<blank>,<blank>,<blank>,<blank>,<blank>,<blank>,<blank>,<blank>,<blank>
<blank>,<blank>,0,0,<blank>,1,0,1,<blank>,<blank>,5,0,0,0,0,86400,12,0,5,2,1606148148,0,1,self,1606148148,<blank>,<blank>,<blank>,<blank>,<blank>,<blank>,<blank>,<blank>,<blank>,<blank>

