id,course,value,method,criteriatype
base64:type253:MW13eWxkcjJtd3lsZHI1,base64:type253:MW13eWxkcjJtd3lsZHI1,base64:type253:MW13eWxkcjJtd3lsZHI1,base64:type253:MW13eWxkcjJtd3lsZHI1,base64:type253:MW13eWxkcjJtd3lsZHI1
base64:type253:MW13eWxkcjJtd3lsZHI0bXd5bGRyNg==,base64:type253:MW13eWxkcjJtd3lsZHI0bXd5bGRyNg==,base64:type253:MW13eWxkcjJtd3lsZHI0bXd5bGRyNg==,base64:type253:MW13eWxkcjJtd3lsZHI0bXd5bGRyNg==,base64:type253:MW13eWxkcjJtd3lsZHI0bXd5bGRyNg==
base64:type253:MW13eWxkcjJtd3lsZHI4bXd5bGRyNw==,base64:type253:MW13eWxkcjJtd3lsZHI4bXd5bGRyNw==,base64:type253:MW13eWxkcjJtd3lsZHI4bXd5bGRyNw==,base64:type253:MW13eWxkcjJtd3lsZHI4bXd5bGRyNw==,base64:type253:MW13eWxkcjJtd3lsZHI4bXd5bGRyNw==
base64:type253:MW13eWxkcjJtd3lsZHI3bXd5bGRyOA==,base64:type253:MW13eWxkcjJtd3lsZHI3bXd5bGRyOA==,base64:type253:MW13eWxkcjJtd3lsZHI3bXd5bGRyOA==,base64:type253:MW13eWxkcjJtd3lsZHI3bXd5bGRyOA==,base64:type253:MW13eWxkcjJtd3lsZHI3bXd5bGRyOA==

