id,intro,scale,name,type,course,duedate,rsstype,assessed,maxbytes,warnafter,blockafter,cutoffdate,blockperiod,grade_forum,introformat,rssarticles,timemodified,trackingtype,forcesubscribe,maxattachments,assesstimestart,completionposts,assesstimefinish,displaywordcount,completionreplies,grade_forum_notify,lockdiscussionafter,completiondiscussions
1,Avisos y novedades generales,0,Avisos y Bienvenida,news,2,0,0,0,0,0,0,0,0,0,1,0,1589824384,1,1,1,0,0,0,0,0,0,0,0
2,Foro abierto a todos los temas,0,"Ayuda, Foro social y Comentarios",social,2,0,0,0,0,0,0,0,0,0,1,0,1593630226,1,0,1,0,0,0,0,0,0,0,0
3,"<p dir=""ltr"" style=""text-align: left;"">Conforma un equipo de dos participantes el cual tendr\xe1 diversas actividades a lo largo de esta certificaci\xf3n.</p>",100,Conformaci\xf3n de equipos,general,2,0,0,0,512000,0,0,0,0,0,1,0,1589824372,1,0,9,0,0,0,0,0,0,0,0
4,"<p dir=""ltr"" style=""text-align: left;"">En este foro publicar\xe1s si est\xe1s de acuerdo en ser suscrito al grupo de Whatsapp del curso:\xa0<div><div><div><div><h5>Certificaci\xf3n en Ejercicio F\xedsico para los Adultos Mayores</h5></div></div></div><div data-region=""header-actions-container""></div></div><div><div id=""page-navbar""><nav aria-label=""Barra de navegaci\xf3n""><ol><br></ol></nav></div></div></p>",100,Grupo Whatsapp,general,2,0,0,0,512000,0,0,0,0,0,1,0,1593828403,1,0,9,0,0,0,0,0,0,0,0
5,"<p style=""text-align: center;""><iframe width=""560"" height=""315"" src=""https://www.youtube.com/embed/3y4azmFO6zU"" frameborder=""0"" allow=""accelerometer; autoplay; encrypted-media; gyroscope; picture-in-picture"" allowfullscreen="""" style=""font-size: 0.9375rem; font-family: -apple-system, BlinkMacSystemFont, ""Segoe UI"", Roboto, ""Helvetica Neue"", Arial, ""Noto Sans"", sans-serif, ""Apple Color Emoji"", ""Segoe UI Emoji"", ""Segoe UI Symbol"", ""Noto Color Emoji"";""></iframe></p>",100,"Conferencia Zoom 03 de Julio, Presentaci\xf3n T\xe9cnica y Bienvenida.",general,2,0,0,0,512000,0,0,0,0,0,1,0,1593883751,1,0,9,0,0,0,0,0,0,0,0
6,Avisos y novedades generales,0,Avisos,news,3,0,0,0,0,0,0,0,0,0,1,0,1597761046,1,1,1,0,0,0,0,0,0,0,0
7,"<h4>Instrucciones:</h4>\r\n<ul>\r\n<li>Lee el documento adjunto en este art\xedculo para comenzar con los conceptos fundamentales.</li>\r\n<li>Revisa los 3 videos publicados en este apartado y presta atenci\xf3n.</li>\r\n<li>Elabora un resumen con las siguientes palabras claves:</li>\r\n</ul>\r\n<p>\xa0\xa0 \xa0 Dactilol\xf3gico, Modelo educativo biling\xfce-bicultural, patrimonio ling\xfc\xedstico de la naci\xf3n mexicana, lenguaje o lengua, cong\xe9nita o adquirida, comunidad Sorda, implante coclear, HOPS.</p>\r\n<ul>\r\n<li>No olvides poner tus conclusiones</li>\r\n</ul>\r\n<p>Documentos de apoyo y Videos muestra de YouTube:</p>\r\n<p>* pdf</p>\r\n<p>\xa0\xa0 \xa0</p>\r\n<p><br></p>\r\n<p>* https://www.youtube.com/watch?v=4Facl95Jc48 (chiste CL)</p>\r\n<p>* https://www.youtube.com/watch?v=jkWbuO74Ryo (LSM vs Es)</p>\r\n<p>* https://www.youtube.com/watch?v=yGA0Vuc7llk (ejemplo CL)</p>\r\n<p><br></p><br>",0,"Act 1.1 "" Conceptos Basicos y Teoricos """,news,4,0,0,0,0,0,0,0,0,0,1,0,1599502363,1,1,1,0,0,0,0,0,0,0,0
8,<blank>,100,Avisos y Bienvenida,general,4,0,0,0,512000,0,0,0,0,0,1,0,1601916826,1,0,9,0,0,0,0,0,0,0,0
9,"<p dir=""ltr"" style=""text-align: left;"">Foro de Ayuda</p>",100,"Ayuda, Foro Social y Comentarios",general,4,0,0,0,512000,0,0,0,0,0,1,0,1602176530,1,0,9,0,0,0,0,0,0,0,0
10,<blank>,100,Grupo de Whatsapp,general,4,0,0,0,512000,0,0,0,0,0,1,0,1601917293,1,0,9,0,0,0,0,0,0,0,0
11,Avisos y novedades generales,0,Avisos,news,5,0,0,0,0,0,0,0,0,0,1,0,1606148148,1,1,1,0,0,0,0,0,0,0,0

