id,rpcid,serviceid
base64:type253:MW13eWxkcjFtd3lsZHIx,base64:type253:MW13eWxkcjFtd3lsZHIx,base64:type253:MW13eWxkcjFtd3lsZHIx
base64:type253:Mm13eWxkcjJtd3lsZHIx,base64:type253:Mm13eWxkcjJtd3lsZHIx,base64:type253:Mm13eWxkcjJtd3lsZHIx
base64:type253:M213eWxkcjNtd3lsZHIx,base64:type253:M213eWxkcjNtd3lsZHIx,base64:type253:M213eWxkcjNtd3lsZHIx
base64:type253:NG13eWxkcjRtd3lsZHIx,base64:type253:NG13eWxkcjRtd3lsZHIx,base64:type253:NG13eWxkcjRtd3lsZHIx
base64:type253:NW13eWxkcjVtd3lsZHIx,base64:type253:NW13eWxkcjVtd3lsZHIx,base64:type253:NW13eWxkcjVtd3lsZHIx
base64:type253:Nm13eWxkcjZtd3lsZHIx,base64:type253:Nm13eWxkcjZtd3lsZHIx,base64:type253:Nm13eWxkcjZtd3lsZHIx
base64:type253:N213eWxkcjdtd3lsZHIx,base64:type253:N213eWxkcjdtd3lsZHIx,base64:type253:N213eWxkcjdtd3lsZHIx
base64:type253:OG13eWxkcjhtd3lsZHIy,base64:type253:OG13eWxkcjhtd3lsZHIy,base64:type253:OG13eWxkcjhtd3lsZHIy
base64:type253:OW13eWxkcjltd3lsZHIy,base64:type253:OW13eWxkcjltd3lsZHIy,base64:type253:OW13eWxkcjltd3lsZHIy
base64:type253:MTBtd3lsZHIxMG13eWxkcjM=,base64:type253:MTBtd3lsZHIxMG13eWxkcjM=,base64:type253:MTBtd3lsZHIxMG13eWxkcjM=
base64:type253:MTFtd3lsZHIxMW13eWxkcjM=,base64:type253:MTFtd3lsZHIxMW13eWxkcjM=,base64:type253:MTFtd3lsZHIxMW13eWxkcjM=
base64:type253:MTJtd3lsZHIxMm13eWxkcjM=,base64:type253:MTJtd3lsZHIxMm13eWxkcjM=,base64:type253:MTJtd3lsZHIxMm13eWxkcjM=
base64:type253:MTNtd3lsZHIxM213eWxkcjM=,base64:type253:MTNtd3lsZHIxM213eWxkcjM=,base64:type253:MTNtd3lsZHIxM213eWxkcjM=
base64:type253:MTRtd3lsZHIxNG13eWxkcjM=,base64:type253:MTRtd3lsZHIxNG13eWxkcjM=,base64:type253:MTRtd3lsZHIxNG13eWxkcjM=
base64:type253:MTVtd3lsZHIxNW13eWxkcjQ=,base64:type253:MTVtd3lsZHIxNW13eWxkcjQ=,base64:type253:MTVtd3lsZHIxNW13eWxkcjQ=

