id,lessonid,nextpageid,prevpageid,qtype,title,layout,display,qoption,contents,timecreated,timemodified,contentsformat
<blank>,<blank>,<blank>,A,<blank>,\x02,<blank>,<blank>,<blank>,<blank>,<blank>,<blank>,<blank>
<blank>,<blank>,<blank>,<blank>,<blank>,<blank>,<blank>,<blank>,<blank>,<blank>,\x02,<blank>,<blank>
<blank>,<blank>,<blank>,<blank>,<blank>,<blank>,<blank>,<blank>,\x02,<blank>,<blank>,<blank>,<blank>
<blank>,<blank>,!,<blank>,<blank>,<blank>,<blank>,<blank>,<blank>,<blank>,<blank>,<blank>,<blank>

