id,roleid,contextid,modifierid,capability,permission,timemodified
1,1,1,0,moodle/site:configview,1,1589217123
2,2,1,0,moodle/site:configview,1,1589217123
3,1,1,0,moodle/site:readallmessages,1,1589217123
4,3,1,0,moodle/site:readallmessages,1,1589217123
5,1,1,0,moodle/site:manageallmessaging,1,1589217123
6,1,1,0,moodle/site:deleteanymessage,1,1589217123
7,1,1,0,moodle/site:sendmessage,1,1589217123
8,7,1,0,moodle/site:sendmessage,1,1589217123
9,7,1,0,moodle/site:deleteownmessage,1,1589217123
10,1,1,0,moodle/site:approvecourse,1,1589217123
11,3,1,0,moodle/backup:backupcourse,1,1589217123
12,1,1,0,moodle/backup:backupcourse,1,1589217123
13,3,1,0,moodle/backup:backupsection,1,1589217123
14,1,1,0,moodle/backup:backupsection,1,1589217123
15,3,1,0,moodle/backup:backupactivity,1,1589217123
16,1,1,0,moodle/backup:backupactivity,1,1589217123
17,3,1,0,moodle/backup:backuptargetimport,1,1589217123
18,1,1,0,moodle/backup:backuptargetimport,1,1589217123
19,3,1,0,moodle/backup:downloadfile,1,1589217123
20,1,1,0,moodle/backup:downloadfile,1,1589217123
21,3,1,0,moodle/backup:configure,1,1589217123
22,1,1,0,moodle/backup:configure,1,1589217123
23,1,1,0,moodle/backup:userinfo,1,1589217123
24,1,1,0,moodle/backup:anonymise,1,1589217123
25,3,1,0,moodle/restore:restorecourse,1,1589217123
26,1,1,0,moodle/restore:restorecourse,1,1589217123
27,3,1,0,moodle/restore:restoresection,1,1589217123
28,1,1,0,moodle/restore:restoresection,1,1589217123
29,3,1,0,moodle/restore:restoreactivity,1,1589217123
30,1,1,0,moodle/restore:restoreactivity,1,1589217123
31,3,1,0,moodle/restore:viewautomatedfilearea,1,1589217123
32,1,1,0,moodle/restore:viewautomatedfilearea,1,1589217123
33,3,1,0,moodle/restore:restoretargetimport,1,1589217123
34,1,1,0,moodle/restore:restoretargetimport,1,1589217123
35,3,1,0,moodle/restore:uploadfile,1,1589217123
36,1,1,0,moodle/restore:uploadfile,1,1589217123
37,3,1,0,moodle/restore:configure,1,1589217123
38,1,1,0,moodle/restore:configure,1,1589217123
39,2,1,0,moodle/restore:rolldates,1,1589217123
40,1,1,0,moodle/restore:rolldates,1,1589217123
41,1,1,0,moodle/restore:userinfo,1,1589217123
42,1,1,0,moodle/restore:createuser,1,1589217123
43,3,1,0,moodle/site:manageblocks,1,1589217123
44,1,1,0,moodle/site:manageblocks,1,1589217123
45,3,1,0,moodle/site:accessallgroups,1,1589217123
46,1,1,0,moodle/site:accessallgroups,1,1589217123
47,1,1,0,moodle/site:viewanonymousevents,1,1589217123
48,4,1,0,moodle/site:viewfullnames,1,1589217123
49,3,1,0,moodle/site:viewfullnames,1,1589217123
50,1,1,0,moodle/site:viewfullnames,1,1589217123
51,4,1,0,moodle/site:viewuseridentity,1,1589217123
52,3,1,0,moodle/site:viewuseridentity,1,1589217123
53,1,1,0,moodle/site:viewuseridentity,1,1589217123
54,4,1,0,moodle/site:viewreports,1,1589217123
55,3,1,0,moodle/site:viewreports,1,1589217123
56,1,1,0,moodle/site:viewreports,1,1589217123
57,3,1,0,moodle/site:trustcontent,1,1589217123
58,1,1,0,moodle/site:trustcontent,1,1589217123
59,1,1,0,moodle/site:uploadusers,1,1589217123
60,3,1,0,moodle/filter:manage,1,1589217123
61,1,1,0,moodle/filter:manage,1,1589217123
62,1,1,0,moodle/user:create,1,1589217123
63,1,1,0,moodle/user:delete,1,1589217123
64,1,1,0,moodle/user:update,1,1589217123
65,6,1,0,moodle/user:viewdetails,1,1589217123
66,5,1,0,moodle/user:viewdetails,1,1589217123
67,4,1,0,moodle/user:viewdetails,1,1589217123
68,3,1,0,moodle/user:viewdetails,1,1589217123
69,1,1,0,moodle/user:viewdetails,1,1589217123
70,1,1,0,moodle/user:viewalldetails,1,1589217123
71,1,1,0,moodle/user:viewlastip,1,1589217123
72,4,1,0,moodle/user:viewhiddendetails,1,1589217123
73,3,1,0,moodle/user:viewhiddendetails,1,1589217123
74,1,1,0,moodle/user:viewhiddendetails,1,1589217123
75,1,1,0,moodle/user:loginas,1,1589217123
76,1,1,0,moodle/user:managesyspages,1,1589217123
77,7,1,0,moodle/user:manageownblocks,1,1589217123
78,7,1,0,moodle/user:manageownfiles,1,1589217123
79,1,1,0,moodle/my:configsyspages,1,1589217123
80,3,1,0,moodle/role:assign,1,1589217123
81,1,1,0,moodle/role:assign,1,1589217123
82,4,1,0,moodle/role:review,1,1589217123
83,3,1,0,moodle/role:review,1,1589217123
84,1,1,0,moodle/role:review,1,1589217123
85,1,1,0,moodle/role:override,1,1589217123
86,3,1,0,moodle/role:safeoverride,1,1589217123
87,1,1,0,moodle/role:manage,1,1589217123
88,3,1,0,moodle/role:switchroles,1,1589217123
89,1,1,0,moodle/role:switchroles,1,1589217123
90,1,1,0,moodle/category:manage,1,1589217123
91,6,1,0,moodle/category:viewcourselist,1,1589217123
92,7,1,0,moodle/category:viewcourselist,1,1589217123
93,2,1,0,moodle/category:viewhiddencategories,1,1589217123
94,1,1,0,moodle/category:viewhiddencategories,1,1589217123
95,1,1,0,moodle/cohort:manage,1,1589217123
96,1,1,0,moodle/cohort:assign,1,1589217123
97,3,1,0,moodle/cohort:view,1,1589217123
98,1,1,0,moodle/cohort:view,1,1589217123
99,2,1,0,moodle/course:create,1,1589217123
100,1,1,0,moodle/course:create,1,1589217123
101,3,1,0,moodle/course:creategroupconversations,1,1589217123
102,1,1,0,moodle/course:creategroupconversations,1,1589217123
103,1,1,0,moodle/course:delete,1,1589217123
104,3,1,0,moodle/course:update,1,1589217123
105,1,1,0,moodle/course:update,1,1589217123
106,1,1,0,moodle/course:view,1,1589217123
107,3,1,0,moodle/course:enrolreview,1,1589217123
108,1,1,0,moodle/course:enrolreview,1,1589217124
109,3,1,0,moodle/course:enrolconfig,1,1589217124
110,1,1,0,moodle/course:enrolconfig,1,1589217124
111,3,1,0,moodle/course:reviewotherusers,1,1589217124
112,1,1,0,moodle/course:reviewotherusers,1,1589217124
113,4,1,0,moodle/course:bulkmessaging,1,1589217124
114,3,1,0,moodle/course:bulkmessaging,1,1589217124
115,1,1,0,moodle/course:bulkmessaging,1,1589217124
116,4,1,0,moodle/course:viewhiddenuserfields,1,1589217124
117,3,1,0,moodle/course:viewhiddenuserfields,1,1589217124
118,1,1,0,moodle/course:viewhiddenuserfields,1,1589217124
119,2,1,0,moodle/course:viewhiddencourses,1,1589217124
120,4,1,0,moodle/course:viewhiddencourses,1,1589217124
121,3,1,0,moodle/course:viewhiddencourses,1,1589217124
122,1,1,0,moodle/course:viewhiddencourses,1,1589217124
123,3,1,0,moodle/course:visibility,1,1589217124
124,1,1,0,moodle/course:visibility,1,1589217124
125,3,1,0,moodle/course:managefiles,1,1589217124
126,1,1,0,moodle/course:managefiles,1,1589217124
127,1,1,0,moodle/course:ignoreavailabilityrestrictions,1,1589217124
128,2,1,0,moodle/course:ignoreavailabilityrestrictions,1,1589217124
129,3,1,0,moodle/course:ignoreavailabilityrestrictions,1,1589217124
130,4,1,0,moodle/course:ignoreavailabilityrestrictions,1,1589217124
131,3,1,0,moodle/course:manageactivities,1,1589217124
132,1,1,0,moodle/course:manageactivities,1,1589217124
133,3,1,0,moodle/course:activityvisibility,1,1589217124
134,1,1,0,moodle/course:activityvisibility,1,1589217124
135,4,1,0,moodle/course:viewhiddenactivities,1,1589217124
136,3,1,0,moodle/course:viewhiddenactivities,1,1589217124
137,1,1,0,moodle/course:viewhiddenactivities,1,1589217124
138,5,1,0,moodle/course:viewparticipants,1,1589217124
139,4,1,0,moodle/course:viewparticipants,1,1589217124
140,3,1,0,moodle/course:viewparticipants,1,1589217124
141,1,1,0,moodle/course:viewparticipants,1,1589217124
142,3,1,0,moodle/course:changefullname,1,1589217124
143,1,1,0,moodle/course:changefullname,1,1589217124
144,3,1,0,moodle/course:changeshortname,1,1589217124
145,1,1,0,moodle/course:changeshortname,1,1589217124
146,1,1,0,moodle/course:changelockedcustomfields,1,1589217124
147,3,1,0,moodle/course:renameroles,1,1589217124
148,1,1,0,moodle/course:renameroles,1,1589217124
149,3,1,0,moodle/course:changeidnumber,1,1589217124
150,1,1,0,moodle/course:changeidnumber,1,1589217124
151,3,1,0,moodle/course:changecategory,1,1589217124
152,1,1,0,moodle/course:changecategory,1,1589217124
153,3,1,0,moodle/course:changesummary,1,1589217124
154,1,1,0,moodle/course:changesummary,1,1589217124
155,3,1,0,moodle/course:setforcedlanguage,1,1589217124
156,1,1,0,moodle/course:setforcedlanguage,1,1589217124
157,1,1,0,moodle/site:viewparticipants,1,1589217124
158,5,1,0,moodle/course:isincompletionreports,1,1589217124
159,5,1,0,moodle/course:viewscales,1,1589217124
160,4,1,0,moodle/course:viewscales,1,1589217124
161,3,1,0,moodle/course:viewscales,1,1589217124
162,1,1,0,moodle/course:viewscales,1,1589217124
163,3,1,0,moodle/course:managescales,1,1589217124
164,1,1,0,moodle/course:managescales,1,1589217124
165,3,1,0,moodle/course:managegroups,1,1589217124
166,1,1,0,moodle/course:managegroups,1,1589217124
167,3,1,0,moodle/course:reset,1,1589217124
168,1,1,0,moodle/course:reset,1,1589217124
169,3,1,0,moodle/course:viewsuspendedusers,1,1589217124
170,1,1,0,moodle/course:viewsuspendedusers,1,1589217124
171,1,1,0,moodle/course:tag,1,1589217124
172,3,1,0,moodle/course:tag,1,1589217124
173,6,1,0,moodle/blog:view,1,1589217124
174,7,1,0,moodle/blog:view,1,1589217124
175,5,1,0,moodle/blog:view,1,1589217124
176,4,1,0,moodle/blog:view,1,1589217124
177,3,1,0,moodle/blog:view,1,1589217124
178,1,1,0,moodle/blog:view,1,1589217124
179,6,1,0,moodle/blog:search,1,1589217124
180,7,1,0,moodle/blog:search,1,1589217124
181,5,1,0,moodle/blog:search,1,1589217124
182,4,1,0,moodle/blog:search,1,1589217124
183,3,1,0,moodle/blog:search,1,1589217124
184,1,1,0,moodle/blog:search,1,1589217124
185,1,1,0,moodle/blog:viewdrafts,1,1589217124
186,7,1,0,moodle/blog:create,1,1589217124
187,1,1,0,moodle/blog:create,1,1589217124
188,4,1,0,moodle/blog:manageentries,1,1589217124
189,3,1,0,moodle/blog:manageentries,1,1589217124
190,1,1,0,moodle/blog:manageentries,1,1589217124
191,5,1,0,moodle/blog:manageexternal,1,1589217124
192,7,1,0,moodle/blog:manageexternal,1,1589217124
193,4,1,0,moodle/blog:manageexternal,1,1589217124
194,3,1,0,moodle/blog:manageexternal,1,1589217124
195,1,1,0,moodle/blog:manageexternal,1,1589217124
196,7,1,0,moodle/calendar:manageownentries,1,1589217124
197,1,1,0,moodle/calendar:manageownentries,1,1589217124
198,4,1,0,moodle/calendar:managegroupentries,1,1589217124
199,3,1,0,moodle/calendar:managegroupentries,1,1589217124
200,1,1,0,moodle/calendar:managegroupentries,1,1589217124
201,4,1,0,moodle/calendar:manageentries,1,1589217124
202,3,1,0,moodle/calendar:manageentries,1,1589217124
203,1,1,0,moodle/calendar:manageentries,1,1589217124
204,1,1,0,moodle/user:editprofile,1,1589217124
205,6,1,0,moodle/user:editownprofile,-1000,1589217124
206,7,1,0,moodle/user:editownprofile,1,1589217124
207,1,1,0,moodle/user:editownprofile,1,1589217124
208,6,1,0,moodle/user:changeownpassword,-1000,1589217124
209,7,1,0,moodle/user:changeownpassword,1,1589217124
210,1,1,0,moodle/user:changeownpassword,1,1589217124
211,5,1,0,moodle/user:readuserposts,1,1589217124
212,4,1,0,moodle/user:readuserposts,1,1589217124
213,3,1,0,moodle/user:readuserposts,1,1589217124
214,1,1,0,moodle/user:readuserposts,1,1589217124
215,5,1,0,moodle/user:readuserblogs,1,1589217124
216,4,1,0,moodle/user:readuserblogs,1,1589217124
217,3,1,0,moodle/user:readuserblogs,1,1589217124
218,1,1,0,moodle/user:readuserblogs,1,1589217124
219,1,1,0,moodle/user:editmessageprofile,1,1589217124
220,6,1,0,moodle/user:editownmessageprofile,-1000,1589217124
221,7,1,0,moodle/user:editownmessageprofile,1,1589217124
222,1,1,0,moodle/user:editownmessageprofile,1,1589217124
223,3,1,0,moodle/question:managecategory,1,1589217124
224,1,1,0,moodle/question:managecategory,1,1589217124
225,3,1,0,moodle/question:add,1,1589217124
226,1,1,0,moodle/question:add,1,1589217124
227,3,1,0,moodle/question:editmine,1,1589217124
228,1,1,0,moodle/question:editmine,1,1589217124
229,3,1,0,moodle/question:editall,1,1589217124
230,1,1,0,moodle/question:editall,1,1589217124
231,3,1,0,moodle/question:viewmine,1,1589217124
232,1,1,0,moodle/question:viewmine,1,1589217124
233,3,1,0,moodle/question:viewall,1,1589217124
234,1,1,0,moodle/question:viewall,1,1589217124
235,3,1,0,moodle/question:usemine,1,1589217124
236,1,1,0,moodle/question:usemine,1,1589217124
237,3,1,0,moodle/question:useall,1,1589217124
238,1,1,0,moodle/question:useall,1,1589217124
239,3,1,0,moodle/question:movemine,1,1589217124
240,1,1,0,moodle/question:movemine,1,1589217124
241,3,1,0,moodle/question:moveall,1,1589217124
242,1,1,0,moodle/question:moveall,1,1589217124
243,1,1,0,moodle/question:config,1,1589217124
244,5,1,0,moodle/question:flag,1,1589217124
245,4,1,0,moodle/question:flag,1,1589217124
246,3,1,0,moodle/question:flag,1,1589217124
247,1,1,0,moodle/question:flag,1,1589217124
248,3,1,0,moodle/question:tagmine,1,1589217124
249,1,1,0,moodle/question:tagmine,1,1589217124
250,3,1,0,moodle/question:tagall,1,1589217124
251,1,1,0,moodle/question:tagall,1,1589217124
252,4,1,0,moodle/site:doclinks,1,1589217124
253,3,1,0,moodle/site:doclinks,1,1589217124
254,1,1,0,moodle/site:doclinks,1,1589217124
255,3,1,0,moodle/course:sectionvisibility,1,1589217124
256,1,1,0,moodle/course:sectionvisibility,1,1589217124
257,3,1,0,moodle/course:useremail,1,1589217124
258,1,1,0,moodle/course:useremail,1,1589217124
259,3,1,0,moodle/course:viewhiddensections,1,1589217124
260,1,1,0,moodle/course:viewhiddensections,1,1589217124
261,3,1,0,moodle/course:setcurrentsection,1,1589217124
262,1,1,0,moodle/course:setcurrentsection,1,1589217124
263,3,1,0,moodle/course:movesections,1,1589217124
264,1,1,0,moodle/course:movesections,1,1589217124
265,4,1,0,moodle/grade:viewall,1,1589217124
266,3,1,0,moodle/grade:viewall,1,1589217124
267,1,1,0,moodle/grade:viewall,1,1589217124
268,5,1,0,moodle/grade:view,1,1589217124
269,4,1,0,moodle/grade:viewhidden,1,1589217124
270,3,1,0,moodle/grade:viewhidden,1,1589217124
271,1,1,0,moodle/grade:viewhidden,1,1589217124
272,3,1,0,moodle/grade:import,1,1589217124
273,1,1,0,moodle/grade:import,1,1589217124
274,4,1,0,moodle/grade:export,1,1589217124
275,3,1,0,moodle/grade:export,1,1589217124
276,1,1,0,moodle/grade:export,1,1589217124
277,3,1,0,moodle/grade:manage,1,1589217124
278,1,1,0,moodle/grade:manage,1,1589217124
279,3,1,0,moodle/grade:edit,1,1589217124
280,1,1,0,moodle/grade:edit,1,1589217124
281,3,1,0,moodle/grade:managegradingforms,1,1589217124
282,1,1,0,moodle/grade:managegradingforms,1,1589217124
283,1,1,0,moodle/grade:sharegradingforms,1,1589217124
284,1,1,0,moodle/grade:managesharedforms,1,1589217124
285,3,1,0,moodle/grade:manageoutcomes,1,1589217124
286,1,1,0,moodle/grade:manageoutcomes,1,1589217124
287,3,1,0,moodle/grade:manageletters,1,1589217124
288,1,1,0,moodle/grade:manageletters,1,1589217124
289,3,1,0,moodle/grade:hide,1,1589217124
290,1,1,0,moodle/grade:hide,1,1589217124
291,3,1,0,moodle/grade:lock,1,1589217124
292,1,1,0,moodle/grade:lock,1,1589217124
293,3,1,0,moodle/grade:unlock,1,1589217124
294,1,1,0,moodle/grade:unlock,1,1589217124
295,7,1,0,moodle/my:manageblocks,1,1589217124
296,4,1,0,moodle/notes:view,1,1589217124
297,3,1,0,moodle/notes:view,1,1589217124
298,1,1,0,moodle/notes:view,1,1589217124
299,4,1,0,moodle/notes:manage,1,1589217124
300,3,1,0,moodle/notes:manage,1,1589217124
301,1,1,0,moodle/notes:manage,1,1589217124
302,1,1,0,moodle/tag:manage,1,1589217124
303,1,1,0,moodle/tag:edit,1,1589217124
304,7,1,0,moodle/tag:flag,1,1589217124
305,4,1,0,moodle/tag:editblocks,1,1589217124
306,3,1,0,moodle/tag:editblocks,1,1589217124
307,1,1,0,moodle/tag:editblocks,1,1589217125
308,6,1,0,moodle/block:view,1,1589217125
309,7,1,0,moodle/block:view,1,1589217125
310,5,1,0,moodle/block:view,1,1589217125
311,4,1,0,moodle/block:view,1,1589217125
312,3,1,0,moodle/block:view,1,1589217125
313,3,1,0,moodle/block:edit,1,1589217125
314,1,1,0,moodle/block:edit,1,1589217125
315,7,1,0,moodle/portfolio:export,1,1589217125
316,5,1,0,moodle/portfolio:export,1,1589217125
317,4,1,0,moodle/portfolio:export,1,1589217125
318,3,1,0,moodle/portfolio:export,1,1589217125
319,8,1,0,moodle/comment:view,1,1589217125
320,6,1,0,moodle/comment:view,1,1589217125
321,7,1,0,moodle/comment:view,1,1589217125
322,5,1,0,moodle/comment:view,1,1589217125
323,4,1,0,moodle/comment:view,1,1589217125
324,3,1,0,moodle/comment:view,1,1589217125
325,1,1,0,moodle/comment:view,1,1589217125
326,7,1,0,moodle/comment:post,1,1589217125
327,5,1,0,moodle/comment:post,1,1589217125
328,4,1,0,moodle/comment:post,1,1589217125
329,3,1,0,moodle/comment:post,1,1589217125
330,1,1,0,moodle/comment:post,1,1589217125
331,3,1,0,moodle/comment:delete,1,1589217125
332,1,1,0,moodle/comment:delete,1,1589217125
333,1,1,0,moodle/webservice:createtoken,1,1589217125
334,7,1,0,moodle/webservice:createmobiletoken,1,1589217125
335,7,1,0,moodle/rating:view,1,1589217125
336,5,1,0,moodle/rating:view,1,1589217125
337,4,1,0,moodle/rating:view,1,1589217125
338,3,1,0,moodle/rating:view,1,1589217125
339,1,1,0,moodle/rating:view,1,1589217125
340,7,1,0,moodle/rating:viewany,1,1589217125
341,5,1,0,moodle/rating:viewany,1,1589217125
342,4,1,0,moodle/rating:viewany,1,1589217125
343,3,1,0,moodle/rating:viewany,1,1589217125
344,1,1,0,moodle/rating:viewany,1,1589217125
345,7,1,0,moodle/rating:viewall,1,1589217125
346,5,1,0,moodle/rating:viewall,1,1589217125
347,4,1,0,moodle/rating:viewall,1,1589217125
348,3,1,0,moodle/rating:viewall,1,1589217125
349,1,1,0,moodle/rating:viewall,1,1589217125
350,7,1,0,moodle/rating:rate,1,1589217125
351,5,1,0,moodle/rating:rate,1,1589217125
352,4,1,0,moodle/rating:rate,1,1589217125
353,3,1,0,moodle/rating:rate,1,1589217125
354,1,1,0,moodle/rating:rate,1,1589217125
355,4,1,0,moodle/course:markcomplete,1,1589217125
356,3,1,0,moodle/course:markcomplete,1,1589217125
357,1,1,0,moodle/course:markcomplete,1,1589217125
358,4,1,0,moodle/course:overridecompletion,1,1589217125
359,3,1,0,moodle/course:overridecompletion,1,1589217125
360,1,1,0,moodle/course:overridecompletion,1,1589217125
361,1,1,0,moodle/badges:manageglobalsettings,1,1589217125
362,7,1,0,moodle/badges:viewbadges,1,1589217125
363,7,1,0,moodle/badges:manageownbadges,1,1589217125
364,7,1,0,moodle/badges:viewotherbadges,1,1589217125
365,7,1,0,moodle/badges:earnbadge,1,1589217125
366,1,1,0,moodle/badges:createbadge,1,1589217125
367,3,1,0,moodle/badges:createbadge,1,1589217125
368,1,1,0,moodle/badges:deletebadge,1,1589217125
369,3,1,0,moodle/badges:deletebadge,1,1589217125
370,1,1,0,moodle/badges:configuredetails,1,1589217125
371,3,1,0,moodle/badges:configuredetails,1,1589217125
372,1,1,0,moodle/badges:configurecriteria,1,1589217125
373,3,1,0,moodle/badges:configurecriteria,1,1589217125
374,1,1,0,moodle/badges:configuremessages,1,1589217125
375,3,1,0,moodle/badges:configuremessages,1,1589217125
376,1,1,0,moodle/badges:awardbadge,1,1589217125
377,4,1,0,moodle/badges:awardbadge,1,1589217125
378,3,1,0,moodle/badges:awardbadge,1,1589217125
379,1,1,0,moodle/badges:revokebadge,1,1589217125
380,4,1,0,moodle/badges:revokebadge,1,1589217125
381,3,1,0,moodle/badges:revokebadge,1,1589217125
382,1,1,0,moodle/badges:viewawarded,1,1589217125
383,4,1,0,moodle/badges:viewawarded,1,1589217125
384,3,1,0,moodle/badges:viewawarded,1,1589217125
385,6,1,0,moodle/search:query,1,1589217125
386,7,1,0,moodle/search:query,1,1589217125
387,5,1,0,moodle/search:query,1,1589217125
388,4,1,0,moodle/search:query,1,1589217125
389,3,1,0,moodle/search:query,1,1589217125
390,1,1,0,moodle/search:query,1,1589217125
391,1,1,0,moodle/competency:competencymanage,1,1589217125
392,7,1,0,moodle/competency:competencyview,1,1589217125
393,3,1,0,moodle/competency:competencygrade,1,1589217125
394,4,1,0,moodle/competency:competencygrade,1,1589217125
395,1,1,0,moodle/competency:competencygrade,1,1589217125
396,3,1,0,moodle/competency:coursecompetencymanage,1,1589217125
397,1,1,0,moodle/competency:coursecompetencymanage,1,1589217125
398,1,1,0,moodle/competency:coursecompetencyconfigure,1,1589217125
399,5,1,0,moodle/competency:coursecompetencygradable,1,1589217125
400,7,1,0,moodle/competency:coursecompetencyview,1,1589217125
401,1,1,0,moodle/competency:planmanage,1,1589217125
402,1,1,0,moodle/competency:planmanagedraft,1,1589217125
403,1,1,0,moodle/competency:planview,1,1589217125
404,1,1,0,moodle/competency:planviewdraft,1,1589217125
405,7,1,0,moodle/competency:planviewown,1,1589217125
406,1,1,0,moodle/competency:planrequestreview,1,1589217125
407,7,1,0,moodle/competency:planrequestreviewown,1,1589217125
408,1,1,0,moodle/competency:planreview,1,1589217125
409,1,1,0,moodle/competency:plancomment,1,1589217125
410,7,1,0,moodle/competency:plancommentown,1,1589217125
411,1,1,0,moodle/competency:usercompetencyview,1,1589217125
412,3,1,0,moodle/competency:usercompetencyview,1,1589217125
413,4,1,0,moodle/competency:usercompetencyview,1,1589217125
414,1,1,0,moodle/competency:usercompetencyrequestreview,1,1589217125
415,7,1,0,moodle/competency:usercompetencyrequestreviewown,1,1589217125
416,1,1,0,moodle/competency:usercompetencyreview,1,1589217125
417,1,1,0,moodle/competency:usercompetencycomment,1,1589217125
418,7,1,0,moodle/competency:usercompetencycommentown,1,1589217125
419,1,1,0,moodle/competency:templatemanage,1,1589217125
420,4,1,0,moodle/analytics:listinsights,1,1589217125
421,3,1,0,moodle/analytics:listinsights,1,1589217125
422,1,1,0,moodle/analytics:listinsights,1,1589217125
423,1,1,0,moodle/analytics:managemodels,1,1589217125
424,1,1,0,moodle/competency:templateview,1,1589217125
425,1,1,0,moodle/competency:userevidencemanage,1,1589217125
426,7,1,0,moodle/competency:userevidencemanageown,1,1589217125
427,1,1,0,moodle/competency:userevidenceview,1,1589217125
428,4,1,0,moodle/site:messageanyuser,1,1589217125
429,3,1,0,moodle/site:messageanyuser,1,1589217125
430,1,1,0,moodle/site:messageanyuser,1,1589217125
431,7,1,0,moodle/course:togglecompletion,1,1589217125
432,7,1,0,moodle/analytics:listowninsights,1,1589217125
433,3,1,0,moodle/h5p:setdisplayoptions,1,1589217125
434,1,1,0,moodle/h5p:deploy,1,1589217125
435,3,1,0,moodle/h5p:deploy,1,1589217125
436,1,1,0,moodle/h5p:updatelibraries,1,1589217125
437,1,1,0,moodle/course:recommendactivity,1,1589217125
438,1,1,0,moodle/contentbank:access,1,1589217125
439,2,1,0,moodle/contentbank:access,1,1589217125
440,3,1,0,moodle/contentbank:access,1,1589217125
441,1,1,0,moodle/contentbank:upload,1,1589217125
442,2,1,0,moodle/contentbank:upload,1,1589217125
443,3,1,0,moodle/contentbank:upload,1,1589217125
444,1,1,0,moodle/contentbank:deleteanycontent,1,1589217125
445,2,1,0,moodle/contentbank:deleteanycontent,1,1589217125
446,7,1,0,moodle/contentbank:deleteowncontent,1,1589217125
447,1,1,0,moodle/contentbank:manageanycontent,1,1589217125
448,2,1,0,moodle/contentbank:manageanycontent,1,1589217125
449,1,1,0,moodle/contentbank:manageowncontent,1,1589217125
450,2,1,0,moodle/contentbank:manageowncontent,1,1589217125
451,3,1,0,moodle/contentbank:manageowncontent,1,1589217125
452,6,1,0,mod/assign:view,1,1589217158
453,5,1,0,mod/assign:view,1,1589217158
454,4,1,0,mod/assign:view,1,1589217158
455,3,1,0,mod/assign:view,1,1589217158
456,1,1,0,mod/assign:view,1,1589217158
457,5,1,0,mod/assign:submit,1,1589217158
458,4,1,0,mod/assign:grade,1,1589217158
459,3,1,0,mod/assign:grade,1,1589217158
460,1,1,0,mod/assign:grade,1,1589217158
461,4,1,0,mod/assign:exportownsubmission,1,1589217158
462,3,1,0,mod/assign:exportownsubmission,1,1589217158
463,1,1,0,mod/assign:exportownsubmission,1,1589217158
464,5,1,0,mod/assign:exportownsubmission,1,1589217158
465,3,1,0,mod/assign:addinstance,1,1589217158
466,1,1,0,mod/assign:addinstance,1,1589217158
467,4,1,0,mod/assign:grantextension,1,1589217158
468,3,1,0,mod/assign:grantextension,1,1589217158
469,1,1,0,mod/assign:grantextension,1,1589217158
470,3,1,0,mod/assign:revealidentities,1,1589217158
471,1,1,0,mod/assign:revealidentities,1,1589217158
472,3,1,0,mod/assign:reviewgrades,1,1589217158
473,1,1,0,mod/assign:reviewgrades,1,1589217158
474,3,1,0,mod/assign:releasegrades,1,1589217158
475,1,1,0,mod/assign:releasegrades,1,1589217158
476,3,1,0,mod/assign:managegrades,1,1589217158
477,1,1,0,mod/assign:managegrades,1,1589217158
478,3,1,0,mod/assign:manageallocations,1,1589217158
479,1,1,0,mod/assign:manageallocations,1,1589217158
480,3,1,0,mod/assign:viewgrades,1,1589217158
481,1,1,0,mod/assign:viewgrades,1,1589217158
482,4,1,0,mod/assign:viewgrades,1,1589217158
483,1,1,0,mod/assign:viewblinddetails,1,1589217158
484,4,1,0,mod/assign:receivegradernotifications,1,1589217158
485,3,1,0,mod/assign:receivegradernotifications,1,1589217158
486,1,1,0,mod/assign:receivegradernotifications,1,1589217158
487,3,1,0,mod/assign:manageoverrides,1,1589217158
488,1,1,0,mod/assign:manageoverrides,1,1589217158
489,4,1,0,mod/assign:showhiddengrader,1,1589217158
490,3,1,0,mod/assign:showhiddengrader,1,1589217158
491,1,1,0,mod/assign:showhiddengrader,1,1589217158
492,6,1,0,mod/assignment:view,1,1589217158
493,5,1,0,mod/assignment:view,1,1589217158
494,4,1,0,mod/assignment:view,1,1589217158
495,3,1,0,mod/assignment:view,1,1589217158
496,1,1,0,mod/assignment:view,1,1589217158
497,3,1,0,mod/assignment:addinstance,1,1589217158
498,1,1,0,mod/assignment:addinstance,1,1589217158
499,5,1,0,mod/assignment:submit,1,1589217158
500,4,1,0,mod/assignment:grade,1,1589217158
501,3,1,0,mod/assignment:grade,1,1589217158
502,1,1,0,mod/assignment:grade,1,1589217158
503,4,1,0,mod/assignment:exportownsubmission,1,1589217158
504,3,1,0,mod/assignment:exportownsubmission,1,1589217158
505,1,1,0,mod/assignment:exportownsubmission,1,1589217158
506,5,1,0,mod/assignment:exportownsubmission,1,1589217158
507,3,1,0,mod/book:addinstance,1,1589217158
508,1,1,0,mod/book:addinstance,1,1589217158
509,6,1,0,mod/book:read,1,1589217158
510,8,1,0,mod/book:read,1,1589217158
511,5,1,0,mod/book:read,1,1589217158
512,4,1,0,mod/book:read,1,1589217158
513,3,1,0,mod/book:read,1,1589217158
514,1,1,0,mod/book:read,1,1589217158
515,4,1,0,mod/book:viewhiddenchapters,1,1589217158
516,3,1,0,mod/book:viewhiddenchapters,1,1589217158
517,1,1,0,mod/book:viewhiddenchapters,1,1589217158
518,3,1,0,mod/book:edit,1,1589217158
519,1,1,0,mod/book:edit,1,1589217158
520,3,1,0,mod/chat:addinstance,1,1589217158
521,1,1,0,mod/chat:addinstance,1,1589217158
522,5,1,0,mod/chat:chat,1,1589217158
523,4,1,0,mod/chat:chat,1,1589217158
524,3,1,0,mod/chat:chat,1,1589217158
525,1,1,0,mod/chat:chat,1,1589217158
526,5,1,0,mod/chat:readlog,1,1589217158
527,4,1,0,mod/chat:readlog,1,1589217158
528,3,1,0,mod/chat:readlog,1,1589217158
529,1,1,0,mod/chat:readlog,1,1589217158
530,4,1,0,mod/chat:deletelog,1,1589217158
531,3,1,0,mod/chat:deletelog,1,1589217158
532,1,1,0,mod/chat:deletelog,1,1589217158
533,4,1,0,mod/chat:exportparticipatedsession,1,1589217158
534,3,1,0,mod/chat:exportparticipatedsession,1,1589217158
535,1,1,0,mod/chat:exportparticipatedsession,1,1589217158
536,4,1,0,mod/chat:exportsession,1,1589217158
537,3,1,0,mod/chat:exportsession,1,1589217158
538,1,1,0,mod/chat:exportsession,1,1589217158
539,7,1,0,mod/chat:view,1,1589217158
540,6,1,0,mod/chat:view,1,1589217158
541,3,1,0,mod/choice:addinstance,1,1589217159
542,1,1,0,mod/choice:addinstance,1,1589217159
543,5,1,0,mod/choice:choose,1,1589217159
544,4,1,0,mod/choice:choose,1,1589217159
545,3,1,0,mod/choice:choose,1,1589217159
546,4,1,0,mod/choice:readresponses,1,1589217159
547,3,1,0,mod/choice:readresponses,1,1589217159
548,1,1,0,mod/choice:readresponses,1,1589217159
549,4,1,0,mod/choice:deleteresponses,1,1589217159
550,3,1,0,mod/choice:deleteresponses,1,1589217159
551,1,1,0,mod/choice:deleteresponses,1,1589217159
552,4,1,0,mod/choice:downloadresponses,1,1589217159
553,3,1,0,mod/choice:downloadresponses,1,1589217159
554,1,1,0,mod/choice:downloadresponses,1,1589217159
555,7,1,0,mod/choice:view,1,1589217159
556,6,1,0,mod/choice:view,1,1589217159
557,3,1,0,mod/data:addinstance,1,1589217159
558,1,1,0,mod/data:addinstance,1,1589217159
559,8,1,0,mod/data:viewentry,1,1589217159
560,6,1,0,mod/data:viewentry,1,1589217159
561,5,1,0,mod/data:viewentry,1,1589217159
562,4,1,0,mod/data:viewentry,1,1589217159
563,3,1,0,mod/data:viewentry,1,1589217159
564,1,1,0,mod/data:viewentry,1,1589217159
565,5,1,0,mod/data:writeentry,1,1589217159
566,4,1,0,mod/data:writeentry,1,1589217159
567,3,1,0,mod/data:writeentry,1,1589217159
568,1,1,0,mod/data:writeentry,1,1589217159
569,5,1,0,mod/data:comment,1,1589217159
570,4,1,0,mod/data:comment,1,1589217159
571,3,1,0,mod/data:comment,1,1589217159
572,1,1,0,mod/data:comment,1,1589217159
573,4,1,0,mod/data:rate,1,1589217159
574,3,1,0,mod/data:rate,1,1589217159
575,1,1,0,mod/data:rate,1,1589217159
576,4,1,0,mod/data:viewrating,1,1589217159
577,3,1,0,mod/data:viewrating,1,1589217159
578,1,1,0,mod/data:viewrating,1,1589217159
579,4,1,0,mod/data:viewanyrating,1,1589217159
580,3,1,0,mod/data:viewanyrating,1,1589217159
581,1,1,0,mod/data:viewanyrating,1,1589217159
582,4,1,0,mod/data:viewallratings,1,1589217159
583,3,1,0,mod/data:viewallratings,1,1589217159
584,1,1,0,mod/data:viewallratings,1,1589217159
585,4,1,0,mod/data:approve,1,1589217159
586,3,1,0,mod/data:approve,1,1589217159
587,1,1,0,mod/data:approve,1,1589217159
588,4,1,0,mod/data:manageentries,1,1589217159
589,3,1,0,mod/data:manageentries,1,1589217159
590,1,1,0,mod/data:manageentries,1,1589217159
591,4,1,0,mod/data:managecomments,1,1589217159
592,3,1,0,mod/data:managecomments,1,1589217159
593,1,1,0,mod/data:managecomments,1,1589217159
594,3,1,0,mod/data:managetemplates,1,1589217159
595,1,1,0,mod/data:managetemplates,1,1589217159
596,4,1,0,mod/data:viewalluserpresets,1,1589217159
597,3,1,0,mod/data:viewalluserpresets,1,1589217159
598,1,1,0,mod/data:viewalluserpresets,1,1589217159
599,1,1,0,mod/data:manageuserpresets,1,1589217159
600,1,1,0,mod/data:exportentry,1,1589217159
601,4,1,0,mod/data:exportentry,1,1589217159
602,3,1,0,mod/data:exportentry,1,1589217159
603,1,1,0,mod/data:exportownentry,1,1589217159
604,4,1,0,mod/data:exportownentry,1,1589217159
605,3,1,0,mod/data:exportownentry,1,1589217159
606,5,1,0,mod/data:exportownentry,1,1589217159
607,1,1,0,mod/data:exportallentries,1,1589217159
608,4,1,0,mod/data:exportallentries,1,1589217159
609,3,1,0,mod/data:exportallentries,1,1589217159
610,1,1,0,mod/data:exportuserinfo,1,1589217159
611,4,1,0,mod/data:exportuserinfo,1,1589217159
612,3,1,0,mod/data:exportuserinfo,1,1589217159
613,6,1,0,mod/data:view,1,1589217159
614,5,1,0,mod/data:view,1,1589217159
615,4,1,0,mod/data:view,1,1589217159
616,3,1,0,mod/data:view,1,1589217159
617,1,1,0,mod/data:view,1,1589217159
618,3,1,0,mod/feedback:addinstance,1,1589217159
619,1,1,0,mod/feedback:addinstance,1,1589217159
620,6,1,0,mod/feedback:view,1,1589217159
621,8,1,0,mod/feedback:view,1,1589217159
622,5,1,0,mod/feedback:view,1,1589217159
623,4,1,0,mod/feedback:view,1,1589217159
624,3,1,0,mod/feedback:view,1,1589217159
625,1,1,0,mod/feedback:view,1,1589217159
626,8,1,0,mod/feedback:complete,1,1589217159
627,5,1,0,mod/feedback:complete,1,1589217159
628,5,1,0,mod/feedback:viewanalysepage,1,1589217159
629,3,1,0,mod/feedback:viewanalysepage,1,1589217159
630,1,1,0,mod/feedback:viewanalysepage,1,1589217160
631,3,1,0,mod/feedback:deletesubmissions,1,1589217160
632,1,1,0,mod/feedback:deletesubmissions,1,1589217160
633,1,1,0,mod/feedback:mapcourse,1,1589217160
634,3,1,0,mod/feedback:edititems,1,1589217160
635,1,1,0,mod/feedback:edititems,1,1589217160
636,3,1,0,mod/feedback:createprivatetemplate,1,1589217160
637,1,1,0,mod/feedback:createprivatetemplate,1,1589217160
638,3,1,0,mod/feedback:createpublictemplate,1,1589217160
639,1,1,0,mod/feedback:createpublictemplate,1,1589217160
640,3,1,0,mod/feedback:deletetemplate,1,1589217160
641,1,1,0,mod/feedback:deletetemplate,1,1589217160
642,4,1,0,mod/feedback:viewreports,1,1589217160
643,3,1,0,mod/feedback:viewreports,1,1589217160
644,1,1,0,mod/feedback:viewreports,1,1589217160
645,4,1,0,mod/feedback:receivemail,1,1589217160
646,3,1,0,mod/feedback:receivemail,1,1589217160
647,3,1,0,mod/folder:addinstance,1,1589217160
648,1,1,0,mod/folder:addinstance,1,1589217160
649,6,1,0,mod/folder:view,1,1589217160
650,7,1,0,mod/folder:view,1,1589217160
651,3,1,0,mod/folder:managefiles,1,1589217160
652,3,1,0,mod/forum:addinstance,1,1589217160
653,1,1,0,mod/forum:addinstance,1,1589217160
654,8,1,0,mod/forum:viewdiscussion,1,1589217160
655,6,1,0,mod/forum:viewdiscussion,1,1589217160
656,5,1,0,mod/forum:viewdiscussion,1,1589217160
657,4,1,0,mod/forum:viewdiscussion,1,1589217160
658,3,1,0,mod/forum:viewdiscussion,1,1589217160
659,1,1,0,mod/forum:viewdiscussion,1,1589217160
660,4,1,0,mod/forum:viewhiddentimedposts,1,1589217160
661,3,1,0,mod/forum:viewhiddentimedposts,1,1589217160
662,1,1,0,mod/forum:viewhiddentimedposts,1,1589217160
663,5,1,0,mod/forum:startdiscussion,1,1589217160
664,4,1,0,mod/forum:startdiscussion,1,1589217160
665,3,1,0,mod/forum:startdiscussion,1,1589217160
666,1,1,0,mod/forum:startdiscussion,1,1589217160
667,5,1,0,mod/forum:replypost,1,1589217160
668,4,1,0,mod/forum:replypost,1,1589217160
669,3,1,0,mod/forum:replypost,1,1589217160
670,1,1,0,mod/forum:replypost,1,1589217160
671,4,1,0,mod/forum:addnews,1,1589217160
672,3,1,0,mod/forum:addnews,1,1589217160
673,1,1,0,mod/forum:addnews,1,1589217160
674,4,1,0,mod/forum:replynews,1,1589217160
675,3,1,0,mod/forum:replynews,1,1589217160
676,1,1,0,mod/forum:replynews,1,1589217160
677,5,1,0,mod/forum:viewrating,1,1589217160
678,4,1,0,mod/forum:viewrating,1,1589217160
679,3,1,0,mod/forum:viewrating,1,1589217160
680,1,1,0,mod/forum:viewrating,1,1589217160
681,4,1,0,mod/forum:viewanyrating,1,1589217160
682,3,1,0,mod/forum:viewanyrating,1,1589217160
683,1,1,0,mod/forum:viewanyrating,1,1589217160
684,4,1,0,mod/forum:viewallratings,1,1589217160
685,3,1,0,mod/forum:viewallratings,1,1589217160
686,1,1,0,mod/forum:viewallratings,1,1589217160
687,4,1,0,mod/forum:rate,1,1589217160
688,3,1,0,mod/forum:rate,1,1589217160
689,1,1,0,mod/forum:rate,1,1589217160
690,4,1,0,mod/forum:postprivatereply,1,1589217160
691,3,1,0,mod/forum:postprivatereply,1,1589217160
692,1,1,0,mod/forum:postprivatereply,1,1589217160
693,4,1,0,mod/forum:readprivatereplies,1,1589217160
694,3,1,0,mod/forum:readprivatereplies,1,1589217160
695,1,1,0,mod/forum:readprivatereplies,1,1589217160
696,5,1,0,mod/forum:createattachment,1,1589217160
697,4,1,0,mod/forum:createattachment,1,1589217160
698,3,1,0,mod/forum:createattachment,1,1589217160
699,1,1,0,mod/forum:createattachment,1,1589217160
700,5,1,0,mod/forum:deleteownpost,1,1589217160
701,4,1,0,mod/forum:deleteownpost,1,1589217160
702,3,1,0,mod/forum:deleteownpost,1,1589217160
703,1,1,0,mod/forum:deleteownpost,1,1589217160
704,4,1,0,mod/forum:deleteanypost,1,1589217160
705,3,1,0,mod/forum:deleteanypost,1,1589217160
706,1,1,0,mod/forum:deleteanypost,1,1589217160
707,4,1,0,mod/forum:splitdiscussions,1,1589217160
708,3,1,0,mod/forum:splitdiscussions,1,1589217160
709,1,1,0,mod/forum:splitdiscussions,1,1589217160
710,4,1,0,mod/forum:movediscussions,1,1589217160
711,3,1,0,mod/forum:movediscussions,1,1589217160
712,1,1,0,mod/forum:movediscussions,1,1589217160
713,4,1,0,mod/forum:pindiscussions,1,1589217160
714,3,1,0,mod/forum:pindiscussions,1,1589217160
715,1,1,0,mod/forum:pindiscussions,1,1589217160
716,4,1,0,mod/forum:editanypost,1,1589217160
717,3,1,0,mod/forum:editanypost,1,1589217160
718,1,1,0,mod/forum:editanypost,1,1589217160
719,4,1,0,mod/forum:viewqandawithoutposting,1,1589217160
720,3,1,0,mod/forum:viewqandawithoutposting,1,1589217160
721,1,1,0,mod/forum:viewqandawithoutposting,1,1589217160
722,4,1,0,mod/forum:viewsubscribers,1,1589217160
723,3,1,0,mod/forum:viewsubscribers,1,1589217160
724,1,1,0,mod/forum:viewsubscribers,1,1589217160
725,4,1,0,mod/forum:managesubscriptions,1,1589217160
726,3,1,0,mod/forum:managesubscriptions,1,1589217160
727,1,1,0,mod/forum:managesubscriptions,1,1589217160
728,4,1,0,mod/forum:postwithoutthrottling,1,1589217160
729,3,1,0,mod/forum:postwithoutthrottling,1,1589217160
730,1,1,0,mod/forum:postwithoutthrottling,1,1589217160
731,4,1,0,mod/forum:exportdiscussion,1,1589217160
732,3,1,0,mod/forum:exportdiscussion,1,1589217160
733,1,1,0,mod/forum:exportdiscussion,1,1589217160
734,4,1,0,mod/forum:exportforum,1,1589217160
735,3,1,0,mod/forum:exportforum,1,1589217160
736,1,1,0,mod/forum:exportforum,1,1589217160
737,4,1,0,mod/forum:exportpost,1,1589217160
738,3,1,0,mod/forum:exportpost,1,1589217160
739,1,1,0,mod/forum:exportpost,1,1589217160
740,4,1,0,mod/forum:exportownpost,1,1589217160
741,3,1,0,mod/forum:exportownpost,1,1589217160
742,1,1,0,mod/forum:exportownpost,1,1589217160
743,5,1,0,mod/forum:exportownpost,1,1589217160
744,4,1,0,mod/forum:addquestion,1,1589217160
745,3,1,0,mod/forum:addquestion,1,1589217160
746,1,1,0,mod/forum:addquestion,1,1589217160
747,5,1,0,mod/forum:allowforcesubscribe,1,1589217160
748,4,1,0,mod/forum:allowforcesubscribe,1,1589217160
749,3,1,0,mod/forum:allowforcesubscribe,1,1589217160
750,8,1,0,mod/forum:allowforcesubscribe,1,1589217160
751,4,1,0,mod/forum:canposttomygroups,1,1589217160
752,3,1,0,mod/forum:canposttomygroups,1,1589217160
753,1,1,0,mod/forum:canposttomygroups,1,1589217160
754,4,1,0,mod/forum:canoverridediscussionlock,1,1589217160
755,3,1,0,mod/forum:canoverridediscussionlock,1,1589217160
756,1,1,0,mod/forum:canoverridediscussionlock,1,1589217160
757,4,1,0,mod/forum:canoverridecutoff,1,1589217160
758,3,1,0,mod/forum:canoverridecutoff,1,1589217160
759,1,1,0,mod/forum:canoverridecutoff,1,1589217160
760,7,1,0,mod/forum:cantogglefavourite,1,1589217160
761,4,1,0,mod/forum:grade,1,1589217160
762,3,1,0,mod/forum:grade,1,1589217161
763,1,1,0,mod/forum:grade,1,1589217161
764,3,1,0,mod/glossary:addinstance,1,1589217163
765,1,1,0,mod/glossary:addinstance,1,1589217163
766,8,1,0,mod/glossary:view,1,1589217163
767,6,1,0,mod/glossary:view,1,1589217163
768,5,1,0,mod/glossary:view,1,1589217163
769,4,1,0,mod/glossary:view,1,1589217163
770,3,1,0,mod/glossary:view,1,1589217163
771,1,1,0,mod/glossary:view,1,1589217163
772,5,1,0,mod/glossary:write,1,1589217163
773,4,1,0,mod/glossary:write,1,1589217163
774,3,1,0,mod/glossary:write,1,1589217163
775,1,1,0,mod/glossary:write,1,1589217163
776,4,1,0,mod/glossary:manageentries,1,1589217163
777,3,1,0,mod/glossary:manageentries,1,1589217163
778,1,1,0,mod/glossary:manageentries,1,1589217163
779,4,1,0,mod/glossary:managecategories,1,1589217163
780,3,1,0,mod/glossary:managecategories,1,1589217163
781,1,1,0,mod/glossary:managecategories,1,1589217163
782,5,1,0,mod/glossary:comment,1,1589217163
783,4,1,0,mod/glossary:comment,1,1589217163
784,3,1,0,mod/glossary:comment,1,1589217163
785,1,1,0,mod/glossary:comment,1,1589217163
786,4,1,0,mod/glossary:managecomments,1,1589217163
787,3,1,0,mod/glossary:managecomments,1,1589217163
788,1,1,0,mod/glossary:managecomments,1,1589217163
789,4,1,0,mod/glossary:import,1,1589217163
790,3,1,0,mod/glossary:import,1,1589217163
791,1,1,0,mod/glossary:import,1,1589217163
792,4,1,0,mod/glossary:export,1,1589217163
793,3,1,0,mod/glossary:export,1,1589217163
794,1,1,0,mod/glossary:export,1,1589217163
795,4,1,0,mod/glossary:approve,1,1589217163
796,3,1,0,mod/glossary:approve,1,1589217163
797,1,1,0,mod/glossary:approve,1,1589217163
798,4,1,0,mod/glossary:rate,1,1589217163
799,3,1,0,mod/glossary:rate,1,1589217163
800,1,1,0,mod/glossary:rate,1,1589217163
801,4,1,0,mod/glossary:viewrating,1,1589217163
802,3,1,0,mod/glossary:viewrating,1,1589217163
803,1,1,0,mod/glossary:viewrating,1,1589217163
804,4,1,0,mod/glossary:viewanyrating,1,1589217163
805,3,1,0,mod/glossary:viewanyrating,1,1589217163
806,1,1,0,mod/glossary:viewanyrating,1,1589217163
807,4,1,0,mod/glossary:viewallratings,1,1589217163
808,3,1,0,mod/glossary:viewallratings,1,1589217163
809,1,1,0,mod/glossary:viewallratings,1,1589217163
810,4,1,0,mod/glossary:exportentry,1,1589217163
811,3,1,0,mod/glossary:exportentry,1,1589217163
812,1,1,0,mod/glossary:exportentry,1,1589217163
813,4,1,0,mod/glossary:exportownentry,1,1589217163
814,3,1,0,mod/glossary:exportownentry,1,1589217163
815,1,1,0,mod/glossary:exportownentry,1,1589217163
816,5,1,0,mod/glossary:exportownentry,1,1589217163
817,6,1,0,mod/h5pactivity:view,1,1589217163
818,5,1,0,mod/h5pactivity:view,1,1589217163
819,4,1,0,mod/h5pactivity:view,1,1589217163
820,3,1,0,mod/h5pactivity:view,1,1589217163
821,1,1,0,mod/h5pactivity:view,1,1589217163
822,3,1,0,mod/h5pactivity:addinstance,1,1589217163
823,1,1,0,mod/h5pactivity:addinstance,1,1589217163
824,5,1,0,mod/h5pactivity:submit,1,1589217163
825,6,1,0,mod/imscp:view,1,1589217164
826,7,1,0,mod/imscp:view,1,1589217164
827,3,1,0,mod/imscp:addinstance,1,1589217164
828,1,1,0,mod/imscp:addinstance,1,1589217164
829,3,1,0,mod/label:addinstance,1,1589217164
830,1,1,0,mod/label:addinstance,1,1589217164
831,7,1,0,mod/label:view,1,1589217164
832,6,1,0,mod/label:view,1,1589217164
833,3,1,0,mod/lesson:addinstance,1,1589217164
834,1,1,0,mod/lesson:addinstance,1,1589217164
835,3,1,0,mod/lesson:edit,1,1589217164
836,1,1,0,mod/lesson:edit,1,1589217164
837,4,1,0,mod/lesson:grade,1,1589217164
838,3,1,0,mod/lesson:grade,1,1589217164
839,1,1,0,mod/lesson:grade,1,1589217164
840,4,1,0,mod/lesson:viewreports,1,1589217164
841,3,1,0,mod/lesson:viewreports,1,1589217164
842,1,1,0,mod/lesson:viewreports,1,1589217164
843,4,1,0,mod/lesson:manage,1,1589217164
844,3,1,0,mod/lesson:manage,1,1589217164
845,1,1,0,mod/lesson:manage,1,1589217164
846,3,1,0,mod/lesson:manageoverrides,1,1589217164
847,1,1,0,mod/lesson:manageoverrides,1,1589217164
848,7,1,0,mod/lesson:view,1,1589217164
849,6,1,0,mod/lesson:view,1,1589217164
850,5,1,0,mod/lti:view,1,1589217165
851,4,1,0,mod/lti:view,1,1589217165
852,3,1,0,mod/lti:view,1,1589217165
853,1,1,0,mod/lti:view,1,1589217165
854,3,1,0,mod/lti:addinstance,1,1589217165
855,1,1,0,mod/lti:addinstance,1,1589217165
856,4,1,0,mod/lti:manage,1,1589217165
857,3,1,0,mod/lti:manage,1,1589217165
858,1,1,0,mod/lti:manage,1,1589217165
859,3,1,0,mod/lti:addcoursetool,1,1589217165
860,1,1,0,mod/lti:addcoursetool,1,1589217165
861,3,1,0,mod/lti:addpreconfiguredinstance,1,1589217165
862,1,1,0,mod/lti:addpreconfiguredinstance,1,1589217165
863,3,1,0,mod/lti:addmanualinstance,1,1589217165
864,1,1,0,mod/lti:addmanualinstance,1,1589217165
865,3,1,0,mod/lti:requesttooladd,1,1589217165
866,1,1,0,mod/lti:requesttooladd,1,1589217165
867,6,1,0,mod/page:view,1,1589217165
868,7,1,0,mod/page:view,1,1589217165
869,3,1,0,mod/page:addinstance,1,1589217165
870,1,1,0,mod/page:addinstance,1,1589217165
871,6,1,0,mod/quiz:view,1,1589217165
872,5,1,0,mod/quiz:view,1,1589217165
873,4,1,0,mod/quiz:view,1,1589217165
874,3,1,0,mod/quiz:view,1,1589217165
875,1,1,0,mod/quiz:view,1,1589217165
876,3,1,0,mod/quiz:addinstance,1,1589217165
877,1,1,0,mod/quiz:addinstance,1,1589217165
878,5,1,0,mod/quiz:attempt,1,1589217165
879,5,1,0,mod/quiz:reviewmyattempts,1,1589217165
880,3,1,0,mod/quiz:manage,1,1589217165
881,1,1,0,mod/quiz:manage,1,1589217165
882,3,1,0,mod/quiz:manageoverrides,1,1589217165
883,1,1,0,mod/quiz:manageoverrides,1,1589217165
884,4,1,0,mod/quiz:preview,1,1589217165
885,3,1,0,mod/quiz:preview,1,1589217165
886,1,1,0,mod/quiz:preview,1,1589217165
887,4,1,0,mod/quiz:grade,1,1589217165
888,3,1,0,mod/quiz:grade,1,1589217165
889,1,1,0,mod/quiz:grade,1,1589217165
890,4,1,0,mod/quiz:regrade,1,1589217165
891,3,1,0,mod/quiz:regrade,1,1589217165
892,1,1,0,mod/quiz:regrade,1,1589217165
893,4,1,0,mod/quiz:viewreports,1,1589217165
894,3,1,0,mod/quiz:viewreports,1,1589217165
895,1,1,0,mod/quiz:viewreports,1,1589217165
896,3,1,0,mod/quiz:deleteattempts,1,1589217165
897,1,1,0,mod/quiz:deleteattempts,1,1589217165
898,6,1,0,mod/resource:view,1,1589217166
899,7,1,0,mod/resource:view,1,1589217166
900,3,1,0,mod/resource:addinstance,1,1589217166
901,1,1,0,mod/resource:addinstance,1,1589217166
902,3,1,0,mod/scorm:addinstance,1,1589217167
903,1,1,0,mod/scorm:addinstance,1,1589217167
904,4,1,0,mod/scorm:viewreport,1,1589217167
905,3,1,0,mod/scorm:viewreport,1,1589217167
906,1,1,0,mod/scorm:viewreport,1,1589217167
907,5,1,0,mod/scorm:skipview,1,1589217167
908,5,1,0,mod/scorm:savetrack,1,1589217167
909,4,1,0,mod/scorm:savetrack,1,1589217167
910,3,1,0,mod/scorm:savetrack,1,1589217167
911,1,1,0,mod/scorm:savetrack,1,1589217167
912,5,1,0,mod/scorm:viewscores,1,1589217167
913,4,1,0,mod/scorm:viewscores,1,1589217167
914,3,1,0,mod/scorm:viewscores,1,1589217167
915,1,1,0,mod/scorm:viewscores,1,1589217167
916,4,1,0,mod/scorm:deleteresponses,1,1589217167
917,3,1,0,mod/scorm:deleteresponses,1,1589217167
918,1,1,0,mod/scorm:deleteresponses,1,1589217167
919,3,1,0,mod/survey:addinstance,1,1589217168
920,1,1,0,mod/survey:addinstance,1,1589217168
921,5,1,0,mod/survey:participate,1,1589217168
922,4,1,0,mod/survey:participate,1,1589217168
923,3,1,0,mod/survey:participate,1,1589217168
924,1,1,0,mod/survey:participate,1,1589217168
925,4,1,0,mod/survey:readresponses,1,1589217168
926,3,1,0,mod/survey:readresponses,1,1589217168
927,1,1,0,mod/survey:readresponses,1,1589217168
928,4,1,0,mod/survey:download,1,1589217168
929,3,1,0,mod/survey:download,1,1589217168
930,1,1,0,mod/survey:download,1,1589217168
931,6,1,0,mod/url:view,1,1589217169
932,7,1,0,mod/url:view,1,1589217169
933,3,1,0,mod/url:addinstance,1,1589217169
934,1,1,0,mod/url:addinstance,1,1589217169
935,3,1,0,mod/wiki:addinstance,1,1589217170
936,1,1,0,mod/wiki:addinstance,1,1589217170
937,6,1,0,mod/wiki:viewpage,1,1589217170
938,8,1,0,mod/wiki:viewpage,1,1589217170
939,5,1,0,mod/wiki:viewpage,1,1589217170
940,4,1,0,mod/wiki:viewpage,1,1589217170
941,3,1,0,mod/wiki:viewpage,1,1589217170
942,1,1,0,mod/wiki:viewpage,1,1589217170
943,5,1,0,mod/wiki:editpage,1,1589217170
944,4,1,0,mod/wiki:editpage,1,1589217170
945,3,1,0,mod/wiki:editpage,1,1589217170
946,1,1,0,mod/wiki:editpage,1,1589217170
947,5,1,0,mod/wiki:createpage,1,1589217170
948,4,1,0,mod/wiki:createpage,1,1589217170
949,3,1,0,mod/wiki:createpage,1,1589217170
950,1,1,0,mod/wiki:createpage,1,1589217170
951,5,1,0,mod/wiki:viewcomment,1,1589217170
952,4,1,0,mod/wiki:viewcomment,1,1589217170
953,3,1,0,mod/wiki:viewcomment,1,1589217170
954,1,1,0,mod/wiki:viewcomment,1,1589217170
955,5,1,0,mod/wiki:editcomment,1,1589217170
956,4,1,0,mod/wiki:editcomment,1,1589217170
957,3,1,0,mod/wiki:editcomment,1,1589217170
958,1,1,0,mod/wiki:editcomment,1,1589217170
959,4,1,0,mod/wiki:managecomment,1,1589217170
960,3,1,0,mod/wiki:managecomment,1,1589217170
961,1,1,0,mod/wiki:managecomment,1,1589217170
962,4,1,0,mod/wiki:managefiles,1,1589217170
963,3,1,0,mod/wiki:managefiles,1,1589217170
964,1,1,0,mod/wiki:managefiles,1,1589217170
965,4,1,0,mod/wiki:overridelock,1,1589217170
966,3,1,0,mod/wiki:overridelock,1,1589217170
967,1,1,0,mod/wiki:overridelock,1,1589217170
968,4,1,0,mod/wiki:managewiki,1,1589217170
969,3,1,0,mod/wiki:managewiki,1,1589217170
970,1,1,0,mod/wiki:managewiki,1,1589217170
971,6,1,0,mod/workshop:view,1,1589217170
972,5,1,0,mod/workshop:view,1,1589217170
973,4,1,0,mod/workshop:view,1,1589217170
974,3,1,0,mod/workshop:view,1,1589217170
975,1,1,0,mod/workshop:view,1,1589217170
976,3,1,0,mod/workshop:addinstance,1,1589217170
977,1,1,0,mod/workshop:addinstance,1,1589217170
978,4,1,0,mod/workshop:switchphase,1,1589217170
979,3,1,0,mod/workshop:switchphase,1,1589217170
980,1,1,0,mod/workshop:switchphase,1,1589217170
981,3,1,0,mod/workshop:editdimensions,1,1589217170
982,1,1,0,mod/workshop:editdimensions,1,1589217170
983,5,1,0,mod/workshop:submit,1,1589217170
984,5,1,0,mod/workshop:peerassess,1,1589217170
985,4,1,0,mod/workshop:manageexamples,1,1589217170
986,3,1,0,mod/workshop:manageexamples,1,1589217170
987,1,1,0,mod/workshop:manageexamples,1,1589217170
988,4,1,0,mod/workshop:allocate,1,1589217170
989,3,1,0,mod/workshop:allocate,1,1589217170
990,1,1,0,mod/workshop:allocate,1,1589217170
991,4,1,0,mod/workshop:publishsubmissions,1,1589217170
992,3,1,0,mod/workshop:publishsubmissions,1,1589217170
993,1,1,0,mod/workshop:publishsubmissions,1,1589217170
994,5,1,0,mod/workshop:viewauthornames,1,1589217170
995,4,1,0,mod/workshop:viewauthornames,1,1589217170
996,3,1,0,mod/workshop:viewauthornames,1,1589217170
997,1,1,0,mod/workshop:viewauthornames,1,1589217170
998,4,1,0,mod/workshop:viewreviewernames,1,1589217170
999,3,1,0,mod/workshop:viewreviewernames,1,1589217170
1000,1,1,0,mod/workshop:viewreviewernames,1,1589217170
1001,4,1,0,mod/workshop:viewallsubmissions,1,1589217170
1002,3,1,0,mod/workshop:viewallsubmissions,1,1589217170
1003,1,1,0,mod/workshop:viewallsubmissions,1,1589217170
1004,5,1,0,mod/workshop:viewpublishedsubmissions,1,1589217170
1005,4,1,0,mod/workshop:viewpublishedsubmissions,1,1589217170
1006,3,1,0,mod/workshop:viewpublishedsubmissions,1,1589217170
1007,1,1,0,mod/workshop:viewpublishedsubmissions,1,1589217170
1008,5,1,0,mod/workshop:viewauthorpublished,1,1589217170
1009,4,1,0,mod/workshop:viewauthorpublished,1,1589217170
1010,3,1,0,mod/workshop:viewauthorpublished,1,1589217170
1011,1,1,0,mod/workshop:viewauthorpublished,1,1589217170
1012,4,1,0,mod/workshop:viewallassessments,1,1589217170
1013,3,1,0,mod/workshop:viewallassessments,1,1589217170
1014,1,1,0,mod/workshop:viewallassessments,1,1589217170
1015,4,1,0,mod/workshop:overridegrades,1,1589217170
1016,3,1,0,mod/workshop:overridegrades,1,1589217170
1017,1,1,0,mod/workshop:overridegrades,1,1589217170
1018,4,1,0,mod/workshop:ignoredeadlines,1,1589217170
1019,3,1,0,mod/workshop:ignoredeadlines,1,1589217170
1020,1,1,0,mod/workshop:ignoredeadlines,1,1589217170
1021,4,1,0,mod/workshop:deletesubmissions,1,1589217170
1022,3,1,0,mod/workshop:deletesubmissions,1,1589217170
1023,1,1,0,mod/workshop:deletesubmissions,1,1589217170
1024,1,1,0,mod/workshop:exportsubmissions,1,1589217170
1025,4,1,0,mod/workshop:exportsubmissions,1,1589217170
1026,3,1,0,mod/workshop:exportsubmissions,1,1589217170
1027,5,1,0,mod/workshop:exportsubmissions,1,1589217170
1028,7,1,0,auth/oauth2:managelinkedlogins,1,1589217172
1029,1,1,0,enrol/category:config,1,1589217172
1030,3,1,0,enrol/category:config,1,1589217172
1031,3,1,0,enrol/cohort:config,1,1589217173
1032,1,1,0,enrol/cohort:config,1,1589217173
1033,1,1,0,enrol/cohort:unenrol,1,1589217173
1034,1,1,0,enrol/database:unenrol,1,1589217173
1035,1,1,0,enrol/database:config,1,1589217173
1036,3,1,0,enrol/database:config,1,1589217173
1037,1,1,0,enrol/guest:config,1,1589217173
1038,3,1,0,enrol/guest:config,1,1589217173
1039,1,1,0,enrol/imsenterprise:config,1,1589217173
1040,3,1,0,enrol/imsenterprise:config,1,1589217173
1041,1,1,0,enrol/ldap:manage,1,1589217173
1042,1,1,0,enrol/lti:config,1,1589217173
1043,3,1,0,enrol/lti:config,1,1589217173
1044,1,1,0,enrol/lti:unenrol,1,1589217173
1045,3,1,0,enrol/lti:unenrol,1,1589217173
1046,1,1,0,enrol/manual:config,1,1589217173
1047,1,1,0,enrol/manual:enrol,1,1589217173
1048,3,1,0,enrol/manual:enrol,1,1589217173
1049,1,1,0,enrol/manual:manage,1,1589217173
1050,3,1,0,enrol/manual:manage,1,1589217173
1051,1,1,0,enrol/manual:unenrol,1,1589217173
1052,3,1,0,enrol/manual:unenrol,1,1589217174
1053,1,1,0,enrol/meta:config,1,1589217174
1054,3,1,0,enrol/meta:config,1,1589217174
1055,1,1,0,enrol/meta:selectaslinked,1,1589217174
1056,1,1,0,enrol/meta:unenrol,1,1589217174
1057,1,1,0,enrol/mnet:config,1,1589217174
1058,3,1,0,enrol/mnet:config,1,1589217174
1059,1,1,0,enrol/paypal:config,1,1589217174
1060,1,1,0,enrol/paypal:manage,1,1589217174
1061,3,1,0,enrol/paypal:manage,1,1589217174
1062,1,1,0,enrol/paypal:unenrol,1,1589217174
1063,3,1,0,enrol/self:config,1,1589217174
1064,1,1,0,enrol/self:config,1,1589217174
1065,3,1,0,enrol/self:manage,1,1589217174
1066,1,1,0,enrol/self:manage,1,1589217174
1067,5,1,0,enrol/self:unenrolself,1,1589217174
1068,3,1,0,enrol/self:unenrol,1,1589217174
1069,1,1,0,enrol/self:unenrol,1,1589217174
1070,7,1,0,message/airnotifier:managedevice,1,1589217174
1071,3,1,0,block/activity_modules:addinstance,1,1589217175
1072,1,1,0,block/activity_modules:addinstance,1,1589217175
1073,3,1,0,block/activity_results:addinstance,1,1589217175
1074,1,1,0,block/activity_results:addinstance,1,1589217175
1075,7,1,0,block/admin_bookmarks:myaddinstance,1,1589217175
1076,3,1,0,block/admin_bookmarks:addinstance,1,1589217175
1077,1,1,0,block/admin_bookmarks:addinstance,1,1589217175
1078,3,1,0,block/badges:addinstance,1,1589217175
1079,1,1,0,block/badges:addinstance,1,1589217175
1080,7,1,0,block/badges:myaddinstance,1,1589217175
1081,3,1,0,block/blog_menu:addinstance,1,1589217175
1082,1,1,0,block/blog_menu:addinstance,1,1589217175
1083,3,1,0,block/blog_recent:addinstance,1,1589217175
1084,1,1,0,block/blog_recent:addinstance,1,1589217175
1085,3,1,0,block/blog_tags:addinstance,1,1589217175
1086,1,1,0,block/blog_tags:addinstance,1,1589217175
1087,7,1,0,block/calendar_month:myaddinstance,1,1589217175
1088,3,1,0,block/calendar_month:addinstance,1,1589217175
1089,1,1,0,block/calendar_month:addinstance,1,1589217175
1090,7,1,0,block/calendar_upcoming:myaddinstance,1,1589217175
1091,3,1,0,block/calendar_upcoming:addinstance,1,1589217175
1092,1,1,0,block/calendar_upcoming:addinstance,1,1589217175
1093,7,1,0,block/comments:myaddinstance,1,1589217175
1094,3,1,0,block/comments:addinstance,1,1589217175
1095,1,1,0,block/comments:addinstance,1,1589217175
1096,3,1,0,block/completionstatus:addinstance,1,1589217175
1097,1,1,0,block/completionstatus:addinstance,1,1589217175
1098,7,1,0,block/course_list:myaddinstance,1,1589217175
1099,3,1,0,block/course_list:addinstance,1,1589217175
1100,1,1,0,block/course_list:addinstance,1,1589217175
1101,3,1,0,block/course_summary:addinstance,1,1589217175
1102,1,1,0,block/course_summary:addinstance,1,1589217175
1103,3,1,0,block/feedback:addinstance,1,1589217176
1104,1,1,0,block/feedback:addinstance,1,1589217176
1105,7,1,0,block/globalsearch:myaddinstance,1,1589217176
1106,3,1,0,block/globalsearch:addinstance,1,1589217176
1107,1,1,0,block/globalsearch:addinstance,1,1589217176
1108,7,1,0,block/glossary_random:myaddinstance,1,1589217176
1109,3,1,0,block/glossary_random:addinstance,1,1589217176
1110,1,1,0,block/glossary_random:addinstance,1,1589217176
1111,7,1,0,block/html:myaddinstance,1,1589217176
1112,3,1,0,block/html:addinstance,1,1589217176
1113,1,1,0,block/html:addinstance,1,1589217176
1114,3,1,0,block/login:addinstance,1,1589217176
1115,1,1,0,block/login:addinstance,1,1589217176
1116,3,1,0,block/lp:addinstance,1,1589217176
1117,1,1,0,block/lp:addinstance,1,1589217176
1118,7,1,0,block/lp:myaddinstance,1,1589217176
1119,7,1,0,block/mentees:myaddinstance,1,1589217176
1120,3,1,0,block/mentees:addinstance,1,1589217176
1121,1,1,0,block/mentees:addinstance,1,1589217176
1122,7,1,0,block/mnet_hosts:myaddinstance,1,1589217176
1123,3,1,0,block/mnet_hosts:addinstance,1,1589217176
1124,1,1,0,block/mnet_hosts:addinstance,1,1589217176
1125,7,1,0,block/myoverview:myaddinstance,1,1589217176
1126,7,1,0,block/myprofile:myaddinstance,1,1589217176
1127,3,1,0,block/myprofile:addinstance,1,1589217176
1128,1,1,0,block/myprofile:addinstance,1,1589217176
1129,7,1,0,block/navigation:myaddinstance,1,1589217176
1130,3,1,0,block/navigation:addinstance,1,1589217176
1131,1,1,0,block/navigation:addinstance,1,1589217176
1132,7,1,0,block/news_items:myaddinstance,1,1589217176
1133,3,1,0,block/news_items:addinstance,1,1589217176
1134,1,1,0,block/news_items:addinstance,1,1589217176
1135,7,1,0,block/online_users:myaddinstance,1,1589217176
1136,3,1,0,block/online_users:addinstance,1,1589217176
1137,1,1,0,block/online_users:addinstance,1,1589217176
1138,7,1,0,block/online_users:viewlist,1,1589217176
1139,6,1,0,block/online_users:viewlist,1,1589217176
1140,5,1,0,block/online_users:viewlist,1,1589217176
1141,4,1,0,block/online_users:viewlist,1,1589217176
1142,3,1,0,block/online_users:viewlist,1,1589217176
1143,1,1,0,block/online_users:viewlist,1,1589217176
1144,7,1,0,block/private_files:myaddinstance,1,1589217176
1145,3,1,0,block/private_files:addinstance,1,1589217176
1146,1,1,0,block/private_files:addinstance,1,1589217176
1147,3,1,0,block/quiz_results:addinstance,1,1589217176
1148,1,1,0,block/quiz_results:addinstance,1,1589217176
1149,3,1,0,block/recent_activity:addinstance,1,1589217177
1150,1,1,0,block/recent_activity:addinstance,1,1589217177
1151,7,1,0,block/recent_activity:viewaddupdatemodule,1,1589217177
1152,7,1,0,block/recent_activity:viewdeletemodule,1,1589217177
1153,7,1,0,block/recentlyaccessedcourses:myaddinstance,1,1589217177
1154,7,1,0,block/recentlyaccesseditems:myaddinstance,1,1589217177
1155,7,1,0,block/rss_client:myaddinstance,1,1589217177
1156,3,1,0,block/rss_client:addinstance,1,1589217177
1157,1,1,0,block/rss_client:addinstance,1,1589217177
1158,4,1,0,block/rss_client:manageownfeeds,1,1589217177
1159,3,1,0,block/rss_client:manageownfeeds,1,1589217177
1160,1,1,0,block/rss_client:manageownfeeds,1,1589217177
1161,1,1,0,block/rss_client:manageanyfeeds,1,1589217177
1162,3,1,0,block/search_forums:addinstance,1,1589217177
1163,1,1,0,block/search_forums:addinstance,1,1589217177
1164,3,1,0,block/section_links:addinstance,1,1589217177
1165,1,1,0,block/section_links:addinstance,1,1589217177
1166,3,1,0,block/selfcompletion:addinstance,1,1589217177
1167,1,1,0,block/selfcompletion:addinstance,1,1589217177
1168,7,1,0,block/settings:myaddinstance,1,1589217177
1169,3,1,0,block/settings:addinstance,1,1589217177
1170,1,1,0,block/settings:addinstance,1,1589217177
1171,3,1,0,block/site_main_menu:addinstance,1,1589217177
1172,1,1,0,block/site_main_menu:addinstance,1,1589217177
1173,3,1,0,block/social_activities:addinstance,1,1589217177
1174,1,1,0,block/social_activities:addinstance,1,1589217177
1175,7,1,0,block/starredcourses:myaddinstance,1,1589217177
1176,3,1,0,block/tag_flickr:addinstance,1,1589217177
1177,1,1,0,block/tag_flickr:addinstance,1,1589217177
1178,3,1,0,block/tag_youtube:addinstance,1,1589217177
1179,1,1,0,block/tag_youtube:addinstance,1,1589217177
1180,7,1,0,block/tags:myaddinstance,1,1589217177
1181,3,1,0,block/tags:addinstance,1,1589217177
1182,1,1,0,block/tags:addinstance,1,1589217177
1183,7,1,0,block/timeline:myaddinstance,1,1589217177
1184,4,1,0,report/completion:view,1,1589217179
1185,3,1,0,report/completion:view,1,1589217179
1186,1,1,0,report/completion:view,1,1589217179
1187,4,1,0,report/courseoverview:view,1,1589217180
1188,3,1,0,report/courseoverview:view,1,1589217180
1189,1,1,0,report/courseoverview:view,1,1589217180
1190,4,1,0,report/log:view,1,1589217180
1191,3,1,0,report/log:view,1,1589217180
1192,1,1,0,report/log:view,1,1589217180
1193,4,1,0,report/log:viewtoday,1,1589217180
1194,3,1,0,report/log:viewtoday,1,1589217180
1195,1,1,0,report/log:viewtoday,1,1589217180
1196,4,1,0,report/loglive:view,1,1589217180
1197,3,1,0,report/loglive:view,1,1589217180
1198,1,1,0,report/loglive:view,1,1589217180
1199,4,1,0,report/outline:view,1,1589217180
1200,3,1,0,report/outline:view,1,1589217180
1201,1,1,0,report/outline:view,1,1589217180
1202,4,1,0,report/outline:viewuserreport,1,1589217180
1203,3,1,0,report/outline:viewuserreport,1,1589217180
1204,1,1,0,report/outline:viewuserreport,1,1589217180
1205,4,1,0,report/participation:view,1,1589217180
1206,3,1,0,report/participation:view,1,1589217180
1207,1,1,0,report/participation:view,1,1589217180
1208,1,1,0,report/performance:view,1,1589217180
1209,4,1,0,report/progress:view,1,1589217180
1210,3,1,0,report/progress:view,1,1589217180
1211,1,1,0,report/progress:view,1,1589217180
1212,1,1,0,report/security:view,1,1589217180
1213,4,1,0,report/stats:view,1,1589217180
1214,3,1,0,report/stats:view,1,1589217180
1215,1,1,0,report/stats:view,1,1589217180
1216,1,1,0,report/status:view,1,1589217180
1217,6,1,0,report/usersessions:manageownsessions,-1000,1589217180
1218,7,1,0,report/usersessions:manageownsessions,1,1589217180
1219,1,1,0,report/usersessions:manageownsessions,1,1589217180
1220,4,1,0,gradeexport/ods:view,1,1589217180
1221,3,1,0,gradeexport/ods:view,1,1589217180
1222,1,1,0,gradeexport/ods:view,1,1589217180
1223,1,1,0,gradeexport/ods:publish,1,1589217180
1224,4,1,0,gradeexport/txt:view,1,1589217181
1225,3,1,0,gradeexport/txt:view,1,1589217181
1226,1,1,0,gradeexport/txt:view,1,1589217181
1227,1,1,0,gradeexport/txt:publish,1,1589217181
1228,4,1,0,gradeexport/xls:view,1,1589217181
1229,3,1,0,gradeexport/xls:view,1,1589217181
1230,1,1,0,gradeexport/xls:view,1,1589217181
1231,1,1,0,gradeexport/xls:publish,1,1589217181
1232,4,1,0,gradeexport/xml:view,1,1589217181
1233,3,1,0,gradeexport/xml:view,1,1589217181
1234,1,1,0,gradeexport/xml:view,1,1589217181
1235,1,1,0,gradeexport/xml:publish,1,1589217181
1236,3,1,0,gradeimport/csv:view,1,1589217181
1237,1,1,0,gradeimport/csv:view,1,1589217181
1238,3,1,0,gradeimport/direct:view,1,1589217181
1239,1,1,0,gradeimport/direct:view,1,1589217181
1240,3,1,0,gradeimport/xml:view,1,1589217181
1241,1,1,0,gradeimport/xml:view,1,1589217181
1242,1,1,0,gradeimport/xml:publish,1,1589217181
1243,4,1,0,gradereport/grader:view,1,1589217181
1244,3,1,0,gradereport/grader:view,1,1589217181
1245,1,1,0,gradereport/grader:view,1,1589217181
1246,4,1,0,gradereport/history:view,1,1589217181
1247,3,1,0,gradereport/history:view,1,1589217181
1248,1,1,0,gradereport/history:view,1,1589217181
1249,4,1,0,gradereport/outcomes:view,1,1589217181
1250,3,1,0,gradereport/outcomes:view,1,1589217181
1251,1,1,0,gradereport/outcomes:view,1,1589217181
1252,7,1,0,gradereport/overview:view,1,1589217181
1253,3,1,0,gradereport/singleview:view,1,1589217181
1254,1,1,0,gradereport/singleview:view,1,1589217182
1255,5,1,0,gradereport/user:view,1,1589217182
1256,4,1,0,gradereport/user:view,1,1589217182
1257,3,1,0,gradereport/user:view,1,1589217182
1258,1,1,0,gradereport/user:view,1,1589217182
1259,7,1,0,repository/areafiles:view,1,1589217182
1260,7,1,0,repository/boxnet:view,1,1589217182
1261,2,1,0,repository/coursefiles:view,1,1589217182
1262,4,1,0,repository/coursefiles:view,1,1589217182
1263,3,1,0,repository/coursefiles:view,1,1589217182
1264,1,1,0,repository/coursefiles:view,1,1589217182
1265,7,1,0,repository/dropbox:view,1,1589217182
1266,7,1,0,repository/equella:view,1,1589217182
1267,2,1,0,repository/filesystem:view,1,1589217182
1268,4,1,0,repository/filesystem:view,1,1589217182
1269,3,1,0,repository/filesystem:view,1,1589217182
1270,1,1,0,repository/filesystem:view,1,1589217182
1271,7,1,0,repository/flickr:view,1,1589217183
1272,7,1,0,repository/flickr_public:view,1,1589217183
1273,7,1,0,repository/googledocs:view,1,1589217183
1274,2,1,0,repository/local:view,1,1589217183
1275,4,1,0,repository/local:view,1,1589217183
1276,3,1,0,repository/local:view,1,1589217183
1277,1,1,0,repository/local:view,1,1589217183
1278,7,1,0,repository/merlot:view,1,1589217183
1279,7,1,0,repository/nextcloud:view,1,1589217183
1280,7,1,0,repository/onedrive:view,1,1589217183
1281,7,1,0,repository/picasa:view,1,1589217183
1282,7,1,0,repository/recent:view,1,1589217183
1283,7,1,0,repository/s3:view,1,1589217183
1284,7,1,0,repository/skydrive:view,1,1589217183
1285,7,1,0,repository/upload:view,1,1589217183
1286,7,1,0,repository/url:view,1,1589217184
1287,7,1,0,repository/user:view,1,1589217184
1288,2,1,0,repository/webdav:view,1,1589217184
1289,4,1,0,repository/webdav:view,1,1589217184
1290,3,1,0,repository/webdav:view,1,1589217184
1291,1,1,0,repository/webdav:view,1,1589217184
1292,7,1,0,repository/wikimedia:view,1,1589217184
1293,7,1,0,repository/youtube:view,1,1589217184
1294,1,1,0,tool/customlang:view,1,1589217186
1295,1,1,0,tool/customlang:edit,1,1589217186
1296,7,1,0,tool/dataprivacy:downloadownrequest,1,1589217186
1297,7,1,0,tool/dataprivacy:requestdelete,1,1589217186
1298,1,1,0,tool/lpmigrate:frameworksmigrate,1,1589217187
1299,4,1,0,tool/monitor:subscribe,1,1589217187
1300,3,1,0,tool/monitor:subscribe,1,1589217187
1301,1,1,0,tool/monitor:subscribe,1,1589217187
1302,4,1,0,tool/monitor:managerules,1,1589217187
1303,3,1,0,tool/monitor:managerules,1,1589217187
1304,1,1,0,tool/monitor:managerules,1,1589217187
1305,1,1,0,tool/monitor:managetool,1,1589217187
1306,7,1,0,tool/policy:accept,1,1589217187
1307,1,1,0,tool/policy:managedocs,1,1589217187
1308,1,1,0,tool/policy:viewacceptances,1,1589217187
1309,3,1,0,tool/recyclebin:deleteitems,1,1589217188
1310,1,1,0,tool/recyclebin:deleteitems,1,1589217188
1311,3,1,0,tool/recyclebin:restoreitems,1,1589217188
1312,1,1,0,tool/recyclebin:restoreitems,1,1589217188
1313,4,1,0,tool/recyclebin:viewitems,1,1589217188
1314,3,1,0,tool/recyclebin:viewitems,1,1589217188
1315,1,1,0,tool/recyclebin:viewitems,1,1589217188
1316,1,1,0,tool/uploaduser:uploaduserpictures,1,1589217188
1317,1,1,0,tool/usertours:managetours,1,1589217188
1318,1,1,0,contenttype/h5p:access,1,1589217189
1319,2,1,0,contenttype/h5p:access,1,1589217189
1320,3,1,0,contenttype/h5p:access,1,1589217189
1321,1,1,0,contenttype/h5p:upload,1,1589217189
1322,2,1,0,contenttype/h5p:upload,1,1589217189
1323,3,1,0,contenttype/h5p:upload,1,1589217189
1324,3,1,0,booktool/importhtml:import,1,1589217190
1325,1,1,0,booktool/importhtml:import,1,1589217190
1326,6,1,0,booktool/print:print,1,1589217190
1327,8,1,0,booktool/print:print,1,1589217190
1328,5,1,0,booktool/print:print,1,1589217190
1329,4,1,0,booktool/print:print,1,1589217190
1330,3,1,0,booktool/print:print,1,1589217190
1331,1,1,0,booktool/print:print,1,1589217190
1332,4,1,0,forumreport/summary:view,1,1589217191
1333,3,1,0,forumreport/summary:view,1,1589217191
1334,1,1,0,forumreport/summary:view,1,1589217191
1335,4,1,0,forumreport/summary:viewall,1,1589217191
1336,3,1,0,forumreport/summary:viewall,1,1589217191
1337,1,1,0,forumreport/summary:viewall,1,1589217191
1338,4,1,0,quiz/grading:viewstudentnames,1,1589217191
1339,3,1,0,quiz/grading:viewstudentnames,1,1589217191
1340,1,1,0,quiz/grading:viewstudentnames,1,1589217191
1341,4,1,0,quiz/grading:viewidnumber,1,1589217191
1342,3,1,0,quiz/grading:viewidnumber,1,1589217191
1343,1,1,0,quiz/grading:viewidnumber,1,1589217191
1344,4,1,0,quiz/statistics:view,1,1589217192
1345,3,1,0,quiz/statistics:view,1,1589217192
1346,1,1,0,quiz/statistics:view,1,1589217192
1347,1,1,0,quizaccess/seb:managetemplates,1,1589217192
1348,1,1,0,quizaccess/seb:bypassseb,1,1589217192
1349,3,1,0,quizaccess/seb:bypassseb,1,1589217192
1350,1,1,0,quizaccess/seb:manage_seb_requiresafeexambrowser,1,1589217192
1351,3,1,0,quizaccess/seb:manage_seb_requiresafeexambrowser,1,1589217192
1352,1,1,0,quizaccess/seb:manage_seb_templateid,1,1589217192
1353,3,1,0,quizaccess/seb:manage_seb_templateid,1,1589217192
1354,1,1,0,quizaccess/seb:manage_filemanager_sebconfigfile,1,1589217192
1355,3,1,0,quizaccess/seb:manage_filemanager_sebconfigfile,1,1589217192
1356,1,1,0,quizaccess/seb:manage_seb_showsebdownloadlink,1,1589217192
1357,3,1,0,quizaccess/seb:manage_seb_showsebdownloadlink,1,1589217192
1358,1,1,0,quizaccess/seb:manage_seb_allowedbrowserexamkeys,1,1589217192
1359,3,1,0,quizaccess/seb:manage_seb_allowedbrowserexamkeys,1,1589217192
1360,1,1,0,quizaccess/seb:manage_seb_linkquitseb,1,1589217192
1361,3,1,0,quizaccess/seb:manage_seb_linkquitseb,1,1589217192
1362,1,1,0,quizaccess/seb:manage_seb_userconfirmquit,1,1589217192
1363,3,1,0,quizaccess/seb:manage_seb_userconfirmquit,1,1589217192
1364,1,1,0,quizaccess/seb:manage_seb_allowuserquitseb,1,1589217192
1365,3,1,0,quizaccess/seb:manage_seb_allowuserquitseb,1,1589217192
1366,1,1,0,quizaccess/seb:manage_seb_quitpassword,1,1589217192
1367,3,1,0,quizaccess/seb:manage_seb_quitpassword,1,1589217192
1368,1,1,0,quizaccess/seb:manage_seb_allowreloadinexam,1,1589217192
1369,3,1,0,quizaccess/seb:manage_seb_allowreloadinexam,1,1589217192
1370,1,1,0,quizaccess/seb:manage_seb_showsebtaskbar,1,1589217192
1371,3,1,0,quizaccess/seb:manage_seb_showsebtaskbar,1,1589217192
1372,1,1,0,quizaccess/seb:manage_seb_showreloadbutton,1,1589217192
1373,3,1,0,quizaccess/seb:manage_seb_showreloadbutton,1,1589217192
1374,1,1,0,quizaccess/seb:manage_seb_showtime,1,1589217192
1375,3,1,0,quizaccess/seb:manage_seb_showtime,1,1589217192
1376,1,1,0,quizaccess/seb:manage_seb_showkeyboardlayout,1,1589217192
1377,3,1,0,quizaccess/seb:manage_seb_showkeyboardlayout,1,1589217192
1378,1,1,0,quizaccess/seb:manage_seb_showwificontrol,1,1589217192
1379,3,1,0,quizaccess/seb:manage_seb_showwificontrol,1,1589217192
1380,1,1,0,quizaccess/seb:manage_seb_enableaudiocontrol,1,1589217192
1381,3,1,0,quizaccess/seb:manage_seb_enableaudiocontrol,1,1589217192
1382,1,1,0,quizaccess/seb:manage_seb_muteonstartup,1,1589217192
1383,3,1,0,quizaccess/seb:manage_seb_muteonstartup,1,1589217192
1384,1,1,0,quizaccess/seb:manage_seb_allowspellchecking,1,1589217192
1385,3,1,0,quizaccess/seb:manage_seb_allowspellchecking,1,1589217192
1386,1,1,0,quizaccess/seb:manage_seb_activateurlfiltering,1,1589217192
1387,3,1,0,quizaccess/seb:manage_seb_activateurlfiltering,1,1589217192
1388,1,1,0,quizaccess/seb:manage_seb_filterembeddedcontent,1,1589217192
1389,3,1,0,quizaccess/seb:manage_seb_filterembeddedcontent,1,1589217192
1390,1,1,0,quizaccess/seb:manage_seb_expressionsallowed,1,1589217192
1391,3,1,0,quizaccess/seb:manage_seb_expressionsallowed,1,1589217192
1392,1,1,0,quizaccess/seb:manage_seb_regexallowed,1,1589217192
1393,3,1,0,quizaccess/seb:manage_seb_regexallowed,1,1589217192
1394,1,1,0,quizaccess/seb:manage_seb_expressionsblocked,1,1589217192
1395,3,1,0,quizaccess/seb:manage_seb_expressionsblocked,1,1589217192
1396,1,1,0,quizaccess/seb:manage_seb_regexblocked,1,1589217192
1397,3,1,0,quizaccess/seb:manage_seb_regexblocked,1,1589217192
1398,3,1,0,atto/h5p:addembed,1,1589217194
1399,7,1,0,atto/recordrtc:recordaudio,1,1589217194
1400,7,1,0,atto/recordrtc:recordvideo,1,1589217194
1401,7,1,2,webservice/rest:use,1,1589217431
1404,5,27,2,mod/forum:addnews,1,1593652026
1405,5,27,2,mod/forum:addquestion,1,1593652029
1406,5,27,2,mod/forum:replynews,1,1593652140
1407,5,989,2,mod/forum:addquestion,1,1593828476
1408,1,27,2,atto/h5p:addembed,1,1593882953
1409,1,1004,2,moodle/user:manageblocks,-1,1607454653

