id,sid,userid,contextid,creatorid,externalserviceid,token,tokentype,lastaccess,validuntil,timecreated,privatetoken,iprestriction
3,221b94da3ebcfff1c7b8e6430e88f6ff,<blank>,1,44,1,44,1601344581,z9lTBf2BD5atXnQ7hwqECg950p2ZqK9ySCReuzYZ9qqTdPloG0BGgmno8trXRFBi,<blank>,0,1594086981,1598466517
4,f5623fc138e55fcefa48730e8570b698,<blank>,1,31,1,31,1601423736,1F1AHN1pL9mHn9v6IndLAhC3txMfJ96xGIxVRUsKGbLbAWFK6FA5NpKKnHpCk9dA,<blank>,0,1594166136,1600705311
5,a18f1865b2e2bc73f7135ce41c8098aa,<blank>,1,74,1,74,1601513575,SOHxDE6Bk6hv03ZZ5whMtRgzC21a4ruRv33N4vipMyydHol7LdSZZCOHYUw6npKY,<blank>,0,1594255975,1597284311
6,8850bb58cd4da791fe7dcd234b8d8211,<blank>,1,19,1,19,1601658215,K3Ihk1Ps6UjGSwc9Iyq0Aj1bidSJyls0NBvTi3htL9CUVcHxupFExbDbbkEa3kbX,<blank>,0,1594400615,1598620098
7,c57cb2e5422a6fe99c16f08e5a392ae6,<blank>,1,48,1,48,1601787291,WdyDJuu0lMtHonvG1GjictHBqoBPg20wadCHTraG5LMLfEOiRLH6cSsi4WlYz45N,<blank>,0,1594529691,1596422300
8,476987db2b0a3939644c9522e7248ca9,<blank>,1,87,1,87,1602298348,LCANoBQks3oCYwhyhsWHG6OHpklHhyzwOva1RqWgG42ATVmpSzJcAReIrECLxXxN,<blank>,0,1595040748,1600365109
10,2db184b7860325dc5a7e18ca1938cd68,<blank>,1,112,1,112,1609189086,c24CPaqyFLhbJQjfHvFLYTusnfZqnMHpBll73ohDnGzPZ1Di7dEWPDFJfqWBs0i3,<blank>,0,1601931486,1605579546

