id,idnumber,contextid,info,stamp,name,parent,sortorder,infoformat
1,NULL,42,<blank>,www.certificaciones.comudeguadalajara.gob.mx+200518180546+r2UjIq,top,0,0,0
2,NULL,42,Categor\xeda por defecto para preguntas compartidas en el contexto Act. 3.4 Examen Entrenamiento Funcional.,www.certificaciones.comudeguadalajara.gob.mx+200518180546+i4TTqB,Por defecto en Act. 3.4 Examen Entrenamiento Funcional,1,999,0
3,NULL,26,<blank>,www.certificaciones.comudeguadalajara.gob.mx+200518180546+DAozAE,top,0,0,0
4,NULL,26,Categor\xeda por defecto para preguntas compartidas en el contexto Certificaci\xf3n Adultos Mayores.,www.certificaciones.comudeguadalajara.gob.mx+200518180546+BRve7g,Por defecto en Certificaci\xf3n Adultos Mayores,3,999,0
5,NULL,25,<blank>,www.certificaciones.comudeguadalajara.gob.mx+200518180546+0pWw5O,top,0,0,0
6,NULL,25,Categor\xeda por defecto para preguntas compartidas en el contexto Certificaciones en Ejercicio F\xedsico.,www.certificaciones.comudeguadalajara.gob.mx+200518180546+0NRznf,Por defecto en Certificaciones en Ejercicio F\xedsico,5,999,0
7,NULL,1,<blank>,www.certificaciones.comudeguadalajara.gob.mx+200518180546+gvSGEI,top,0,0,0
8,NULL,1,Categor\xeda por defecto para preguntas compartidas en el contexto Sistema.,www.certificaciones.comudeguadalajara.gob.mx+200518180546+R9gchC,Por defecto en Sistema,7,999,0
9,NULL,1274,<blank>,www.certificaciones.comudeguadalajara.gob.mx+201203160647+amy8sV,top,0,0,0
10,NULL,1274,Categor\xeda por defecto para preguntas compartidas en el contexto Examen \xdanico II Encuentro Mundial del Deporte.,www.certificaciones.comudeguadalajara.gob.mx+201203160647+glSYI8,Por defecto en Examen \xdanico II Encuentro Mundial del Deporte,9,999,0
11,NULL,1272,<blank>,www.certificaciones.comudeguadalajara.gob.mx+201203160647+QKqLiS,top,0,0,0
12,NULL,1272,Categor\xeda por defecto para preguntas compartidas en el contexto Examen II Encuentro Mundial del Deporte.,www.certificaciones.comudeguadalajara.gob.mx+201203160647+6lBPGU,Por defecto en Examen II Encuentro Mundial del Deporte,11,999,0
13,NULL,1271,<blank>,www.certificaciones.comudeguadalajara.gob.mx+201203160647+HiXIbx,top,0,0,0
14,NULL,1271,Categor\xeda por defecto para preguntas compartidas en el contexto Examen \xdanico II Encuentro Mundial del Deporte.,www.certificaciones.comudeguadalajara.gob.mx+201203160647+7EZMgp,Por defecto en Examen \xdanico II Encuentro Mundial del Deporte,13,999,0

