id,name,value,subtype,plugin,assignment
1,enabled,0,assignsubmission,onlinetext,1
2,enabled,1,assignsubmission,file,1
3,maxfilesubmissions,20,assignsubmission,file,1
4,maxsubmissionsizebytes,0,assignsubmission,file,1
5,filetypeslist,<blank>,assignsubmission,file,1
6,enabled,1,assignsubmission,comments,1
7,enabled,1,assignfeedback,comments,1
8,commentinline,0,assignfeedback,comments,1
9,enabled,1,assignfeedback,editpdf,1
10,enabled,0,assignfeedback,offline,1
11,enabled,0,assignfeedback,file,1
12,enabled,0,assignsubmission,onlinetext,2
13,enabled,1,assignsubmission,file,2
14,maxfilesubmissions,20,assignsubmission,file,2
15,maxsubmissionsizebytes,0,assignsubmission,file,2
16,filetypeslist,<blank>,assignsubmission,file,2
17,enabled,1,assignsubmission,comments,2
18,enabled,1,assignfeedback,comments,2
19,commentinline,0,assignfeedback,comments,2
20,enabled,1,assignfeedback,editpdf,2
21,enabled,0,assignfeedback,offline,2
22,enabled,0,assignfeedback,file,2
23,enabled,0,assignsubmission,onlinetext,3
24,enabled,1,assignsubmission,file,3
25,maxfilesubmissions,20,assignsubmission,file,3
26,maxsubmissionsizebytes,0,assignsubmission,file,3
27,filetypeslist,<blank>,assignsubmission,file,3
28,enabled,1,assignsubmission,comments,3
29,enabled,1,assignfeedback,comments,3
30,commentinline,0,assignfeedback,comments,3
31,enabled,1,assignfeedback,editpdf,3
32,enabled,0,assignfeedback,offline,3
33,enabled,0,assignfeedback,file,3
34,enabled,0,assignsubmission,onlinetext,4
35,enabled,1,assignsubmission,file,4
36,maxfilesubmissions,20,assignsubmission,file,4
37,maxsubmissionsizebytes,0,assignsubmission,file,4
38,filetypeslist,<blank>,assignsubmission,file,4
39,enabled,1,assignsubmission,comments,4
40,enabled,1,assignfeedback,comments,4
41,commentinline,0,assignfeedback,comments,4
42,enabled,1,assignfeedback,editpdf,4
43,enabled,0,assignfeedback,offline,4
44,enabled,0,assignfeedback,file,4
45,enabled,0,assignsubmission,onlinetext,5
46,enabled,1,assignsubmission,file,5
47,maxfilesubmissions,20,assignsubmission,file,5
48,maxsubmissionsizebytes,0,assignsubmission,file,5
49,filetypeslist,<blank>,assignsubmission,file,5
50,enabled,1,assignsubmission,comments,5
51,enabled,1,assignfeedback,comments,5
52,commentinline,0,assignfeedback,comments,5
53,enabled,1,assignfeedback,editpdf,5
54,enabled,0,assignfeedback,offline,5
55,enabled,0,assignfeedback,file,5
56,enabled,0,assignsubmission,onlinetext,6
57,enabled,1,assignsubmission,file,6
58,maxfilesubmissions,20,assignsubmission,file,6
59,maxsubmissionsizebytes,0,assignsubmission,file,6
60,filetypeslist,<blank>,assignsubmission,file,6
61,enabled,1,assignsubmission,comments,6
62,enabled,1,assignfeedback,comments,6
63,commentinline,0,assignfeedback,comments,6
64,enabled,1,assignfeedback,editpdf,6
65,enabled,0,assignfeedback,offline,6
66,enabled,0,assignfeedback,file,6
67,enabled,0,assignsubmission,onlinetext,7
68,enabled,1,assignsubmission,file,7
69,maxfilesubmissions,20,assignsubmission,file,7
70,maxsubmissionsizebytes,0,assignsubmission,file,7
71,filetypeslist,<blank>,assignsubmission,file,7
72,enabled,1,assignsubmission,comments,7
73,enabled,1,assignfeedback,comments,7
74,commentinline,0,assignfeedback,comments,7
75,enabled,1,assignfeedback,editpdf,7
76,enabled,0,assignfeedback,offline,7
77,enabled,0,assignfeedback,file,7
78,enabled,0,assignsubmission,onlinetext,8
79,enabled,0,assignsubmission,file,8
80,maxfilesubmissions,20,assignsubmission,file,8
81,maxsubmissionsizebytes,0,assignsubmission,file,8
82,filetypeslist,<blank>,assignsubmission,file,8
83,enabled,1,assignsubmission,comments,8
84,enabled,1,assignfeedback,comments,8
85,commentinline,0,assignfeedback,comments,8
86,enabled,1,assignfeedback,editpdf,8
87,enabled,0,assignfeedback,offline,8
88,enabled,0,assignfeedback,file,8
89,enabled,1,assignsubmission,onlinetext,9
90,wordlimit,0,assignsubmission,onlinetext,9
91,wordlimitenabled,0,assignsubmission,onlinetext,9
92,enabled,0,assignsubmission,file,9
93,maxfilesubmissions,20,assignsubmission,file,9
94,maxsubmissionsizebytes,0,assignsubmission,file,9
95,filetypeslist,<blank>,assignsubmission,file,9
96,enabled,1,assignsubmission,comments,9
97,enabled,1,assignfeedback,comments,9
98,commentinline,0,assignfeedback,comments,9
99,enabled,1,assignfeedback,editpdf,9
100,enabled,0,assignfeedback,offline,9
101,enabled,0,assignfeedback,file,9
102,enabled,0,assignsubmission,onlinetext,10
103,enabled,1,assignsubmission,file,10
104,maxfilesubmissions,20,assignsubmission,file,10
105,maxsubmissionsizebytes,0,assignsubmission,file,10
106,filetypeslist,<blank>,assignsubmission,file,10
107,enabled,1,assignsubmission,comments,10
108,enabled,1,assignfeedback,comments,10
109,commentinline,0,assignfeedback,comments,10
110,enabled,1,assignfeedback,editpdf,10
111,enabled,0,assignfeedback,offline,10
112,enabled,0,assignfeedback,file,10
113,enabled,0,assignsubmission,onlinetext,11
114,enabled,1,assignsubmission,file,11
115,maxfilesubmissions,20,assignsubmission,file,11
116,maxsubmissionsizebytes,0,assignsubmission,file,11
117,filetypeslist,<blank>,assignsubmission,file,11
118,enabled,1,assignsubmission,comments,11
119,enabled,1,assignfeedback,comments,11
120,commentinline,0,assignfeedback,comments,11
121,enabled,1,assignfeedback,editpdf,11
122,enabled,0,assignfeedback,offline,11
123,enabled,0,assignfeedback,file,11
124,enabled,0,assignsubmission,onlinetext,12
125,wordlimit,0,assignsubmission,onlinetext,12
126,wordlimitenabled,0,assignsubmission,onlinetext,12
127,enabled,1,assignsubmission,file,12
128,maxfilesubmissions,20,assignsubmission,file,12
129,maxsubmissionsizebytes,0,assignsubmission,file,12
130,filetypeslist,<blank>,assignsubmission,file,12
131,enabled,1,assignsubmission,comments,12
132,enabled,1,assignfeedback,comments,12
133,commentinline,0,assignfeedback,comments,12
134,enabled,1,assignfeedback,editpdf,12
135,enabled,0,assignfeedback,offline,12
136,enabled,0,assignfeedback,file,12
137,enabled,0,assignsubmission,onlinetext,13
138,wordlimit,0,assignsubmission,onlinetext,13
139,wordlimitenabled,0,assignsubmission,onlinetext,13
140,enabled,1,assignsubmission,file,13
141,maxfilesubmissions,20,assignsubmission,file,13
142,maxsubmissionsizebytes,0,assignsubmission,file,13
143,filetypeslist,<blank>,assignsubmission,file,13
144,enabled,1,assignsubmission,comments,13
145,enabled,1,assignfeedback,comments,13
146,commentinline,0,assignfeedback,comments,13
147,enabled,1,assignfeedback,editpdf,13
148,enabled,0,assignfeedback,offline,13
149,enabled,0,assignfeedback,file,13
150,enabled,0,assignsubmission,onlinetext,14
151,enabled,1,assignsubmission,file,14
152,maxfilesubmissions,20,assignsubmission,file,14
153,maxsubmissionsizebytes,0,assignsubmission,file,14
154,filetypeslist,<blank>,assignsubmission,file,14
155,enabled,1,assignsubmission,comments,14
156,enabled,1,assignfeedback,comments,14
157,commentinline,0,assignfeedback,comments,14
158,enabled,1,assignfeedback,editpdf,14
159,enabled,0,assignfeedback,offline,14
160,enabled,0,assignfeedback,file,14
161,enabled,0,assignsubmission,onlinetext,15
162,enabled,1,assignsubmission,file,15
163,maxfilesubmissions,20,assignsubmission,file,15
164,maxsubmissionsizebytes,0,assignsubmission,file,15
165,filetypeslist,<blank>,assignsubmission,file,15
166,enabled,1,assignsubmission,comments,15
167,enabled,1,assignfeedback,comments,15
168,commentinline,0,assignfeedback,comments,15
169,enabled,1,assignfeedback,editpdf,15
170,enabled,0,assignfeedback,offline,15
171,enabled,0,assignfeedback,file,15
172,enabled,0,assignsubmission,onlinetext,16
173,enabled,1,assignsubmission,file,16
174,maxfilesubmissions,20,assignsubmission,file,16
175,maxsubmissionsizebytes,0,assignsubmission,file,16
176,filetypeslist,<blank>,assignsubmission,file,16
177,enabled,1,assignsubmission,comments,16
178,enabled,1,assignfeedback,comments,16
179,commentinline,0,assignfeedback,comments,16
180,enabled,1,assignfeedback,editpdf,16
181,enabled,0,assignfeedback,offline,16
182,enabled,0,assignfeedback,file,16
183,enabled,0,assignsubmission,onlinetext,17
184,enabled,1,assignsubmission,file,17
185,maxfilesubmissions,20,assignsubmission,file,17
186,maxsubmissionsizebytes,0,assignsubmission,file,17
187,filetypeslist,<blank>,assignsubmission,file,17
188,enabled,1,assignsubmission,comments,17
189,enabled,1,assignfeedback,comments,17
190,commentinline,0,assignfeedback,comments,17
191,enabled,1,assignfeedback,editpdf,17
192,enabled,0,assignfeedback,offline,17
193,enabled,0,assignfeedback,file,17
194,enabled,0,assignsubmission,onlinetext,18
195,enabled,1,assignsubmission,file,18
196,maxfilesubmissions,20,assignsubmission,file,18
197,maxsubmissionsizebytes,0,assignsubmission,file,18
198,filetypeslist,<blank>,assignsubmission,file,18
199,enabled,1,assignsubmission,comments,18
200,enabled,1,assignfeedback,comments,18
201,commentinline,0,assignfeedback,comments,18
202,enabled,1,assignfeedback,editpdf,18
203,enabled,0,assignfeedback,offline,18
204,enabled,0,assignfeedback,file,18
205,enabled,0,assignsubmission,onlinetext,19
206,enabled,1,assignsubmission,file,19
207,maxfilesubmissions,20,assignsubmission,file,19
208,maxsubmissionsizebytes,0,assignsubmission,file,19
209,filetypeslist,<blank>,assignsubmission,file,19
210,enabled,1,assignsubmission,comments,19
211,enabled,1,assignfeedback,comments,19
212,commentinline,0,assignfeedback,comments,19
213,enabled,1,assignfeedback,editpdf,19
214,enabled,0,assignfeedback,offline,19
215,enabled,0,assignfeedback,file,19
216,enabled,0,assignsubmission,onlinetext,20
217,enabled,1,assignsubmission,file,20
218,maxfilesubmissions,20,assignsubmission,file,20
219,maxsubmissionsizebytes,0,assignsubmission,file,20
220,filetypeslist,<blank>,assignsubmission,file,20
221,enabled,1,assignsubmission,comments,20
222,enabled,1,assignfeedback,comments,20
223,commentinline,0,assignfeedback,comments,20
224,enabled,1,assignfeedback,editpdf,20
225,enabled,0,assignfeedback,offline,20
226,enabled,0,assignfeedback,file,20
227,enabled,0,assignsubmission,onlinetext,21
228,enabled,1,assignsubmission,file,21
229,maxfilesubmissions,20,assignsubmission,file,21
230,maxsubmissionsizebytes,0,assignsubmission,file,21
231,filetypeslist,<blank>,assignsubmission,file,21
232,enabled,1,assignsubmission,comments,21
233,enabled,1,assignfeedback,comments,21
234,commentinline,0,assignfeedback,comments,21
235,enabled,1,assignfeedback,editpdf,21
236,enabled,0,assignfeedback,offline,21
237,enabled,0,assignfeedback,file,21
238,enabled,0,assignsubmission,onlinetext,22
239,enabled,1,assignsubmission,file,22
240,maxfilesubmissions,20,assignsubmission,file,22
241,maxsubmissionsizebytes,0,assignsubmission,file,22
242,filetypeslist,<blank>,assignsubmission,file,22
243,enabled,1,assignsubmission,comments,22
244,enabled,1,assignfeedback,comments,22
245,commentinline,0,assignfeedback,comments,22
246,enabled,1,assignfeedback,editpdf,22
247,enabled,0,assignfeedback,offline,22
248,enabled,0,assignfeedback,file,22
249,enabled,0,assignsubmission,onlinetext,23
250,enabled,1,assignsubmission,file,23
251,maxfilesubmissions,20,assignsubmission,file,23
252,maxsubmissionsizebytes,0,assignsubmission,file,23
253,filetypeslist,<blank>,assignsubmission,file,23
254,enabled,1,assignsubmission,comments,23
255,enabled,1,assignfeedback,comments,23
256,commentinline,0,assignfeedback,comments,23
257,enabled,1,assignfeedback,editpdf,23
258,enabled,0,assignfeedback,offline,23
259,enabled,0,assignfeedback,file,23
260,enabled,0,assignsubmission,onlinetext,24
261,enabled,1,assignsubmission,file,24
262,maxfilesubmissions,20,assignsubmission,file,24
263,maxsubmissionsizebytes,0,assignsubmission,file,24
264,filetypeslist,<blank>,assignsubmission,file,24
265,enabled,1,assignsubmission,comments,24
266,enabled,1,assignfeedback,comments,24
267,commentinline,0,assignfeedback,comments,24
268,enabled,1,assignfeedback,editpdf,24
269,enabled,0,assignfeedback,offline,24
270,enabled,0,assignfeedback,file,24
271,enabled,0,assignsubmission,onlinetext,25
272,enabled,1,assignsubmission,file,25
273,maxfilesubmissions,20,assignsubmission,file,25
274,maxsubmissionsizebytes,0,assignsubmission,file,25
275,filetypeslist,<blank>,assignsubmission,file,25
276,enabled,1,assignsubmission,comments,25
277,enabled,1,assignfeedback,comments,25
278,commentinline,0,assignfeedback,comments,25
279,enabled,1,assignfeedback,editpdf,25
280,enabled,0,assignfeedback,offline,25
281,enabled,0,assignfeedback,file,25
282,enabled,0,assignsubmission,onlinetext,26
283,enabled,1,assignsubmission,file,26
284,maxfilesubmissions,20,assignsubmission,file,26
285,maxsubmissionsizebytes,0,assignsubmission,file,26
286,filetypeslist,<blank>,assignsubmission,file,26
287,enabled,1,assignsubmission,comments,26
288,enabled,1,assignfeedback,comments,26
289,commentinline,0,assignfeedback,comments,26
290,enabled,1,assignfeedback,editpdf,26
291,enabled,0,assignfeedback,offline,26
292,enabled,0,assignfeedback,file,26
293,enabled,0,assignsubmission,onlinetext,27
294,enabled,1,assignsubmission,file,27
295,maxfilesubmissions,20,assignsubmission,file,27
296,maxsubmissionsizebytes,0,assignsubmission,file,27
297,filetypeslist,<blank>,assignsubmission,file,27
298,enabled,1,assignsubmission,comments,27
299,enabled,1,assignfeedback,comments,27
300,commentinline,0,assignfeedback,comments,27
301,enabled,1,assignfeedback,editpdf,27
302,enabled,0,assignfeedback,offline,27
303,enabled,0,assignfeedback,file,27
304,enabled,0,assignsubmission,onlinetext,28
305,enabled,1,assignsubmission,file,28
306,maxfilesubmissions,20,assignsubmission,file,28
307,maxsubmissionsizebytes,0,assignsubmission,file,28
308,filetypeslist,<blank>,assignsubmission,file,28
309,enabled,1,assignsubmission,comments,28
310,enabled,1,assignfeedback,comments,28
311,commentinline,0,assignfeedback,comments,28
312,enabled,1,assignfeedback,editpdf,28
313,enabled,0,assignfeedback,offline,28
314,enabled,0,assignfeedback,file,28
315,enabled,0,assignsubmission,onlinetext,29
316,enabled,1,assignsubmission,file,29
317,maxfilesubmissions,20,assignsubmission,file,29
318,maxsubmissionsizebytes,0,assignsubmission,file,29
319,filetypeslist,<blank>,assignsubmission,file,29
320,enabled,1,assignsubmission,comments,29
321,enabled,1,assignfeedback,comments,29
322,commentinline,0,assignfeedback,comments,29
323,enabled,1,assignfeedback,editpdf,29
324,enabled,0,assignfeedback,offline,29
325,enabled,0,assignfeedback,file,29
326,enabled,0,assignsubmission,onlinetext,30
327,enabled,1,assignsubmission,file,30
328,maxfilesubmissions,20,assignsubmission,file,30
329,maxsubmissionsizebytes,0,assignsubmission,file,30
330,filetypeslist,<blank>,assignsubmission,file,30
331,enabled,1,assignsubmission,comments,30
332,enabled,1,assignfeedback,comments,30
333,commentinline,0,assignfeedback,comments,30
334,enabled,1,assignfeedback,editpdf,30
335,enabled,0,assignfeedback,offline,30
336,enabled,0,assignfeedback,file,30
337,enabled,0,assignsubmission,onlinetext,31
338,enabled,1,assignsubmission,file,31
339,maxfilesubmissions,20,assignsubmission,file,31
340,maxsubmissionsizebytes,0,assignsubmission,file,31
341,filetypeslist,<blank>,assignsubmission,file,31
342,enabled,1,assignsubmission,comments,31
343,enabled,1,assignfeedback,comments,31
344,commentinline,0,assignfeedback,comments,31
345,enabled,1,assignfeedback,editpdf,31
346,enabled,0,assignfeedback,offline,31
347,enabled,0,assignfeedback,file,31
348,enabled,0,assignsubmission,onlinetext,32
349,enabled,1,assignsubmission,file,32
350,maxfilesubmissions,20,assignsubmission,file,32
351,maxsubmissionsizebytes,0,assignsubmission,file,32
352,filetypeslist,<blank>,assignsubmission,file,32
353,enabled,1,assignsubmission,comments,32
354,enabled,1,assignfeedback,comments,32
355,commentinline,0,assignfeedback,comments,32
356,enabled,1,assignfeedback,editpdf,32
357,enabled,0,assignfeedback,offline,32
358,enabled,0,assignfeedback,file,32
359,enabled,0,assignsubmission,onlinetext,33
360,enabled,1,assignsubmission,file,33
361,maxfilesubmissions,20,assignsubmission,file,33
362,maxsubmissionsizebytes,0,assignsubmission,file,33
363,filetypeslist,<blank>,assignsubmission,file,33
364,enabled,1,assignsubmission,comments,33
365,enabled,1,assignfeedback,comments,33
366,commentinline,0,assignfeedback,comments,33
367,enabled,1,assignfeedback,editpdf,33
368,enabled,0,assignfeedback,offline,33
369,enabled,0,assignfeedback,file,33
370,enabled,0,assignsubmission,onlinetext,34
371,enabled,1,assignsubmission,file,34
372,maxfilesubmissions,20,assignsubmission,file,34
373,maxsubmissionsizebytes,0,assignsubmission,file,34
374,filetypeslist,<blank>,assignsubmission,file,34
375,enabled,1,assignsubmission,comments,34
376,enabled,1,assignfeedback,comments,34
377,commentinline,0,assignfeedback,comments,34
378,enabled,1,assignfeedback,editpdf,34
379,enabled,0,assignfeedback,offline,34
380,enabled,0,assignfeedback,file,34
381,enabled,0,assignsubmission,onlinetext,35
382,enabled,1,assignsubmission,file,35
383,maxfilesubmissions,20,assignsubmission,file,35
384,maxsubmissionsizebytes,0,assignsubmission,file,35
385,filetypeslist,<blank>,assignsubmission,file,35
386,enabled,1,assignsubmission,comments,35
387,enabled,1,assignfeedback,comments,35
388,commentinline,0,assignfeedback,comments,35
389,enabled,1,assignfeedback,editpdf,35
390,enabled,0,assignfeedback,offline,35
391,enabled,0,assignfeedback,file,35
392,enabled,0,assignsubmission,onlinetext,36
393,enabled,1,assignsubmission,file,36
394,maxfilesubmissions,20,assignsubmission,file,36
395,maxsubmissionsizebytes,0,assignsubmission,file,36
396,filetypeslist,<blank>,assignsubmission,file,36
397,enabled,1,assignsubmission,comments,36
398,enabled,1,assignfeedback,comments,36
399,commentinline,0,assignfeedback,comments,36
400,enabled,1,assignfeedback,editpdf,36
401,enabled,0,assignfeedback,offline,36
402,enabled,0,assignfeedback,file,36
403,enabled,0,assignsubmission,onlinetext,37
404,enabled,1,assignsubmission,file,37
405,maxfilesubmissions,20,assignsubmission,file,37
406,maxsubmissionsizebytes,0,assignsubmission,file,37
407,filetypeslist,<blank>,assignsubmission,file,37
408,enabled,1,assignsubmission,comments,37
409,enabled,1,assignfeedback,comments,37
410,commentinline,0,assignfeedback,comments,37
411,enabled,1,assignfeedback,editpdf,37
412,enabled,0,assignfeedback,offline,37
413,enabled,0,assignfeedback,file,37
414,enabled,0,assignsubmission,onlinetext,38
415,enabled,1,assignsubmission,file,38
416,maxfilesubmissions,20,assignsubmission,file,38
417,maxsubmissionsizebytes,0,assignsubmission,file,38
418,filetypeslist,<blank>,assignsubmission,file,38
419,enabled,1,assignsubmission,comments,38
420,enabled,1,assignfeedback,comments,38
421,commentinline,0,assignfeedback,comments,38
422,enabled,1,assignfeedback,editpdf,38
423,enabled,0,assignfeedback,offline,38
424,enabled,0,assignfeedback,file,38

