id,itemid,userid,contextid,itemtype,ordering,component,timecreated,timemodified
1,1,<blank>,5,message_conversations,1589230968,core_message,1589230968,2
2,2,<blank>,27,discussions,1590083604,mod_forum,1590083604,2
3,1,<blank>,27,discussions,1590083608,mod_forum,1590083608,2
4,3,<blank>,28,discussions,1590449198,mod_forum,1590449198,2
5,2,<blank>,49,message_conversations,1590521161,core_message,1590521161,6
6,3,<blank>,90,message_conversations,1592944672,core_message,1592944672,11
7,4,<blank>,91,message_conversations,1593202773,core_message,1593202773,12
8,5,<blank>,280,message_conversations,1593401442,core_message,1593401442,30
9,6,<blank>,550,message_conversations,1593556071,core_message,1593556071,57
10,7,<blank>,340,message_conversations,1593568417,core_message,1593568417,36
11,8,<blank>,610,message_conversations,1593580252,core_message,1593580252,63
12,9,<blank>,210,message_conversations,1593618759,core_message,1593618759,23
13,10,<blank>,580,message_conversations,1593627707,core_message,1593627707,60
14,11,<blank>,320,message_conversations,1593632355,core_message,1593632355,34
15,12,<blank>,590,message_conversations,1593633862,core_message,1593633862,61
16,13,<blank>,690,message_conversations,1593636579,core_message,1593636579,71
17,14,<blank>,330,message_conversations,1593637680,core_message,1593637680,35
18,15,<blank>,499,message_conversations,1593639637,core_message,1593639637,51
19,16,<blank>,621,message_conversations,1593644135,core_message,1593644135,65
20,17,<blank>,831,message_conversations,1593648529,core_message,1593648529,86
21,20,<blank>,170,message_conversations,1593649936,core_message,1593649936,19
22,21,<blank>,700,message_conversations,1593656721,core_message,1593656721,72
23,22,<blank>,720,message_conversations,1593663594,core_message,1593663594,74
24,2,<blank>,26,courses,1593725716,core_course,1593725716,66
25,10,<blank>,989,discussions,1593828632,mod_forum,1593828632,2
27,24,<blank>,160,message_conversations,1593904092,core_message,1593904092,18
28,25,<blank>,120,message_conversations,1593985739,core_message,1593985739,14
29,26,<blank>,391,message_conversations,1593985826,core_message,1593985826,42
30,27,<blank>,260,message_conversations,1594069142,core_message,1594069142,28
31,28,<blank>,750,message_conversations,1594078811,core_message,1594078811,77
32,29,<blank>,411,message_conversations,1594143625,core_message,1594143625,44
33,30,<blank>,469,message_conversations,1594177835,core_message,1594177835,48
34,31,<blank>,870,message_conversations,1594225122,core_message,1594225122,89
35,33,<blank>,909,message_conversations,1594261310,core_message,1594261310,92
36,10,<blank>,989,discussions,1594262073,mod_forum,1594262073,58
37,35,<blank>,641,message_conversations,1594272276,core_message,1594272276,67
39,36,<blank>,730,message_conversations,1594338705,core_message,1594338705,75
40,38,<blank>,928,message_conversations,1594413084,core_message,1594413084,93
41,39,<blank>,200,message_conversations,1594484987,core_message,1594484987,22
42,15,<blank>,989,discussions,1594512779,mod_forum,1594512779,71
43,40,<blank>,670,message_conversations,1594598960,core_message,1594598960,69
44,41,<blank>,631,message_conversations,1594692796,core_message,1594692796,66
45,43,<blank>,651,message_conversations,1594695603,core_message,1594695603,68
46,45,<blank>,791,message_conversations,1594777546,core_message,1594777546,82
47,46,<blank>,290,message_conversations,1594855006,core_message,1594855006,31
48,50,<blank>,250,message_conversations,1595036415,core_message,1595036415,27
49,53,<blank>,967,message_conversations,1595191916,core_message,1595191916,96
50,54,<blank>,509,message_conversations,1595257199,core_message,1595257199,52
51,55,<blank>,539,message_conversations,1595278246,core_message,1595278246,55
52,56,<blank>,180,message_conversations,1595860943,core_message,1595860943,20
53,58,<blank>,32,message_conversations,1595866049,core_message,1595866049,3
54,2,<blank>,26,courses,1596395388,core_course,1596395388,47
55,59,<blank>,519,message_conversations,1597286950,core_message,1597286950,53
56,60,<blank>,850,message_conversations,1599833820,core_message,1599833820,87
57,61,<blank>,1044,message_conversations,1601676595,core_message,1601676595,102
58,39,<blank>,28,discussions,1601916656,mod_forum,1601916656,2
59,42,<blank>,1143,discussions,1601917126,mod_forum,1601917126,2
60,38,<blank>,27,discussions,1601917129,mod_forum,1601917129,2
61,43,<blank>,1144,discussions,1601917248,mod_forum,1601917248,2
62,44,<blank>,1145,discussions,1601917338,mod_forum,1601917338,2
63,45,<blank>,1144,discussions,1601918225,mod_forum,1601918225,2
64,46,<blank>,28,discussions,1601918300,mod_forum,1601918300,2
65,62,<blank>,1178,message_conversations,1601948227,core_message,1601948227,115
66,42,<blank>,1143,discussions,1601962424,mod_forum,1601962424,113
67,63,<blank>,1043,message_conversations,1602045126,core_message,1602045126,101
68,64,<blank>,1133,message_conversations,1602126057,core_message,1602126057,110
69,47,<blank>,1143,discussions,1602168937,mod_forum,1602168937,2
70,48,<blank>,27,discussions,1602169066,mod_forum,1602169066,2
71,65,<blank>,1093,message_conversations,1602275692,core_message,1602275692,106
72,66,<blank>,1054,message_conversations,1602279103,core_message,1602279103,103
73,67,<blank>,1167,message_conversations,1602281104,core_message,1602281104,113
74,68,<blank>,1113,message_conversations,1602706260,core_message,1602706260,108
75,69,<blank>,1156,message_conversations,1602990729,core_message,1602990729,112
76,70,<blank>,1197,message_conversations,1603034238,core_message,1603034238,116
77,71,<blank>,50,message_conversations,1603067600,core_message,1603067600,7
78,72,<blank>,1237,message_conversations,1603067673,core_message,1603067673,120
79,79,<blank>,1146,message_conversations,1603491580,core_message,1603491580,111
80,81,<blank>,1064,message_conversations,1603493970,core_message,1603493970,104
81,82,<blank>,1123,message_conversations,1603598005,core_message,1603598005,109
82,83,<blank>,1247,message_conversations,1604184615,core_message,1604184615,121
83,85,<blank>,1168,message_conversations,1607324323,core_message,1607324323,114
84,86,<blank>,1288,message_conversations,1608224737,core_message,1608224737,127

