id,contextid,areaname,component,activemethod
1,29,submissions,mod_assign,guide
<blank>,2,30,mod_assign,submissions
<blank>,3,31,mod_assign,submissions
<blank>,4,35,mod_assign,submissions
<blank>,5,36,mod_assign,submissions
<blank>,6,38,mod_assign,submissions
<blank>,7,39,mod_assign,submissions
<blank>,8,40,mod_forum,forum
<blank>,9,41,mod_assign,submissions
<blank>,10,43,mod_assign,submissions
<blank>,11,44,mod_assign,submissions
<blank>,12,45,mod_assign,submissions
<blank>,13,46,mod_assign,submissions
<blank>,14,47,mod_assign,submissions
<blank>,15,989,mod_forum,forum
<blank>,16,990,mod_forum,forum
<blank>,17,1014,mod_assign,submissions
<blank>,18,1015,mod_assign,submissions
<blank>,19,1016,mod_assign,submissions
<blank>,20,1017,mod_assign,submissions
<blank>,21,1018,mod_assign,submissions
<blank>,22,1019,mod_assign,submissions
<blank>,23,1020,mod_assign,submissions
<blank>,24,1021,mod_assign,submissions
<blank>,25,1022,mod_assign,submissions
<blank>,26,1023,mod_assign,submissions
<blank>,27,1024,mod_assign,submissions
<blank>,28,1025,mod_assign,submissions
<blank>,29,1029,mod_assign,submissions
<blank>,30,1030,mod_assign,submissions
<blank>,31,1031,mod_assign,submissions
<blank>,32,1032,mod_assign,submissions
<blank>,33,1033,mod_assign,submissions
<blank>,34,1034,mod_assign,submissions
<blank>,35,1035,mod_assign,submissions
<blank>,36,1036,mod_assign,submissions
<blank>,37,1037,mod_assign,submissions
<blank>,38,1038,mod_assign,submissions
<blank>,39,1039,mod_assign,submissions
<blank>,40,1040,mod_assign,submissions
<blank>,41,1041,mod_assign,submissions
<blank>,42,1143,mod_forum,forum
<blank>,43,1144,mod_forum,forum
<blank>,44,1145,mod_forum,forum

