id,grade,assignment,commenttext,commentformat
463,1066,38,"<p dir=""ltr"" style=""text-align: left;"">hola buen d\xeda:</p><p dir=""ltr"" style=""text-align: left;"">excelente tu trabajo, solo te falto resaltar el tema de que LSM es patrimonio ling\xfc\xedstico en M\xe9xico.</p><p dir=""ltr"" style=""text-align: left;"">felicidades\xa1\xa1\xa1</p>",1
464,1067,38,"<p dir=""ltr"" style=""text-align: left;"">hola buen d\xeda:</p><p dir=""ltr"" style=""text-align: left;""><br></p><p dir=""ltr"" style=""text-align: left;"">excelente redacci\xf3n y trabajo, tu comprensi\xf3n fue lo solicitado.</p><p dir=""ltr"" style=""text-align: left;""><br></p><p dir=""ltr"" style=""text-align: left;"">felicidades, sigue as\xed</p>",1
465,1068,27,"<p dir=""ltr"" style=""text-align: left;"">hola buen d\xeda:</p><p dir=""ltr"" style=""text-align: left;"">excelente tus respuestas, concretas pero exactas. solamente en la pregunta 2, contestaste bien pero no mencionas como se mide<strong>, ""Audiometr\xeda</strong>"".</p><p dir=""ltr"" style=""text-align: left;"">en todos los dem\xe1s bien.</p><p dir=""ltr"" style=""text-align: left;""><br></p>",1
466,1069,27,"<p dir=""ltr"" style=""text-align: left;"">hola buen d\xeda:</p><p dir=""ltr"" style=""text-align: left;""><br></p><p dir=""ltr"" style=""text-align: left;"">excelente presentaci\xf3n, tus respuestas acertadas.</p><p dir=""ltr"" style=""text-align: left;"">felicidades, vas muy bien</p><p dir=""ltr"" style=""text-align: left;"">saludos</p>",1
467,1070,28,"<p dir=""ltr"" style=""text-align: left;"">hola buen d\xeda:</p><p dir=""ltr"" style=""text-align: left;"">muy bien tu video, tu expresi\xf3n corporal lo manejas bien, falta mas detalles en el facial, te recomiendo practiques mucho frente al espejo, cada movimiento de expresiones de sentimientos.</p><p dir=""ltr"" style=""text-align: left;"">las herramientas de clasificatorio que utilizaste para representar figuras, excelente.</p><p dir=""ltr"" style=""text-align: left;""><br></p><p dir=""ltr"" style=""text-align: left;"">saludos</p>",1
468,1071,38,"<p dir=""ltr"" style=""text-align: left;"">hola buen d\xeda:</p><p dir=""ltr"" style=""text-align: left;""><br></p><p dir=""ltr"" style=""text-align: left;"">merecido 100, buena redacci\xf3n, presentaci\xf3n y cumpliste con todo lo que se pidi\xf3.</p><p dir=""ltr"" style=""text-align: left;"">felicidades\xa1\xa1\xa1 sigue as\xed</p><p dir=""ltr"" style=""text-align: left;"">saludos</p>",1
469,1072,30,"<p dir=""ltr"" style=""text-align:left;"">hola buen d\xeda:</p><p dir=""ltr"" style=""text-align:left;""><br></p><p dir=""ltr"" style=""text-align:left;"">excelente trabajo, ahora practica las se\xf1as</p><p dir=""ltr"" style=""text-align:left;""><br></p><p dir=""ltr"" style=""text-align:left;"">felicidades\xa1\xa1\xa1 sigue as\xed</p>",1
470,1073,30,"<p dir=""ltr"" style=""text-align:left;"">hola buen d\xeda:</p><p dir=""ltr"" style=""text-align:left;""><br></p><p dir=""ltr"" style=""text-align:left;"">excelente trabajo, solo corregir que es el modulo 2, practica las se\xf1as de estos temas.</p><p dir=""ltr"" style=""text-align:left;""><br></p><p dir=""ltr"" style=""text-align:left;"">felicidades\xa1\xa1 sigue as\xed</p><p dir=""ltr"" style=""text-align:left;""><br></p>",1
471,1074,38,"<p dir=""ltr"" style=""text-align: left;"">hola buen d\xeda:</p><p dir=""ltr"" style=""text-align: left;"">la portada: te falto fecha y complementar que es una certificaci\xf3n en lengua de se\xf1as mexicana en el \xe1mbito deportivo</p><p dir=""ltr"" style=""text-align: left;"">el desarrollo: excelente</p><p dir=""ltr"" style=""text-align: left;"">conclusi\xf3n: no pusiste nada</p><p dir=""ltr"" style=""text-align: left;"">bibliograf\xeda: pusiste una pero te falto una adecuada presentaci\xf3n</p><p dir=""ltr"" style=""text-align: left;"">saludos\xa0</p><p dir=""ltr"" style=""text-align: left;""><br></p>",1
472,1075,38,"<p dir=""ltr"" style=""text-align: left;"">hola buen d\xeda:</p><p dir=""ltr"" style=""text-align: left;""><br></p><p dir=""ltr"" style=""text-align: left;"">excelente redacci\xf3n, cumpliste con todo lo solicitado y tu presentaci\xf3n fue completa.</p><p dir=""ltr"" style=""text-align: left;"">felicidades\xa1\xa1\xa1 sigue as\xed</p>",1
473,1076,38,"<p dir=""ltr"" style=""text-align: left;"">hola buen d\xeda:</p><p dir=""ltr"" style=""text-align: left;"">excelente redacci\xf3n, cumpliste con lo que se solicito y buena portada.</p><p dir=""ltr"" style=""text-align: left;"">felicidades\xa1\xa1\xa1 sigue as\xed</p><p dir=""ltr"" style=""text-align: left;""><br></p>",1
474,1077,38,"<p dir=""ltr"" style=""text-align: left;"">hola buen d\xeda:</p><p dir=""ltr"" style=""text-align: left;""><br></p><p dir=""ltr"" style=""text-align: left;"">excelente redacci\xf3n, se cumpli\xf3 con lo solicitado, y su presentaci\xf3n.</p><p dir=""ltr"" style=""text-align: left;"">felicidades\xa1\xa1\xa1 sigue as\xed\xa0</p>",1
475,1079,38,"<p dir=""ltr"" style=""text-align: left;"">hola buen d\xeda:</p><p dir=""ltr"" style=""text-align: left;"">excelente presentaci\xf3n y redacci\xf3n, cumpliste con todo lo solicitado y tu conclusi\xf3n como siempre atinada.</p><p dir=""ltr"" style=""text-align: left;"">felicidades\xa1\xa1\xa1\xa1 sigue as\xed</p>",1
476,1080,38,"<p dir=""ltr"" style=""text-align: left;"">hola buen d\xeda:</p><p dir=""ltr"" style=""text-align: left;"">en primer lugar hay que quitarnos esa idea de ""Lenguaje"", en tu portada dec\xeda ""lenguaje de se\xf1as mexicana"", es importante que ahora en adelante manejes ""lengua"" el termino.</p><p dir=""ltr"" style=""text-align: left;"">tu redacci\xf3n buena , tuviste algunos errores ya que te comidas algunas letras, excelente tu conclusi\xf3n sin embargo te falto la bibliograf\xeda para presentar tu trabajo.</p><p dir=""ltr"" style=""text-align: left;"">sigue adelante, vas bien.</p>",1
477,1081,38,"<p dir=""ltr"" style=""text-align: left;"">hola buen d\xeda:</p><p dir=""ltr"" style=""text-align: left;"">en tu portada trata de incluir fecha y nombre del maestro, tu redacci\xf3n excelente y tu conclusi\xf3n muy buena. en las referencias o bibliograf\xeda trata de utilizar una regla de formato APA.</p><p dir=""ltr"" style=""text-align: left;"">saludos</p>",1
478,1078,38,"<p dir=""ltr"" style=""text-align: left;"">hola buen d\xeda:</p><p dir=""ltr"" style=""text-align: left;""><br></p><p dir=""ltr"" style=""text-align: left;"">tu portada excelente, buena redacci\xf3n y conclusi\xf3n, bibliograf\xedas, cumpliste con lo solicitado y tu comprensi\xf3n es buena.</p><p dir=""ltr"" style=""text-align: left;"">felicidades\xa1\xa1\xa1 sigue as\xed.</p>",1
479,1082,38,"<p dir=""ltr"" style=""text-align: left;"">hola buen d\xeda:</p><p dir=""ltr"" style=""text-align: left;""><br></p><p dir=""ltr"" style=""text-align: left;"">te recomiendo en la portada poner el nombre del maestro, una imagen y la fecha.</p><p dir=""ltr"" style=""text-align: left;"">excelente tu redacci\xf3n, conclusi\xf3n y bibliograf\xeda.</p><p dir=""ltr"" style=""text-align: left;"">felicidades\xa1\xa1\xa1 sigue as\xed</p>",1
480,1083,38,"<p dir=""ltr"" style=""text-align: left;"">hola buen d\xeda:</p><p dir=""ltr"" style=""text-align: left;""><br></p><p dir=""ltr"" style=""text-align: left;"">excelente tu portada, buena redacci\xf3n, aunque falto tu conclusi\xf3n de lo aprendido y tu bibliograf\xeda completa.</p><p dir=""ltr"" style=""text-align: left;"">felicidades\xa1\xa1\xa1 sigue as\xed\xa0</p>",1
481,1085,38,"<p dir=""ltr"" style=""text-align: left;"">hola buen d\xeda:</p><p dir=""ltr"" style=""text-align: left;"">tu portada y redacci\xf3n son buenas, solamente falto el tema del patrimonio mexicano, tu conclusi\xf3n fue muy corta para toda la informaci\xf3n que se dio.</p><p dir=""ltr"" style=""text-align: left;"">vas muy bien\xa1\xa1\xa1</p>",1
482,1086,38,"<p dir=""ltr"" style=""text-align: left;"">hola buen d\xeda:</p><p dir=""ltr"" style=""text-align: left;""><br></p><p dir=""ltr"" style=""text-align: left;"">excelente portada, muy buena redacci\xf3n y la conclusi\xf3n, solo falto agregar la bibliograf\xeda para completar la actividad</p><p dir=""ltr"" style=""text-align: left;"">vas muy bien\xa1\xa1\xa1\xa1\xa1</p>",1
483,1087,38,"<p dir=""ltr"" style=""text-align: left;"">hola buen d\xeda:</p><p dir=""ltr"" style=""text-align: left;"">es necesario poner portada donde se pueda identificar el curso, actividad, nombre del alumno, del maestro y fecha.</p><p dir=""ltr"" style=""text-align: left;"">la redacci\xf3n del resumen fue buena y pude detectar la conclusi\xf3n pero falto indicarlo. la fuente o bibliograf\xeda fue la correcta.</p><p dir=""ltr"" style=""text-align: left;"">saludos</p><p dir=""ltr"" style=""text-align: left;""><br></p>",1
484,1088,38,"<p dir=""ltr"" style=""text-align: left;"">hola buen d\xeda:</p><p dir=""ltr"" style=""text-align: left;"">te recomiendo que en tu portada incorpores nombre del maestro y fecha. buena redacci\xf3n, conclusi\xf3n y bibliograf\xeda. cumpliste con lo pedido.</p><p dir=""ltr"" style=""text-align: left;"">sigue as\xed\xa1\xa1\xa1\xa0</p>",1
485,1089,27,"<p dir=""ltr"" style=""text-align: left;"">hola buen d\xeda:</p><p dir=""ltr"" style=""text-align: left;"">excelente respuestas, solo en LSM te falto poner al ultimo ""mexicana""</p><p dir=""ltr"" style=""text-align: left;"">vas muy bien\xa1\xa1\xa1</p>",1
486,1090,27,"<p dir=""ltr"" style=""text-align: left;"">hola buen d\xeda:</p><p dir=""ltr"" style=""text-align: left;""><br></p><p dir=""ltr"" style=""text-align: left;"">solo para aclarar son solo 3 tipos de Sordos; semilingue, oralista y se\xf1ante, los dem\xe1s que pusiste son con otras discapacidades. solo para agregar tambi\xe9n, el espa\xf1ol se\xf1ado es como lo manejamos los oyentes y el LSM tiene su propia estructura.</p><p dir=""ltr"" style=""text-align: left;"">vas muy bien\xa1\xa1\xa1</p>",1
487,1091,27,"<p dir=""ltr"" style=""text-align: left;"">hola buen dia:</p><p dir=""ltr"" style=""text-align: left;"">en la pregunta 4, creo que no entendiste los 3 tipos de Sordos en la comunidad Sorda serian; oralista, se\xf1ante y semiling\xfbe. lo que describes es clinicamente la descripcion de persona con discapacidad auditiva.</p><p dir=""ltr"" style=""text-align: left;"">en la respuesta de la 14; el espa\xf1ol se\xf1ado es en realidad como nosotros los oyentes hablamos, la lsm tiene su propia estrucutra.</p><p dir=""ltr"" style=""text-align: left;"">saludos</p>",1
488,1092,27,"<p dir=""ltr"" style=""text-align: left;"">hola buen dia:</p><p dir=""ltr"" style=""text-align: left;"">solo para aclarar el 10 de junio es el dia nacional y el 23 de septiembre es el dia internacional de la lengua de se\xf1as.</p><p dir=""ltr"" style=""text-align: left;"">excelente sigue asi\xa1\xa1\xa1</p>",1
489,1093,27,"<p dir=""ltr"" style=""text-align: left;"">hola buen dia:</p><p dir=""ltr"" style=""text-align: left;"">en la pregunta 4; se habla de tipos de Sordos en la comunidad Sorda que serian, oralista, se\xf1ante y semilingue. lo que describiste es lo que medicamente se explica de la discapacidad auditiva.</p><p dir=""ltr"" style=""text-align: left;"">en la pregunta 7; solo aclarar que es persona con Discapacidad ""auditiva""</p><p dir=""ltr"" style=""text-align: left;"">vas muy bien\xa1\xa1\xa1\xa1\xa1</p>",1
490,1094,27,"<p dir=""ltr"" style=""text-align: left;"">hola buen dia:</p><p dir=""ltr"" style=""text-align: left;"">excelente trabajo\xa1\xa1\xa1\xa1\xa1\xa1</p><p dir=""ltr"" style=""text-align: left;""><br></p>",1
491,1095,27,"<p dir=""ltr"" style=""text-align: left;"">hola buen d\xeda:</p><p dir=""ltr"" style=""text-align: left;"">excelente trabajo\xa1\xa1\xa1\xa1\xa1</p><p dir=""ltr"" style=""text-align: left;"">solo aclarando el 23 de septiembre es el d\xeda internacional de la lengua de se\xf1as y el 10 de junio es el d\xeda nacional de la lengua de se\xf1as en M\xe9xico.</p>",1
492,1096,27,"<p dir=""ltr"" style=""text-align: left;"">hola buen d\xeda:</p><p dir=""ltr"" style=""text-align: left;"">excelente trabajo\xa1\xa1\xa1\xa1</p><p dir=""ltr"" style=""text-align: left;"">solo aclarando que el 23 de septiembre es el d\xeda internacional de la lengua de se\xf1as y el 10 de junio es el d\xeda nacional de la lengua de se\xf1as en M\xe9xico.\xa0</p>",1
493,1097,27,"<p dir=""ltr"" style=""text-align: left;"">hola buen d\xeda:</p><p dir=""ltr"" style=""text-align: left;"">excelente trabajo\xa1\xa1\xa1\xa1\xa1</p><p dir=""ltr"" style=""text-align: left;"">solo aclarando que el 23 de septiembre es el d\xeda internacional de la lengua de se\xf1as y el 10 de junio es el d\xeda nacional de la lengua de se\xf1as en M\xe9xico.\xa0</p>",1
494,1098,27,"<p dir=""ltr"" style=""text-align: left;"">hola buen d\xeda:</p><p dir=""ltr"" style=""text-align: left;"">en la pregunta 13; es importante identificar el CL el cual algunas herramientas son el zoom, expresi\xf3n corporal, representaci\xf3n de im\xe1genes, etc..</p><p dir=""ltr"" style=""text-align: left;"">aclarando que el d\xeda 23 de septiembre es el d\xeda internacional de la lengua de se\xf1as y el 10 de junio es el d\xeda nacional de la lengua de se\xf1as en M\xe9xico.</p><p dir=""ltr"" style=""text-align: left;""><br></p>",1
495,1099,27,"<p dir=""ltr"" style=""text-align: left;"">hola buen d\xeda:</p><p dir=""ltr"" style=""text-align: left;"">muy buen trabajo\xa1\xa1\xa1</p><p dir=""ltr"" style=""text-align: left;"">solo te falto responder la pregunta 14, la diferencia entre lsm y espa\xf1ol se\xf1ado.</p><p dir=""ltr"" style=""text-align: left;""><br></p>",1
496,1100,27,"<p dir=""ltr"" style=""text-align: left;"">hola buen dia:</p><p dir=""ltr"" style=""text-align: left;"">excelente trabajo\xa1\xa1\xa1\xa1\xa1</p>",1
497,1101,27,"<p dir=""ltr"" style=""text-align: left;"">hola buen d\xeda:</p><p dir=""ltr"" style=""text-align: left;"">en la pregunta 4; te estas refiriendo a como se adquiere la discapacidad auditiva; la respuesta es oralista, se\xf1ante y semilingue.</p><p dir=""ltr"" style=""text-align: left;"">en la pregunta 7 solo te falto agregar persona Sorda y PCD auditiva.</p><p dir=""ltr"" style=""text-align: left;"">en la pregunta 9 cabe aclarar que el d\xeda 10 de junio es el d\xeda nacional de la lengua de se\xf1as en M\xe9xico y el 23 es el d\xeda internacional de la lengua de se\xf1as.</p><p dir=""ltr"" style=""text-align: left;"">la pregunta 11: el clasificatorio es un m\xe9todo mas que se utiliza para reforzar la lsm y se maneja con expresiones corporales, y representaciones de im\xe1genes, personajes o movimientos.</p><p dir=""ltr"" style=""text-align: left;"">la pregunta 12: trata de profundizar el tema de la educaci\xf3n biling\xfce -bicultural, es el eje de aprendizaje que tiene un Sordo y es un m\xe9todo del cual esta comprobado que sirve para que el Sordo tenga un mejor futuro en los dos mundos.</p><p dir=""ltr"" style=""text-align: left;"">en la pregunta 13, 14 y 15 pasa lo mismo que la 12 para que te quede mas claro estos temas.</p>",1
498,1102,27,"<p dir=""ltr"" style=""text-align: left;"">hola buen d\xeda:</p><p dir=""ltr"" style=""text-align: left;""><br></p><p dir=""ltr"" style=""text-align: left;"">en la pregunta 4: se refiere a los tipos de Sordos en la comunidad Sorda, oralista, se\xf1ante y semilingue.</p><p dir=""ltr"" style=""text-align: left;"">en la pregunta 11: la importancia de el clasificatorio agregaste parte de la respuesta de la pregunta 4.</p><p dir=""ltr"" style=""text-align: left;"">muy buen trabajo\xa1\xa1\xa1\xa1</p>",1
499,1103,27,"<p dir=""ltr"" style=""text-align: left;"">hola buen d\xeda:</p><p dir=""ltr"" style=""text-align: left;"">excelente trabajo\xa1\xa1\xa1</p><p dir=""ltr"" style=""text-align: left;"">solo aclarando el 23 de septiembre es el d\xeda internacional de la lengua de se\xf1as, el 10 de junio es el d\xeda nacional de la lengua de se\xf1as en M\xe9xico.</p><p dir=""ltr"" style=""text-align: left;""><br></p>",1
500,1104,27,"<p dir=""ltr"" style=""text-align: left;"">hola buen d\xeda:</p><p dir=""ltr"" style=""text-align: left;"">excelente trabajo\xa1\xa1\xa1\xa1\xa1</p>",1
501,1105,28,"<p dir=""ltr"" style=""text-align: left;""><br></p><p dir=""ltr"" style=""text-align: left;""><br></p><p dir=""ltr"" style=""text-align: left;"">excelente trabajo\xa1\xa1\xa1\xa1\xa1</p>",1
502,1107,28,"<p dir=""ltr"" style=""text-align: left;"">excelente trabajo\xa1\xa1\xa1\xa1</p>",1
503,1108,28,"<p dir=""ltr"" style=""text-align: left;"">excelente trabajo\xa1\xa1\xa1\xa1</p>",1
504,1109,28,"<p dir=""ltr"" style=""text-align: left;"">excelente trabajo\xa1\xa1\xa1\xa1</p>",1
505,1110,28,"<p dir=""ltr"" style=""text-align: left;"">excelente trabajo\xa1\xa1\xa1\xa1</p>",1
506,1106,28,"<p dir=""ltr"" style=""text-align: left;"">hola buen d\xeda:</p><p dir=""ltr"" style=""text-align: left;"">trata de al final poner una imagen, video o decir el nombre de la pel\xedcula.</p><p dir=""ltr"" style=""text-align: left;"">muy buen trabajo\xa1\xa1\xa1\xa1\xa1</p>",1
507,1135,38,"<p dir=""ltr"" style=""text-align: left;"">hola buen d\xeda:</p><p dir=""ltr"" style=""text-align: left;"">el trabajo es muy bueno, cumple con todo lo solicitado, mas sin embargo se entrego un d\xeda despu\xe9s de la fecha.\xa0</p><p dir=""ltr"" style=""text-align: left;""><br></p>",1
508,1136,28,"<p dir=""ltr"" style=""text-align: left;"">hola buen d\xeda:</p><p dir=""ltr"" style=""text-align: left;"">muy bien tu video, solo recuerda que cuando se habla con CL no se utiliza la lengua de se\xf1as, todo es una expresi\xf3n de im\xe1genes, ritmos, gestos y m\xedmica.</p><p dir=""ltr"" style=""text-align: left;"">felicidades\xa1\xa1\xa1\xa1\xa1 vas muy bien</p>",1
509,1137,28,"<p dir=""ltr"" style=""text-align: left;"">hola buen d\xeda:</p><p dir=""ltr"" style=""text-align: left;"">muy buen video, recuerda cuando hablamos solamente de CL es expresiones o representaci\xf3n de im\xe1genes, ritmos, personajes y no se utiliza Ls.</p><p dir=""ltr"" style=""text-align: left;"">felicidades\xa1\xa1\xa1\xa1 vas muy bien</p>",1
510,1138,28,"<p dir=""ltr"" style=""text-align: left;"">hola buen d\xeda:</p><p dir=""ltr"" style=""text-align: left;"">excelente\xa1\xa1\xa1\xa1\xa1 lo tienes, sigue as\xed</p>",1
511,1139,28,"<p dir=""ltr"" style=""text-align: left;"">hola buen d\xeda:</p><p dir=""ltr"" style=""text-align: left;"">muy buen video, tu expresi\xf3n excelente, trata de utilizar las dem\xe1s herramientas de CL, te seria de mucha utilidad.</p><p dir=""ltr"" style=""text-align: left;"">felicidades\xa1\xa1\xa1 vas muy bien</p>",1
512,1140,28,"<p dir=""ltr"" style=""text-align: left;"">hola buen d\xeda:</p><p dir=""ltr"" style=""text-align: left;"">muy buen video, solo recuerda que en ejercicios de CL no se utiliza LS, trata de practicar todas las herramientas que tiene un CL, como describir escenas, paisajes o personajes. tu expresi\xf3n muy buena y la descripci\xf3n de bote y remar.</p><p dir=""ltr"" style=""text-align: left;"">felicidades\xa1\xa1\xa1 vas muy bien</p>",1
513,1141,28,"<p dir=""ltr"" style=""text-align: left;"">hola buen d\xeda:</p><p dir=""ltr"" style=""text-align: left;"">excelente\xa1\xa1\xa1\xa1 solo recuerda cuando hay que describir solo con CL no se utiliza LS.</p><p dir=""ltr"" style=""text-align: left;"">felicidades\xa1\xa1\xa1\xa1</p>",1
514,1142,28,"<p dir=""ltr"" style=""text-align:left;""><br /></p>",1
515,1143,28,"<p dir=""ltr"" style=""text-align: left;"">hola buen d\xeda:</p><p dir=""ltr"" style=""text-align: left;"">excelente\xa1\xa1\xa1 utilizaste muy bien las herramientas de clasificadores.</p><p dir=""ltr"" style=""text-align: left;"">sigue as\xed</p>",1
516,1144,28,"<p dir=""ltr"" style=""text-align: left;"">hola buen d\xeda:</p><p dir=""ltr"" style=""text-align: left;"">muy buen video, cuando se pide una actividad solamente de CL, no se utiliza LS en el video dices la se\xf1a de ""Raton"" varias veces y algunas otras, hay que representarlas con otra herramienta de CL, practica las herramientas que tiene CL.</p><p dir=""ltr"" style=""text-align: left;"">vas muy bien, sigue as\xed\xa1\xa1\xa1\xa1</p>",1
517,1145,28,"<p dir=""ltr"" style=""text-align: left;"">hola buen d\xeda:</p><p dir=""ltr"" style=""text-align: left;"">felicidades\xa1\xa1\xa1 vas muy bien</p>",1
518,1148,29,"<p dir=""ltr"" style=""text-align: left;"">hola buen d\xeda:</p><p dir=""ltr"" style=""text-align: left;"">muy buen video, sigue practicando las se\xf1as y complem\xe9ntalas con el CL.</p><p dir=""ltr"" style=""text-align: left;"">felicidades\xa1\xa1\xa1</p>",1
519,1149,29,"<p dir=""ltr"" style=""text-align: left;"">hola buen dia:</p><p dir=""ltr"" style=""text-align: left;""><br></p><p dir=""ltr"" style=""text-align: left;"">excelente\xa1\xa1\xa1 se ve que vas poco a poco dominando las se\xf1as que se requieren, solo te falta perfeccionar el movimiento, note algunas que la ejecuci\xf3n te fallaba, pero toda tu redacci\xf3n es entendible y correcta.</p><p dir=""ltr"" style=""text-align: left;"">felicidades\xa1\xa1</p>",1
520,1150,29,"<p dir=""ltr"" style=""text-align: left;"">hola buen dia:</p><p dir=""ltr"" style=""text-align: left;"">excelente\xa1\xa1, muy buena redacci\xf3n, te das a entender, tus expresiones y utilizas bien las se\xf1as.</p><p dir=""ltr"" style=""text-align: left;"">sigue as\xed\xa1\xa1\xa1</p>",1
521,1151,29,"<p dir=""ltr"" style=""text-align: left;"">hola buen d\xeda:</p><p dir=""ltr"" style=""text-align: left;"">tu redacci\xf3n es aunque poca, es entendible. solamente note un error de ejecuci\xf3n de una se\xf1a ""nombre"" es con n y lo hiciste con m. tu expresi\xf3n fue buena.</p><p dir=""ltr"" style=""text-align: left;"">trata de practicar mas las se\xf1as en los videos de 2.1 para ampliar mas tu redacci\xf3n.</p><p dir=""ltr"" style=""text-align: left;"">vas muy bien\xa1\xa1</p>",1
522,1152,29,"<p dir=""ltr"" style=""text-align: left;"">hola buen d\xeda:</p><p dir=""ltr"" style=""text-align: left;"">muy buena redacci\xf3n, solo un error de una se\xf1a que utilizaste ""despertar"" es del ojo hacia los lados, porque utilizaste la se\xf1a de ""admiraci\xf3n"" es hacia al frente. se te entiende bien y tu expresi\xf3n la correcta.</p><p dir=""ltr"" style=""text-align: left;"">felicidades\xa1\xa1\xa1\xa1</p>",1
523,1153,29,"<p dir=""ltr"" style=""text-align: left;"">hola buen d\xeda:</p><p dir=""ltr"" style=""text-align: left;"">buen manejo de se\xf1as, tu expresi\xf3n y descripci\xf3n excelente, aunque la din\xe1mica se trataba de explicar la actividad de un d\xeda, fue buena, ya que utilizaste muchas se\xf1as de los videos de la act.2.1, solo que se entrego 2 d\xedas despu\xe9s.</p>",1
524,1154,29,"<p dir=""ltr"" style=""text-align: left;"">hola buen d\xeda:</p><p dir=""ltr"" style=""text-align: left;"">muy bien en tu redacci\xf3n pero trata de ahora si utilizar mas se\xf1as que CL, se te entiende bien, practica los videos del 2.1 y cuida el correcto movimiento de las se\xf1as.</p><p dir=""ltr"" style=""text-align: left;"">sigue as\xed</p>",1
525,1156,35,"<p dir=""ltr"" style=""text-align:left;"">hola buen d\xeda:</p><p dir=""ltr"" style=""text-align:left;"">excelente comprensi\xf3n, cada que interact\xfaes mas con Sordos te dar\xe1s cuenta que poco a poco entiendes mas, todo se empieza con las bases y esperamos que estos m\xf3dulos te sirvan para recordatorio o practicas.</p><p dir=""ltr"" style=""text-align:left;"">felicidades\xa1\xa1\xa1</p>",1
526,1158,33,"<p dir=""ltr"" style=""text-align: left;"">hola buen d\xeda:</p><p dir=""ltr"" style=""text-align: left;"">excelente trabajo, es bueno tener el conocimiento de esta estructura ya que muy pocas veces se habla de uno de los tres m\xe1ximos exponentes del deporte adaptado como lo son ISCD.</p><p dir=""ltr"" style=""text-align: left;""><br></p>",1
527,1147,29,"<p dir=""ltr"" style=""text-align: left;"">hola buen d\xeda:</p><p dir=""ltr"" style=""text-align: left;"">excelente trabajo, se te entiende bien, solo hay que practicar el trayecto del movimiento de la se\xf1a.</p><p dir=""ltr"" style=""text-align: left;"">vas muy bien\xa1\xa1\xa1\xa1</p>",1
528,1084,28,"<p dir=""ltr"" style=""text-align: left;"">hola buen d\xeda:</p><p dir=""ltr"" style=""text-align: left;"">buena expresi\xf3n facial y corporal, te recomendamos utilizar las dem\xe1s herramientas de CL como es el zoom, el uso de representar dos personajes (un lado que sea el del le\xf3n y el otro cuando hable el raton)</p><p dir=""ltr"" style=""text-align: left;"">vas muy bien, sigue as\xed\xa1\xa1\xa1</p>",1
529,1159,29,"<p dir=""ltr"" style=""text-align: left;"">hola buen d\xeda:</p><p dir=""ltr"" style=""text-align: left;"">falta un poco de correcci\xf3n de movimiento en la ejecuci\xf3n de la se\xf1a, pero con practica se puede ir acomodando.</p><p dir=""ltr"" style=""text-align: left;"">te recomendamos , practica oraciones frente al espejo.</p><p dir=""ltr"" style=""text-align: left;"">vas muy bien felicidades\xa1\xa1\xa1</p>",1
530,1161,29,"<p dir=""ltr"" style=""text-align: left;"">hola buen d\xeda:</p><p dir=""ltr"" style=""text-align: left;"">tienes muy bien entendido como explicarlo en se\xf1as, de seguro con la practica lograras dominarlo y comunicarte bien.</p><p dir=""ltr"" style=""text-align: left;"">vas muy bien\xa1\xa1\xa1</p>",1
531,1163,29,"<p dir=""ltr"" style=""text-align: left;"">hola buen d\xeda:</p><p dir=""ltr"" style=""text-align: left;"">te recomendamos que escribas lo dir\xedas en espa\xf1ol y despu\xe9s le a\xf1adas las se\xf1as junto con el CL.</p><p dir=""ltr"" style=""text-align: left;"">vas muy bien, practica la ejecuci\xf3n de la se\xf1a</p>",1
532,1164,29,"<p dir=""ltr"" style=""text-align: left;"">hola buen dia:</p><p dir=""ltr"" style=""text-align: left;"">excelente trabajo\xa1\xa1\xa1</p>",1
533,1162,29,"<p dir=""ltr"" style=""text-align: left;"">hola buen d\xeda:</p><p dir=""ltr"" style=""text-align: left;"">buena presentaci\xf3n, se nota mas la practica de la se\xf1a, muy bien Prof. solo trate de practicar las se\xf1as de los videos y practicar la oraci\xf3n en espa\xf1ol a la LSM</p><p dir=""ltr"" style=""text-align: left;"">vas muy bien\xa1\xa1</p>",1
534,1166,29,"<p dir=""ltr"" style=""text-align: left;"">hola buen d\xeda:</p><p dir=""ltr"" style=""text-align: left;"">le recomendamos practicar en el espejo, corregir un poco la ejecuci\xf3n de la se\xf1a.</p><p dir=""ltr"" style=""text-align: left;"">vas muy bien\xa1\xa1\xa1</p>",1
535,1174,30,"<p dir=""ltr"" style=""text-align: left;"">hola buen d\xeda:</p><p dir=""ltr"" style=""text-align: left;"">record\xe1ndote los modismos que hay en diferentes regiones del pais y que en otros paises la se\xf1a cambia.</p><p dir=""ltr"" style=""text-align: left;"">las palabras ""hijo, abuelo,nuero"" estan mal y en las se\xf1as de preguntas a excepci\xf3n de ""que haces"" estan mal.</p><p dir=""ltr"" style=""text-align: left;"">favor de checar las se\xf1as que se manejan en el video de la maestra Rosa Elena.</p><p dir=""ltr"" style=""text-align: left;"">hay que cuidar estos detalles.</p>",1
536,1176,30,"<p dir=""ltr"" style=""text-align: left;"">excelente, pero tuve que bajarte puntos por la entrega tardia.</p><p dir=""ltr"" style=""text-align: left;""><br></p>",1
537,1177,30,"<p dir=""ltr"" style=""text-align: left;"">hola buen dia:</p><p dir=""ltr"" style=""text-align: left;"">hay que recordar que existen modismos en diferentes regiones del pais y en otros paises las se\xf1as cambian totalmente.</p><p dir=""ltr"" style=""text-align: left;"">en todas las se\xf1as de familia estan incorrectas deben pertenecer algun otro pais, lo demas es correcto.</p><p dir=""ltr"" style=""text-align: left;"">checa los videos de la maestra Rosa elena.</p><p dir=""ltr"" style=""text-align: left;""><br></p>",1
538,1168,30,"<p dir=""ltr"" style=""text-align: left;"">hola buen dia:</p><p dir=""ltr"" style=""text-align: left;"">no hab\xeda checado que se envio 4 dias despues de la fecha.</p><p dir=""ltr"" style=""text-align: left;"">recomendaci\xf3n, trata de acostumbrarte a decir ""LENGUA"", no es lenguaje</p>",1
539,1167,29,"<p dir=""ltr"" style=""text-align: left;"">Excelente trabajo\xa1\xa1\xa1 \xa0te pudiera poner un 100 pero lo entregaste fuera de tiempo.</p><p dir=""ltr"" style=""text-align: left;""><br></p>",1
540,1211,31,"<p dir=""ltr"" style=""text-align: left;"">hola buen dia:</p><p dir=""ltr"" style=""text-align: left;""><br></p><p dir=""ltr"" style=""text-align: left;"">muy bien con el video, solo repasa los numeros en los videos de la maestra Rosa Elena, porque la indicacion que diste de los numeros estaba mal.</p>",1
541,1215,31,"<p dir=""ltr"" style=""text-align: left;"">hola buen dia:</p><p dir=""ltr"" style=""text-align: left;"">la se\xf1a de dolor, lo estas haciendo mal es vertical y en forma acendente por la nariz hasta la frente.</p><p dir=""ltr"" style=""text-align: left;"">de ahi en mas excelente\xa1\xa1\xa1\xa1</p>",1
542,1216,31,"<p dir=""ltr"" style=""text-align: left;"">hola buen dia:</p><p dir=""ltr"" style=""text-align: left;"">el tema era dar servicios de primeros auxilios o atenci\xf3n a un atleta Sordo lastimado.</p><p dir=""ltr"" style=""text-align: left;"">vas progresando, solo practica mas la ejecuci\xf3n de la se\xf1a.</p><p dir=""ltr"" style=""text-align: left;"">saludos</p>",1
543,1203,33,"<p dir=""ltr"" style=""text-align: left;"">hola buen d\xeda:</p><p dir=""ltr"" style=""text-align: left;"">te falto mencionar a ICSD que es la federaci\xf3n internacional de Sordos y te equivocaste al poner FEMEDESOR que es la federaci\xf3n mexicana de deportes para Sordos.</p><p dir=""ltr"" style=""text-align: left;""><br></p>",1
544,1206,31,"<p dir=""ltr"" style=""text-align: left;"">hola buen dia:</p><p dir=""ltr"" style=""text-align: left;""><br></p><p dir=""ltr"" style=""text-align: left;"">te daria un 100 pero el trabajo fue entregado dias despues.\xa0</p><p dir=""ltr"" style=""text-align: left;"">saludos</p>",1
545,1245,33,"<p dir=""ltr"" style=""text-align: left;"">hola buen d\xeda:</p><p dir=""ltr"" style=""text-align: left;"">te dar\xeda un 100 pero el trabajo fue entregado d\xedas despu\xe9s.</p>",1
546,1254,33,"<p dir=""ltr"" style=""text-align: left;"">paralimpiada solo participa atletismo infantil y juvenil</p><p dir=""ltr"" style=""text-align: left;"">te falto agregar la asociaci\xf3n deportiva para Sordos</p>",1
547,1266,34,"<p dir=""ltr"" style=""text-align: left;"">excelente\xa1\xa1\xa1 te dar\xeda 100 pero se entrego d\xedas despu\xe9s.</p>",1
548,1284,36,"<p dir=""ltr"" style=""text-align: left;"">trata de cuando hagas conteo, lo hagas tambi\xe9n con las manos, ""ejercicio"" acent\xfaa mas la letra E.</p><p dir=""ltr"" style=""text-align: left;"">practica las se\xf1as, pero mas sin hablar, eso te forzara a depender mas de la se\xf1a que del habla.</p>",1
549,1289,36,"<p dir=""ltr"" style=""text-align: left;"">solo te fallo la se\xf1a de repetir</p>",1
550,1291,36,"<p dir=""ltr"" style=""text-align: left;"">practica toda la trayectoria del correcto movimiento de Calentamiento y suave, los numeros los haces de frente, deben ser invertidos hacia ti, la (palma) sobre todo del 1 al 5</p>",1
551,1294,36,"<p dir=""ltr"" style=""text-align: left;"">checa la ejecuccion de la se\xf1a de ""estiramiento""</p>",1
552,1296,36,"<p dir=""ltr"" style=""text-align: left;"">practicar la ejecuci\xf3n de la se\xf1a de ""despu\xe9s"".</p>",1
553,1350,35,"<p dir=""ltr"" style=""text-align: left;"">importante corregir el uso de LENGUAJE, es importante para nosotras las maestras y la comunidad Sorda el que se use correctamente LENGUA y no LENGUAJE.</p><p dir=""ltr"" style=""text-align: left;"">porfavor sobre todo por haber tomado este curso cuida este importante termino.</p>",1
554,1298,37,"<p dir=""ltr"" style=""text-align:left;"">dice que tiene un error</p><p dir=""ltr"" style=""text-align:left;"">favor de enviar nuevamente el video final</p>",1
555,1368,37,"<p dir=""ltr"" style=""text-align:left;"">no se pudo abrir el pdf</p><p dir=""ltr"" style=""text-align:left;"">favor de mandar de nuevo el link</p><p dir=""ltr"" style=""text-align:left;""><br /></p>",1

