id,numfiles,assignment,submission
base64:type253:MW13eWxkcjg1OG13eWxkcjFtd3lsZHIxMjU2,base64:type253:MW13eWxkcjg1OG13eWxkcjFtd3lsZHIxMjU2,base64:type253:MW13eWxkcjg1OG13eWxkcjFtd3lsZHIxMjU2,base64:type253:MW13eWxkcjg1OG13eWxkcjFtd3lsZHIxMjU2
base64:type253:Mzhtd3lsZHI4NTltd3lsZHIxbXd5bGRyMTI2MQ==,base64:type253:Mzhtd3lsZHI4NTltd3lsZHIxbXd5bGRyMTI2MQ==,base64:type253:Mzhtd3lsZHI4NTltd3lsZHIxbXd5bGRyMTI2MQ==,base64:type253:Mzhtd3lsZHI4NTltd3lsZHIxbXd5bGRyMTI2MQ==
base64:type253:MW13eWxkcjg2MG13eWxkcjFtd3lsZHIxMjk3,base64:type253:MW13eWxkcjg2MG13eWxkcjFtd3lsZHIxMjk3,base64:type253:MW13eWxkcjg2MG13eWxkcjFtd3lsZHIxMjk3,base64:type253:MW13eWxkcjg2MG13eWxkcjFtd3lsZHIxMjk3
base64:type253:Mjdtd3lsZHI4NjFtd3lsZHIxbXd5bGRyMTI3Nw==,base64:type253:Mjdtd3lsZHI4NjFtd3lsZHIxbXd5bGRyMTI3Nw==,base64:type253:Mjdtd3lsZHI4NjFtd3lsZHIxbXd5bGRyMTI3Nw==,base64:type253:Mjdtd3lsZHI4NjFtd3lsZHIxbXd5bGRyMTI3Nw==
base64:type253:Mm13eWxkcjg2Mm13eWxkcjFtd3lsZHIxMjU4,base64:type253:Mm13eWxkcjg2Mm13eWxkcjFtd3lsZHIxMjU4,base64:type253:Mm13eWxkcjg2Mm13eWxkcjFtd3lsZHIxMjU4,base64:type253:Mm13eWxkcjg2Mm13eWxkcjFtd3lsZHIxMjU4
base64:type253:Mm13eWxkcjg2M213eWxkcjFtd3lsZHIxMzA1,base64:type253:Mm13eWxkcjg2M213eWxkcjFtd3lsZHIxMzA1,base64:type253:Mm13eWxkcjg2M213eWxkcjFtd3lsZHIxMzA1,base64:type253:Mm13eWxkcjg2M213eWxkcjFtd3lsZHIxMzA1
base64:type253:Mzhtd3lsZHI4NjRtd3lsZHIxbXd5bGRyMTMwMA==,base64:type253:Mzhtd3lsZHI4NjRtd3lsZHIxbXd5bGRyMTMwMA==,base64:type253:Mzhtd3lsZHI4NjRtd3lsZHIxbXd5bGRyMTMwMA==,base64:type253:Mzhtd3lsZHI4NjRtd3lsZHIxbXd5bGRyMTMwMA==
base64:type253:Mjdtd3lsZHI4NjVtd3lsZHIxbXd5bGRyMTMwNw==,base64:type253:Mjdtd3lsZHI4NjVtd3lsZHIxbXd5bGRyMTMwNw==,base64:type253:Mjdtd3lsZHI4NjVtd3lsZHIxbXd5bGRyMTMwNw==,base64:type253:Mjdtd3lsZHI4NjVtd3lsZHIxbXd5bGRyMTMwNw==
base64:type253:M213eWxkcjg2Nm13eWxkcjFtd3lsZHIxMzEy,base64:type253:M213eWxkcjg2Nm13eWxkcjFtd3lsZHIxMzEy,base64:type253:M213eWxkcjg2Nm13eWxkcjFtd3lsZHIxMzEy,base64:type253:M213eWxkcjg2Nm13eWxkcjFtd3lsZHIxMzEy
base64:type253:M213eWxkcjg2N213eWxkcjFtd3lsZHIxMjk2,base64:type253:M213eWxkcjg2N213eWxkcjFtd3lsZHIxMjk2,base64:type253:M213eWxkcjg2N213eWxkcjFtd3lsZHIxMjk2,base64:type253:M213eWxkcjg2N213eWxkcjFtd3lsZHIxMjk2
base64:type253:MW13eWxkcjg2OG13eWxkcjFtd3lsZHIxMzE3,base64:type253:MW13eWxkcjg2OG13eWxkcjFtd3lsZHIxMzE3,base64:type253:MW13eWxkcjg2OG13eWxkcjFtd3lsZHIxMzE3,base64:type253:MW13eWxkcjg2OG13eWxkcjFtd3lsZHIxMzE3
base64:type253:Mjhtd3lsZHI4Njltd3lsZHIxbXd5bGRyMTMxMw==,base64:type253:Mjhtd3lsZHI4Njltd3lsZHIxbXd5bGRyMTMxMw==,base64:type253:Mjhtd3lsZHI4Njltd3lsZHIxbXd5bGRyMTMxMw==,base64:type253:Mjhtd3lsZHI4Njltd3lsZHIxbXd5bGRyMTMxMw==
base64:type253:MW13eWxkcjg3MG13eWxkcjFtd3lsZHIxMzEx,base64:type253:MW13eWxkcjg3MG13eWxkcjFtd3lsZHIxMzEx,base64:type253:MW13eWxkcjg3MG13eWxkcjFtd3lsZHIxMzEx,base64:type253:MW13eWxkcjg3MG13eWxkcjFtd3lsZHIxMzEx
base64:type253:Mm13eWxkcjg3MW13eWxkcjFtd3lsZHIxMzIy,base64:type253:Mm13eWxkcjg3MW13eWxkcjFtd3lsZHIxMzIy,base64:type253:Mm13eWxkcjg3MW13eWxkcjFtd3lsZHIxMzIy,base64:type253:Mm13eWxkcjg3MW13eWxkcjFtd3lsZHIxMzIy
base64:type253:M213eWxkcjg3Mm13eWxkcjFtd3lsZHIxMzIz,base64:type253:M213eWxkcjg3Mm13eWxkcjFtd3lsZHIxMzIz,base64:type253:M213eWxkcjg3Mm13eWxkcjFtd3lsZHIxMzIz,base64:type253:M213eWxkcjg3Mm13eWxkcjFtd3lsZHIxMzIz
base64:type253:Mzhtd3lsZHI4NzNtd3lsZHIxbXd5bGRyMTI4MA==,base64:type253:Mzhtd3lsZHI4NzNtd3lsZHIxbXd5bGRyMTI4MA==,base64:type253:Mzhtd3lsZHI4NzNtd3lsZHIxbXd5bGRyMTI4MA==,base64:type253:Mzhtd3lsZHI4NzNtd3lsZHIxbXd5bGRyMTI4MA==
base64:type253:MW13eWxkcjg3NG13eWxkcjFtd3lsZHIxMzEw,base64:type253:MW13eWxkcjg3NG13eWxkcjFtd3lsZHIxMzEw,base64:type253:MW13eWxkcjg3NG13eWxkcjFtd3lsZHIxMzEw,base64:type253:MW13eWxkcjg3NG13eWxkcjFtd3lsZHIxMzEw
base64:type253:Mm13eWxkcjg3NW13eWxkcjFtd3lsZHIxMzE4,base64:type253:Mm13eWxkcjg3NW13eWxkcjFtd3lsZHIxMzE4,base64:type253:Mm13eWxkcjg3NW13eWxkcjFtd3lsZHIxMzE4,base64:type253:Mm13eWxkcjg3NW13eWxkcjFtd3lsZHIxMzE4
base64:type253:M213eWxkcjg3Nm13eWxkcjFtd3lsZHIxMzE5,base64:type253:M213eWxkcjg3Nm13eWxkcjFtd3lsZHIxMzE5,base64:type253:M213eWxkcjg3Nm13eWxkcjFtd3lsZHIxMzE5,base64:type253:M213eWxkcjg3Nm13eWxkcjFtd3lsZHIxMzE5
base64:type253:Mjdtd3lsZHI4Nzdtd3lsZHIxbXd5bGRyMTI4Mw==,base64:type253:Mjdtd3lsZHI4Nzdtd3lsZHIxbXd5bGRyMTI4Mw==,base64:type253:Mjdtd3lsZHI4Nzdtd3lsZHIxbXd5bGRyMTI4Mw==,base64:type253:Mjdtd3lsZHI4Nzdtd3lsZHIxbXd5bGRyMTI4Mw==
base64:type253:Mzhtd3lsZHI4Nzhtd3lsZHIxbXd5bGRyMTMxNA==,base64:type253:Mzhtd3lsZHI4Nzhtd3lsZHIxbXd5bGRyMTMxNA==,base64:type253:Mzhtd3lsZHI4Nzhtd3lsZHIxbXd5bGRyMTMxNA==,base64:type253:Mzhtd3lsZHI4Nzhtd3lsZHIxbXd5bGRyMTMxNA==
base64:type253:Mjdtd3lsZHI4Nzltd3lsZHIxbXd5bGRyMTI4NQ==,base64:type253:Mjdtd3lsZHI4Nzltd3lsZHIxbXd5bGRyMTI4NQ==,base64:type253:Mjdtd3lsZHI4Nzltd3lsZHIxbXd5bGRyMTI4NQ==,base64:type253:Mjdtd3lsZHI4Nzltd3lsZHIxbXd5bGRyMTI4NQ==
base64:type253:Mjhtd3lsZHI4ODBtd3lsZHIxbXd5bGRyMTI3OA==,base64:type253:Mjhtd3lsZHI4ODBtd3lsZHIxbXd5bGRyMTI3OA==,base64:type253:Mjhtd3lsZHI4ODBtd3lsZHIxbXd5bGRyMTI3OA==,base64:type253:Mjhtd3lsZHI4ODBtd3lsZHIxbXd5bGRyMTI3OA==
base64:type253:Mjdtd3lsZHI4ODFtd3lsZHIxbXd5bGRyMTI2Mw==,base64:type253:Mjdtd3lsZHI4ODFtd3lsZHIxbXd5bGRyMTI2Mw==,base64:type253:Mjdtd3lsZHI4ODFtd3lsZHIxbXd5bGRyMTI2Mw==,base64:type253:Mjdtd3lsZHI4ODFtd3lsZHIxbXd5bGRyMTI2Mw==
base64:type253:Mm13eWxkcjg4Mm13eWxkcjFtd3lsZHIxMzIx,base64:type253:Mm13eWxkcjg4Mm13eWxkcjFtd3lsZHIxMzIx,base64:type253:Mm13eWxkcjg4Mm13eWxkcjFtd3lsZHIxMzIx,base64:type253:Mm13eWxkcjg4Mm13eWxkcjFtd3lsZHIxMzIx
base64:type253:Mzhtd3lsZHI4ODNtd3lsZHIxbXd5bGRyMTI4Nw==,base64:type253:Mzhtd3lsZHI4ODNtd3lsZHIxbXd5bGRyMTI4Nw==,base64:type253:Mzhtd3lsZHI4ODNtd3lsZHIxbXd5bGRyMTI4Nw==,base64:type253:Mzhtd3lsZHI4ODNtd3lsZHIxbXd5bGRyMTI4Nw==
base64:type253:Mjdtd3lsZHI4ODRtd3lsZHIxbXd5bGRyMTI5OA==,base64:type253:Mjdtd3lsZHI4ODRtd3lsZHIxbXd5bGRyMTI5OA==,base64:type253:Mjdtd3lsZHI4ODRtd3lsZHIxbXd5bGRyMTI5OA==,base64:type253:Mjdtd3lsZHI4ODRtd3lsZHIxbXd5bGRyMTI5OA==
base64:type253:NG13eWxkcjg4NW13eWxkcjFtd3lsZHIxMzM1,base64:type253:NG13eWxkcjg4NW13eWxkcjFtd3lsZHIxMzM1,base64:type253:NG13eWxkcjg4NW13eWxkcjFtd3lsZHIxMzM1,base64:type253:NG13eWxkcjg4NW13eWxkcjFtd3lsZHIxMzM1
base64:type253:Mzhtd3lsZHI4ODZtd3lsZHIxbXd5bGRyMTMwMw==,base64:type253:Mzhtd3lsZHI4ODZtd3lsZHIxbXd5bGRyMTMwMw==,base64:type253:Mzhtd3lsZHI4ODZtd3lsZHIxbXd5bGRyMTMwMw==,base64:type253:Mzhtd3lsZHI4ODZtd3lsZHIxbXd5bGRyMTMwMw==
base64:type253:Mjdtd3lsZHI4ODdtd3lsZHIxbXd5bGRyMTMwOA==,base64:type253:Mjdtd3lsZHI4ODdtd3lsZHIxbXd5bGRyMTMwOA==,base64:type253:Mjdtd3lsZHI4ODdtd3lsZHIxbXd5bGRyMTMwOA==,base64:type253:Mjdtd3lsZHI4ODdtd3lsZHIxbXd5bGRyMTMwOA==
base64:type253:MzBtd3lsZHI4ODhtd3lsZHIxbXd5bGRyMTMyOQ==,base64:type253:MzBtd3lsZHI4ODhtd3lsZHIxbXd5bGRyMTMyOQ==,base64:type253:MzBtd3lsZHI4ODhtd3lsZHIxbXd5bGRyMTMyOQ==,base64:type253:MzBtd3lsZHI4ODhtd3lsZHIxbXd5bGRyMTMyOQ==
base64:type253:MzBtd3lsZHI4ODltd3lsZHIxbXd5bGRyMTMzNA==,base64:type253:MzBtd3lsZHI4ODltd3lsZHIxbXd5bGRyMTMzNA==,base64:type253:MzBtd3lsZHI4ODltd3lsZHIxbXd5bGRyMTMzNA==,base64:type253:MzBtd3lsZHI4ODltd3lsZHIxbXd5bGRyMTMzNA==
base64:type253:M213eWxkcjg5MG13eWxkcjFtd3lsZHIxMzQw,base64:type253:M213eWxkcjg5MG13eWxkcjFtd3lsZHIxMzQw,base64:type253:M213eWxkcjg5MG13eWxkcjFtd3lsZHIxMzQw,base64:type253:M213eWxkcjg5MG13eWxkcjFtd3lsZHIxMzQw
base64:type253:Mzhtd3lsZHI4OTFtd3lsZHIxbXd5bGRyMTI4MQ==,base64:type253:Mzhtd3lsZHI4OTFtd3lsZHIxbXd5bGRyMTI4MQ==,base64:type253:Mzhtd3lsZHI4OTFtd3lsZHIxbXd5bGRyMTI4MQ==,base64:type253:Mzhtd3lsZHI4OTFtd3lsZHIxbXd5bGRyMTI4MQ==
base64:type253:Mjdtd3lsZHI4OTJtd3lsZHIxbXd5bGRyMTI5OQ==,base64:type253:Mjdtd3lsZHI4OTJtd3lsZHIxbXd5bGRyMTI5OQ==,base64:type253:Mjdtd3lsZHI4OTJtd3lsZHIxbXd5bGRyMTI5OQ==,base64:type253:Mjdtd3lsZHI4OTJtd3lsZHIxbXd5bGRyMTI5OQ==
base64:type253:Mzhtd3lsZHI4OTNtd3lsZHIxbXd5bGRyMTI2MA==,base64:type253:Mzhtd3lsZHI4OTNtd3lsZHIxbXd5bGRyMTI2MA==,base64:type253:Mzhtd3lsZHI4OTNtd3lsZHIxbXd5bGRyMTI2MA==,base64:type253:Mzhtd3lsZHI4OTNtd3lsZHIxbXd5bGRyMTI2MA==
base64:type253:Mjdtd3lsZHI4OTRtd3lsZHIxbXd5bGRyMTMwNA==,base64:type253:Mjdtd3lsZHI4OTRtd3lsZHIxbXd5bGRyMTMwNA==,base64:type253:Mjdtd3lsZHI4OTRtd3lsZHIxbXd5bGRyMTMwNA==,base64:type253:Mjdtd3lsZHI4OTRtd3lsZHIxbXd5bGRyMTMwNA==
base64:type253:Mjhtd3lsZHI4OTVtd3lsZHIxbXd5bGRyMTMwOQ==,base64:type253:Mjhtd3lsZHI4OTVtd3lsZHIxbXd5bGRyMTMwOQ==,base64:type253:Mjhtd3lsZHI4OTVtd3lsZHIxbXd5bGRyMTMwOQ==,base64:type253:Mjhtd3lsZHI4OTVtd3lsZHIxbXd5bGRyMTMwOQ==
base64:type253:Mzhtd3lsZHI4OTZtd3lsZHIxbXd5bGRyMTI4NA==,base64:type253:Mzhtd3lsZHI4OTZtd3lsZHIxbXd5bGRyMTI4NA==,base64:type253:Mzhtd3lsZHI4OTZtd3lsZHIxbXd5bGRyMTI4NA==,base64:type253:Mzhtd3lsZHI4OTZtd3lsZHIxbXd5bGRyMTI4NA==
base64:type253:Mzhtd3lsZHI4OTdtd3lsZHIxbXd5bGRyMTMxNQ==,base64:type253:Mzhtd3lsZHI4OTdtd3lsZHIxbXd5bGRyMTMxNQ==,base64:type253:Mzhtd3lsZHI4OTdtd3lsZHIxbXd5bGRyMTMxNQ==,base64:type253:Mzhtd3lsZHI4OTdtd3lsZHIxbXd5bGRyMTMxNQ==
base64:type253:Mjdtd3lsZHI4OThtd3lsZHIxbXd5bGRyMTMyNQ==,base64:type253:Mjdtd3lsZHI4OThtd3lsZHIxbXd5bGRyMTMyNQ==,base64:type253:Mjdtd3lsZHI4OThtd3lsZHIxbXd5bGRyMTMyNQ==,base64:type253:Mjdtd3lsZHI4OThtd3lsZHIxbXd5bGRyMTMyNQ==
base64:type253:NW13eWxkcjg5OW13eWxkcjFtd3lsZHIxMzUy,base64:type253:NW13eWxkcjg5OW13eWxkcjFtd3lsZHIxMzUy,base64:type253:NW13eWxkcjg5OW13eWxkcjFtd3lsZHIxMzUy,base64:type253:NW13eWxkcjg5OW13eWxkcjFtd3lsZHIxMzUy
base64:type253:Mzhtd3lsZHI5MDBtd3lsZHIxbXd5bGRyMTMwMg==,base64:type253:Mzhtd3lsZHI5MDBtd3lsZHIxbXd5bGRyMTMwMg==,base64:type253:Mzhtd3lsZHI5MDBtd3lsZHIxbXd5bGRyMTMwMg==,base64:type253:Mzhtd3lsZHI5MDBtd3lsZHIxbXd5bGRyMTMwMg==
base64:type253:Mzhtd3lsZHI5MDFtd3lsZHIxbXd5bGRyMTI1MQ==,base64:type253:Mzhtd3lsZHI5MDFtd3lsZHIxbXd5bGRyMTI1MQ==,base64:type253:Mzhtd3lsZHI5MDFtd3lsZHIxbXd5bGRyMTI1MQ==,base64:type253:Mzhtd3lsZHI5MDFtd3lsZHIxbXd5bGRyMTI1MQ==
base64:type253:Mjdtd3lsZHI5MDJtd3lsZHIxbXd5bGRyMTM0Ng==,base64:type253:Mjdtd3lsZHI5MDJtd3lsZHIxbXd5bGRyMTM0Ng==,base64:type253:Mjdtd3lsZHI5MDJtd3lsZHIxbXd5bGRyMTM0Ng==,base64:type253:Mjdtd3lsZHI5MDJtd3lsZHIxbXd5bGRyMTM0Ng==
base64:type253:Mjdtd3lsZHI5MDNtd3lsZHIxbXd5bGRyMTM3MA==,base64:type253:Mjdtd3lsZHI5MDNtd3lsZHIxbXd5bGRyMTM3MA==,base64:type253:Mjdtd3lsZHI5MDNtd3lsZHIxbXd5bGRyMTM3MA==,base64:type253:Mjdtd3lsZHI5MDNtd3lsZHIxbXd5bGRyMTM3MA==
base64:type253:MzBtd3lsZHI5MDRtd3lsZHIxbXd5bGRyMTM3OA==,base64:type253:MzBtd3lsZHI5MDRtd3lsZHIxbXd5bGRyMTM3OA==,base64:type253:MzBtd3lsZHI5MDRtd3lsZHIxbXd5bGRyMTM3OA==,base64:type253:MzBtd3lsZHI5MDRtd3lsZHIxbXd5bGRyMTM3OA==
base64:type253:Mzhtd3lsZHI5MDVtd3lsZHIxbXd5bGRyMTI3OQ==,base64:type253:Mzhtd3lsZHI5MDVtd3lsZHIxbXd5bGRyMTI3OQ==,base64:type253:Mzhtd3lsZHI5MDVtd3lsZHIxbXd5bGRyMTI3OQ==,base64:type253:Mzhtd3lsZHI5MDVtd3lsZHIxbXd5bGRyMTI3OQ==
base64:type253:Mjdtd3lsZHI5MDZtd3lsZHIxbXd5bGRyMTM1Mw==,base64:type253:Mjdtd3lsZHI5MDZtd3lsZHIxbXd5bGRyMTM1Mw==,base64:type253:Mjdtd3lsZHI5MDZtd3lsZHIxbXd5bGRyMTM1Mw==,base64:type253:Mjdtd3lsZHI5MDZtd3lsZHIxbXd5bGRyMTM1Mw==
base64:type253:MzBtd3lsZHI5MDdtd3lsZHIxbXd5bGRyMTM4Mg==,base64:type253:MzBtd3lsZHI5MDdtd3lsZHIxbXd5bGRyMTM4Mg==,base64:type253:MzBtd3lsZHI5MDdtd3lsZHIxbXd5bGRyMTM4Mg==,base64:type253:MzBtd3lsZHI5MDdtd3lsZHIxbXd5bGRyMTM4Mg==
base64:type253:Mzhtd3lsZHI5MDhtd3lsZHIxbXd5bGRyMTI1Nw==,base64:type253:Mzhtd3lsZHI5MDhtd3lsZHIxbXd5bGRyMTI1Nw==,base64:type253:Mzhtd3lsZHI5MDhtd3lsZHIxbXd5bGRyMTI1Nw==,base64:type253:Mzhtd3lsZHI5MDhtd3lsZHIxbXd5bGRyMTI1Nw==
base64:type253:Mjdtd3lsZHI5MDltd3lsZHIxbXd5bGRyMTMzMQ==,base64:type253:Mjdtd3lsZHI5MDltd3lsZHIxbXd5bGRyMTMzMQ==,base64:type253:Mjdtd3lsZHI5MDltd3lsZHIxbXd5bGRyMTMzMQ==,base64:type253:Mjdtd3lsZHI5MDltd3lsZHIxbXd5bGRyMTMzMQ==
base64:type253:Mzhtd3lsZHI5MTBtd3lsZHIxbXd5bGRyMTI1MA==,base64:type253:Mzhtd3lsZHI5MTBtd3lsZHIxbXd5bGRyMTI1MA==,base64:type253:Mzhtd3lsZHI5MTBtd3lsZHIxbXd5bGRyMTI1MA==,base64:type253:Mzhtd3lsZHI5MTBtd3lsZHIxbXd5bGRyMTI1MA==
base64:type253:Mjhtd3lsZHI5MTFtd3lsZHIxbXd5bGRyMTM0Nw==,base64:type253:Mjhtd3lsZHI5MTFtd3lsZHIxbXd5bGRyMTM0Nw==,base64:type253:Mjhtd3lsZHI5MTFtd3lsZHIxbXd5bGRyMTM0Nw==,base64:type253:Mjhtd3lsZHI5MTFtd3lsZHIxbXd5bGRyMTM0Nw==
base64:type253:MzBtd3lsZHI5MTJtd3lsZHIxbXd5bGRyMTM4OQ==,base64:type253:MzBtd3lsZHI5MTJtd3lsZHIxbXd5bGRyMTM4OQ==,base64:type253:MzBtd3lsZHI5MTJtd3lsZHIxbXd5bGRyMTM4OQ==,base64:type253:MzBtd3lsZHI5MTJtd3lsZHIxbXd5bGRyMTM4OQ==
base64:type253:Mjdtd3lsZHI5MTNtd3lsZHIxbXd5bGRyMTM5MA==,base64:type253:Mjdtd3lsZHI5MTNtd3lsZHIxbXd5bGRyMTM5MA==,base64:type253:Mjdtd3lsZHI5MTNtd3lsZHIxbXd5bGRyMTM5MA==,base64:type253:Mjdtd3lsZHI5MTNtd3lsZHIxbXd5bGRyMTM5MA==
base64:type253:MzBtd3lsZHI5MTRtd3lsZHIxbXd5bGRyMTM4MQ==,base64:type253:MzBtd3lsZHI5MTRtd3lsZHIxbXd5bGRyMTM4MQ==,base64:type253:MzBtd3lsZHI5MTRtd3lsZHIxbXd5bGRyMTM4MQ==,base64:type253:MzBtd3lsZHI5MTRtd3lsZHIxbXd5bGRyMTM4MQ==
base64:type253:MzBtd3lsZHI5MTVtd3lsZHIxbXd5bGRyMTMzOQ==,base64:type253:MzBtd3lsZHI5MTVtd3lsZHIxbXd5bGRyMTMzOQ==,base64:type253:MzBtd3lsZHI5MTVtd3lsZHIxbXd5bGRyMTMzOQ==,base64:type253:MzBtd3lsZHI5MTVtd3lsZHIxbXd5bGRyMTMzOQ==
base64:type253:Mjhtd3lsZHI5MTZtd3lsZHIxbXd5bGRyMTMyMA==,base64:type253:Mjhtd3lsZHI5MTZtd3lsZHIxbXd5bGRyMTMyMA==,base64:type253:Mjhtd3lsZHI5MTZtd3lsZHIxbXd5bGRyMTMyMA==,base64:type253:Mjhtd3lsZHI5MTZtd3lsZHIxbXd5bGRyMTMyMA==
base64:type253:Mjltd3lsZHI5MTdtd3lsZHIxbXd5bGRyMTMyOA==,base64:type253:Mjltd3lsZHI5MTdtd3lsZHIxbXd5bGRyMTMyOA==,base64:type253:Mjltd3lsZHI5MTdtd3lsZHIxbXd5bGRyMTMyOA==,base64:type253:Mjltd3lsZHI5MTdtd3lsZHIxbXd5bGRyMTMyOA==
base64:type253:Mjhtd3lsZHI5MThtd3lsZHIxbXd5bGRyMTI1NQ==,base64:type253:Mjhtd3lsZHI5MThtd3lsZHIxbXd5bGRyMTI1NQ==,base64:type253:Mjhtd3lsZHI5MThtd3lsZHIxbXd5bGRyMTI1NQ==,base64:type253:Mjhtd3lsZHI5MThtd3lsZHIxbXd5bGRyMTI1NQ==
base64:type253:Mzhtd3lsZHI5MTltd3lsZHIxbXd5bGRyMTI1Mw==,base64:type253:Mzhtd3lsZHI5MTltd3lsZHIxbXd5bGRyMTI1Mw==,base64:type253:Mzhtd3lsZHI5MTltd3lsZHIxbXd5bGRyMTI1Mw==,base64:type253:Mzhtd3lsZHI5MTltd3lsZHIxbXd5bGRyMTI1Mw==
base64:type253:MzBtd3lsZHI5MjBtd3lsZHIxbXd5bGRyMTM2OQ==,base64:type253:MzBtd3lsZHI5MjBtd3lsZHIxbXd5bGRyMTM2OQ==,base64:type253:MzBtd3lsZHI5MjBtd3lsZHIxbXd5bGRyMTM2OQ==,base64:type253:MzBtd3lsZHI5MjBtd3lsZHIxbXd5bGRyMTM2OQ==
base64:type253:Mjltd3lsZHI5MjFtd3lsZHIxbXd5bGRyMTM2OA==,base64:type253:Mjltd3lsZHI5MjFtd3lsZHIxbXd5bGRyMTM2OA==,base64:type253:Mjltd3lsZHI5MjFtd3lsZHIxbXd5bGRyMTM2OA==,base64:type253:Mjltd3lsZHI5MjFtd3lsZHIxbXd5bGRyMTM2OA==
base64:type253:Mjltd3lsZHI5MjJtd3lsZHIxbXd5bGRyMTM0OA==,base64:type253:Mjltd3lsZHI5MjJtd3lsZHIxbXd5bGRyMTM0OA==,base64:type253:Mjltd3lsZHI5MjJtd3lsZHIxbXd5bGRyMTM0OA==,base64:type253:Mjltd3lsZHI5MjJtd3lsZHIxbXd5bGRyMTM0OA==
base64:type253:NG13eWxkcjkyM213eWxkcjJtd3lsZHIxMzMw,base64:type253:NG13eWxkcjkyM213eWxkcjJtd3lsZHIxMzMw,base64:type253:NG13eWxkcjkyM213eWxkcjJtd3lsZHIxMzMw,base64:type253:NG13eWxkcjkyM213eWxkcjJtd3lsZHIxMzMw
base64:type253:MzBtd3lsZHI5MjRtd3lsZHIxbXd5bGRyMTMyNw==,base64:type253:MzBtd3lsZHI5MjRtd3lsZHIxbXd5bGRyMTMyNw==,base64:type253:MzBtd3lsZHI5MjRtd3lsZHIxbXd5bGRyMTMyNw==,base64:type253:MzBtd3lsZHI5MjRtd3lsZHIxbXd5bGRyMTMyNw==
base64:type253:Mjhtd3lsZHI5MjVtd3lsZHIxbXd5bGRyMTM1NA==,base64:type253:Mjhtd3lsZHI5MjVtd3lsZHIxbXd5bGRyMTM1NA==,base64:type253:Mjhtd3lsZHI5MjVtd3lsZHIxbXd5bGRyMTM1NA==,base64:type253:Mjhtd3lsZHI5MjVtd3lsZHIxbXd5bGRyMTM1NA==
base64:type253:Mjltd3lsZHI5MjZtd3lsZHIxbXd5bGRyMTM1MA==,base64:type253:Mjltd3lsZHI5MjZtd3lsZHIxbXd5bGRyMTM1MA==,base64:type253:Mjltd3lsZHI5MjZtd3lsZHIxbXd5bGRyMTM1MA==,base64:type253:Mjltd3lsZHI5MjZtd3lsZHIxbXd5bGRyMTM1MA==
base64:type253:Mjhtd3lsZHI5Mjdtd3lsZHIxbXd5bGRyMTI4Mg==,base64:type253:Mjhtd3lsZHI5Mjdtd3lsZHIxbXd5bGRyMTI4Mg==,base64:type253:Mjhtd3lsZHI5Mjdtd3lsZHIxbXd5bGRyMTI4Mg==,base64:type253:Mjhtd3lsZHI5Mjdtd3lsZHIxbXd5bGRyMTI4Mg==
base64:type253:Mjltd3lsZHI5Mjhtd3lsZHIxbXd5bGRyMTMyNg==,base64:type253:Mjltd3lsZHI5Mjhtd3lsZHIxbXd5bGRyMTMyNg==,base64:type253:Mjltd3lsZHI5Mjhtd3lsZHIxbXd5bGRyMTMyNg==,base64:type253:Mjltd3lsZHI5Mjhtd3lsZHIxbXd5bGRyMTMyNg==
base64:type253:NG13eWxkcjkyOW13eWxkcjFtd3lsZHIxMzQz,base64:type253:NG13eWxkcjkyOW13eWxkcjFtd3lsZHIxMzQz,base64:type253:NG13eWxkcjkyOW13eWxkcjFtd3lsZHIxMzQz,base64:type253:NG13eWxkcjkyOW13eWxkcjFtd3lsZHIxMzQz
base64:type253:MzBtd3lsZHI5MzBtd3lsZHIxbXd5bGRyMTM4OA==,base64:type253:MzBtd3lsZHI5MzBtd3lsZHIxbXd5bGRyMTM4OA==,base64:type253:MzBtd3lsZHI5MzBtd3lsZHIxbXd5bGRyMTM4OA==,base64:type253:MzBtd3lsZHI5MzBtd3lsZHIxbXd5bGRyMTM4OA==
base64:type253:Mjdtd3lsZHI5MzFtd3lsZHIxbXd5bGRyMTMwMQ==,base64:type253:Mjdtd3lsZHI5MzFtd3lsZHIxbXd5bGRyMTMwMQ==,base64:type253:Mjdtd3lsZHI5MzFtd3lsZHIxbXd5bGRyMTMwMQ==,base64:type253:Mjdtd3lsZHI5MzFtd3lsZHIxbXd5bGRyMTMwMQ==
base64:type253:Mjhtd3lsZHI5MzJtd3lsZHIxbXd5bGRyMTM5NA==,base64:type253:Mjhtd3lsZHI5MzJtd3lsZHIxbXd5bGRyMTM5NA==,base64:type253:Mjhtd3lsZHI5MzJtd3lsZHIxbXd5bGRyMTM5NA==,base64:type253:Mjhtd3lsZHI5MzJtd3lsZHIxbXd5bGRyMTM5NA==
base64:type253:Mjltd3lsZHI5MzNtd3lsZHIxbXd5bGRyMTM5Mw==,base64:type253:Mjltd3lsZHI5MzNtd3lsZHIxbXd5bGRyMTM5Mw==,base64:type253:Mjltd3lsZHI5MzNtd3lsZHIxbXd5bGRyMTM5Mw==,base64:type253:Mjltd3lsZHI5MzNtd3lsZHIxbXd5bGRyMTM5Mw==
base64:type253:NW13eWxkcjkzNG13eWxkcjFtd3lsZHIxMzU2,base64:type253:NW13eWxkcjkzNG13eWxkcjFtd3lsZHIxMzU2,base64:type253:NW13eWxkcjkzNG13eWxkcjFtd3lsZHIxMzU2,base64:type253:NW13eWxkcjkzNG13eWxkcjFtd3lsZHIxMzU2
base64:type253:MzBtd3lsZHI5MzVtd3lsZHIxbXd5bGRyMTM1OA==,base64:type253:MzBtd3lsZHI5MzVtd3lsZHIxbXd5bGRyMTM1OA==,base64:type253:MzBtd3lsZHI5MzVtd3lsZHIxbXd5bGRyMTM1OA==,base64:type253:MzBtd3lsZHI5MzVtd3lsZHIxbXd5bGRyMTM1OA==
base64:type253:Mjltd3lsZHI5MzZtd3lsZHIxbXd5bGRyMTM1NQ==,base64:type253:Mjltd3lsZHI5MzZtd3lsZHIxbXd5bGRyMTM1NQ==,base64:type253:Mjltd3lsZHI5MzZtd3lsZHIxbXd5bGRyMTM1NQ==,base64:type253:Mjltd3lsZHI5MzZtd3lsZHIxbXd5bGRyMTM1NQ==
base64:type253:Mjhtd3lsZHI5Mzdtd3lsZHIybXd5bGRyMTMwNg==,base64:type253:Mjhtd3lsZHI5Mzdtd3lsZHIybXd5bGRyMTMwNg==,base64:type253:Mjhtd3lsZHI5Mzdtd3lsZHIybXd5bGRyMTMwNg==,base64:type253:Mjhtd3lsZHI5Mzdtd3lsZHIybXd5bGRyMTMwNg==
base64:type253:Mzhtd3lsZHI5Mzhtd3lsZHIxbXd5bGRyMTI1Mg==,base64:type253:Mzhtd3lsZHI5Mzhtd3lsZHIxbXd5bGRyMTI1Mg==,base64:type253:Mzhtd3lsZHI5Mzhtd3lsZHIxbXd5bGRyMTI1Mg==,base64:type253:Mzhtd3lsZHI5Mzhtd3lsZHIxbXd5bGRyMTI1Mg==
base64:type253:Mjdtd3lsZHI5Mzltd3lsZHIxbXd5bGRyMTM5NQ==,base64:type253:Mjdtd3lsZHI5Mzltd3lsZHIxbXd5bGRyMTM5NQ==,base64:type253:Mjdtd3lsZHI5Mzltd3lsZHIxbXd5bGRyMTM5NQ==,base64:type253:Mjdtd3lsZHI5Mzltd3lsZHIxbXd5bGRyMTM5NQ==
base64:type253:MzBtd3lsZHI5NDBtd3lsZHIxbXd5bGRyMTMzNw==,base64:type253:MzBtd3lsZHI5NDBtd3lsZHIxbXd5bGRyMTMzNw==,base64:type253:MzBtd3lsZHI5NDBtd3lsZHIxbXd5bGRyMTMzNw==,base64:type253:MzBtd3lsZHI5NDBtd3lsZHIxbXd5bGRyMTMzNw==
base64:type253:MzBtd3lsZHI5NDFtd3lsZHIxbXd5bGRyMTM2Nw==,base64:type253:MzBtd3lsZHI5NDFtd3lsZHIxbXd5bGRyMTM2Nw==,base64:type253:MzBtd3lsZHI5NDFtd3lsZHIxbXd5bGRyMTM2Nw==,base64:type253:MzBtd3lsZHI5NDFtd3lsZHIxbXd5bGRyMTM2Nw==
base64:type253:Mjdtd3lsZHI5NDJtd3lsZHIxbXd5bGRyMTI1NA==,base64:type253:Mjdtd3lsZHI5NDJtd3lsZHIxbXd5bGRyMTI1NA==,base64:type253:Mjdtd3lsZHI5NDJtd3lsZHIxbXd5bGRyMTI1NA==,base64:type253:Mjdtd3lsZHI5NDJtd3lsZHIxbXd5bGRyMTI1NA==
base64:type253:Mjhtd3lsZHI5NDNtd3lsZHIxbXd5bGRyMTMxNg==,base64:type253:Mjhtd3lsZHI5NDNtd3lsZHIxbXd5bGRyMTMxNg==,base64:type253:Mjhtd3lsZHI5NDNtd3lsZHIxbXd5bGRyMTMxNg==,base64:type253:Mjhtd3lsZHI5NDNtd3lsZHIxbXd5bGRyMTMxNg==
base64:type253:Mjhtd3lsZHI5NDRtd3lsZHIxbXd5bGRyMTM3Ng==,base64:type253:Mjhtd3lsZHI5NDRtd3lsZHIxbXd5bGRyMTM3Ng==,base64:type253:Mjhtd3lsZHI5NDRtd3lsZHIxbXd5bGRyMTM3Ng==,base64:type253:Mjhtd3lsZHI5NDRtd3lsZHIxbXd5bGRyMTM3Ng==
base64:type253:Mjhtd3lsZHI5NDVtd3lsZHIxbXd5bGRyMTI2Mg==,base64:type253:Mjhtd3lsZHI5NDVtd3lsZHIxbXd5bGRyMTI2Mg==,base64:type253:Mjhtd3lsZHI5NDVtd3lsZHIxbXd5bGRyMTI2Mg==,base64:type253:Mjhtd3lsZHI5NDVtd3lsZHIxbXd5bGRyMTI2Mg==
base64:type253:Mjhtd3lsZHI5NDZtd3lsZHIxbXd5bGRyMTMyNA==,base64:type253:Mjhtd3lsZHI5NDZtd3lsZHIxbXd5bGRyMTMyNA==,base64:type253:Mjhtd3lsZHI5NDZtd3lsZHIxbXd5bGRyMTMyNA==,base64:type253:Mjhtd3lsZHI5NDZtd3lsZHIxbXd5bGRyMTMyNA==
base64:type253:Mjltd3lsZHI5NDdtd3lsZHIxbXd5bGRyMTM1Nw==,base64:type253:Mjltd3lsZHI5NDdtd3lsZHIxbXd5bGRyMTM1Nw==,base64:type253:Mjltd3lsZHI5NDdtd3lsZHIxbXd5bGRyMTM1Nw==,base64:type253:Mjltd3lsZHI5NDdtd3lsZHIxbXd5bGRyMTM1Nw==
base64:type253:NW13eWxkcjk0OG13eWxkcjFtd3lsZHIxMzQ0,base64:type253:NW13eWxkcjk0OG13eWxkcjFtd3lsZHIxMzQ0,base64:type253:NW13eWxkcjk0OG13eWxkcjFtd3lsZHIxMzQ0,base64:type253:NW13eWxkcjk0OG13eWxkcjFtd3lsZHIxMzQ0
base64:type253:Mjhtd3lsZHI5NDltd3lsZHIybXd5bGRyMTM5MQ==,base64:type253:Mjhtd3lsZHI5NDltd3lsZHIybXd5bGRyMTM5MQ==,base64:type253:Mjhtd3lsZHI5NDltd3lsZHIybXd5bGRyMTM5MQ==,base64:type253:Mjhtd3lsZHI5NDltd3lsZHIybXd5bGRyMTM5MQ==
base64:type253:Mjltd3lsZHI5NTBtd3lsZHIxbXd5bGRyMTM4MA==,base64:type253:Mjltd3lsZHI5NTBtd3lsZHIxbXd5bGRyMTM4MA==,base64:type253:Mjltd3lsZHI5NTBtd3lsZHIxbXd5bGRyMTM4MA==,base64:type253:Mjltd3lsZHI5NTBtd3lsZHIxbXd5bGRyMTM4MA==
base64:type253:Mjhtd3lsZHI5NTFtd3lsZHIxbXd5bGRyMTM3OQ==,base64:type253:Mjhtd3lsZHI5NTFtd3lsZHIxbXd5bGRyMTM3OQ==,base64:type253:Mjhtd3lsZHI5NTFtd3lsZHIxbXd5bGRyMTM3OQ==,base64:type253:Mjhtd3lsZHI5NTFtd3lsZHIxbXd5bGRyMTM3OQ==
base64:type253:Mjltd3lsZHI5NTJtd3lsZHIxbXd5bGRyMTM5Mg==,base64:type253:Mjltd3lsZHI5NTJtd3lsZHIxbXd5bGRyMTM5Mg==,base64:type253:Mjltd3lsZHI5NTJtd3lsZHIxbXd5bGRyMTM5Mg==,base64:type253:Mjltd3lsZHI5NTJtd3lsZHIxbXd5bGRyMTM5Mg==
base64:type253:Mjhtd3lsZHI5NTNtd3lsZHIxbXd5bGRyMTM5Ng==,base64:type253:Mjhtd3lsZHI5NTNtd3lsZHIxbXd5bGRyMTM5Ng==,base64:type253:Mjhtd3lsZHI5NTNtd3lsZHIxbXd5bGRyMTM5Ng==,base64:type253:Mjhtd3lsZHI5NTNtd3lsZHIxbXd5bGRyMTM5Ng==
base64:type253:Mjltd3lsZHI5NTRtd3lsZHIxbXd5bGRyMTM0NQ==,base64:type253:Mjltd3lsZHI5NTRtd3lsZHIxbXd5bGRyMTM0NQ==,base64:type253:Mjltd3lsZHI5NTRtd3lsZHIxbXd5bGRyMTM0NQ==,base64:type253:Mjltd3lsZHI5NTRtd3lsZHIxbXd5bGRyMTM0NQ==
base64:type253:Mjltd3lsZHI5NTVtd3lsZHIxbXd5bGRyMTMzMw==,base64:type253:Mjltd3lsZHI5NTVtd3lsZHIxbXd5bGRyMTMzMw==,base64:type253:Mjltd3lsZHI5NTVtd3lsZHIxbXd5bGRyMTMzMw==,base64:type253:Mjltd3lsZHI5NTVtd3lsZHIxbXd5bGRyMTMzMw==
base64:type253:MzBtd3lsZHI5NTZtd3lsZHIxbXd5bGRyMTM4Ng==,base64:type253:MzBtd3lsZHI5NTZtd3lsZHIxbXd5bGRyMTM4Ng==,base64:type253:MzBtd3lsZHI5NTZtd3lsZHIxbXd5bGRyMTM4Ng==,base64:type253:MzBtd3lsZHI5NTZtd3lsZHIxbXd5bGRyMTM4Ng==
base64:type253:Mjhtd3lsZHI5NTdtd3lsZHIxbXd5bGRyMTMzMg==,base64:type253:Mjhtd3lsZHI5NTdtd3lsZHIxbXd5bGRyMTMzMg==,base64:type253:Mjhtd3lsZHI5NTdtd3lsZHIxbXd5bGRyMTMzMg==,base64:type253:Mjhtd3lsZHI5NTdtd3lsZHIxbXd5bGRyMTMzMg==
base64:type253:Mjltd3lsZHI5NThtd3lsZHIxbXd5bGRyMTM4Nw==,base64:type253:Mjltd3lsZHI5NThtd3lsZHIxbXd5bGRyMTM4Nw==,base64:type253:Mjltd3lsZHI5NThtd3lsZHIxbXd5bGRyMTM4Nw==,base64:type253:Mjltd3lsZHI5NThtd3lsZHIxbXd5bGRyMTM4Nw==
base64:type253:MzBtd3lsZHI5NTltd3lsZHIxbXd5bGRyMTM4Mw==,base64:type253:MzBtd3lsZHI5NTltd3lsZHIxbXd5bGRyMTM4Mw==,base64:type253:MzBtd3lsZHI5NTltd3lsZHIxbXd5bGRyMTM4Mw==,base64:type253:MzBtd3lsZHI5NTltd3lsZHIxbXd5bGRyMTM4Mw==
base64:type253:Mjltd3lsZHI5NjBtd3lsZHIxbXd5bGRyMTM3Nw==,base64:type253:Mjltd3lsZHI5NjBtd3lsZHIxbXd5bGRyMTM3Nw==,base64:type253:Mjltd3lsZHI5NjBtd3lsZHIxbXd5bGRyMTM3Nw==,base64:type253:Mjltd3lsZHI5NjBtd3lsZHIxbXd5bGRyMTM3Nw==
base64:type253:MzBtd3lsZHI5NjFtd3lsZHIxbXd5bGRyMTM0Mg==,base64:type253:MzBtd3lsZHI5NjFtd3lsZHIxbXd5bGRyMTM0Mg==,base64:type253:MzBtd3lsZHI5NjFtd3lsZHIxbXd5bGRyMTM0Mg==,base64:type253:MzBtd3lsZHI5NjFtd3lsZHIxbXd5bGRyMTM0Mg==
base64:type253:Mjltd3lsZHI5NjJtd3lsZHIxbXd5bGRyMTMzOA==,base64:type253:Mjltd3lsZHI5NjJtd3lsZHIxbXd5bGRyMTMzOA==,base64:type253:Mjltd3lsZHI5NjJtd3lsZHIxbXd5bGRyMTMzOA==,base64:type253:Mjltd3lsZHI5NjJtd3lsZHIxbXd5bGRyMTMzOA==
base64:type253:Nm13eWxkcjk2M213eWxkcjFtd3lsZHIxNDE4,base64:type253:Nm13eWxkcjk2M213eWxkcjFtd3lsZHIxNDE4,base64:type253:Nm13eWxkcjk2M213eWxkcjFtd3lsZHIxNDE4,base64:type253:Nm13eWxkcjk2M213eWxkcjFtd3lsZHIxNDE4
base64:type253:Mzhtd3lsZHI5NjRtd3lsZHIxbXd5bGRyMTI5Mg==,base64:type253:Mzhtd3lsZHI5NjRtd3lsZHIxbXd5bGRyMTI5Mg==,base64:type253:Mzhtd3lsZHI5NjRtd3lsZHIxbXd5bGRyMTI5Mg==,base64:type253:Mzhtd3lsZHI5NjRtd3lsZHIxbXd5bGRyMTI5Mg==
base64:type253:Mjltd3lsZHI5NjVtd3lsZHIxbXd5bGRyMTMzNg==,base64:type253:Mjltd3lsZHI5NjVtd3lsZHIxbXd5bGRyMTMzNg==,base64:type253:Mjltd3lsZHI5NjVtd3lsZHIxbXd5bGRyMTMzNg==,base64:type253:Mjltd3lsZHI5NjVtd3lsZHIxbXd5bGRyMTMzNg==
base64:type253:NW13eWxkcjk2Nm13eWxkcjFtd3lsZHIxMzc1,base64:type253:NW13eWxkcjk2Nm13eWxkcjFtd3lsZHIxMzc1,base64:type253:NW13eWxkcjk2Nm13eWxkcjFtd3lsZHIxMzc1,base64:type253:NW13eWxkcjk2Nm13eWxkcjFtd3lsZHIxMzc1
base64:type253:Mjltd3lsZHI5Njdtd3lsZHIxbXd5bGRyMTM0MQ==,base64:type253:Mjltd3lsZHI5Njdtd3lsZHIxbXd5bGRyMTM0MQ==,base64:type253:Mjltd3lsZHI5Njdtd3lsZHIxbXd5bGRyMTM0MQ==,base64:type253:Mjltd3lsZHI5Njdtd3lsZHIxbXd5bGRyMTM0MQ==
base64:type253:NG13eWxkcjk2OG13eWxkcjFtd3lsZHIxMzc0,base64:type253:NG13eWxkcjk2OG13eWxkcjFtd3lsZHIxMzc0,base64:type253:NG13eWxkcjk2OG13eWxkcjFtd3lsZHIxMzc0,base64:type253:NG13eWxkcjk2OG13eWxkcjFtd3lsZHIxMzc0
base64:type253:Nm13eWxkcjk2OW13eWxkcjFtd3lsZHIxNDU5,base64:type253:Nm13eWxkcjk2OW13eWxkcjFtd3lsZHIxNDU5,base64:type253:Nm13eWxkcjk2OW13eWxkcjFtd3lsZHIxNDU5,base64:type253:Nm13eWxkcjk2OW13eWxkcjFtd3lsZHIxNDU5
base64:type253:Mjltd3lsZHI5NzBtd3lsZHIxbXd5bGRyMTQyOA==,base64:type253:Mjltd3lsZHI5NzBtd3lsZHIxbXd5bGRyMTQyOA==,base64:type253:Mjltd3lsZHI5NzBtd3lsZHIxbXd5bGRyMTQyOA==,base64:type253:Mjltd3lsZHI5NzBtd3lsZHIxbXd5bGRyMTQyOA==
base64:type253:MzBtd3lsZHI5NzFtd3lsZHIxbXd5bGRyMTQyOQ==,base64:type253:MzBtd3lsZHI5NzFtd3lsZHIxbXd5bGRyMTQyOQ==,base64:type253:MzBtd3lsZHI5NzFtd3lsZHIxbXd5bGRyMTQyOQ==,base64:type253:MzBtd3lsZHI5NzFtd3lsZHIxbXd5bGRyMTQyOQ==
base64:type253:MzFtd3lsZHI5NzJtd3lsZHIxbXd5bGRyMTQzMw==,base64:type253:MzFtd3lsZHI5NzJtd3lsZHIxbXd5bGRyMTQzMw==,base64:type253:MzFtd3lsZHI5NzJtd3lsZHIxbXd5bGRyMTQzMw==,base64:type253:MzFtd3lsZHI5NzJtd3lsZHIxbXd5bGRyMTQzMw==
base64:type253:Nm13eWxkcjk3M213eWxkcjFtd3lsZHIxNDI3,base64:type253:Nm13eWxkcjk3M213eWxkcjFtd3lsZHIxNDI3,base64:type253:Nm13eWxkcjk3M213eWxkcjFtd3lsZHIxNDI3,base64:type253:Nm13eWxkcjk3M213eWxkcjFtd3lsZHIxNDI3
base64:type253:MzJtd3lsZHI5NzRtd3lsZHIxbXd5bGRyMTQwOQ==,base64:type253:MzJtd3lsZHI5NzRtd3lsZHIxbXd5bGRyMTQwOQ==,base64:type253:MzJtd3lsZHI5NzRtd3lsZHIxbXd5bGRyMTQwOQ==,base64:type253:MzJtd3lsZHI5NzRtd3lsZHIxbXd5bGRyMTQwOQ==
base64:type253:MzFtd3lsZHI5NzVtd3lsZHIybXd5bGRyMTQzNw==,base64:type253:MzFtd3lsZHI5NzVtd3lsZHIybXd5bGRyMTQzNw==,base64:type253:MzFtd3lsZHI5NzVtd3lsZHIybXd5bGRyMTQzNw==,base64:type253:MzFtd3lsZHI5NzVtd3lsZHIybXd5bGRyMTQzNw==
base64:type253:MzJtd3lsZHI5NzZtd3lsZHIxbXd5bGRyMTQyNQ==,base64:type253:MzJtd3lsZHI5NzZtd3lsZHIxbXd5bGRyMTQyNQ==,base64:type253:MzJtd3lsZHI5NzZtd3lsZHIxbXd5bGRyMTQyNQ==,base64:type253:MzJtd3lsZHI5NzZtd3lsZHIxbXd5bGRyMTQyNQ==
base64:type253:MzJtd3lsZHI5Nzdtd3lsZHIxbXd5bGRyMTQzNg==,base64:type253:MzJtd3lsZHI5Nzdtd3lsZHIxbXd5bGRyMTQzNg==,base64:type253:MzJtd3lsZHI5Nzdtd3lsZHIxbXd5bGRyMTQzNg==,base64:type253:MzJtd3lsZHI5Nzdtd3lsZHIxbXd5bGRyMTQzNg==
base64:type253:MzBtd3lsZHI5Nzhtd3lsZHIybXd5bGRyMTM2Ng==,base64:type253:MzBtd3lsZHI5Nzhtd3lsZHIybXd5bGRyMTM2Ng==,base64:type253:MzBtd3lsZHI5Nzhtd3lsZHIybXd5bGRyMTM2Ng==,base64:type253:MzBtd3lsZHI5Nzhtd3lsZHIybXd5bGRyMTM2Ng==
base64:type253:MzFtd3lsZHI5Nzltd3lsZHIxbXd5bGRyMTQzNA==,base64:type253:MzFtd3lsZHI5Nzltd3lsZHIxbXd5bGRyMTQzNA==,base64:type253:MzFtd3lsZHI5Nzltd3lsZHIxbXd5bGRyMTQzNA==,base64:type253:MzFtd3lsZHI5Nzltd3lsZHIxbXd5bGRyMTQzNA==
base64:type253:N213eWxkcjk4MG13eWxkcjFtd3lsZHIxNDUx,base64:type253:N213eWxkcjk4MG13eWxkcjFtd3lsZHIxNDUx,base64:type253:N213eWxkcjk4MG13eWxkcjFtd3lsZHIxNDUx,base64:type253:N213eWxkcjk4MG13eWxkcjFtd3lsZHIxNDUx
base64:type253:MzJtd3lsZHI5ODFtd3lsZHIxbXd5bGRyMTQ1Mg==,base64:type253:MzJtd3lsZHI5ODFtd3lsZHIxbXd5bGRyMTQ1Mg==,base64:type253:MzJtd3lsZHI5ODFtd3lsZHIxbXd5bGRyMTQ1Mg==,base64:type253:MzJtd3lsZHI5ODFtd3lsZHIxbXd5bGRyMTQ1Mg==
base64:type253:MzJtd3lsZHI5ODJtd3lsZHIybXd5bGRyMTQwNQ==,base64:type253:MzJtd3lsZHI5ODJtd3lsZHIybXd5bGRyMTQwNQ==,base64:type253:MzJtd3lsZHI5ODJtd3lsZHIybXd5bGRyMTQwNQ==,base64:type253:MzJtd3lsZHI5ODJtd3lsZHIybXd5bGRyMTQwNQ==
base64:type253:MzFtd3lsZHI5ODNtd3lsZHIxbXd5bGRyMTQwNg==,base64:type253:MzFtd3lsZHI5ODNtd3lsZHIxbXd5bGRyMTQwNg==,base64:type253:MzFtd3lsZHI5ODNtd3lsZHIxbXd5bGRyMTQwNg==,base64:type253:MzFtd3lsZHI5ODNtd3lsZHIxbXd5bGRyMTQwNg==
base64:type253:MzJtd3lsZHI5ODRtd3lsZHIxbXd5bGRyMTQwNw==,base64:type253:MzJtd3lsZHI5ODRtd3lsZHIxbXd5bGRyMTQwNw==,base64:type253:MzJtd3lsZHI5ODRtd3lsZHIxbXd5bGRyMTQwNw==,base64:type253:MzJtd3lsZHI5ODRtd3lsZHIxbXd5bGRyMTQwNw==
base64:type253:MzFtd3lsZHI5ODVtd3lsZHIxbXd5bGRyMTQxMA==,base64:type253:MzFtd3lsZHI5ODVtd3lsZHIxbXd5bGRyMTQxMA==,base64:type253:MzFtd3lsZHI5ODVtd3lsZHIxbXd5bGRyMTQxMA==,base64:type253:MzFtd3lsZHI5ODVtd3lsZHIxbXd5bGRyMTQxMA==
base64:type253:MzJtd3lsZHI5ODZtd3lsZHIxbXd5bGRyMTQxNQ==,base64:type253:MzJtd3lsZHI5ODZtd3lsZHIxbXd5bGRyMTQxNQ==,base64:type253:MzJtd3lsZHI5ODZtd3lsZHIxbXd5bGRyMTQxNQ==,base64:type253:MzJtd3lsZHI5ODZtd3lsZHIxbXd5bGRyMTQxNQ==
base64:type253:MzJtd3lsZHI5ODdtd3lsZHIxbXd5bGRyMTQ2NA==,base64:type253:MzJtd3lsZHI5ODdtd3lsZHIxbXd5bGRyMTQ2NA==,base64:type253:MzJtd3lsZHI5ODdtd3lsZHIxbXd5bGRyMTQ2NA==,base64:type253:MzJtd3lsZHI5ODdtd3lsZHIxbXd5bGRyMTQ2NA==
base64:type253:MzJtd3lsZHI5ODhtd3lsZHIxbXd5bGRyMTQzNQ==,base64:type253:MzJtd3lsZHI5ODhtd3lsZHIxbXd5bGRyMTQzNQ==,base64:type253:MzJtd3lsZHI5ODhtd3lsZHIxbXd5bGRyMTQzNQ==,base64:type253:MzJtd3lsZHI5ODhtd3lsZHIxbXd5bGRyMTQzNQ==
base64:type253:MzFtd3lsZHI5ODltd3lsZHIxbXd5bGRyMTQwOA==,base64:type253:MzFtd3lsZHI5ODltd3lsZHIxbXd5bGRyMTQwOA==,base64:type253:MzFtd3lsZHI5ODltd3lsZHIxbXd5bGRyMTQwOA==,base64:type253:MzFtd3lsZHI5ODltd3lsZHIxbXd5bGRyMTQwOA==
base64:type253:MzJtd3lsZHI5OTBtd3lsZHIxbXd5bGRyMTQ2Ng==,base64:type253:MzJtd3lsZHI5OTBtd3lsZHIxbXd5bGRyMTQ2Ng==,base64:type253:MzJtd3lsZHI5OTBtd3lsZHIxbXd5bGRyMTQ2Ng==,base64:type253:MzJtd3lsZHI5OTBtd3lsZHIxbXd5bGRyMTQ2Ng==
base64:type253:MzJtd3lsZHI5OTFtd3lsZHIxbXd5bGRyMTQxNw==,base64:type253:MzJtd3lsZHI5OTFtd3lsZHIxbXd5bGRyMTQxNw==,base64:type253:MzJtd3lsZHI5OTFtd3lsZHIxbXd5bGRyMTQxNw==,base64:type253:MzJtd3lsZHI5OTFtd3lsZHIxbXd5bGRyMTQxNw==
base64:type253:MzJtd3lsZHI5OTJtd3lsZHIxbXd5bGRyMTQ2OA==,base64:type253:MzJtd3lsZHI5OTJtd3lsZHIxbXd5bGRyMTQ2OA==,base64:type253:MzJtd3lsZHI5OTJtd3lsZHIxbXd5bGRyMTQ2OA==,base64:type253:MzJtd3lsZHI5OTJtd3lsZHIxbXd5bGRyMTQ2OA==
base64:type253:MzJtd3lsZHI5OTNtd3lsZHIxbXd5bGRyMTQ3Mw==,base64:type253:MzJtd3lsZHI5OTNtd3lsZHIxbXd5bGRyMTQ3Mw==,base64:type253:MzJtd3lsZHI5OTNtd3lsZHIxbXd5bGRyMTQ3Mw==,base64:type253:MzJtd3lsZHI5OTNtd3lsZHIxbXd5bGRyMTQ3Mw==
base64:type253:N213eWxkcjk5NG13eWxkcjFtd3lsZHIxNDYw,base64:type253:N213eWxkcjk5NG13eWxkcjFtd3lsZHIxNDYw,base64:type253:N213eWxkcjk5NG13eWxkcjFtd3lsZHIxNDYw,base64:type253:N213eWxkcjk5NG13eWxkcjFtd3lsZHIxNDYw
base64:type253:MzFtd3lsZHI5OTVtd3lsZHIxbXd5bGRyMTQxNg==,base64:type253:MzFtd3lsZHI5OTVtd3lsZHIxbXd5bGRyMTQxNg==,base64:type253:MzFtd3lsZHI5OTVtd3lsZHIxbXd5bGRyMTQxNg==,base64:type253:MzFtd3lsZHI5OTVtd3lsZHIxbXd5bGRyMTQxNg==
base64:type253:N213eWxkcjk5Nm13eWxkcjFtd3lsZHIxNDMw,base64:type253:N213eWxkcjk5Nm13eWxkcjFtd3lsZHIxNDMw,base64:type253:N213eWxkcjk5Nm13eWxkcjFtd3lsZHIxNDMw,base64:type253:N213eWxkcjk5Nm13eWxkcjFtd3lsZHIxNDMw
base64:type253:MzFtd3lsZHI5OTdtd3lsZHIxbXd5bGRyMTQ2Mw==,base64:type253:MzFtd3lsZHI5OTdtd3lsZHIxbXd5bGRyMTQ2Mw==,base64:type253:MzFtd3lsZHI5OTdtd3lsZHIxbXd5bGRyMTQ2Mw==,base64:type253:MzFtd3lsZHI5OTdtd3lsZHIxbXd5bGRyMTQ2Mw==
base64:type253:MzJtd3lsZHI5OThtd3lsZHIxbXd5bGRyMTQ3NA==,base64:type253:MzJtd3lsZHI5OThtd3lsZHIxbXd5bGRyMTQ3NA==,base64:type253:MzJtd3lsZHI5OThtd3lsZHIxbXd5bGRyMTQ3NA==,base64:type253:MzJtd3lsZHI5OThtd3lsZHIxbXd5bGRyMTQ3NA==
base64:type253:MzFtd3lsZHI5OTltd3lsZHIxbXd5bGRyMTQ3Mg==,base64:type253:MzFtd3lsZHI5OTltd3lsZHIxbXd5bGRyMTQ3Mg==,base64:type253:MzFtd3lsZHI5OTltd3lsZHIxbXd5bGRyMTQ3Mg==,base64:type253:MzFtd3lsZHI5OTltd3lsZHIxbXd5bGRyMTQ3Mg==
base64:type253:MzFtd3lsZHIxMDAwbXd5bGRyMW13eWxkcjE0Njc=,base64:type253:MzFtd3lsZHIxMDAwbXd5bGRyMW13eWxkcjE0Njc=,base64:type253:MzFtd3lsZHIxMDAwbXd5bGRyMW13eWxkcjE0Njc=,base64:type253:MzFtd3lsZHIxMDAwbXd5bGRyMW13eWxkcjE0Njc=
base64:type253:MzJtd3lsZHIxMDAxbXd5bGRyMW13eWxkcjE0MDM=,base64:type253:MzJtd3lsZHIxMDAxbXd5bGRyMW13eWxkcjE0MDM=,base64:type253:MzJtd3lsZHIxMDAxbXd5bGRyMW13eWxkcjE0MDM=,base64:type253:MzJtd3lsZHIxMDAxbXd5bGRyMW13eWxkcjE0MDM=
base64:type253:MzFtd3lsZHIxMDAybXd5bGRyMW13eWxkcjE0MDQ=,base64:type253:MzFtd3lsZHIxMDAybXd5bGRyMW13eWxkcjE0MDQ=,base64:type253:MzFtd3lsZHIxMDAybXd5bGRyMW13eWxkcjE0MDQ=,base64:type253:MzFtd3lsZHIxMDAybXd5bGRyMW13eWxkcjE0MDQ=
base64:type253:MzFtd3lsZHIxMDAzbXd5bGRyMW13eWxkcjE0MzE=,base64:type253:MzFtd3lsZHIxMDAzbXd5bGRyMW13eWxkcjE0MzE=,base64:type253:MzFtd3lsZHIxMDAzbXd5bGRyMW13eWxkcjE0MzE=,base64:type253:MzFtd3lsZHIxMDAzbXd5bGRyMW13eWxkcjE0MzE=
base64:type253:MzJtd3lsZHIxMDA0bXd5bGRyMW13eWxkcjE0MzI=,base64:type253:MzJtd3lsZHIxMDA0bXd5bGRyMW13eWxkcjE0MzI=,base64:type253:MzJtd3lsZHIxMDA0bXd5bGRyMW13eWxkcjE0MzI=,base64:type253:MzJtd3lsZHIxMDA0bXd5bGRyMW13eWxkcjE0MzI=
base64:type253:MzFtd3lsZHIxMDA1bXd5bGRyMW13eWxkcjE0NjU=,base64:type253:MzFtd3lsZHIxMDA1bXd5bGRyMW13eWxkcjE0NjU=,base64:type253:MzFtd3lsZHIxMDA1bXd5bGRyMW13eWxkcjE0NjU=,base64:type253:MzFtd3lsZHIxMDA1bXd5bGRyMW13eWxkcjE0NjU=
base64:type253:MzJtd3lsZHIxMDA2bXd5bGRyMW13eWxkcjE0MjA=,base64:type253:MzJtd3lsZHIxMDA2bXd5bGRyMW13eWxkcjE0MjA=,base64:type253:MzJtd3lsZHIxMDA2bXd5bGRyMW13eWxkcjE0MjA=,base64:type253:MzJtd3lsZHIxMDA2bXd5bGRyMW13eWxkcjE0MjA=
base64:type253:MzFtd3lsZHIxMDA3bXd5bGRyMW13eWxkcjE0MjQ=,base64:type253:MzFtd3lsZHIxMDA3bXd5bGRyMW13eWxkcjE0MjQ=,base64:type253:MzFtd3lsZHIxMDA3bXd5bGRyMW13eWxkcjE0MjQ=,base64:type253:MzFtd3lsZHIxMDA3bXd5bGRyMW13eWxkcjE0MjQ=
base64:type253:MzFtd3lsZHIxMDA4bXd5bGRyMW13eWxkcjE0NTc=,base64:type253:MzFtd3lsZHIxMDA4bXd5bGRyMW13eWxkcjE0NTc=,base64:type253:MzFtd3lsZHIxMDA4bXd5bGRyMW13eWxkcjE0NTc=,base64:type253:MzFtd3lsZHIxMDA4bXd5bGRyMW13eWxkcjE0NTc=
base64:type253:MzJtd3lsZHIxMDA5bXd5bGRyMW13eWxkcjE0NTg=,base64:type253:MzJtd3lsZHIxMDA5bXd5bGRyMW13eWxkcjE0NTg=,base64:type253:MzJtd3lsZHIxMDA5bXd5bGRyMW13eWxkcjE0NTg=,base64:type253:MzJtd3lsZHIxMDA5bXd5bGRyMW13eWxkcjE0NTg=
base64:type253:MzFtd3lsZHIxMDEwbXd5bGRyMW13eWxkcjE0MTk=,base64:type253:MzFtd3lsZHIxMDEwbXd5bGRyMW13eWxkcjE0MTk=,base64:type253:MzFtd3lsZHIxMDEwbXd5bGRyMW13eWxkcjE0MTk=,base64:type253:MzFtd3lsZHIxMDEwbXd5bGRyMW13eWxkcjE0MTk=
base64:type253:MzNtd3lsZHIxMDExbXd5bGRyMW13eWxkcjE0ODQ=,base64:type253:MzNtd3lsZHIxMDExbXd5bGRyMW13eWxkcjE0ODQ=,base64:type253:MzNtd3lsZHIxMDExbXd5bGRyMW13eWxkcjE0ODQ=,base64:type253:MzNtd3lsZHIxMDExbXd5bGRyMW13eWxkcjE0ODQ=
base64:type253:MzRtd3lsZHIxMDEybXd5bGRyMW13eWxkcjE0Nzk=,base64:type253:MzRtd3lsZHIxMDEybXd5bGRyMW13eWxkcjE0Nzk=,base64:type253:MzRtd3lsZHIxMDEybXd5bGRyMW13eWxkcjE0Nzk=,base64:type253:MzRtd3lsZHIxMDEybXd5bGRyMW13eWxkcjE0Nzk=
base64:type253:MzNtd3lsZHIxMDEzbXd5bGRyMW13eWxkcjE0Nzg=,base64:type253:MzNtd3lsZHIxMDEzbXd5bGRyMW13eWxkcjE0Nzg=,base64:type253:MzNtd3lsZHIxMDEzbXd5bGRyMW13eWxkcjE0Nzg=,base64:type253:MzNtd3lsZHIxMDEzbXd5bGRyMW13eWxkcjE0Nzg=
base64:type253:MzVtd3lsZHIxMDE0bXd5bGRyMW13eWxkcjE0ODY=,base64:type253:MzVtd3lsZHIxMDE0bXd5bGRyMW13eWxkcjE0ODY=,base64:type253:MzVtd3lsZHIxMDE0bXd5bGRyMW13eWxkcjE0ODY=,base64:type253:MzVtd3lsZHIxMDE0bXd5bGRyMW13eWxkcjE0ODY=
base64:type253:MzRtd3lsZHIxMDE1bXd5bGRyMW13eWxkcjE1MDA=,base64:type253:MzRtd3lsZHIxMDE1bXd5bGRyMW13eWxkcjE1MDA=,base64:type253:MzRtd3lsZHIxMDE1bXd5bGRyMW13eWxkcjE1MDA=,base64:type253:MzRtd3lsZHIxMDE1bXd5bGRyMW13eWxkcjE1MDA=
base64:type253:MTBtd3lsZHIxMDE2bXd5bGRyMW13eWxkcjE1MTI=,base64:type253:MTBtd3lsZHIxMDE2bXd5bGRyMW13eWxkcjE1MTI=,base64:type253:MTBtd3lsZHIxMDE2bXd5bGRyMW13eWxkcjE1MTI=,base64:type253:MTBtd3lsZHIxMDE2bXd5bGRyMW13eWxkcjE1MTI=
base64:type253:Nm13eWxkcjEwMTdtd3lsZHIxbXd5bGRyMTQyMQ==,base64:type253:Nm13eWxkcjEwMTdtd3lsZHIxbXd5bGRyMTQyMQ==,base64:type253:Nm13eWxkcjEwMTdtd3lsZHIxbXd5bGRyMTQyMQ==,base64:type253:Nm13eWxkcjEwMTdtd3lsZHIxbXd5bGRyMTQyMQ==
base64:type253:MzFtd3lsZHIxMDE4bXd5bGRyMW13eWxkcjE0MDI=,base64:type253:MzFtd3lsZHIxMDE4bXd5bGRyMW13eWxkcjE0MDI=,base64:type253:MzFtd3lsZHIxMDE4bXd5bGRyMW13eWxkcjE0MDI=,base64:type253:MzFtd3lsZHIxMDE4bXd5bGRyMW13eWxkcjE0MDI=
base64:type253:MzVtd3lsZHIxMDE5bXd5bGRyMW13eWxkcjE0ODA=,base64:type253:MzVtd3lsZHIxMDE5bXd5bGRyMW13eWxkcjE0ODA=,base64:type253:MzVtd3lsZHIxMDE5bXd5bGRyMW13eWxkcjE0ODA=,base64:type253:MzVtd3lsZHIxMDE5bXd5bGRyMW13eWxkcjE0ODA=
base64:type253:MTFtd3lsZHIxMDIwbXd5bGRyMW13eWxkcjE1MzE=,base64:type253:MTFtd3lsZHIxMDIwbXd5bGRyMW13eWxkcjE1MzE=,base64:type253:MTFtd3lsZHIxMDIwbXd5bGRyMW13eWxkcjE1MzE=,base64:type253:MTFtd3lsZHIxMDIwbXd5bGRyMW13eWxkcjE1MzE=
base64:type253:MzRtd3lsZHIxMDIxbXd5bGRyMW13eWxkcjE0OTE=,base64:type253:MzRtd3lsZHIxMDIxbXd5bGRyMW13eWxkcjE0OTE=,base64:type253:MzRtd3lsZHIxMDIxbXd5bGRyMW13eWxkcjE0OTE=,base64:type253:MzRtd3lsZHIxMDIxbXd5bGRyMW13eWxkcjE0OTE=
base64:type253:MzRtd3lsZHIxMDIybXd5bGRyMW13eWxkcjE1MDc=,base64:type253:MzRtd3lsZHIxMDIybXd5bGRyMW13eWxkcjE1MDc=,base64:type253:MzRtd3lsZHIxMDIybXd5bGRyMW13eWxkcjE1MDc=,base64:type253:MzRtd3lsZHIxMDIybXd5bGRyMW13eWxkcjE1MDc=
base64:type253:MzVtd3lsZHIxMDIzbXd5bGRyMW13eWxkcjE0OTI=,base64:type253:MzVtd3lsZHIxMDIzbXd5bGRyMW13eWxkcjE0OTI=,base64:type253:MzVtd3lsZHIxMDIzbXd5bGRyMW13eWxkcjE0OTI=,base64:type253:MzVtd3lsZHIxMDIzbXd5bGRyMW13eWxkcjE0OTI=
base64:type253:MzNtd3lsZHIxMDI0bXd5bGRyMW13eWxkcjE0ODc=,base64:type253:MzNtd3lsZHIxMDI0bXd5bGRyMW13eWxkcjE0ODc=,base64:type253:MzNtd3lsZHIxMDI0bXd5bGRyMW13eWxkcjE0ODc=,base64:type253:MzNtd3lsZHIxMDI0bXd5bGRyMW13eWxkcjE0ODc=
base64:type253:MTFtd3lsZHIxMDI1bXd5bGRyMW13eWxkcjE1MTM=,base64:type253:MTFtd3lsZHIxMDI1bXd5bGRyMW13eWxkcjE1MTM=,base64:type253:MTFtd3lsZHIxMDI1bXd5bGRyMW13eWxkcjE1MTM=,base64:type253:MTFtd3lsZHIxMDI1bXd5bGRyMW13eWxkcjE1MTM=
base64:type253:MzNtd3lsZHIxMDI2bXd5bGRyMW13eWxkcjE1MDY=,base64:type253:MzNtd3lsZHIxMDI2bXd5bGRyMW13eWxkcjE1MDY=,base64:type253:MzNtd3lsZHIxMDI2bXd5bGRyMW13eWxkcjE1MDY=,base64:type253:MzNtd3lsZHIxMDI2bXd5bGRyMW13eWxkcjE1MDY=
base64:type253:MzRtd3lsZHIxMDI3bXd5bGRyMW13eWxkcjE0OTQ=,base64:type253:MzRtd3lsZHIxMDI3bXd5bGRyMW13eWxkcjE0OTQ=,base64:type253:MzRtd3lsZHIxMDI3bXd5bGRyMW13eWxkcjE0OTQ=,base64:type253:MzRtd3lsZHIxMDI3bXd5bGRyMW13eWxkcjE0OTQ=
base64:type253:MzNtd3lsZHIxMDI4bXd5bGRyMW13eWxkcjE1MjA=,base64:type253:MzNtd3lsZHIxMDI4bXd5bGRyMW13eWxkcjE1MjA=,base64:type253:MzNtd3lsZHIxMDI4bXd5bGRyMW13eWxkcjE1MjA=,base64:type253:MzNtd3lsZHIxMDI4bXd5bGRyMW13eWxkcjE1MjA=
base64:type253:MzNtd3lsZHIxMDI5bXd5bGRyMW13eWxkcjE0OTM=,base64:type253:MzNtd3lsZHIxMDI5bXd5bGRyMW13eWxkcjE0OTM=,base64:type253:MzNtd3lsZHIxMDI5bXd5bGRyMW13eWxkcjE0OTM=,base64:type253:MzNtd3lsZHIxMDI5bXd5bGRyMW13eWxkcjE0OTM=
base64:type253:MzRtd3lsZHIxMDMwbXd5bGRyMW13eWxkcjE1MjE=,base64:type253:MzRtd3lsZHIxMDMwbXd5bGRyMW13eWxkcjE1MjE=,base64:type253:MzRtd3lsZHIxMDMwbXd5bGRyMW13eWxkcjE1MjE=,base64:type253:MzRtd3lsZHIxMDMwbXd5bGRyMW13eWxkcjE1MjE=
base64:type253:MzVtd3lsZHIxMDMxbXd5bGRyMW13eWxkcjE0OTk=,base64:type253:MzVtd3lsZHIxMDMxbXd5bGRyMW13eWxkcjE0OTk=,base64:type253:MzVtd3lsZHIxMDMxbXd5bGRyMW13eWxkcjE0OTk=,base64:type253:MzVtd3lsZHIxMDMxbXd5bGRyMW13eWxkcjE0OTk=
base64:type253:MzRtd3lsZHIxMDMybXd5bGRyMW13eWxkcjE0OTg=,base64:type253:MzRtd3lsZHIxMDMybXd5bGRyMW13eWxkcjE0OTg=,base64:type253:MzRtd3lsZHIxMDMybXd5bGRyMW13eWxkcjE0OTg=,base64:type253:MzRtd3lsZHIxMDMybXd5bGRyMW13eWxkcjE0OTg=
base64:type253:MzNtd3lsZHIxMDMzbXd5bGRyMW13eWxkcjE1MDM=,base64:type253:MzNtd3lsZHIxMDMzbXd5bGRyMW13eWxkcjE1MDM=,base64:type253:MzNtd3lsZHIxMDMzbXd5bGRyMW13eWxkcjE1MDM=,base64:type253:MzNtd3lsZHIxMDMzbXd5bGRyMW13eWxkcjE1MDM=
base64:type253:MzNtd3lsZHIxMDM0bXd5bGRyMW13eWxkcjE0ODE=,base64:type253:MzNtd3lsZHIxMDM0bXd5bGRyMW13eWxkcjE0ODE=,base64:type253:MzNtd3lsZHIxMDM0bXd5bGRyMW13eWxkcjE0ODE=,base64:type253:MzNtd3lsZHIxMDM0bXd5bGRyMW13eWxkcjE0ODE=
base64:type253:MzRtd3lsZHIxMDM1bXd5bGRyMW13eWxkcjE0ODI=,base64:type253:MzRtd3lsZHIxMDM1bXd5bGRyMW13eWxkcjE0ODI=,base64:type253:MzRtd3lsZHIxMDM1bXd5bGRyMW13eWxkcjE0ODI=,base64:type253:MzRtd3lsZHIxMDM1bXd5bGRyMW13eWxkcjE0ODI=
base64:type253:MzRtd3lsZHIxMDM2bXd5bGRyMW13eWxkcjE1MjU=,base64:type253:MzRtd3lsZHIxMDM2bXd5bGRyMW13eWxkcjE1MjU=,base64:type253:MzRtd3lsZHIxMDM2bXd5bGRyMW13eWxkcjE1MjU=,base64:type253:MzRtd3lsZHIxMDM2bXd5bGRyMW13eWxkcjE1MjU=
base64:type253:MzVtd3lsZHIxMDM3bXd5bGRyMW13eWxkcjE1MjY=,base64:type253:MzVtd3lsZHIxMDM3bXd5bGRyMW13eWxkcjE1MjY=,base64:type253:MzVtd3lsZHIxMDM3bXd5bGRyMW13eWxkcjE1MjY=,base64:type253:MzVtd3lsZHIxMDM3bXd5bGRyMW13eWxkcjE1MjY=
base64:type253:MzVtd3lsZHIxMDM4bXd5bGRyMW13eWxkcjE0ODM=,base64:type253:MzVtd3lsZHIxMDM4bXd5bGRyMW13eWxkcjE0ODM=,base64:type253:MzVtd3lsZHIxMDM4bXd5bGRyMW13eWxkcjE0ODM=,base64:type253:MzVtd3lsZHIxMDM4bXd5bGRyMW13eWxkcjE0ODM=
base64:type253:MzRtd3lsZHIxMDM5bXd5bGRyMW13eWxkcjE0ODU=,base64:type253:MzRtd3lsZHIxMDM5bXd5bGRyMW13eWxkcjE0ODU=,base64:type253:MzRtd3lsZHIxMDM5bXd5bGRyMW13eWxkcjE0ODU=,base64:type253:MzRtd3lsZHIxMDM5bXd5bGRyMW13eWxkcjE0ODU=
base64:type253:MTBtd3lsZHIxMDQwbXd5bGRyMW13eWxkcjE0NzY=,base64:type253:MTBtd3lsZHIxMDQwbXd5bGRyMW13eWxkcjE0NzY=,base64:type253:MTBtd3lsZHIxMDQwbXd5bGRyMW13eWxkcjE0NzY=,base64:type253:MTBtd3lsZHIxMDQwbXd5bGRyMW13eWxkcjE0NzY=
base64:type253:MzRtd3lsZHIxMDQxbXd5bGRyMW13eWxkcjE1MzM=,base64:type253:MzRtd3lsZHIxMDQxbXd5bGRyMW13eWxkcjE1MzM=,base64:type253:MzRtd3lsZHIxMDQxbXd5bGRyMW13eWxkcjE1MzM=,base64:type253:MzRtd3lsZHIxMDQxbXd5bGRyMW13eWxkcjE1MzM=
base64:type253:MTFtd3lsZHIxMDQybXd5bGRyMW13eWxkcjE0Nzc=,base64:type253:MTFtd3lsZHIxMDQybXd5bGRyMW13eWxkcjE0Nzc=,base64:type253:MTFtd3lsZHIxMDQybXd5bGRyMW13eWxkcjE0Nzc=,base64:type253:MTFtd3lsZHIxMDQybXd5bGRyMW13eWxkcjE0Nzc=
base64:type253:MzNtd3lsZHIxMDQzbXd5bGRyMW13eWxkcjE0OTY=,base64:type253:MzNtd3lsZHIxMDQzbXd5bGRyMW13eWxkcjE0OTY=,base64:type253:MzNtd3lsZHIxMDQzbXd5bGRyMW13eWxkcjE0OTY=,base64:type253:MzNtd3lsZHIxMDQzbXd5bGRyMW13eWxkcjE0OTY=
base64:type253:MzNtd3lsZHIxMDQ0bXd5bGRyMW13eWxkcjE0OTc=,base64:type253:MzNtd3lsZHIxMDQ0bXd5bGRyMW13eWxkcjE0OTc=,base64:type253:MzNtd3lsZHIxMDQ0bXd5bGRyMW13eWxkcjE0OTc=,base64:type253:MzNtd3lsZHIxMDQ0bXd5bGRyMW13eWxkcjE0OTc=
base64:type253:MzNtd3lsZHIxMDQ1bXd5bGRyMW13eWxkcjE1MTc=,base64:type253:MzNtd3lsZHIxMDQ1bXd5bGRyMW13eWxkcjE1MTc=,base64:type253:MzNtd3lsZHIxMDQ1bXd5bGRyMW13eWxkcjE1MTc=,base64:type253:MzNtd3lsZHIxMDQ1bXd5bGRyMW13eWxkcjE1MTc=
base64:type253:MzRtd3lsZHIxMDQ2bXd5bGRyMW13eWxkcjE1MTg=,base64:type253:MzRtd3lsZHIxMDQ2bXd5bGRyMW13eWxkcjE1MTg=,base64:type253:MzRtd3lsZHIxMDQ2bXd5bGRyMW13eWxkcjE1MTg=,base64:type253:MzRtd3lsZHIxMDQ2bXd5bGRyMW13eWxkcjE1MTg=
base64:type253:MzRtd3lsZHIxMDQ3bXd5bGRyMW13eWxkcjE1MDQ=,base64:type253:MzRtd3lsZHIxMDQ3bXd5bGRyMW13eWxkcjE1MDQ=,base64:type253:MzRtd3lsZHIxMDQ3bXd5bGRyMW13eWxkcjE1MDQ=,base64:type253:MzRtd3lsZHIxMDQ3bXd5bGRyMW13eWxkcjE1MDQ=
base64:type253:MTBtd3lsZHIxMDQ4bXd5bGRyMW13eWxkcjE1Mzc=,base64:type253:MTBtd3lsZHIxMDQ4bXd5bGRyMW13eWxkcjE1Mzc=,base64:type253:MTBtd3lsZHIxMDQ4bXd5bGRyMW13eWxkcjE1Mzc=,base64:type253:MTBtd3lsZHIxMDQ4bXd5bGRyMW13eWxkcjE1Mzc=
base64:type253:MTFtd3lsZHIxMDQ5bXd5bGRyMW13eWxkcjE1Mzg=,base64:type253:MTFtd3lsZHIxMDQ5bXd5bGRyMW13eWxkcjE1Mzg=,base64:type253:MTFtd3lsZHIxMDQ5bXd5bGRyMW13eWxkcjE1Mzg=,base64:type253:MTFtd3lsZHIxMDQ5bXd5bGRyMW13eWxkcjE1Mzg=
base64:type253:MzVtd3lsZHIxMDUwbXd5bGRyMW13eWxkcjE1MTA=,base64:type253:MzVtd3lsZHIxMDUwbXd5bGRyMW13eWxkcjE1MTA=,base64:type253:MzVtd3lsZHIxMDUwbXd5bGRyMW13eWxkcjE1MTA=,base64:type253:MzVtd3lsZHIxMDUwbXd5bGRyMW13eWxkcjE1MTA=
base64:type253:MzNtd3lsZHIxMDUxbXd5bGRyMW13eWxkcjE1MDg=,base64:type253:MzNtd3lsZHIxMDUxbXd5bGRyMW13eWxkcjE1MDg=,base64:type253:MzNtd3lsZHIxMDUxbXd5bGRyMW13eWxkcjE1MDg=,base64:type253:MzNtd3lsZHIxMDUxbXd5bGRyMW13eWxkcjE1MDg=
base64:type253:MzRtd3lsZHIxMDUybXd5bGRyMW13eWxkcjE1MDk=,base64:type253:MzRtd3lsZHIxMDUybXd5bGRyMW13eWxkcjE1MDk=,base64:type253:MzRtd3lsZHIxMDUybXd5bGRyMW13eWxkcjE1MDk=,base64:type253:MzRtd3lsZHIxMDUybXd5bGRyMW13eWxkcjE1MDk=
base64:type253:MzNtd3lsZHIxMDUzbXd5bGRyMW13eWxkcjE1MzI=,base64:type253:MzNtd3lsZHIxMDUzbXd5bGRyMW13eWxkcjE1MzI=,base64:type253:MzNtd3lsZHIxMDUzbXd5bGRyMW13eWxkcjE1MzI=,base64:type253:MzNtd3lsZHIxMDUzbXd5bGRyMW13eWxkcjE1MzI=
base64:type253:MzVtd3lsZHIxMDU0bXd5bGRyMW13eWxkcjE1MDE=,base64:type253:MzVtd3lsZHIxMDU0bXd5bGRyMW13eWxkcjE1MDE=,base64:type253:MzVtd3lsZHIxMDU0bXd5bGRyMW13eWxkcjE1MDE=,base64:type253:MzVtd3lsZHIxMDU0bXd5bGRyMW13eWxkcjE1MDE=
base64:type253:MzNtd3lsZHIxMDU1bXd5bGRyMW13eWxkcjE0ODg=,base64:type253:MzNtd3lsZHIxMDU1bXd5bGRyMW13eWxkcjE0ODg=,base64:type253:MzNtd3lsZHIxMDU1bXd5bGRyMW13eWxkcjE0ODg=,base64:type253:MzNtd3lsZHIxMDU1bXd5bGRyMW13eWxkcjE0ODg=
base64:type253:MzRtd3lsZHIxMDU2bXd5bGRyMW13eWxkcjE0ODk=,base64:type253:MzRtd3lsZHIxMDU2bXd5bGRyMW13eWxkcjE0ODk=,base64:type253:MzRtd3lsZHIxMDU2bXd5bGRyMW13eWxkcjE0ODk=,base64:type253:MzRtd3lsZHIxMDU2bXd5bGRyMW13eWxkcjE0ODk=
base64:type253:MTBtd3lsZHIxMDU3bXd5bGRyMW13eWxkcjE1MzA=,base64:type253:MTBtd3lsZHIxMDU3bXd5bGRyMW13eWxkcjE1MzA=,base64:type253:MTBtd3lsZHIxMDU3bXd5bGRyMW13eWxkcjE1MzA=,base64:type253:MTBtd3lsZHIxMDU3bXd5bGRyMW13eWxkcjE1MzA=
base64:type253:MzVtd3lsZHIxMDU4bXd5bGRyMW13eWxkcjE0OTA=,base64:type253:MzVtd3lsZHIxMDU4bXd5bGRyMW13eWxkcjE0OTA=,base64:type253:MzVtd3lsZHIxMDU4bXd5bGRyMW13eWxkcjE0OTA=,base64:type253:MzVtd3lsZHIxMDU4bXd5bGRyMW13eWxkcjE0OTA=
base64:type253:MzVtd3lsZHIxMDU5bXd5bGRyMW13eWxkcjE1MzQ=,base64:type253:MzVtd3lsZHIxMDU5bXd5bGRyMW13eWxkcjE1MzQ=,base64:type253:MzVtd3lsZHIxMDU5bXd5bGRyMW13eWxkcjE1MzQ=,base64:type253:MzVtd3lsZHIxMDU5bXd5bGRyMW13eWxkcjE1MzQ=
base64:type253:MzVtd3lsZHIxMDYwbXd5bGRyMW13eWxkcjE1MjI=,base64:type253:MzVtd3lsZHIxMDYwbXd5bGRyMW13eWxkcjE1MjI=,base64:type253:MzVtd3lsZHIxMDYwbXd5bGRyMW13eWxkcjE1MjI=,base64:type253:MzVtd3lsZHIxMDYwbXd5bGRyMW13eWxkcjE1MjI=
base64:type253:MzVtd3lsZHIxMDYxbXd5bGRyMW13eWxkcjE1Mzk=,base64:type253:MzVtd3lsZHIxMDYxbXd5bGRyMW13eWxkcjE1Mzk=,base64:type253:MzVtd3lsZHIxMDYxbXd5bGRyMW13eWxkcjE1Mzk=,base64:type253:MzVtd3lsZHIxMDYxbXd5bGRyMW13eWxkcjE1Mzk=
base64:type253:MzNtd3lsZHIxMDYybXd5bGRyMW13eWxkcjE1Mjc=,base64:type253:MzNtd3lsZHIxMDYybXd5bGRyMW13eWxkcjE1Mjc=,base64:type253:MzNtd3lsZHIxMDYybXd5bGRyMW13eWxkcjE1Mjc=,base64:type253:MzNtd3lsZHIxMDYybXd5bGRyMW13eWxkcjE1Mjc=
base64:type253:MzRtd3lsZHIxMDYzbXd5bGRyMW13eWxkcjE1Mjg=,base64:type253:MzRtd3lsZHIxMDYzbXd5bGRyMW13eWxkcjE1Mjg=,base64:type253:MzRtd3lsZHIxMDYzbXd5bGRyMW13eWxkcjE1Mjg=,base64:type253:MzRtd3lsZHIxMDYzbXd5bGRyMW13eWxkcjE1Mjg=
base64:type253:MzNtd3lsZHIxMDY0bXd5bGRyMW13eWxkcjE1NDE=,base64:type253:MzNtd3lsZHIxMDY0bXd5bGRyMW13eWxkcjE1NDE=,base64:type253:MzNtd3lsZHIxMDY0bXd5bGRyMW13eWxkcjE1NDE=,base64:type253:MzNtd3lsZHIxMDY0bXd5bGRyMW13eWxkcjE1NDE=
base64:type253:MzRtd3lsZHIxMDY1bXd5bGRyMW13eWxkcjE1NDI=,base64:type253:MzRtd3lsZHIxMDY1bXd5bGRyMW13eWxkcjE1NDI=,base64:type253:MzRtd3lsZHIxMDY1bXd5bGRyMW13eWxkcjE1NDI=,base64:type253:MzRtd3lsZHIxMDY1bXd5bGRyMW13eWxkcjE1NDI=
base64:type253:MzVtd3lsZHIxMDY2bXd5bGRyMW13eWxkcjE1NDM=,base64:type253:MzVtd3lsZHIxMDY2bXd5bGRyMW13eWxkcjE1NDM=,base64:type253:MzVtd3lsZHIxMDY2bXd5bGRyMW13eWxkcjE1NDM=,base64:type253:MzVtd3lsZHIxMDY2bXd5bGRyMW13eWxkcjE1NDM=
base64:type253:MzVtd3lsZHIxMDY3bXd5bGRyMW13eWxkcjE1MDU=,base64:type253:MzVtd3lsZHIxMDY3bXd5bGRyMW13eWxkcjE1MDU=,base64:type253:MzVtd3lsZHIxMDY3bXd5bGRyMW13eWxkcjE1MDU=,base64:type253:MzVtd3lsZHIxMDY3bXd5bGRyMW13eWxkcjE1MDU=
base64:type253:MzVtd3lsZHIxMDY4bXd5bGRyMW13eWxkcjE1MTE=,base64:type253:MzVtd3lsZHIxMDY4bXd5bGRyMW13eWxkcjE1MTE=,base64:type253:MzVtd3lsZHIxMDY4bXd5bGRyMW13eWxkcjE1MTE=,base64:type253:MzVtd3lsZHIxMDY4bXd5bGRyMW13eWxkcjE1MTE=
base64:type253:MzNtd3lsZHIxMDY5bXd5bGRyMW13eWxkcjE1MzU=,base64:type253:MzNtd3lsZHIxMDY5bXd5bGRyMW13eWxkcjE1MzU=,base64:type253:MzNtd3lsZHIxMDY5bXd5bGRyMW13eWxkcjE1MzU=,base64:type253:MzNtd3lsZHIxMDY5bXd5bGRyMW13eWxkcjE1MzU=
base64:type253:MzRtd3lsZHIxMDcwbXd5bGRyMW13eWxkcjE1NjA=,base64:type253:MzRtd3lsZHIxMDcwbXd5bGRyMW13eWxkcjE1NjA=,base64:type253:MzRtd3lsZHIxMDcwbXd5bGRyMW13eWxkcjE1NjA=,base64:type253:MzRtd3lsZHIxMDcwbXd5bGRyMW13eWxkcjE1NjA=
base64:type253:MzVtd3lsZHIxMDcxbXd5bGRyMW13eWxkcjE1NjE=,base64:type253:MzVtd3lsZHIxMDcxbXd5bGRyMW13eWxkcjE1NjE=,base64:type253:MzVtd3lsZHIxMDcxbXd5bGRyMW13eWxkcjE1NjE=,base64:type253:MzVtd3lsZHIxMDcxbXd5bGRyMW13eWxkcjE1NjE=
base64:type253:NW13eWxkcjEwNzJtd3lsZHIxbXd5bGRyMTU0MA==,base64:type253:NW13eWxkcjEwNzJtd3lsZHIxbXd5bGRyMTU0MA==,base64:type253:NW13eWxkcjEwNzJtd3lsZHIxbXd5bGRyMTU0MA==,base64:type253:NW13eWxkcjEwNzJtd3lsZHIxbXd5bGRyMTU0MA==
base64:type253:MzVtd3lsZHIxMDczbXd5bGRyMW13eWxkcjE1MTk=,base64:type253:MzVtd3lsZHIxMDczbXd5bGRyMW13eWxkcjE1MTk=,base64:type253:MzVtd3lsZHIxMDczbXd5bGRyMW13eWxkcjE1MTk=,base64:type253:MzVtd3lsZHIxMDczbXd5bGRyMW13eWxkcjE1MTk=
base64:type253:MzZtd3lsZHIxMDc0bXd5bGRyMW13eWxkcjE1Njg=,base64:type253:MzZtd3lsZHIxMDc0bXd5bGRyMW13eWxkcjE1Njg=,base64:type253:MzZtd3lsZHIxMDc0bXd5bGRyMW13eWxkcjE1Njg=,base64:type253:MzZtd3lsZHIxMDc0bXd5bGRyMW13eWxkcjE1Njg=
base64:type253:MzZtd3lsZHIxMDc1bXd5bGRyMW13eWxkcjE1NTQ=,base64:type253:MzZtd3lsZHIxMDc1bXd5bGRyMW13eWxkcjE1NTQ=,base64:type253:MzZtd3lsZHIxMDc1bXd5bGRyMW13eWxkcjE1NTQ=,base64:type253:MzZtd3lsZHIxMDc1bXd5bGRyMW13eWxkcjE1NTQ=
base64:type253:Mzdtd3lsZHIxMDc2bXd5bGRyMW13eWxkcjE1NDk=,base64:type253:Mzdtd3lsZHIxMDc2bXd5bGRyMW13eWxkcjE1NDk=,base64:type253:Mzdtd3lsZHIxMDc2bXd5bGRyMW13eWxkcjE1NDk=,base64:type253:Mzdtd3lsZHIxMDc2bXd5bGRyMW13eWxkcjE1NDk=
base64:type253:MzZtd3lsZHIxMDc3bXd5bGRyMW13eWxkcjE1NDg=,base64:type253:MzZtd3lsZHIxMDc3bXd5bGRyMW13eWxkcjE1NDg=,base64:type253:MzZtd3lsZHIxMDc3bXd5bGRyMW13eWxkcjE1NDg=,base64:type253:MzZtd3lsZHIxMDc3bXd5bGRyMW13eWxkcjE1NDg=
base64:type253:MzZtd3lsZHIxMDc4bXd5bGRyMW13eWxkcjE1NDY=,base64:type253:MzZtd3lsZHIxMDc4bXd5bGRyMW13eWxkcjE1NDY=,base64:type253:MzZtd3lsZHIxMDc4bXd5bGRyMW13eWxkcjE1NDY=,base64:type253:MzZtd3lsZHIxMDc4bXd5bGRyMW13eWxkcjE1NDY=
base64:type253:MzZtd3lsZHIxMDc5bXd5bGRyMm13eWxkcjE1NTI=,base64:type253:MzZtd3lsZHIxMDc5bXd5bGRyMm13eWxkcjE1NTI=,base64:type253:MzZtd3lsZHIxMDc5bXd5bGRyMm13eWxkcjE1NTI=,base64:type253:MzZtd3lsZHIxMDc5bXd5bGRyMm13eWxkcjE1NTI=
base64:type253:MzZtd3lsZHIxMDgwbXd5bGRyMW13eWxkcjE1NTA=,base64:type253:MzZtd3lsZHIxMDgwbXd5bGRyMW13eWxkcjE1NTA=,base64:type253:MzZtd3lsZHIxMDgwbXd5bGRyMW13eWxkcjE1NTA=,base64:type253:MzZtd3lsZHIxMDgwbXd5bGRyMW13eWxkcjE1NTA=
base64:type253:MzZtd3lsZHIxMDgxbXd5bGRyMW13eWxkcjE1ODQ=,base64:type253:MzZtd3lsZHIxMDgxbXd5bGRyMW13eWxkcjE1ODQ=,base64:type253:MzZtd3lsZHIxMDgxbXd5bGRyMW13eWxkcjE1ODQ=,base64:type253:MzZtd3lsZHIxMDgxbXd5bGRyMW13eWxkcjE1ODQ=
base64:type253:MzZtd3lsZHIxMDgybXd5bGRyMW13eWxkcjE1Nzk=,base64:type253:MzZtd3lsZHIxMDgybXd5bGRyMW13eWxkcjE1Nzk=,base64:type253:MzZtd3lsZHIxMDgybXd5bGRyMW13eWxkcjE1Nzk=,base64:type253:MzZtd3lsZHIxMDgybXd5bGRyMW13eWxkcjE1Nzk=
base64:type253:Mzdtd3lsZHIxMDgzbXd5bGRyMW13eWxkcjE1NzI=,base64:type253:Mzdtd3lsZHIxMDgzbXd5bGRyMW13eWxkcjE1NzI=,base64:type253:Mzdtd3lsZHIxMDgzbXd5bGRyMW13eWxkcjE1NzI=,base64:type253:Mzdtd3lsZHIxMDgzbXd5bGRyMW13eWxkcjE1NzI=
base64:type253:MzZtd3lsZHIxMDg0bXd5bGRyMW13eWxkcjE1NzE=,base64:type253:MzZtd3lsZHIxMDg0bXd5bGRyMW13eWxkcjE1NzE=,base64:type253:MzZtd3lsZHIxMDg0bXd5bGRyMW13eWxkcjE1NzE=,base64:type253:MzZtd3lsZHIxMDg0bXd5bGRyMW13eWxkcjE1NzE=
base64:type253:MzZtd3lsZHIxMDg1bXd5bGRyMW13eWxkcjE1NjU=,base64:type253:MzZtd3lsZHIxMDg1bXd5bGRyMW13eWxkcjE1NjU=,base64:type253:MzZtd3lsZHIxMDg1bXd5bGRyMW13eWxkcjE1NjU=,base64:type253:MzZtd3lsZHIxMDg1bXd5bGRyMW13eWxkcjE1NjU=
base64:type253:MzZtd3lsZHIxMDg2bXd5bGRyMW13eWxkcjE1NTY=,base64:type253:MzZtd3lsZHIxMDg2bXd5bGRyMW13eWxkcjE1NTY=,base64:type253:MzZtd3lsZHIxMDg2bXd5bGRyMW13eWxkcjE1NTY=,base64:type253:MzZtd3lsZHIxMDg2bXd5bGRyMW13eWxkcjE1NTY=
base64:type253:MzZtd3lsZHIxMDg3bXd5bGRyMW13eWxkcjE1NDQ=,base64:type253:MzZtd3lsZHIxMDg3bXd5bGRyMW13eWxkcjE1NDQ=,base64:type253:MzZtd3lsZHIxMDg3bXd5bGRyMW13eWxkcjE1NDQ=,base64:type253:MzZtd3lsZHIxMDg3bXd5bGRyMW13eWxkcjE1NDQ=
base64:type253:Mzdtd3lsZHIxMDg4bXd5bGRyMW13eWxkcjE1Njk=,base64:type253:Mzdtd3lsZHIxMDg4bXd5bGRyMW13eWxkcjE1Njk=,base64:type253:Mzdtd3lsZHIxMDg4bXd5bGRyMW13eWxkcjE1Njk=,base64:type253:Mzdtd3lsZHIxMDg4bXd5bGRyMW13eWxkcjE1Njk=
base64:type253:MzZtd3lsZHIxMDg5bXd5bGRyMW13eWxkcjE1OTM=,base64:type253:MzZtd3lsZHIxMDg5bXd5bGRyMW13eWxkcjE1OTM=,base64:type253:MzZtd3lsZHIxMDg5bXd5bGRyMW13eWxkcjE1OTM=,base64:type253:MzZtd3lsZHIxMDg5bXd5bGRyMW13eWxkcjE1OTM=
base64:type253:MTJtd3lsZHIxMDkwbXd5bGRyMW13eWxkcjE1Njc=,base64:type253:MTJtd3lsZHIxMDkwbXd5bGRyMW13eWxkcjE1Njc=,base64:type253:MTJtd3lsZHIxMDkwbXd5bGRyMW13eWxkcjE1Njc=,base64:type253:MTJtd3lsZHIxMDkwbXd5bGRyMW13eWxkcjE1Njc=
base64:type253:MzZtd3lsZHIxMDkxbXd5bGRyMW13eWxkcjE1ODI=,base64:type253:MzZtd3lsZHIxMDkxbXd5bGRyMW13eWxkcjE1ODI=,base64:type253:MzZtd3lsZHIxMDkxbXd5bGRyMW13eWxkcjE1ODI=,base64:type253:MzZtd3lsZHIxMDkxbXd5bGRyMW13eWxkcjE1ODI=
base64:type253:MTJtd3lsZHIxMDkybXd5bGRyMW13eWxkcjE1ODE=,base64:type253:MTJtd3lsZHIxMDkybXd5bGRyMW13eWxkcjE1ODE=,base64:type253:MTJtd3lsZHIxMDkybXd5bGRyMW13eWxkcjE1ODE=,base64:type253:MTJtd3lsZHIxMDkybXd5bGRyMW13eWxkcjE1ODE=
base64:type253:MzZtd3lsZHIxMDkzbXd5bGRyMW13eWxkcjE1NTg=,base64:type253:MzZtd3lsZHIxMDkzbXd5bGRyMW13eWxkcjE1NTg=,base64:type253:MzZtd3lsZHIxMDkzbXd5bGRyMW13eWxkcjE1NTg=,base64:type253:MzZtd3lsZHIxMDkzbXd5bGRyMW13eWxkcjE1NTg=
base64:type253:MzZtd3lsZHIxMDk0bXd5bGRyMW13eWxkcjE1NzU=,base64:type253:MzZtd3lsZHIxMDk0bXd5bGRyMW13eWxkcjE1NzU=,base64:type253:MzZtd3lsZHIxMDk0bXd5bGRyMW13eWxkcjE1NzU=,base64:type253:MzZtd3lsZHIxMDk0bXd5bGRyMW13eWxkcjE1NzU=
base64:type253:MzZtd3lsZHIxMDk1bXd5bGRyMW13eWxkcjE1NjM=,base64:type253:MzZtd3lsZHIxMDk1bXd5bGRyMW13eWxkcjE1NjM=,base64:type253:MzZtd3lsZHIxMDk1bXd5bGRyMW13eWxkcjE1NjM=,base64:type253:MzZtd3lsZHIxMDk1bXd5bGRyMW13eWxkcjE1NjM=
base64:type253:Mzdtd3lsZHIxMDk2bXd5bGRyMW13eWxkcjE1NTM=,base64:type253:Mzdtd3lsZHIxMDk2bXd5bGRyMW13eWxkcjE1NTM=,base64:type253:Mzdtd3lsZHIxMDk2bXd5bGRyMW13eWxkcjE1NTM=,base64:type253:Mzdtd3lsZHIxMDk2bXd5bGRyMW13eWxkcjE1NTM=
base64:type253:Mzdtd3lsZHIxMDk3bXd5bGRyMW13eWxkcjE1NTc=,base64:type253:Mzdtd3lsZHIxMDk3bXd5bGRyMW13eWxkcjE1NTc=,base64:type253:Mzdtd3lsZHIxMDk3bXd5bGRyMW13eWxkcjE1NTc=,base64:type253:Mzdtd3lsZHIxMDk3bXd5bGRyMW13eWxkcjE1NTc=
base64:type253:Mzdtd3lsZHIxMDk4bXd5bGRyMW13eWxkcjE1NTU=,base64:type253:Mzdtd3lsZHIxMDk4bXd5bGRyMW13eWxkcjE1NTU=,base64:type253:Mzdtd3lsZHIxMDk4bXd5bGRyMW13eWxkcjE1NTU=,base64:type253:Mzdtd3lsZHIxMDk4bXd5bGRyMW13eWxkcjE1NTU=
base64:type253:Mzdtd3lsZHIxMDk5bXd5bGRyMW13eWxkcjE1NTE=,base64:type253:Mzdtd3lsZHIxMDk5bXd5bGRyMW13eWxkcjE1NTE=,base64:type253:Mzdtd3lsZHIxMDk5bXd5bGRyMW13eWxkcjE1NTE=,base64:type253:Mzdtd3lsZHIxMDk5bXd5bGRyMW13eWxkcjE1NTE=
base64:type253:Mzdtd3lsZHIxMTAwbXd5bGRyMW13eWxkcjE1NDc=,base64:type253:Mzdtd3lsZHIxMTAwbXd5bGRyMW13eWxkcjE1NDc=,base64:type253:Mzdtd3lsZHIxMTAwbXd5bGRyMW13eWxkcjE1NDc=,base64:type253:Mzdtd3lsZHIxMTAwbXd5bGRyMW13eWxkcjE1NDc=
base64:type253:Mzdtd3lsZHIxMTAxbXd5bGRyMW13eWxkcjE1NTk=,base64:type253:Mzdtd3lsZHIxMTAxbXd5bGRyMW13eWxkcjE1NTk=,base64:type253:Mzdtd3lsZHIxMTAxbXd5bGRyMW13eWxkcjE1NTk=,base64:type253:Mzdtd3lsZHIxMTAxbXd5bGRyMW13eWxkcjE1NTk=
base64:type253:Mzdtd3lsZHIxMTAybXd5bGRyMW13eWxkcjE1ODM=,base64:type253:Mzdtd3lsZHIxMTAybXd5bGRyMW13eWxkcjE1ODM=,base64:type253:Mzdtd3lsZHIxMTAybXd5bGRyMW13eWxkcjE1ODM=,base64:type253:Mzdtd3lsZHIxMTAybXd5bGRyMW13eWxkcjE1ODM=
base64:type253:MTNtd3lsZHIxMTAzbXd5bGRyMW13eWxkcjE1OTY=,base64:type253:MTNtd3lsZHIxMTAzbXd5bGRyMW13eWxkcjE1OTY=,base64:type253:MTNtd3lsZHIxMTAzbXd5bGRyMW13eWxkcjE1OTY=,base64:type253:MTNtd3lsZHIxMTAzbXd5bGRyMW13eWxkcjE1OTY=
base64:type253:Mzdtd3lsZHIxMTA0bXd5bGRyMW13eWxkcjE1NjY=,base64:type253:Mzdtd3lsZHIxMTA0bXd5bGRyMW13eWxkcjE1NjY=,base64:type253:Mzdtd3lsZHIxMTA0bXd5bGRyMW13eWxkcjE1NjY=,base64:type253:Mzdtd3lsZHIxMTA0bXd5bGRyMW13eWxkcjE1NjY=
base64:type253:MzFtd3lsZHIxMTA1bXd5bGRyMW13eWxkcjE0NjE=,base64:type253:MzFtd3lsZHIxMTA1bXd5bGRyMW13eWxkcjE0NjE=,base64:type253:MzFtd3lsZHIxMTA1bXd5bGRyMW13eWxkcjE0NjE=,base64:type253:MzFtd3lsZHIxMTA1bXd5bGRyMW13eWxkcjE0NjE=
base64:type253:Mzdtd3lsZHIxMTA2bXd5bGRyMW13eWxkcjE1ODU=,base64:type253:Mzdtd3lsZHIxMTA2bXd5bGRyMW13eWxkcjE1ODU=,base64:type253:Mzdtd3lsZHIxMTA2bXd5bGRyMW13eWxkcjE1ODU=,base64:type253:Mzdtd3lsZHIxMTA2bXd5bGRyMW13eWxkcjE1ODU=
base64:type253:Mzdtd3lsZHIxMTA3bXd5bGRyMW13eWxkcjE1OTQ=,base64:type253:Mzdtd3lsZHIxMTA3bXd5bGRyMW13eWxkcjE1OTQ=,base64:type253:Mzdtd3lsZHIxMTA3bXd5bGRyMW13eWxkcjE1OTQ=,base64:type253:Mzdtd3lsZHIxMTA3bXd5bGRyMW13eWxkcjE1OTQ=
base64:type253:Mzdtd3lsZHIxMTA4bXd5bGRyMW13eWxkcjE1ODA=,base64:type253:Mzdtd3lsZHIxMTA4bXd5bGRyMW13eWxkcjE1ODA=,base64:type253:Mzdtd3lsZHIxMTA4bXd5bGRyMW13eWxkcjE1ODA=,base64:type253:Mzdtd3lsZHIxMTA4bXd5bGRyMW13eWxkcjE1ODA=
base64:type253:Mzdtd3lsZHIxMTA5bXd5bGRyMW13eWxkcjE1NDU=,base64:type253:Mzdtd3lsZHIxMTA5bXd5bGRyMW13eWxkcjE1NDU=,base64:type253:Mzdtd3lsZHIxMTA5bXd5bGRyMW13eWxkcjE1NDU=,base64:type253:Mzdtd3lsZHIxMTA5bXd5bGRyMW13eWxkcjE1NDU=
base64:type253:Mzdtd3lsZHIxMTEwbXd5bGRyMW13eWxkcjE1NzY=,base64:type253:Mzdtd3lsZHIxMTEwbXd5bGRyMW13eWxkcjE1NzY=,base64:type253:Mzdtd3lsZHIxMTEwbXd5bGRyMW13eWxkcjE1NzY=,base64:type253:Mzdtd3lsZHIxMTEwbXd5bGRyMW13eWxkcjE1NzY=
base64:type253:MTNtd3lsZHIxMTExbXd5bGRyMW13eWxkcjE1OTc=,base64:type253:MTNtd3lsZHIxMTExbXd5bGRyMW13eWxkcjE1OTc=,base64:type253:MTNtd3lsZHIxMTExbXd5bGRyMW13eWxkcjE1OTc=,base64:type253:MTNtd3lsZHIxMTExbXd5bGRyMW13eWxkcjE1OTc=

