id,userid,mailed,parent,created,deleted,mailnow,message,modified,subject,charcount,wordcount,attachment,discussion,totalscore,messagetrust,messageformat,privatereplyto
142,2,0,0,1601916573,0,0,"<p dir=""ltr"" style=""text-align:left;"">Este espacio es para que realices una breve presentaci\xf3n de tu persona, tus gustos e intereses, te invitamos a participar!</p>",1601916573,Bienvenida General,103,20,<blank>,38,0,0,1,0
143,2,0,0,1601916651,0,0,"<p dir=""ltr"" style=""text-align:left;"">En este espacio podr\xe1s colocar tus dudas e inquietudes de cualquier tipo, del programa, del sistema Moodle o la modalidad acad\xe9mica etc. Estamos para ayudarte.</p>",1601916651,Foro de Ayuda,135,25,<blank>,39,0,0,1,0
144,2,0,0,1601916701,0,0,"<p dir=""ltr"" style=""text-align:left;"">En este espacio podr\xe1s organizarte con un compa\xf1ero para la realizaci\xf3n de la actividad 3.2 del m\xf3dulo III</p>",1601916701,Conformaci\xf3n de Equipos Actividad 3.2,89,18,<blank>,40,0,0,1,0
145,2,0,0,1601916760,0,0,"<p dir=""ltr"" style=""text-align:left;"">Si deseas participar en el grupo activo de Whatsapp, reg\xedstrate aqu\xed integrando tu nombre completo y tu n\xfamero telef\xf3nico.</p>",1601916760,Integraci\xf3n del Grupo de Whatsapp,104,19,<blank>,41,0,0,1,0
146,2,0,0,1601917119,0,0,"<p dir=""ltr"" style=""text-align:left;""></p><div><div><div><div><div><div><div><p dir=""ltr"">Este espacio es para que realices una breve presentaci\xf3n de tu persona, tus gustos e intereses, te invitamos a participar!</p></div></div></div></div></div><div></div></div></div><div><div><div><div></div></div><div><div><div><br /></div></div></div></div></div><br />",1601917119,Bienvenida General,103,20,<blank>,42,0,0,1,0
147,2,0,0,1601917243,0,0,"<div><div><div><div><div><div><div><p dir=""ltr"">En este espacio podr\xe1s colocar tus dudas e inquietudes de cualquier tipo, del programa, del sistema Moodle o la modalidad acad\xe9mica etc. Estamos para ayudarte.</p></div></div></div></div></div></div></div><p dir=""ltr"" style=""text-align:left;""><br /></p>",1601917243,Foro de Ayuda,135,25,<blank>,43,0,0,1,0
148,2,0,0,1601917334,0,0,"<p dir=""ltr"" style=""text-align:left;""></p><div><div><div><div><div><div><div><p dir=""ltr"">Si deseas participar en el grupo activo de Whatsapp, reg\xedstrate aqu\xed integrando tu nombre completo y tu n\xfamero telef\xf3nico</p></div></div></div></div></div></div></div><p></p>",1601917334,Integraci\xf3n del Grupo de Whatsapp,103,19,<blank>,44,0,0,1,0
149,2,0,0,1601918222,0,0,"<p dir=""ltr"" style=""text-align:left;"">Citar es la forma correcta de fundamentar una investigaci\xf3n, la cita se coloca en el texto y se complementa con los elementos que identifican al documento del cual se extrajo la informaci\xf3n. Una cita es la idea que se extrae del documento puede ser textual o parafraseada.</p><p dir=""ltr"" style=""text-align:left;"">La American Psychological Association (APA) se\xf1ala que una cita debe incluir autor, a\xf1o de publicaci\xf3n y la p\xe1gina de la cual se extrajo la idea. La APA (2006) utiliza las referencias en el texto con un sistema de citaci\xf3n de autor y fecha; todas las citas que aparecen en el texto deber\xe1n ordenarse alfab\xe9ticamente en una\xa0 lista de referencias bibliogr\xe1ficas al final del trabajo (p. 220).</p><p dir=""ltr"" style=""text-align:left;""></p><h4>Bibliotecas UNAM, DGB - \xbfC\xf3mo hacer citas y referencias en formato APA?</h4><h5></h5><a href=""http://bibliotecas.unam.mx/index.php/desarrollo-de-habilidades-informativas/como-hacer-citas-y-referencias-en-formato-apa"" target=""_blank"" rel=""noreferrer noopener"">http://bibliotecas.unam.mx/index.php/desarrollo-de-habilidades-informativas/como-hacer-citas-y-referencias-en-formato-apa</a><br /><p dir=""ltr"" style=""text-align:left;"">En este curso es necesario atender todas tus actividades mediante las referencias APA, te invitamos a conocer m\xe1s informaci\xf3n en el enlace anterior.</p>",1601918296,Citas y Referencias,858,154,<blank>,45,0,0,1,0
150,2,0,0,1601918283,0,0,"<p dir=""ltr"" style=""text-align:left;""></p><p dir=""ltr"">Citar es la forma correcta de fundamentar una investigaci\xf3n, la cita se coloca en el texto y se complementa con los elementos que identifican al documento del cual se extrajo la informaci\xf3n. Una cita es la idea que se extrae del documento puede ser textual o parafraseada.</p><p dir=""ltr"">La American Psychological Association (APA) se\xf1ala que una cita debe incluir autor, a\xf1o de publicaci\xf3n y la p\xe1gina de la cual se extrajo la idea. La APA (2006) utiliza las referencias en el texto con un sistema de citaci\xf3n de autor y fecha; todas las citas que aparecen en el texto deber\xe1n ordenarse alfab\xe9ticamente en una\xa0 lista de referencias bibliogr\xe1ficas al final del trabajo (p. 220).</p><p dir=""ltr""></p><h4>Bibliotecas UNAM, DGB - \xbfC\xf3mo hacer citas y referencias en formato APA?</h4><h5></h5><a href=""http://bibliotecas.unam.mx/index.php/desarrollo-de-habilidades-informativas/como-hacer-citas-y-referencias-en-formato-apa"" target=""_blank"" rel=""noreferrer noopener"">http://bibliotecas.unam.mx/index.php/desarrollo-de-habilidades-informativas/como-hacer-citas-y-referencias-en-formato-apa</a><br /><p dir=""ltr"">En este curso es necesario atender todas tus actividades mediante las referencias APA, te invitamos a conocer m\xe1s informaci\xf3n en el enlace anterior.</p><br />",1601918283,Citas y Referencias,858,154,<blank>,46,0,0,1,0
151,110,0,148,1601918547,0,0,"<div class=""text_to_html"">Jeraim Guadalupe Huicab Gonz\xe1lez - 9811388044</div>",1601918547,Re: Integraci\xf3n del Grupo de Whatsapp,40,5,<blank>,44,0,0,1,0
152,7,0,148,1601930134,0,0,"<div class=""text_to_html"">Sofia Nataly Zerme\xf1o Arenas - 3334470423</div>",1601930134,Re: Integraci\xf3n del Grupo de Whatsapp,35,5,<blank>,44,0,0,1,0
153,113,0,148,1601938105,0,0,"<div class=""text_to_html"">Felipe de Jes\xfas Gonz\xe1lez Sierra 3313165869</div>",1601938105,Re: Integraci\xf3n del Grupo de Whatsapp,37,6,<blank>,44,0,0,1,0
154,102,0,146,1601941630,0,0,"<div class=""text_to_html"">Hola qu\xe9 tal!. Saludos a todos mi nombre es Mar\xeda de Jes\xfas, me gusta que me digan Mary Chuy soy maestra de educaci\xf3n f\xedsica, y actualmente trabajo en un CAM d\xf3nde atendemos a ni\xf1os sordos, por lo que me interesa bastante aprender se\xf1as referente al \xe1mbito deportivo. Saludos a todos!!!</div>",1601941630,Re: Bienvenida General,236,50,<blank>,42,0,0,1,0
155,115,0,148,1601941688,0,0,"<div class=""text_to_html"">Daniel Santana Ruelas 3316000319</div>",1601941688,Re: Integraci\xf3n del Grupo de Whatsapp,29,4,<blank>,44,0,0,1,0
156,102,0,148,1601942483,0,0,"<div class=""text_to_html"">Mar\xeda de Jes\xfas Gonz\xe1lez Cervantes<br />\n3311933402</div>",1601942483,Re: Integraci\xf3n del Grupo de Whatsapp,39,6,<blank>,44,0,0,1,0
157,112,0,148,1601944729,0,0,"<div class=""text_to_html"">Armando Esteban Ram\xedrez Chabl\xe9 9971051714</div>",1601944729,Re: Integraci\xf3n del Grupo de Whatsapp,37,5,<blank>,44,0,0,1,0
158,62,0,148,1601952459,0,0,"<div class=""text_to_html"">hola mi nimbre cesar guillermo garcia gonzalez 3317134713</div>",1601952459,Re: Integraci\xf3n del Grupo de Whatsapp,50,8,<blank>,44,0,0,1,0
159,109,0,145,1602004799,0,0,"<div class=""text_to_html"">3311574177 Nancy Liliana Rios Acosta</div>",1602004799,Re: Integraci\xf3n del Grupo de Whatsapp,32,5,<blank>,41,0,0,1,0
160,101,0,146,1602045320,0,0,"<div class=""text_to_html"">Hola, mi nombre es Mirna, soy docente de Educaci\xf3n F\xedsica y me desempe\xf1o en una supervisi\xf3n por lo que este tema es de gran inter\xe9s para atender  a la diversidad de alumnado en la zona y poder apoyar con acompa\xf1amiento a los compa\xf1eros docentes y sobre todo a quienes en estos momentos  lo requieren. Saludos cordiales =)</div>",1602045406,Re: Bienvenida General,263,56,<blank>,42,0,0,1,0
161,107,0,148,1602089920,0,0,"<div class=""text_to_html"">Hola mi nombre es Luis Gonzalez Lozano mi numero de tel\xe9fono es 3311729316 gracias por agregarme al grupo</div>",1602089920,Re: Integraci\xf3n del Grupo de Whatsapp,88,18,<blank>,44,0,0,1,0
162,118,0,146,1602094648,0,0,"<div class=""text_to_html"">Hola mi nombre es  Gerardo y soy m\xe9dico del deporte en la UAEMex, por lo cual siempre me ha interesado seguir en mi formaci\xf3n y esta certificaci\xf3n  me parece una buena oportunidad de aprendizaje y mas relacionado en el \xe1mbito deportivo, tambi\xe9n me gusta realizar ejercicio de manera regular realizando ejercicio funcional por el momento, espero poder compartir con ustedes informaci\xf3n valiosa, saludos</div>",1602094648,Re: Bienvenida General,337,63,<blank>,42,0,0,1,0
163,118,0,148,1602094739,0,0,"<div class=""text_to_html"">Gerardo Armengol Vargas 7222449619</div>",1602094739,Re: Integraci\xf3n del Grupo de Whatsapp,31,4,<blank>,44,0,0,1,0
164,101,0,147,1602116077,0,0,"<div class=""text_to_html"">Buena tarde, \xbfexisten algunas especificaciones para el formato de portada?<br /><br />\nSaludos</div>",1602116077,Re: Foro de Ayuda,72,11,<blank>,43,0,0,1,0
165,118,0,147,1602120617,0,0,"<div class=""text_to_html"">Hola, para el resumen \xbfhay alg\xfan l\xedmite de cuartillas? o \xbfcaracter\xedsticas especiales del trabajo?, gracias.</div>",1602120617,Re: Foro de Ayuda,93,15,<blank>,43,0,0,1,0
166,2,0,0,1602168743,0,0,"<p dir=""ltr"" style=""text-align:left;"">La presentaci\xf3n de actividades tendr\xe1 que seguir el formato APA sugerido, as\xed mismo, deber\xe1 cumplir con los siguientes lineamientos:</p><p dir=""ltr"" style=""text-align:left;""></p><ul><li><strong>Portada: </strong>la portada tendr\xe1 que contener el nombre completo del alumno, competencia, m\xf3dulo y actividad que se desarrolla.</li><li><strong>Formato APA para las citas: </strong>Toda extracci\xf3n de informaci\xf3n y de ideas de documentos de otros creadores deber\xe1 citarse mediante el formato APA.</li><li><strong>Bibliograf\xeda: </strong>Se deber\xe1 incluir al final del documento la bibliograf\xeda referida del contenido investigado para conocer las fuentes.</li><li><strong>Nombre del archivo: </strong>El nombre del documento a adjuntar a la plataforma Moodle tendr\xe1 que permitir conocer el creador para ello se solicita de la siguiente manera: primer_nombre_primer_apellido_actividad_y_modulo, ejemplo: <strong>Marcos_Hernandez_Act_1.1.doc</strong></li></ul>",1602168743,Presentaci\xf3n de Actividades,673,118,<blank>,47,0,0,1,0
167,2,0,164,1602168888,0,0,"<div class=""text_to_html"">En la portada solo deber\xe1s incluir: Nombre completo, actividad a desarrollar y m\xf3dulo, se cre\xf3 un mensaje en el foro de Bienvenida y ayuda llamado presentaci\xf3n de actividades para mejor entendimiento.</div>",1602168888,Re: Foro de Ayuda,170,31,<blank>,43,0,0,1,0
168,2,0,0,1602169061,0,0,"<p dir=""ltr"" style=""text-align:left;""></p><p dir=""ltr"">La presentaci\xf3n de actividades tendr\xe1 que seguir el formato APA sugerido, as\xed mismo, deber\xe1 cumplir con los siguientes lineamientos:</p><p dir=""ltr""></p><ul><li><strong>Portada:\xa0</strong>la portada tendr\xe1 que contener el nombre completo del alumno, competencia, m\xf3dulo y actividad que se desarrolla.</li><li><strong>Formato APA para las citas:\xa0</strong>Toda extracci\xf3n de informaci\xf3n y de ideas de documentos de otros creadores deber\xe1 citarse mediante el formato APA.</li><li><strong>Bibliograf\xeda:\xa0</strong>Se deber\xe1 incluir al final del documento la bibliograf\xeda referida del contenido investigado para conocer las fuentes.</li><li><strong>Nombre del archivo:\xa0</strong>El nombre del documento a adjuntar a la plataforma Moodle tendr\xe1 que permitir conocer el creador para ello se solicita de la siguiente manera: primer_nombre_primer_apellido_actividad_y_modulo, ejemplo:\xa0<strong>Marcos_Hernandez_Act_1.1.doc</strong></li></ul><br />",1602169061,Presentaci\xf3n de Actividades,678,118,<blank>,48,0,0,1,0
169,69,0,165,1602181089,0,0,"<div class=""text_to_html"">no hay limite de cuartillas, solo buscar las palabras claves y dar un resumen referente a esto. la conclusi\xf3n personal es importante.</div>",1602181089,Re: Foro de Ayuda,112,22,<blank>,43,0,0,1,0
170,114,0,146,1602181378,0,0,"<div class=""text_to_html"">hola que tal mi nombre es Vianey Carrillo egresada en la especialidad de Deporte Adaptado, me especializo en la disciplina de basquetbol, imparto a convencionales y a los de silla de ruedas, me muevo en el \xe1mbito deportivo con personas con discapacidad se lo mas b\xe1sico en lengua de se\xf1as, me interesa poder tener mas comunicaci\xf3n con ellos y en la vida cotidiana. saludos a todos</div>",1602181378,Re: Bienvenida General,315,66,<blank>,42,0,0,1,0
171,114,0,148,1602181465,0,0,"<div class=""text_to_html"">vianey camila carrillo aguirre cel: 3313651276</div>",1602181465,Re: Integraci\xf3n del Grupo de Whatsapp,41,6,<blank>,44,0,0,1,0
172,101,0,167,1602197009,0,0,"<div class=""text_to_html"">Muchas gracias, saludos</div>",1602197009,Re: Foro de Ayuda,21,3,<blank>,43,0,0,1,0
173,106,0,146,1602198620,0,0,"<div class=""text_to_html"">Hola, me llamo Carmina Torres. Soy maestra de apoyo en una USAER. Trabajo en una secundaria regular donde recibimos este ciclo a una ni\xf1a Sorda. Siempre me ha gustado aprender lenguas y la LSM me encanta. Estoy en proceso de capacitaci\xf3n en la atenci\xf3n de los alumnos con Sordera y adem\xe1s formo parte de una asociaci\xf3n de Puerto Vallarta que apoya a j\xf3venes con distintas condiciones (discapacidad u otras) para que practiquen deporte a nivel competitivo. Bonito d\xeda a todos!!</div>",1602198620,Re: Bienvenida General,397,80,<blank>,42,0,0,1,0
174,106,0,148,1602198792,0,0,"<div class=""text_to_html"">Carmina Torres Torres 322 137 5024</div>",1602198792,Re: Integraci\xf3n del Grupo de Whatsapp,29,6,<blank>,44,0,0,1,0
175,120,0,148,1602263988,0,0,"<div class=""text_to_html"">Hola, mi nombre es Florencia Crystel Rivera Morales, n\xfamero 6622061707</div>",1602263988,Re: Integraci\xf3n del Grupo de Whatsapp,61,10,<blank>,44,0,0,1,0
176,120,0,147,1602264168,0,0,"<div class=""text_to_html"">Hola buenas tardes, \xbfQu\xe9 duraci\xf3n aproximada tendr\xe1 la conferencia de zoom del d\xeda de hoy?</div>",1602264168,Re: Foro de Ayuda,76,15,<blank>,43,0,0,1,0
177,103,0,148,1602279736,0,0,"<div class=""text_to_html"">Yolo Xochilt Cabrera Zu\xf1iga 7711590251</div>",1602279736,Re: Integraci\xf3n del Grupo de Whatsapp,34,5,<blank>,44,0,0,1,0
178,75,0,148,1602280994,0,0,"<div class=""text_to_html"">Germ\xe1n Garc\xeda Delgadillo<br />\n3316712412</div>",1602280994,Re: Integraci\xf3n del Grupo de Whatsapp,32,4,<blank>,44,0,0,1,0
179,104,0,148,1602532622,0,0,"<div class=""text_to_html"">Maria Elena Gonzalez Cervantes 3320440365</div>",1602532622,Re: Integraci\xf3n del Grupo de Whatsapp,37,5,<blank>,44,0,0,1,0
180,104,0,146,1602532954,0,0,"<div class=""text_to_html"">\xa1Hola! mi nombre es Mar\xeda Elena Gonz\xe1lez Cervantes, y son maestra de Educaci\xf3n F\xedsica, me gusta capacitarme para cualquier circunstancia que se me presenta en el trabajo y en la vida diaria, estuve trabajando en cursos de verano y me di cuenta de la escases de la lengua de se\xf1as en los entrenadores, as\xed que es una forma de superarme laboralmente y contribuir a la sociedad con lo aprendido, me gusta la m\xfasica, hacer ejercicio, jugar con mis mascotas, leer y estar actualiz\xe1ndome en lo que m\xe1s se pueda.</div>",1602532954,Re: Bienvenida General,417,89,<blank>,42,0,0,1,0
181,121,0,142,1602700230,0,0,"<div class=""text_to_html"">Hola mi nombre es Patricia Rodr\xedguez soy instructora fitness me encanta correr y estoy aqu\xed para aprender y seguir sirviendo</div>",1602700230,Re: Bienvenida General,105,20,<blank>,38,0,0,1,0
182,121,0,168,1602700365,0,0,"<div class=""text_to_html"">Gracias por la informaci\xf3n espero ir aprendiendo por q la tecnolog\xeda me a rebasado, estar\xe9 pendiente a cualquier indicaci\xf3n gracias</div>",1602700365,Re: Presentaci\xf3n de Actividades,112,20,<blank>,48,0,0,1,0
183,121,0,145,1602700781,0,0,"<div class=""text_to_html"">Hola si me gustar\xeda Elba Patricia Rodr\xedguez Maciel celular 3317466368</div>",1602700781,Re: Integraci\xf3n del Grupo de Whatsapp,60,10,<blank>,41,0,0,1,0
184,108,0,148,1602816865,0,0,"<div class=""text_to_html"">Jose Antonio Garcia Gonzalez   3321613975</div>",1602816865,Re: Integraci\xf3n del Grupo de Whatsapp,35,5,<blank>,44,0,0,1,0
185,108,0,146,1602817040,0,0,"<div class=""text_to_html"">hola, mi nombre es jose antonio garcia gonzalez, me gusta que me digan josean, soy egresado de cultura fisica y deportes, soy maestro de educacion fisica y rehabilitador fisico. un gusto pertenecer a este curso y aprender lo maximo posible.</div>",1602817040,Re: Bienvenida General,201,40,<blank>,42,0,0,1,0
186,103,0,147,1602886238,0,0,"<div class=""text_to_html"">Hola en donde encuentro el ID para entrar a zoom hoy 16?</div>",1602886238,Re: Foro de Ayuda,45,12,<blank>,43,0,0,1,0
187,6,0,0,1603423592,0,0,"<p dir=""ltr"" style=""text-align:left;"">MI TEL 3310739531 KARLA P. ESPINOZA</p>",1603423592,A\xd1ADIR A GPO WHATSAPP,30,6,<blank>,49,0,0,1,0
188,75,0,0,1603491484,0,0,"<p dir=""ltr"" style=""text-align:left;"">Hola buen d\xeda si quiero estar en el grupo de WhatsApp 3316712412\xa0</p><p dir=""ltr"" style=""text-align:left;"">Germ\xe1n Garc\xeda Delgadillo\xa0</p>",1603491484,Hola buen d\xeda ,77,15,<blank>,50,0,0,1,0
189,10,0,188,1603494542,0,0,"<div class=""text_to_html"">Listo, gracias!!!</div>",1603494542,Re: Hola buen d\xeda ,16,2,<blank>,50,0,0,1,0
190,10,0,187,1603494564,0,0,"<div class=""text_to_html"">listo, gracias!!!!</div>",1603494564,Re: A\xd1ADIR A GPO WHATSAPP,17,2,<blank>,49,0,0,1,0
191,10,0,171,1603494600,0,0,"<div class=""text_to_html"">Listo, gracis!!!</div>",1603494600,Re: Integraci\xf3n del Grupo de Whatsapp,15,2,<blank>,44,0,0,1,0
192,10,0,174,1603494612,0,0,"<div class=""text_to_html"">Listo, Gracias!!!!</div>",1603494612,Re: Integraci\xf3n del Grupo de Whatsapp,17,2,<blank>,44,0,0,1,0
193,10,0,175,1603494622,0,0,"<div class=""text_to_html"">Listo, gracias!!!!</div>",1603494622,Re: Integraci\xf3n del Grupo de Whatsapp,17,2,<blank>,44,0,0,1,0
194,10,0,177,1603494630,0,0,"<div class=""text_to_html"">Listo, gracias!!!</div>",1603494630,Re: Integraci\xf3n del Grupo de Whatsapp,16,2,<blank>,44,0,0,1,0
195,10,0,178,1603494643,0,0,"<div class=""text_to_html"">Listo, gracias!!!</div>",1603494643,Re: Integraci\xf3n del Grupo de Whatsapp,16,2,<blank>,44,0,0,1,0
196,10,0,179,1603494652,0,0,"<div class=""text_to_html"">Listo, gracias!!!</div>",1603494652,Re: Integraci\xf3n del Grupo de Whatsapp,16,2,<blank>,44,0,0,1,0
197,10,0,184,1603494662,0,0,"<div class=""text_to_html"">Listo, gracias!!!!</div>",1603494662,Re: Integraci\xf3n del Grupo de Whatsapp,17,2,<blank>,44,0,0,1,0
198,109,0,144,1603644968,0,0,"<div class=""text_to_html"">Hola Buenos d\xedas</div><div class=""text_to_html"">Disculpe, ya realizo con alguien la actitud 3.2?</div>",1603645106,Re: Conformaci\xf3n de Equipos Actividad 3.2,55,10,<blank>,40,0,0,1,0
199,101,0,147,1604515162,0,0,"<div class=""text_to_html"">Buen d\xeda, referente a la actividad 5.1 pide que se haga un evento real con j\xf3venes Sordos, sin embargo por ahora no estamos en trabajo presencial y no conozco personas Sordas, \xbfpuedo hacer el video sola?<br /><br />\r\nPor otra parte menciona las preguntas del cuestionario de inscripci\xf3n en el material adicional, pero no veo archivos adjuntos en la tarea. <br /><br />\r\nEn el caso de la actividad 5.2 \xbfpuedo hacer el video invitando a un evento escolar? ya que mi \xe1mbito es Educaci\xf3n F\xedsica en nivel primaria. <br /><br />\r\nMuchas gracias. Quedo al pendiente.<br />\r\nSaludos cordiales</div>",1604516249,Re: Foro de Ayuda,446,91,<blank>,43,0,0,1,0

