id,userid,blocking,classname,faildelay,customdata,component,nextruntime
1,<blank>,0,\\core_course\\task\\course_delete_modules,0,"{""cms"":[{""id"":""6"",""course"":""2"",""module"":""8"",""instance"":""1"",""section"":""1"",""idnumber"":"""",""added"":""1589338525"",""score"":""0"",""indent"":""0"",""visible"":""1"",""visibleoncoursepage"":""1"",""visibleold"":""1"",""groupmode"":""0"",""groupingid"":""0"",""completion"":""1"",""completiongradeitemnumber"":null,""completionview"":""0"",""completionexpected"":""0"",""showdescription"":""0"",""availability"":null,""deletioninprogress"":""1""}],""userid"":""2"",""realuserid"":""2""}",<blank>,1589338541
2,<blank>,0,\\core_course\\task\\course_delete_modules,0,"{""cms"":[{""id"":""29"",""course"":""2"",""module"":""16"",""instance"":""6"",""section"":""1"",""idnumber"":"""",""added"":""1593812451"",""score"":""0"",""indent"":""0"",""visible"":""1"",""visibleoncoursepage"":""1"",""visibleold"":""1"",""groupmode"":""0"",""groupingid"":""0"",""completion"":""1"",""completiongradeitemnumber"":null,""completionview"":""0"",""completionexpected"":""0"",""showdescription"":""1"",""availability"":null,""deletioninprogress"":""1""}],""userid"":""2"",""realuserid"":""2""}",<blank>,1593812476
3,<blank>,0,\\core_course\\task\\course_delete_modules,0,"{""cms"":[{""id"":""30"",""course"":""2"",""module"":""16"",""instance"":""7"",""section"":""1"",""idnumber"":"""",""added"":""1593812561"",""score"":""0"",""indent"":""0"",""visible"":""1"",""visibleoncoursepage"":""1"",""visibleold"":""1"",""groupmode"":""0"",""groupingid"":""0"",""completion"":""1"",""completiongradeitemnumber"":null,""completionview"":""0"",""completionexpected"":""0"",""showdescription"":""1"",""availability"":null,""deletioninprogress"":""1""}],""userid"":""2"",""realuserid"":""2""}",<blank>,1593817068
4,<blank>,0,\\core_course\\task\\course_delete_modules,0,"{""cms"":{""47"":{""id"":""47""}},""userid"":""99"",""realuserid"":""99""}",<blank>,1599498642
5,<blank>,0,\\core_course\\task\\course_delete_modules,0,"{""cms"":[{""id"":""46"",""course"":""4"",""module"":""9"",""instance"":""7"",""section"":""16"",""idnumber"":null,""added"":""1599496552"",""score"":""0"",""indent"":""0"",""visible"":""1"",""visibleoncoursepage"":""1"",""visibleold"":""1"",""groupmode"":""0"",""groupingid"":""0"",""completion"":""0"",""completiongradeitemnumber"":null,""completionview"":""0"",""completionexpected"":""0"",""showdescription"":""0"",""availability"":null,""deletioninprogress"":""1""}],""userid"":""99"",""realuserid"":""99""}",<blank>,1599502392
6,<blank>,0,\\core_course\\task\\course_delete_modules,0,"{""cms"":[{""id"":""32"",""course"":""2"",""module"":""9"",""instance"":""5"",""section"":""1"",""idnumber"":"""",""added"":""1593883751"",""score"":""0"",""indent"":""0"",""visible"":""1"",""visibleoncoursepage"":""1"",""visibleold"":""1"",""groupmode"":""0"",""groupingid"":""0"",""completion"":""1"",""completiongradeitemnumber"":null,""completionview"":""0"",""completionexpected"":""0"",""showdescription"":""1"",""availability"":null,""deletioninprogress"":""1""}],""userid"":""2"",""realuserid"":""2""}",<blank>,1599675988
7,<blank>,0,\\core_course\\task\\course_delete_modules,0,"{""cms"":[],""userid"":""2"",""realuserid"":""2""}",<blank>,1606148259
8,<blank>,0,\\core_course\\task\\course_delete_modules,0,"{""cms"":[],""userid"":""2"",""realuserid"":""2""}",<blank>,1606148264
9,<blank>,0,\\core_course\\task\\course_delete_modules,0,"{""cms"":[],""userid"":""2"",""realuserid"":""2""}",<blank>,1606148269
10,<blank>,0,\\core_course\\task\\course_delete_modules,0,"{""cms"":[{""id"":""68"",""course"":""5"",""module"":""9"",""instance"":""11"",""section"":""23"",""idnumber"":null,""added"":""1606148148"",""score"":""0"",""indent"":""0"",""visible"":""1"",""visibleoncoursepage"":""1"",""visibleold"":""1"",""groupmode"":""0"",""groupingid"":""0"",""completion"":""0"",""completiongradeitemnumber"":null,""completionview"":""0"",""completionexpected"":""0"",""showdescription"":""0"",""availability"":null,""deletioninprogress"":""1""}],""userid"":""2"",""realuserid"":""2""}",<blank>,1606148286
11,<blank>,0,\\core_course\\task\\course_delete_modules,0,"{""cms"":[],""userid"":""2"",""realuserid"":""2""}",<blank>,1606148291

