id,externalserviceid,functionname
1,1,core_badges_get_user_badges
2,1,core_blog_get_entries
3,1,core_blog_view_entries
4,1,core_calendar_get_calendar_monthly_view
5,1,core_calendar_get_calendar_day_view
6,1,core_calendar_get_calendar_upcoming_view
7,1,core_calendar_update_event_start_day
8,1,core_calendar_create_calendar_events
9,1,core_calendar_delete_calendar_events
10,1,core_calendar_get_calendar_events
11,1,core_calendar_get_action_events_by_timesort
12,1,core_calendar_get_action_events_by_course
13,1,core_calendar_get_action_events_by_courses
14,1,core_calendar_get_calendar_event_by_id
15,1,core_calendar_submit_create_update_form
16,1,core_calendar_get_calendar_access_information
17,1,core_calendar_get_allowed_event_types
18,1,core_comment_get_comments
19,1,core_comment_add_comments
20,1,core_comment_delete_comments
21,1,core_completion_get_activities_completion_status
22,1,core_completion_get_course_completion_status
23,1,core_completion_mark_course_self_completed
24,1,core_completion_update_activity_completion_status_manually
25,1,core_course_get_categories
26,1,core_course_get_contents
27,1,core_course_get_course_module
28,1,core_course_get_course_module_by_instance
29,1,core_course_get_courses
30,1,core_course_search_courses
31,1,core_course_view_course
32,1,core_course_get_user_navigation_options
33,1,core_course_get_user_administration_options
34,1,core_course_get_courses_by_field
35,1,core_course_check_updates
36,1,core_course_get_updates_since
37,1,core_course_get_enrolled_courses_by_timeline_classification
38,1,core_course_get_recent_courses
39,1,core_course_set_favourite_courses
40,1,core_enrol_get_course_enrolment_methods
41,1,core_enrol_get_enrolled_users
42,1,core_enrol_search_users
43,1,core_enrol_get_users_courses
44,1,core_files_get_files
45,1,core_get_component_strings
46,1,core_grades_grader_gradingpanel_point_fetch
47,1,core_grades_grader_gradingpanel_point_store
48,1,core_grades_grader_gradingpanel_scale_fetch
49,1,core_grades_grader_gradingpanel_scale_store
50,1,core_group_get_activity_allowed_groups
51,1,core_group_get_activity_groupmode
52,1,core_group_get_course_groupings
53,1,core_group_get_course_groups
54,1,core_group_get_course_user_groups
55,1,core_message_mute_conversations
56,1,core_message_unmute_conversations
57,1,core_message_block_user
58,1,core_message_block_contacts
59,1,core_message_create_contacts
60,1,core_message_get_contact_requests
61,1,core_message_create_contact_request
62,1,core_message_confirm_contact_request
63,1,core_message_decline_contact_request
64,1,core_message_get_received_contact_requests_count
65,1,core_message_delete_contacts
66,1,core_message_delete_conversation
67,1,core_message_delete_conversations_by_id
68,1,core_message_delete_message
69,1,core_message_get_blocked_users
70,1,core_message_data_for_messagearea_search_messages
71,1,core_message_message_search_users
72,1,core_message_data_for_messagearea_conversations
73,1,core_message_data_for_messagearea_contacts
74,1,core_message_data_for_messagearea_messages
75,1,core_message_get_contacts
76,1,core_message_get_user_contacts
77,1,core_message_get_conversations
78,1,core_message_get_conversation
79,1,core_message_get_conversation_between_users
80,1,core_message_get_self_conversation
81,1,core_message_get_messages
82,1,core_message_get_conversation_counts
83,1,core_message_get_unread_conversation_counts
84,1,core_message_get_conversation_members
85,1,core_message_get_member_info
86,1,core_message_get_unread_conversations_count
87,1,core_message_mark_all_notifications_as_read
88,1,core_message_mark_all_messages_as_read
89,1,core_message_mark_all_conversation_messages_as_read
90,1,core_message_mark_message_read
91,1,core_message_mark_notification_read
92,1,core_message_message_processor_config_form
93,1,core_message_search_contacts
94,1,core_message_send_instant_messages
95,1,core_message_send_messages_to_conversation
96,1,core_message_get_conversation_messages
97,1,core_message_unblock_user
98,1,core_message_unblock_contacts
99,1,core_message_get_user_notification_preferences
100,1,core_message_get_user_message_preferences
101,1,core_message_set_favourite_conversations
102,1,core_message_unset_favourite_conversations
103,1,core_message_delete_message_for_all_users
104,1,core_notes_create_notes
105,1,core_notes_delete_notes
106,1,core_notes_get_course_notes
107,1,core_notes_view_notes
108,1,core_question_update_flag
109,1,core_rating_get_item_ratings
110,1,core_rating_add_rating
111,1,core_tag_get_tagindex
112,1,core_tag_get_tagindex_per_area
113,1,core_tag_get_tag_areas
114,1,core_tag_get_tag_collections
115,1,core_tag_get_tag_cloud
116,1,core_user_add_user_device
117,1,core_user_add_user_private_files
118,1,core_user_get_course_user_profiles
119,1,core_user_get_users_by_field
120,1,core_user_remove_user_device
121,1,core_user_update_user_preferences
122,1,core_user_view_user_list
123,1,core_user_view_user_profile
124,1,core_user_get_user_preferences
125,1,core_user_update_picture
126,1,core_user_set_user_preferences
127,1,core_user_agree_site_policy
128,1,core_user_get_private_files_info
129,1,core_competency_competency_viewed
130,1,core_competency_list_course_competencies
131,1,core_competency_get_scale_values
132,1,core_competency_user_competency_viewed
133,1,core_competency_user_competency_viewed_in_plan
134,1,core_competency_user_competency_viewed_in_course
135,1,core_competency_user_competency_plan_viewed
136,1,core_competency_grade_competency_in_course
137,1,core_competency_delete_evidence
138,1,core_webservice_get_site_info
139,1,core_block_get_course_blocks
140,1,core_block_get_dashboard_blocks
141,1,core_filters_get_available_in_context
142,1,core_h5p_get_trusted_h5p_file
143,1,core_table_dynamic_fetch
144,1,core_xapi_statement_post
145,1,mod_assign_get_grades
146,1,mod_assign_get_assignments
147,1,mod_assign_get_submissions
148,1,mod_assign_get_user_flags
149,1,mod_assign_set_user_flags
150,1,mod_assign_get_user_mappings
151,1,mod_assign_revert_submissions_to_draft
152,1,mod_assign_lock_submissions
153,1,mod_assign_unlock_submissions
154,1,mod_assign_save_submission
155,1,mod_assign_submit_for_grading
156,1,mod_assign_save_grade
157,1,mod_assign_save_grades
158,1,mod_assign_save_user_extensions
159,1,mod_assign_reveal_identities
160,1,mod_assign_view_grading_table
161,1,mod_assign_view_submission_status
162,1,mod_assign_get_submission_status
163,1,mod_assign_list_participants
164,1,mod_assign_submit_grading_form
165,1,mod_assign_get_participant
166,1,mod_assign_view_assign
167,1,mod_book_view_book
168,1,mod_book_get_books_by_courses
169,1,mod_chat_login_user
170,1,mod_chat_get_chat_users
171,1,mod_chat_send_chat_message
172,1,mod_chat_get_chat_latest_messages
173,1,mod_chat_view_chat
174,1,mod_chat_get_chats_by_courses
175,1,mod_chat_get_sessions
176,1,mod_chat_get_session_messages
177,1,mod_choice_get_choice_results
178,1,mod_choice_get_choice_options
179,1,mod_choice_submit_choice_response
180,1,mod_choice_view_choice
181,1,mod_choice_get_choices_by_courses
182,1,mod_choice_delete_choice_responses
183,1,mod_data_get_databases_by_courses
184,1,mod_data_view_database
185,1,mod_data_get_data_access_information
186,1,mod_data_get_entries
187,1,mod_data_get_entry
188,1,mod_data_get_fields
189,1,mod_data_search_entries
190,1,mod_data_approve_entry
191,1,mod_data_delete_entry
192,1,mod_data_add_entry
193,1,mod_data_update_entry
194,1,mod_feedback_get_feedbacks_by_courses
195,1,mod_feedback_get_feedback_access_information
196,1,mod_feedback_view_feedback
197,1,mod_feedback_get_current_completed_tmp
198,1,mod_feedback_get_items
199,1,mod_feedback_launch_feedback
200,1,mod_feedback_get_page_items
201,1,mod_feedback_process_page
202,1,mod_feedback_get_analysis
203,1,mod_feedback_get_unfinished_responses
204,1,mod_feedback_get_finished_responses
205,1,mod_feedback_get_non_respondents
206,1,mod_feedback_get_responses_analysis
207,1,mod_feedback_get_last_completed
208,1,mod_folder_view_folder
209,1,mod_folder_get_folders_by_courses
210,1,mod_forum_get_forums_by_courses
211,1,mod_forum_get_discussion_posts
212,1,mod_forum_get_forum_discussion_posts
213,1,mod_forum_get_forum_discussions_paginated
214,1,mod_forum_get_forum_discussions
215,1,mod_forum_view_forum
216,1,mod_forum_view_forum_discussion
217,1,mod_forum_add_discussion_post
218,1,mod_forum_add_discussion
219,1,mod_forum_can_add_discussion
220,1,mod_forum_get_forum_access_information
221,1,mod_forum_set_subscription_state
222,1,mod_forum_set_lock_state
223,1,mod_forum_toggle_favourite_state
224,1,mod_forum_set_pin_state
225,1,mod_forum_delete_post
226,1,mod_forum_get_discussion_post
227,1,mod_forum_prepare_draft_area_for_post
228,1,mod_forum_update_discussion_post
229,1,mod_glossary_get_glossaries_by_courses
230,1,mod_glossary_view_glossary
231,1,mod_glossary_view_entry
232,1,mod_glossary_get_entries_by_letter
233,1,mod_glossary_get_entries_by_date
234,1,mod_glossary_get_categories
235,1,mod_glossary_get_entries_by_category
236,1,mod_glossary_get_authors
237,1,mod_glossary_get_entries_by_author
238,1,mod_glossary_get_entries_by_author_id
239,1,mod_glossary_get_entries_by_search
240,1,mod_glossary_get_entries_by_term
241,1,mod_glossary_get_entries_to_approve
242,1,mod_glossary_get_entry_by_id
243,1,mod_glossary_add_entry
244,1,mod_imscp_view_imscp
245,1,mod_imscp_get_imscps_by_courses
246,1,mod_label_get_labels_by_courses
247,1,mod_lesson_get_lessons_by_courses
248,1,mod_lesson_get_lesson_access_information
249,1,mod_lesson_view_lesson
250,1,mod_lesson_get_questions_attempts
251,1,mod_lesson_get_user_grade
252,1,mod_lesson_get_user_attempt_grade
253,1,mod_lesson_get_content_pages_viewed
254,1,mod_lesson_get_user_timers
255,1,mod_lesson_get_pages
256,1,mod_lesson_launch_attempt
257,1,mod_lesson_get_page_data
258,1,mod_lesson_process_page
259,1,mod_lesson_finish_attempt
260,1,mod_lesson_get_attempts_overview
261,1,mod_lesson_get_user_attempt
262,1,mod_lesson_get_pages_possible_jumps
263,1,mod_lesson_get_lesson
264,1,mod_lti_get_tool_launch_data
265,1,mod_lti_get_ltis_by_courses
266,1,mod_lti_view_lti
267,1,mod_page_view_page
268,1,mod_page_get_pages_by_courses
269,1,mod_quiz_get_quizzes_by_courses
270,1,mod_quiz_view_quiz
271,1,mod_quiz_get_user_attempts
272,1,mod_quiz_get_user_best_grade
273,1,mod_quiz_get_combined_review_options
274,1,mod_quiz_start_attempt
275,1,mod_quiz_get_attempt_data
276,1,mod_quiz_get_attempt_summary
277,1,mod_quiz_save_attempt
278,1,mod_quiz_process_attempt
279,1,mod_quiz_get_attempt_review
280,1,mod_quiz_view_attempt
281,1,mod_quiz_view_attempt_summary
282,1,mod_quiz_view_attempt_review
283,1,mod_quiz_get_quiz_feedback_for_grade
284,1,mod_quiz_get_quiz_access_information
285,1,mod_quiz_get_attempt_access_information
286,1,mod_quiz_get_quiz_required_qtypes
287,1,mod_resource_view_resource
288,1,mod_resource_get_resources_by_courses
289,1,mod_scorm_view_scorm
290,1,mod_scorm_get_scorm_attempt_count
291,1,mod_scorm_get_scorm_scoes
292,1,mod_scorm_get_scorm_user_data
293,1,mod_scorm_insert_scorm_tracks
294,1,mod_scorm_get_scorm_sco_tracks
295,1,mod_scorm_get_scorms_by_courses
296,1,mod_scorm_launch_sco
297,1,mod_scorm_get_scorm_access_information
298,1,mod_survey_get_surveys_by_courses
299,1,mod_survey_view_survey
300,1,mod_survey_get_questions
301,1,mod_survey_submit_answers
302,1,mod_url_view_url
303,1,mod_url_get_urls_by_courses
304,1,mod_wiki_get_wikis_by_courses
305,1,mod_wiki_view_wiki
306,1,mod_wiki_view_page
307,1,mod_wiki_get_subwikis
308,1,mod_wiki_get_subwiki_pages
309,1,mod_wiki_get_subwiki_files
310,1,mod_wiki_get_page_contents
311,1,mod_wiki_get_page_for_editing
312,1,mod_wiki_new_page
313,1,mod_wiki_edit_page
314,1,mod_workshop_get_workshops_by_courses
315,1,mod_workshop_get_workshop_access_information
316,1,mod_workshop_get_user_plan
317,1,mod_workshop_view_workshop
318,1,mod_workshop_add_submission
319,1,mod_workshop_update_submission
320,1,mod_workshop_delete_submission
321,1,mod_workshop_get_submissions
322,1,mod_workshop_get_submission
323,1,mod_workshop_get_submission_assessments
324,1,mod_workshop_get_assessment
325,1,mod_workshop_get_assessment_form_definition
326,1,mod_workshop_get_reviewer_assessments
327,1,mod_workshop_update_assessment
328,1,mod_workshop_get_grades
329,1,mod_workshop_evaluate_assessment
330,1,mod_workshop_get_grades_report
331,1,mod_workshop_view_submission
332,1,mod_workshop_evaluate_submission
333,1,enrol_guest_get_instance_info
334,1,enrol_self_get_instance_info
335,1,enrol_self_enrol_user
336,1,message_airnotifier_is_system_configured
337,1,message_airnotifier_are_notification_preferences_configured
338,1,message_airnotifier_get_user_devices
339,1,message_airnotifier_enable_device
340,1,message_popup_get_popup_notifications
341,1,message_popup_get_unread_popup_notification_count
342,1,block_recentlyaccesseditems_get_recent_items
343,1,block_starredcourses_get_starred_courses
344,1,report_insights_set_notuseful_prediction
345,1,report_insights_set_fixed_prediction
346,1,report_insights_action_executed
347,1,gradereport_overview_get_course_grades
348,1,gradereport_overview_view_grade_report
349,1,gradereport_user_get_grades_table
350,1,gradereport_user_view_grade_report
351,1,gradereport_user_get_grade_items
352,1,tool_analytics_potential_contexts
353,1,tool_lp_data_for_course_competencies_page
354,1,tool_lp_data_for_plans_page
355,1,tool_lp_data_for_plan_page
356,1,tool_lp_data_for_user_evidence_list_page
357,1,tool_lp_data_for_user_evidence_page
358,1,tool_lp_data_for_user_competency_summary
359,1,tool_lp_data_for_user_competency_summary_in_plan
360,1,tool_lp_data_for_user_competency_summary_in_course
361,1,tool_mobile_get_plugins_supporting_mobile
362,1,tool_mobile_get_public_config
363,1,tool_mobile_get_config
364,1,tool_mobile_get_autologin_key
365,1,tool_mobile_get_content
366,1,tool_mobile_call_external_functions

