id,idnumber,depth,theme,name,path,parent,visible,sortorder,visibleold,coursecount,timemodified,description,descriptionformat
2,<blank>,1,NULL,Certificaciones en Ejercicio F\xedsico,/2,0,1,10000,1,1,1589218047,"<p dir=""ltr"" style=""text-align:left;"">Certificaciones en Ejercicio F\xedsico\xa0<span style=""font-size:.9375rem;font-family:'-apple-system', BlinkMacSystemFont, 'Segoe UI', Roboto, 'Helvetica Neue', Arial, 'Noto Sans', sans-serif, 'Apple Color Emoji', 'Segoe UI Emoji', 'Segoe UI Symbol', 'Noto Color Emoji';"">destinado para satisfacer las necesidades\r\nactuales de los estudiantes o licenciados de Cultura F\xedsica, Educaci\xf3n F\xedsica,\r\ndeporte, recreaci\xf3n, t\xe9cnicos o tecn\xf3logos en deportes, entrenadores deportivos\r\nen general, preparadores f\xedsicos, metod\xf3logos deportivos, fisioterapeutas,\r\npersonas interesadas en las ciencias aplicadas al deporte, el entrenamiento\r\ndeportivo, profesionales o no profesionales vinculados con el ejercicio, la\r\nactividad f\xedsica y la salud, as\xed como cualquier ser humano interesado en\r\nadquirir aprendizajes en el \xe1rea.</span></p>",1
3,<blank>,1,NULL,Certificaci\xf3n en Entrenamiento Deportivo,/3,0,1,20000,1,1,1597760803,"<p dir=""ltr"">La Certificaci\xf3n en Entrenamiento Deportivo tiene el objetivo de generar y\xa0actualizar contenidos a los entrenadores deportivos de una forma autodidacta y\xa0autogestiva, que desde una plataforma virtual brinde las herramientas apropiadas\xa0para dirigir y guiarlos, con esto que pueda transmitir conocimientos actuales\xa0cuidando siempre la integridad moral, social y f\xedsica de sus atletas.<br></p>",1
4,<blank>,1,NULL,Certificaciones en Lengua de Se\xf1as Mexicano,/4,0,1,30000,1,1,1599496478,<blank>,1
5,<blank>,1,NULL,Examen \xdanico II Encuentro Mundial del Deporte,/5,0,1,40000,1,1,1606148078,"<p dir=""ltr"" style=""text-align: left;"">Examen para acreditaci\xf3n de constancia con validez oficial de la Secretar\xeda de Innovaci\xf3n, Ciencia y Tecnolog\xeda del Estado de Jalisco.</p>",1

