id,idnumber,qtype,stamp,name,hidden,length,parent,penalty,category,version,createdby,modifiedby,defaultmark,timecreated,questiontext,timemodified,generalfeedback,questiontextformat,generalfeedbackformat
1,NULL,truefalse,www.certificaciones.comudeguadalajara.gob.mx+200518180652+CLo33o,Efectos del Envejecimiento,0,1,0,1.0000000,4,www.certificaciones.comudeguadalajara.gob.mx+200715212813+RaW7aZ,2,2,1.0000000,1589825212,"<p dir=""ltr"" style=""text-align: left;""></p><p><span lang=""ES-MX"">El envejecimiento provoca una disminuci\xf3n de\r\nlas funciones fisiol\xf3gicas, capacidades y cualidades f\xedsicas, la fuerza\r\nmuscular, flexibilidad, agilidad, resistencia, equilibrio, capacidad\r\ncardiorrespiratoria, la masa \xf3sea.</span></p><br><p></p>",1594848493,<blank>,1,1
2,NULL,truefalse,www.certificaciones.comudeguadalajara.gob.mx+200518180908+xmAuDv,Ejercicio de Fuerza,0,1,0,1.0000000,4,www.certificaciones.comudeguadalajara.gob.mx+200518181639+HiSCN3,2,2,1.0000000,1589825348,"<p dir=""ltr"" style=""text-align: left;""><span lang=""ES-MX"">El ejercicio de fuerza a demostrado disminuir la\r\ndensidad mineral \xf3sea y as\xed aumentar la prevalencia de desarrollar osteoporosis\r\naumentando las ca\xeddas</span><br></p>",1589825799,<blank>,1,1
3,NULL,truefalse,www.certificaciones.comudeguadalajara.gob.mx+200518181131+xi1OGF,Ejercicio del tren inferior,0,1,0,1.0000000,4,www.certificaciones.comudeguadalajara.gob.mx+200518181651+9Esh9D,2,2,1.0000000,1589825491,"<p dir=""ltr"" style=""text-align: left;""><span lang=""ES-MX"">Incluso ejercitando el tren inferior a alta intensidad\r\ny corta duraci\xf3n, se disminuye los niveles de presi\xf3n arterial en adultos\r\nhipertensos</span><br></p>",1589825811,<blank>,1,1
4,NULL,truefalse,www.certificaciones.comudeguadalajara.gob.mx+200518181733+1EhmYC,Control Glic\xe9mico,0,1,0,1.0000000,4,www.certificaciones.comudeguadalajara.gob.mx+200715213001+jne5UT,2,2,1.0000000,1589825853,"<p dir=""ltr"" style=""text-align: left;""><span lang=""ES-MX"">El ejercicio de fuerza ha alcanzado potentes\r\nefectos en el control glic\xe9mico de adultos mayores con diabetes tipo 2,\r\nincrement\xe1ndose la sensibilidad a la insulina</span><br></p>",1594848601,<blank>,1,1
5,NULL,truefalse,www.certificaciones.comudeguadalajara.gob.mx+200518181759+U2HfGB,Horas Semanales,0,1,0,1.0000000,4,www.certificaciones.comudeguadalajara.gob.mx+200518181759+KZYNl0,2,2,1.0000000,1589825879,"<p dir=""ltr"" style=""text-align: left;""><span lang=""ES-MX"">Se recomienda una cantidad de 170 a 350 minutos semanales\r\nde moderada intensidad, o 100 minutos de intensidad vigorosa, excluyendo\r\nactividades de equilibrio, flexibilidad y agilidad. </span><br></p>",1589825879,<blank>,1,1
6,NULL,truefalse,www.certificaciones.comudeguadalajara.gob.mx+200518181827+JP2R6F,P\xe9rdida Funcional,0,1,0,1.0000000,4,www.certificaciones.comudeguadalajara.gob.mx+200518181827+ThQJYa,2,2,1.0000000,1589825907,"<p dir=""ltr"" style=""text-align: left;""><span lang=""ES-MX"">La p\xe9rdida de autonom\xeda funcional, consecuente\r\nde la masa muscular disminuida, est\xe1 relacionada con el envejecimiento. </span><br></p>",1589825907,<blank>,1,1
7,NULL,truefalse,www.certificaciones.comudeguadalajara.gob.mx+200518181851+w60Si3,Actividad F\xedsica,0,1,0,1.0000000,4,www.certificaciones.comudeguadalajara.gob.mx+200518181851+GQ2ciR,2,2,1.0000000,1589825931,"<p dir=""ltr"" style=""text-align: left;""><span lang=""ES-MX"">La actividad f\xedsica produce atrofia de los\r\nm\xfasculos esquel\xe9ticos. </span><br></p>",1589825931,<blank>,1,1
8,NULL,truefalse,www.certificaciones.comudeguadalajara.gob.mx+200518181916+6Rb0bP,Entrenamiento de Fuerza,0,1,0,1.0000000,4,www.certificaciones.comudeguadalajara.gob.mx+200518181916+xioWW8,2,2,1.0000000,1589825956,"<p dir=""ltr"" style=""text-align: left;""><span lang=""ES-MX"">El entrenamiento de la fuerza basado mayormente\r\nen la velocidad de ejecuci\xf3n mejora mucho m\xe1s la capacidad funcional de adultos\r\nmayores.</span><br></p>",1589825956,<blank>,1,1
9,NULL,truefalse,www.certificaciones.comudeguadalajara.gob.mx+200518182005+kPLQv9,Fuerza Fatiga Muscular,0,1,0,1.0000000,4,www.certificaciones.comudeguadalajara.gob.mx+200518182006+CUraot,2,2,1.0000000,1589826005,"<p dir=""ltr"" style=""text-align: left;""><span lang=""ES-MX"">El entrenamiento de la fuerza generada hasta la\r\nfatiga muscular afecta la capacidad de resistencia del m\xfasculo esquel\xe9tico</span><br></p>",1589826005,<blank>,1,1
10,NULL,truefalse,www.certificaciones.comudeguadalajara.gob.mx+200518182041+Qoq5io,Pr\xe1ctica de Actividad,0,1,0,1.0000000,4,www.certificaciones.comudeguadalajara.gob.mx+200518182041+hZgzAJ,2,2,1.0000000,1589826041,"<p dir=""ltr"" style=""text-align: left;""><span lang=""ES-MX"">La pr\xe1ctica de actividad f\xedsica como el\r\nejercicio f\xedsico guiado podr\xeda contribuir a que algunos f\xe1rmacos no respondan\r\nde la manera esperada en el organismo.</span><br></p>",1589826041,<blank>,1,1
11,NULL,truefalse,www.certificaciones.comudeguadalajara.gob.mx+200518182102+2cLHcu,Semanas de Entrenamiento,0,1,0,1.0000000,4,www.certificaciones.comudeguadalajara.gob.mx+200518182102+654ci0,2,2,1.0000000,1589826062,"<p dir=""ltr"" style=""text-align: left;""><span lang=""ES-MX"">Doce semanas de entrenamiento funcional en\r\nadultos mayores no es suficiente para incrementar la agilidad, el equilibrio,\r\nla fuerza y flexibilidad del tren inferior. </span><br></p>",1589826062,<blank>,1,1
12,NULL,truefalse,www.certificaciones.comudeguadalajara.gob.mx+200518182124+HeZaIV,Personas F\xedsicamente Activas,0,1,0,1.0000000,4,www.certificaciones.comudeguadalajara.gob.mx+200518182124+7joDSb,2,2,1.0000000,1589826084,"<p dir=""ltr"" style=""text-align: left;""><span lang=""ES-MX"">Las personas f\xedsicamente activas tienden a\r\nprolongar la independencia funcional y la calidad de vida, tienen un papel\r\nimportante en el envejecimiento saludable.</span><br></p>",1589826084,<blank>,1,1
13,NULL,truefalse,www.certificaciones.comudeguadalajara.gob.mx+200518182147+itSZqq,Entrenamiento de Resistencia,0,1,0,1.0000000,4,www.certificaciones.comudeguadalajara.gob.mx+200518182147+EYMEOh,2,2,1.0000000,1589826107,"<p dir=""ltr"" style=""text-align: left;""><span lang=""ES-MX"">El entrenamiento de resistencia, adem\xe1s el\r\nentrenamiento funcional puede promover beneficios en el organismo humano a\r\ncorto y largo plazo</span><br></p>",1589826107,<blank>,1,1
14,NULL,truefalse,www.certificaciones.comudeguadalajara.gob.mx+200518182212+M5Mzld,Ejercicio Aer\xf3bico,0,1,0,1.0000000,4,www.certificaciones.comudeguadalajara.gob.mx+200518182212+Ua4yG2,2,2,1.0000000,1589826132,"<p dir=""ltr"" style=""text-align: left;""><span lang=""ES-MX"">El ejercicio aer\xf3bico en personas adultas\r\nincrementa los niveles de colesterol ocasionando problemas cardiovasculares. </span><br></p>",1589826132,<blank>,1,1
15,NULL,truefalse,www.certificaciones.comudeguadalajara.gob.mx+200518182257+KUw65y,Sesi\xf3n de Ejercicio,0,1,0,1.0000000,4,www.certificaciones.comudeguadalajara.gob.mx+200518182257+mu446Q,2,2,1.0000000,1589826177,"<span lang=""ES-MX"">Una simple sesi\xf3n de ejercicio es capaz de\r\nreducir la presi\xf3n arterial de personas adultas alrededor de 5 mmHg.</span><p dir=""ltr"" style=""text-align: left;""><br></p>",1589826177,<blank>,1,1
16,NULL,multichoice,www.certificaciones.comudeguadalajara.gob.mx+201203183331+WhmjlA,1,0,1,0,0.3333333,12,www.certificaciones.comudeguadalajara.gob.mx+201214181800+27TAgG,99,99,1.0000000,1607020411,"<p dir=""ltr"" style=""text-align: left;"">\xbfSon programas implementados por el gobierno de Guadalajara, para llevar acabo la actividad f\xedsica y el deporte, durante la pandemia y el confinamiento?/ Name the programs implemented by the government of Guadalajara, to carry out physical activity and sport, during the pandemic and confinement?</p>",1607969880,<blank>,1,1
17,NULL,multichoice,www.certificaciones.comudeguadalajara.gob.mx+201203183835+4qCUla,2,0,1,0,0.3333333,12,www.certificaciones.comudeguadalajara.gob.mx+201214181948+b8DRLJ,99,99,1.0000000,1607020715,"<p dir=""ltr"" style=""text-align: left;"">Un estilo de vida activa contribuye a:/An active lifestyle contributes to:</p>",1607969988,<blank>,1,1
18,NULL,multichoice,www.certificaciones.comudeguadalajara.gob.mx+201203184237+xhWXvV,3,0,1,0,0.3333333,12,www.certificaciones.comudeguadalajara.gob.mx+201214182118+b8aEmy,99,99,1.0000000,1607020957,"<p dir=""ltr"" style=""text-align: left;"">\xbfLa condici\xf3n pulmonar mejora a trav\xe9s de la pr\xe1ctica de la actividad f\xedsica?/The lung condition improves through the practice of physical activity?</p>",1607970078,<blank>,1,1
19,NULL,multichoice,www.certificaciones.comudeguadalajara.gob.mx+201203184802+dLxC7C,4,0,1,0,0.3333333,12,www.certificaciones.comudeguadalajara.gob.mx+201214182227+xDiRrf,99,99,1.0000000,1607021282,"<p dir=""ltr"" style=""text-align: left;"">\xbfEl aumento de la actividad f\xcdsica controlada en personas mayores de 60 a\xf1os los hace mas vulnerables al COVID_19?/The controlled increase of physical activity in people over 60 years makes them more vulnerable to COVID-19?</p>",1607970147,<blank>,1,1
20,NULL,multichoice,www.certificaciones.comudeguadalajara.gob.mx+201203185707+NzSyeF,5,0,1,0,0.3333333,12,www.certificaciones.comudeguadalajara.gob.mx+201214182321+qkIavi,99,99,1.0000000,1607021827,"<p dir=""ltr"" style=""text-align: left;"">En el legado de los Juegos Panamericanos y Parapanamericanos: \xbf En que parte se aborda el crear cultura deportiva y educaci\xf3n ciudadana?/In the legacy of the Panamerican and Parapanamerican Games: In which subject you can find the Creation of sports culture and citizen education?</p>",1607970201,<blank>,1,1
21,NULL,multichoice,www.certificaciones.comudeguadalajara.gob.mx+201203190646+Kd1hTl,6,0,1,0,0.3333333,12,www.certificaciones.comudeguadalajara.gob.mx+201214182502+2ib5zr,99,99,1.0000000,1607022406,"<p dir=""ltr"" style=""text-align: left;""></p><p>Elige los beneficios de organizar grandes eventos deportivos/<span style=""font-size: 0.9375rem; font-family: -apple-system, BlinkMacSystemFont, ""Segoe UI"", Roboto, ""Helvetica Neue"", Arial, ""Noto Sans"", sans-serif, ""Apple Color Emoji"", ""Segoe UI Emoji"", ""Segoe UI Symbol"", ""Noto Color Emoji"";"">Choose the benefits of organizing big sporting events</span></p><br><p></p>",1607970302,<blank>,1,1
22,NULL,multichoice,www.certificaciones.comudeguadalajara.gob.mx+201203191029+EmhFXd,7,0,1,0,0.3333333,12,www.certificaciones.comudeguadalajara.gob.mx+201214183345+5TXvUC,99,99,1.0000000,1607022629,"<p dir=""ltr"" style=""text-align: left;""></p><p>\xbfCu\xe1les son los principales actores en la comercializaci\xf3n de un evento deportivo?/<span style=""font-size: 0.9375rem; font-family: -apple-system, BlinkMacSystemFont, ""Segoe UI"", Roboto, ""Helvetica Neue"", Arial, ""Noto Sans"", sans-serif, ""Apple Color Emoji"", ""Segoe UI Emoji"", ""Segoe UI Symbol"", ""Noto Color Emoji"";"">Who are the main players in the marketing of a sporting event?</span></p><br><p></p>",1607970825,<blank>,1,1
23,NULL,multichoice,www.certificaciones.comudeguadalajara.gob.mx+201203191528+zwkSS2,8,0,1,0,0.3333333,12,www.certificaciones.comudeguadalajara.gob.mx+201214182612+I0ckjK,99,99,1.0000000,1607022928,"<p dir=""ltr"" style=""text-align: left;""></p><p>\xbfCu\xe1l es la <span>visi\xf3n</span> del negocio del deporte?/<span style=""font-size: 0.9375rem; font-family: -apple-system, BlinkMacSystemFont, ""Segoe UI"", Roboto, ""Helvetica Neue"", Arial, ""Noto Sans"", sans-serif, ""Apple Color Emoji"", ""Segoe UI Emoji"", ""Segoe UI Symbol"", ""Noto Color Emoji"";"">What is the vision of the sport business?</span></p><br><p></p>",1607970372,<blank>,1,1
24,NULL,multichoice,www.certificaciones.comudeguadalajara.gob.mx+201203192109+6MrrBQ,9,0,1,0,0.3333333,12,www.certificaciones.comudeguadalajara.gob.mx+201214182702+L7bIBS,99,99,1.0000000,1607023269,"<p dir=""ltr"" style=""text-align: left;""><p>\xbfCu\xe1les son los factores intr\xednsecos en lesiones en la actividad f\xedsica y el ejercicio?/<span style=""font-size: 0.9375rem; font-family: -apple-system, BlinkMacSystemFont, ""Segoe UI"", Roboto, ""Helvetica Neue"", Arial, ""Noto Sans"", sans-serif, ""Apple Color Emoji"", ""Segoe UI Emoji"", ""Segoe UI Symbol"", ""Noto Color Emoji"";"">What are the intrinsic factors in injuries in physical activity and exercise?</span></p><br></p>",1607970422,<blank>,1,1
25,NULL,multichoice,www.certificaciones.comudeguadalajara.gob.mx+201203192406+4YzEWg,10,0,1,0,0.3333333,12,www.certificaciones.comudeguadalajara.gob.mx+201214182823+ythITp,99,99,1.0000000,1607023446,"<p dir=""ltr"" style=""text-align: left;""></p><p>\xbfEn qu\xe9 consiste la estrategia digital \x93Ecosistema Social\x94 dentro del marketing del deporte?/<span style=""font-size: 0.9375rem; font-family: -apple-system, BlinkMacSystemFont, ""Segoe UI"", Roboto, ""Helvetica Neue"", Arial, ""Noto Sans"", sans-serif, ""Apple Color Emoji"", ""Segoe UI Emoji"", ""Segoe UI Symbol"", ""Noto Color Emoji"";"">What does the digital strategy \x93Social Ecosystem\x94 consist of within sports marketing?</span></p><br><p></p>",1607970503,<blank>,1,1
26,NULL,multichoice,www.certificaciones.comudeguadalajara.gob.mx+201203194557+8mOHZ4,11,0,1,0,0.3333333,12,www.certificaciones.comudeguadalajara.gob.mx+201214182951+3SLGkr,99,99,1.0000000,1607024757,"<p dir=""ltr"" style=""text-align: left;""></p><p>\xa0\xbfCu\xe1les son los <span>cuatro pilares</span> fundamentales en el evento ""La vuelta"" ?/<span style=""font-size: 0.9375rem; font-family: -apple-system, BlinkMacSystemFont, ""Segoe UI"", Roboto, ""Helvetica Neue"", Arial, ""Noto Sans"", sans-serif, ""Apple Color Emoji"", ""Segoe UI Emoji"", ""Segoe UI Symbol"", ""Noto Color Emoji"";"">What are the four fundamental pillars in \x93La Vuelta\x94 event?</span></p><br><p></p>",1607970591,<blank>,1,1
27,NULL,multichoice,www.certificaciones.comudeguadalajara.gob.mx+201203195104+GjnHie,12,0,1,0,0.3333333,12,www.certificaciones.comudeguadalajara.gob.mx+201214183439+aJAySY,99,99,1.0000000,1607025064,"<p dir=""ltr"" style=""text-align: left;""></p>\r\n<p>\xbfCu\xe1l es la visi\xf3n del Gestor Deportivo?/<span style=""font-size: 0.9375rem; font-family: -apple-system, BlinkMacSystemFont, ""Segoe UI"", Roboto, ""Helvetica Neue"", Arial, ""Noto Sans"", sans-serif, ""Apple Color Emoji"", ""Segoe UI Emoji"", ""Segoe UI Symbol"", ""Noto Color Emoji"";"">What is the vision of the Sports Manager?</span></p><br>",1607970879,<blank>,1,1
28,NULL,multichoice,www.certificaciones.comudeguadalajara.gob.mx+201203195641+sC8lQS,13,0,1,0,0.3333333,12,www.certificaciones.comudeguadalajara.gob.mx+201214180317+KkAywN,99,99,1.0000000,1607025401,"<p>En la pir\xe1mide del Desarrollo Deportivo: \xbfCu\xe1l es el enfoque del Deporte Municipal?/<span style=""font-size: 0.9375rem; font-family: -apple-system, BlinkMacSystemFont, ""Segoe UI"", Roboto, ""Helvetica Neue"", Arial, ""Noto Sans"", sans-serif, ""Apple Color Emoji"", ""Segoe UI Emoji"", ""Segoe UI Symbol"", ""Noto Color Emoji"";"">In the pyramid of Sports Development: What is the focus of Municipal Sports?</span></p><br>",1607968997,<blank>,1,1
29,NULL,multichoice,www.certificaciones.comudeguadalajara.gob.mx+201203195941+EUrELj,14,0,1,0,0.3333333,12,www.certificaciones.comudeguadalajara.gob.mx+201214180355+q7R2Ve,99,99,1.0000000,1607025581,"<p dir=""ltr"" style=""text-align: left;""></p><p>\xbfCu\xe1les son los 3 problemas principales que enfrentamos ante la pandemia?/<span style=""font-size: 0.9375rem; font-family: -apple-system, BlinkMacSystemFont, ""Segoe UI"", Roboto, ""Helvetica Neue"", Arial, ""Noto Sans"", sans-serif, ""Apple Color Emoji"", ""Segoe UI Emoji"", ""Segoe UI Symbol"", ""Noto Color Emoji"";"">What are the 3 main problems we face in with the pandemic?</span></p><br><p></p>",1607969035,<blank>,1,1
30,NULL,multichoice,www.certificaciones.comudeguadalajara.gob.mx+201203200325+btgjCH,15,0,1,0,0.3333333,12,www.certificaciones.comudeguadalajara.gob.mx+201214180507+LOm9DP,99,99,1.0000000,1607025805,"<p dir=""ltr"" style=""text-align: left;""><p>\xbfCu\xe1l es el porcentaje de obesidad y sobrepeso actualmente en M\xe9xico?/<span style=""font-size: 0.9375rem; font-family: -apple-system, BlinkMacSystemFont, ""Segoe UI"", Roboto, ""Helvetica Neue"", Arial, ""Noto Sans"", sans-serif, ""Apple Color Emoji"", ""Segoe UI Emoji"", ""Segoe UI Symbol"", ""Noto Color Emoji"";"">What is the percentage of obesity and overweight\xa0 in people currently in Mexico?</span></p><br></p>",1607969107,<blank>,1,1
31,NULL,multichoice,www.certificaciones.comudeguadalajara.gob.mx+201203200827+XHMoz6,16,0,1,0,0.3333333,12,www.certificaciones.comudeguadalajara.gob.mx+201214180626+9G7fSP,99,99,1.0000000,1607026107,"<p dir=""ltr"" style=""text-align: left;""><p>\xbfCu\xe1les son los 4 deportes m\xe1s practicados en M\xe9xico seg\xfan la revista Forks?/<span style=""font-size: 0.9375rem; font-family: -apple-system, BlinkMacSystemFont, ""Segoe UI"", Roboto, ""Helvetica Neue"", Arial, ""Noto Sans"", sans-serif, ""Apple Color Emoji"", ""Segoe UI Emoji"", ""Segoe UI Symbol"", ""Noto Color Emoji"";"">What are the 4 most practiced sports in Mexico according to Forks magazine?</span></p><br></p>",1607969186,<blank>,1,1
32,NULL,multichoice,www.certificaciones.comudeguadalajara.gob.mx+201203201156+sisBsj,17,0,1,0,0.3333333,12,www.certificaciones.comudeguadalajara.gob.mx+201214180731+1eItWV,99,99,1.0000000,1607026316,"<p dir=""ltr"" style=""text-align: left;""></p><p>\xbfC\xf3mo se llama la aplicaci\xf3n gratuita que la Federaci\xf3n Mexicana de F\xfatbol ofrece?/<span style=""font-size: 0.9375rem; font-family: -apple-system, BlinkMacSystemFont, ""Segoe UI"", Roboto, ""Helvetica Neue"", Arial, ""Noto Sans"", sans-serif, ""Apple Color Emoji"", ""Segoe UI Emoji"", ""Segoe UI Symbol"", ""Noto Color Emoji"";"">What is the name of the free application that the Mexican Football Federation offers?</span></p><br><p></p>",1607969251,<blank>,1,1
33,NULL,multichoice,www.certificaciones.comudeguadalajara.gob.mx+201203201451+EWC2lD,18,0,1,0,0.3333333,12,www.certificaciones.comudeguadalajara.gob.mx+201214180821+A6p02j,99,99,1.0000000,1607026491,"<p dir=""ltr"" style=""text-align: left;""><p>\xbfCu\xe1les han sido los programas estrat\xe9gicos en los que ha colaborado el Consejo Municipal del Deporte Guadalajara?/<span style=""font-size: 0.9375rem; font-family: -apple-system, BlinkMacSystemFont, ""Segoe UI"", Roboto, ""Helvetica Neue"", Arial, ""Noto Sans"", sans-serif, ""Apple Color Emoji"", ""Segoe UI Emoji"", ""Segoe UI Symbol"", ""Noto Color Emoji"";"">What have been the strategic programs in which the Guadalajara Municipal Sports Council has collaborated?</span></p><br></p>",1607969301,<blank>,1,1
34,NULL,multichoice,www.certificaciones.comudeguadalajara.gob.mx+201203201744+ROSBq3,19,0,1,0,0.3333333,12,www.certificaciones.comudeguadalajara.gob.mx+201214180913+Rn7OaL,99,99,1.0000000,1607026664,"<p dir=""ltr"" style=""text-align: left;""><p>\xbfEn qu\xe9 consiste el programa RETO?/<span style=""font-size: 0.9375rem; font-family: -apple-system, BlinkMacSystemFont, ""Segoe UI"", Roboto, ""Helvetica Neue"", Arial, ""Noto Sans"", sans-serif, ""Apple Color Emoji"", ""Segoe UI Emoji"", ""Segoe UI Symbol"", ""Noto Color Emoji"";"">What does The \x93RETO\x94 program consist of?</span></p><br></p>",1607969353,<blank>,1,1
35,NULL,multichoice,www.certificaciones.comudeguadalajara.gob.mx+201203202039+wDN9Ld,20,0,1,0,0.3333333,12,www.certificaciones.comudeguadalajara.gob.mx+201214181011+HBrE2S,99,99,1.0000000,1607026839,"<p dir=""ltr"" style=""text-align: left;""><p><strong>\xbf</strong>Cu\xe1l es la <span>idea err\xf3nea</span> que ha provocado los m\xe1s espantosos cr\xedmenes de la humanidad?/<span style=""font-size: 0.9375rem; font-family: -apple-system, BlinkMacSystemFont, ""Segoe UI"", Roboto, ""Helvetica Neue"", Arial, ""Noto Sans"", sans-serif, ""Apple Color Emoji"", ""Segoe UI Emoji"", ""Segoe UI Symbol"", ""Noto Color Emoji"";"">What is the misconception that has caused the most horrific crimes of humanity?</span></p><br></p>",1607969411,<blank>,1,1

