id,name,capability,component
1,notices,moodle/site:config,moodle
2,errors,moodle/site:config,moodle
3,availableupdate,moodle/site:config,moodle
<blank>,instantmessage,4,moodle
5,backup,moodle/site:config,moodle
6,courserequested,moodle/site:approvecourse,moodle
7,courserequestapproved,moodle/course:request,moodle
8,courserequestrejected,moodle/course:request,moodle
9,badgerecipientnotice,moodle/badges:earnbadge,moodle
<blank>,badgecreatornotice,10,moodle
<blank>,competencyplancomment,11,moodle
<blank>,competencyusercompcomment,12,moodle
<blank>,insights,13,moodle
<blank>,messagecontactrequests,14,moodle
<blank>,asyncbackupnotification,15,moodle
<blank>,gradenotifications,16,moodle
<blank>,assign_notification,17,mod_assign
<blank>,assignment_updates,18,mod_assignment
<blank>,submission,19,mod_feedback
<blank>,message,20,mod_feedback
<blank>,posts,21,mod_forum
<blank>,digests,22,mod_forum
<blank>,graded_essay,23,mod_lesson
24,submission,mod/quiz:emailnotifysubmission,mod_quiz
25,confirmation,mod/quiz:emailconfirmsubmission,mod_quiz
26,attempt_overdue,mod/quiz:emailwarnoverdue,mod_quiz
<blank>,flatfile_enrolment,27,enrol_flatfile
<blank>,imsenterprise_enrolment,28,enrol_imsenterprise
<blank>,expiry_notification,29,enrol_manual
<blank>,paypal_enrolment,30,enrol_paypal
<blank>,expiry_notification,31,enrol_self
32,contactdataprotectionofficer,tool/dataprivacy:managedatarequests,tool_dataprivacy
<blank>,datarequestprocessingresults,33,tool_dataprivacy
34,notifyexceptions,tool/dataprivacy:managedatarequests,tool_dataprivacy
<blank>,invalidrecipienthandler,35,tool_messageinbound
<blank>,messageprocessingerror,36,tool_messageinbound
<blank>,messageprocessingsuccess,37,tool_messageinbound
38,notification,tool/monitor:subscribe,tool_monitor

