id,cron,name,lastcron,visible
1,0,activity_modules,0,1
2,0,activity_results,0,1
3,0,admin_bookmarks,0,1
4,0,badges,0,1
5,0,blog_menu,0,1
6,0,blog_recent,0,1
7,0,blog_tags,0,1
8,0,calendar_month,0,1
9,0,calendar_upcoming,0,1
10,0,comments,0,1
11,0,completionstatus,0,1
12,0,course_list,0,1
13,0,course_summary,0,1
14,0,feedback,0,1
15,0,globalsearch,0,1
16,0,glossary_random,0,1
17,0,html,0,1
18,0,login,0,1
19,0,lp,0,1
20,0,mentees,0,1
21,0,mnet_hosts,0,1
22,0,myoverview,0,1
23,0,myprofile,0,1
24,0,navigation,0,1
25,0,news_items,0,1
26,0,online_users,0,1
27,0,private_files,0,1
28,0,quiz_results,0,0
29,0,recent_activity,0,1
30,0,recentlyaccessedcourses,0,1
31,0,recentlyaccesseditems,0,1
32,0,rss_client,0,1
33,0,search_forums,0,1
34,0,section_links,0,1
35,0,selfcompletion,0,1
36,0,settings,0,1
37,0,site_main_menu,0,1
38,0,social_activities,0,1
39,0,starredcourses,0,1
40,0,tag_flickr,0,1
41,0,tag_youtube,0,0
42,0,tags,0,1
43,0,timeline,0,1

