id,roleid,allowassign
base64:type253:MW13eWxkcjFtd3lsZHIx,base64:type253:MW13eWxkcjFtd3lsZHIx,base64:type253:MW13eWxkcjFtd3lsZHIx
base64:type253:Mm13eWxkcjJtd3lsZHIx,base64:type253:Mm13eWxkcjJtd3lsZHIx,base64:type253:Mm13eWxkcjJtd3lsZHIx
base64:type253:M213eWxkcjNtd3lsZHIx,base64:type253:M213eWxkcjNtd3lsZHIx,base64:type253:M213eWxkcjNtd3lsZHIx
base64:type253:NG13eWxkcjRtd3lsZHIx,base64:type253:NG13eWxkcjRtd3lsZHIx,base64:type253:NG13eWxkcjRtd3lsZHIx
base64:type253:NW13eWxkcjVtd3lsZHIx,base64:type253:NW13eWxkcjVtd3lsZHIx,base64:type253:NW13eWxkcjVtd3lsZHIx
base64:type253:NG13eWxkcjZtd3lsZHIz,base64:type253:NG13eWxkcjZtd3lsZHIz,base64:type253:NG13eWxkcjZtd3lsZHIz
base64:type253:NW13eWxkcjdtd3lsZHIz,base64:type253:NW13eWxkcjdtd3lsZHIz,base64:type253:NW13eWxkcjdtd3lsZHIz

