id,userid,name,private,sortorder
1,<blank>,__default,0,0
2,<blank>,__default,1,0
3,2,__default,1,0
4,3,__default,0,0
5,2,__default,0,0
6,6,__default,0,0
7,6,__default,1,0
8,9,__default,1,0
9,10,__default,1,0
10,11,__default,1,0
11,12,__default,1,0
12,13,__default,1,0
13,10,__default,0,0
14,14,__default,1,0
15,15,__default,1,0
16,16,__default,1,0
17,17,__default,1,0
18,18,__default,1,0
19,19,__default,1,0
20,20,__default,1,0
21,21,__default,1,0
22,22,__default,1,0
23,22,__default,0,0
24,12,__default,0,0
25,23,__default,1,0
26,24,__default,1,0
27,25,__default,1,0
28,26,__default,1,0
29,27,__default,1,0
30,28,__default,1,0
31,29,__default,1,0
32,26,__default,0,0
33,30,__default,1,0
34,31,__default,1,0
35,32,__default,1,0
36,33,__default,1,0
37,30,__default,0,0
38,34,__default,1,0
39,35,__default,1,0
40,34,__default,0,0
41,36,__default,1,0
42,37,__default,1,0
43,38,__default,1,0
44,40,__default,1,0
45,41,__default,1,0
46,28,__default,0,0
47,42,__default,1,0
48,43,__default,1,0
49,44,__default,1,0
50,45,__default,1,0
51,7,__default,1,0
52,39,__default,1,0
53,27,__default,0,0
54,46,__default,1,0
55,47,__default,1,0
56,48,__default,1,0
57,49,__default,1,0
58,50,__default,1,0
59,51,__default,1,0
60,52,__default,1,0
61,53,__default,1,0
62,54,__default,1,0
63,4,__default,0,0
64,56,__default,1,0
65,58,__default,1,0
66,57,__default,1,0
67,59,__default,1,0
68,60,__default,1,0
69,20,__default,0,0
70,7,__default,0,0
71,61,__default,1,0
72,61,__default,0,0
73,62,__default,1,0
74,63,__default,1,0
75,65,__default,1,0
76,66,__default,1,0
77,67,__default,1,0
78,68,__default,1,0
79,55,__default,1,0
80,36,__default,0,0
81,69,__default,1,0
82,70,__default,1,0
83,71,__default,1,0
84,72,__default,1,0
85,25,__default,0,0
86,73,__default,1,0
87,74,__default,1,0
88,23,__default,0,0
89,75,__default,1,0
90,76,__default,1,0
91,77,__default,1,0
92,78,__default,1,0
93,80,__default,1,0
94,81,__default,1,0
95,82,__default,1,0
96,83,__default,1,0
97,84,__default,1,0
98,60,__default,0,0
99,85,__default,1,0
100,86,__default,1,0
101,64,__default,1,0
102,87,__default,1,0
103,88,__default,1,0
104,83,__default,0,0
105,35,__default,0,0
106,71,__default,0,0
107,65,__default,0,0
108,89,__default,1,0
109,90,__default,1,0
110,91,__default,1,0
111,4,__default,1,0
112,86,__default,0,0
113,51,__default,0,0
115,92,__default,0,0
116,72,__default,0,0
117,79,__default,1,0
118,90,__default,0,0
119,74,__default,0,0
120,93,__default,1,0
121,94,__default,1,0
122,95,__default,1,0
123,19,__default,0,0
124,43,__default,0,0
125,66,__default,0,0
126,3,__default,1,0
127,96,__default,1,0
128,94,__default,0,0
129,31,__default,0,0
130,97,__default,1,0
131,18,__default,0,0
132,91,__default,0,0
133,14,__default,0,0
134,16,__default,0,0
135,57,__default,0,0
136,77,__default,0,0
137,93,__default,0,0
138,48,__default,0,0
139,78,__default,0,0
140,59,__default,0,0
141,58,__default,0,0
142,98,__default,1,0
143,99,__default,1,0
144,98,__default,0,0
145,70,__default,0,0
146,102,__default,1,0
147,103,__default,1,0
148,104,__default,1,0
149,101,__default,1,0
150,105,__default,1,0
151,106,__default,1,0
152,107,__default,1,0
153,108,__default,1,0
154,108,__default,0,0
155,109,__default,1,0
156,75,__default,0,0
157,110,__default,1,0
158,111,__default,1,0
159,112,__default,1,0
160,114,__default,1,0
161,115,__default,1,0
162,113,__default,1,0
163,102,__default,0,0
164,115,__default,0,0
165,117,__default,1,0
166,116,__default,1,0
167,110,__default,0,0
168,118,__default,1,0
169,119,__default,1,0
170,114,__default,0,0
171,120,__default,1,0
172,120,__default,0,0
173,79,__default,0,0
174,121,__default,0,0
175,122,__default,1,0
176,121,__default,1,0
177,106,__default,0,0
178,118,__default,0,0
179,117,__default,0,0
180,103,__default,0,0
181,107,__default,0,0
182,116,__default,0,0
183,17,__default,0,0
184,99,__default,0,0
185,124,__default,1,0
186,126,__default,1,0
187,130,__default,1,0
188,128,__default,1,0
189,131,__default,1,0
190,125,__default,1,0
191,127,__default,1,0
192,47,__default,0,0
193,133,__default,1,0

