id,userid,name,value
1,2,core_message_migrate_data,1
2,2,auth_manual_passwordupdatetime,1593287651
3,2,email_bounce_count,1
4,2,email_send_count,16
5,2,tool_usertours_tour_completion_time_2,1589217593
6,2,tool_usertours_tour_completion_time_1,1592682769
8,3,email_bounce_count,1
9,3,email_send_count,9
11,4,email_bounce_count,1
12,4,email_send_count,6
13,2,ifirst,<blank>
14,2,ilast,<blank>
15,2,drawer-open-nav,true
16,5,auth_forcepasswordchange,1
17,5,email_bounce_count,1
18,5,email_send_count,2
19,2,question_bank_advanced_search,0
20,2,filepicker_recentrepository,1
21,2,filepicker_recentlicense,allrightsreserved
23,6,email_bounce_count,1
24,6,email_send_count,32
26,7,email_bounce_count,1
27,7,email_send_count,28
28,6,core_message_migrate_data,1
29,6,tool_usertours_tour_completion_time_2,1590177737
30,6,auth_manual_passwordupdatetime,1601753092
31,8,auth_forcepasswordchange,1
32,8,email_bounce_count,1
33,8,email_send_count,2
34,6,drawer-open-nav,true
35,6,tool_usertours_tour_completion_time_1,1590290876
36,6,login_failed_count_since_success,17
37,2,login_failed_count_since_success,19
38,2,grade_report_grader_collapsed_categories2,"{""aggregatesonly"":[],""gradesonly"":[""1""]}"
40,9,email_bounce_count,1
41,9,email_send_count,2
43,10,email_bounce_count,1
44,10,email_send_count,3
45,9,login_failed_count_since_success,7
46,2,userselector_preserveselected,0
47,2,userselector_autoselectunique,0
48,2,userselector_searchanywhere,0
49,2,tool_usertours_tour_reset_time_1,1592682755
50,9,core_message_migrate_data,1
51,9,auth_manual_passwordupdatetime,1592938564
52,9,drawer-open-nav,true
53,10,auth_manual_passwordupdatetime,1592938871
54,10,core_message_migrate_data,1
55,10,tool_usertours_tour_completion_time_2,1592938882
56,10,tool_usertours_tour_completion_time_1,1592939002
57,11,auth_forcepasswordchange,0
58,11,email_bounce_count,1
59,11,email_send_count,15
60,12,auth_forcepasswordchange,0
61,12,email_bounce_count,1
62,12,email_send_count,18
63,9,tool_usertours_tour_completion_time_1,1592940904
64,11,core_message_migrate_data,1
65,11,tool_usertours_tour_completion_time_1,1592941271
66,11,tool_usertours_tour_completion_time_2,1592941648
67,12,core_message_migrate_data,1
68,12,tool_usertours_tour_completion_time_2,1592941770
69,13,auth_forcepasswordchange,0
70,13,email_bounce_count,1
71,13,email_send_count,14
72,13,core_message_migrate_data,1
73,11,drawer-open-nav,false
74,9,tool_usertours_tour_completion_time_2,1593019947
75,14,auth_forcepasswordchange,0
76,14,email_bounce_count,1
77,14,email_send_count,19
78,14,core_message_migrate_data,1
79,15,auth_forcepasswordchange,0
80,15,email_bounce_count,1
81,15,email_send_count,14
82,15,core_message_migrate_data,1
83,16,auth_forcepasswordchange,0
84,16,email_bounce_count,1
85,16,email_send_count,14
86,16,core_message_migrate_data,1
87,12,login_failed_count_since_success,9
88,12,tool_usertours_tour_completion_time_1,1593026351
89,17,auth_forcepasswordchange,0
90,17,email_bounce_count,1
91,17,email_send_count,13
92,17,core_message_migrate_data,1
93,18,auth_forcepasswordchange,0
94,18,email_bounce_count,1
95,18,email_send_count,14
96,18,core_message_migrate_data,1
97,19,auth_forcepasswordchange,0
98,19,email_bounce_count,1
99,19,email_send_count,21
100,19,core_message_migrate_data,1
101,20,auth_forcepasswordchange,0
102,20,email_bounce_count,1
103,20,email_send_count,15
104,20,core_message_migrate_data,1
105,21,auth_forcepasswordchange,0
106,21,email_bounce_count,1
107,21,email_send_count,18
108,21,core_message_migrate_data,1
109,22,auth_forcepasswordchange,0
110,22,email_bounce_count,1
111,22,email_send_count,13
112,22,login_failed_count_since_success,9
113,22,core_message_migrate_data,1
114,22,drawer-open-nav,true
115,22,tool_usertours_tour_completion_time_2,1593199324
116,12,drawer-open-nav,true
117,12,filemanager_recentviewmode,2
118,23,auth_forcepasswordchange,0
119,23,email_bounce_count,1
120,23,email_send_count,12
121,23,login_failed_count_since_success,9
122,23,auth_manual_passwordupdatetime,1593204276
123,23,core_message_migrate_data,1
124,24,auth_forcepasswordchange,0
125,24,email_bounce_count,1
126,24,email_send_count,11
127,24,core_message_migrate_data,1
128,25,auth_forcepasswordchange,0
129,25,email_bounce_count,1
130,25,email_send_count,16
131,25,login_failed_count_since_success,4
132,25,auth_manual_passwordupdatetime,1593210965
133,25,core_message_migrate_data,1
134,26,auth_forcepasswordchange,0
135,26,email_bounce_count,1
136,26,email_send_count,21
137,26,core_message_migrate_data,1
138,27,auth_forcepasswordchange,0
139,27,email_bounce_count,1
140,27,email_send_count,15
141,27,core_message_migrate_data,1
142,28,auth_forcepasswordchange,0
143,28,email_bounce_count,1
144,28,email_send_count,13
145,28,core_message_migrate_data,1
146,28,drawer-open-nav,true
147,28,tool_usertours_tour_completion_time_2,1593231979
148,28,tool_usertours_tour_completion_time_1,1593232013
149,29,auth_forcepasswordchange,0
150,29,email_bounce_count,1
151,29,email_send_count,12
152,29,core_message_migrate_data,1
153,22,tool_usertours_tour_completion_time_1,1593269335
154,6,auth_forcepasswordchange,0
155,26,login_failed_count_since_success,9
156,26,drawer-open-nav,false
157,26,tool_usertours_tour_completion_time_2,1593381638
158,30,auth_forcepasswordchange,0
159,30,email_bounce_count,1
160,30,email_send_count,14
161,30,core_message_migrate_data,1
162,31,auth_forcepasswordchange,0
163,31,email_bounce_count,1
164,31,email_send_count,13
165,31,core_message_migrate_data,1
166,32,auth_forcepasswordchange,0
167,32,email_bounce_count,1
168,32,email_send_count,15
169,32,core_message_migrate_data,1
170,33,auth_forcepasswordchange,0
171,33,email_bounce_count,0
172,33,email_send_count,7
173,33,core_message_migrate_data,1
174,30,login_failed_count_since_success,6
175,30,drawer-open-nav,false
176,30,tool_usertours_tour_completion_time_2,1593400561
177,30,tool_usertours_tour_reset_time_2,1593400492
178,34,auth_forcepasswordchange,0
179,34,email_bounce_count,1
180,34,email_send_count,13
181,34,core_message_migrate_data,1
182,35,auth_forcepasswordchange,0
183,35,email_bounce_count,1
184,35,email_send_count,13
185,34,drawer-open-nav,false
186,35,core_message_migrate_data,1
187,36,auth_forcepasswordchange,0
188,36,email_bounce_count,1
189,36,email_send_count,26
190,34,tool_usertours_tour_completion_time_2,1593452798
191,36,core_message_migrate_data,1
192,36,tool_usertours_tour_completion_time_2,1593452960
193,37,auth_forcepasswordchange,0
194,37,email_bounce_count,1
195,37,email_send_count,16
196,37,login_failed_count_since_success,9
197,37,core_message_migrate_data,1
198,38,auth_forcepasswordchange,0
199,38,email_bounce_count,1
200,38,email_send_count,13
201,39,auth_forcepasswordchange,0
202,39,email_bounce_count,1
203,39,email_send_count,15
204,38,core_message_migrate_data,1
205,40,auth_forcepasswordchange,0
206,40,email_bounce_count,1
207,40,email_send_count,13
208,40,login_failed_count_since_success,12
209,40,core_message_migrate_data,1
210,38,tool_usertours_tour_completion_time_2,1593457313
211,12,forum_discussionlistsortorder,1
212,12,filepicker_recentrepository,4
213,12,filepicker_recentviewmode,3
214,41,auth_forcepasswordchange,0
215,41,email_bounce_count,1
216,41,email_send_count,14
217,41,core_message_migrate_data,1
218,42,auth_forcepasswordchange,0
219,42,email_bounce_count,1
220,42,email_send_count,18
221,42,core_message_migrate_data,1
222,43,auth_forcepasswordchange,0
223,43,email_bounce_count,1
224,43,email_send_count,15
225,43,core_message_migrate_data,1
226,44,auth_forcepasswordchange,0
227,44,email_bounce_count,1
228,44,email_send_count,12
229,44,core_message_migrate_data,1
230,45,auth_forcepasswordchange,0
231,45,email_bounce_count,1
232,45,email_send_count,14
233,45,login_failed_count_since_success,6
234,45,core_message_migrate_data,1
235,7,auth_manual_passwordupdatetime,1601604603
236,7,core_message_migrate_data,1
237,7,tool_usertours_tour_completion_time_2,1593476042
238,39,core_message_migrate_data,1
239,39,tool_usertours_tour_completion_time_2,1593476660
240,43,drawer-open-nav,true
241,43,tool_usertours_tour_completion_time_2,1593478137
242,43,block_timeline_user_limit_preference,25
243,27,login_failed_count_since_success,8
244,27,drawer-open-nav,false
245,27,tool_usertours_tour_completion_time_2,1593483546
246,27,tool_usertours_tour_completion_time_1,1593483604
247,40,drawer-open-nav,false
248,15,login_failed_count_since_success,2
249,15,tool_usertours_tour_completion_time_2,1593487945
250,15,block_timeline_user_limit_preference,5
251,40,tool_usertours_tour_completion_time_1,1593488519
252,32,tool_usertours_tour_completion_time_2,1593531702
253,32,tool_usertours_tour_completion_time_1,1593531726
254,46,auth_forcepasswordchange,0
255,46,email_bounce_count,1
256,46,email_send_count,11
257,46,core_message_migrate_data,1
258,47,auth_forcepasswordchange,0
259,47,email_bounce_count,1
260,47,email_send_count,15
261,47,core_message_migrate_data,1
262,48,auth_forcepasswordchange,0
263,48,email_bounce_count,1
264,48,email_send_count,11
265,48,core_message_migrate_data,1
266,49,auth_forcepasswordchange,0
267,49,email_bounce_count,1
268,49,email_send_count,13
269,49,core_message_migrate_data,1
270,50,auth_forcepasswordchange,0
271,50,email_bounce_count,1
272,50,email_send_count,13
273,50,core_message_migrate_data,1
274,50,auth_manual_passwordupdatetime,1593539640
275,50,login_failed_count_since_success,2
276,51,auth_forcepasswordchange,0
277,51,email_bounce_count,1
278,51,email_send_count,14
279,51,core_message_migrate_data,1
280,52,auth_forcepasswordchange,0
281,52,email_bounce_count,1
282,52,email_send_count,18
283,52,core_message_migrate_data,1
284,47,auth_manual_passwordupdatetime,1608236676
285,47,tool_usertours_tour_completion_time_2,1593542157
286,53,auth_forcepasswordchange,0
287,53,email_bounce_count,1
288,53,email_send_count,11
289,53,core_message_migrate_data,1
290,54,auth_forcepasswordchange,0
291,54,email_bounce_count,1
292,54,email_send_count,12
293,54,core_message_migrate_data,1
294,54,tool_usertours_tour_completion_time_2,1593543175
295,47,login_failed_count_since_success,7
296,4,auth_manual_passwordupdatetime,1593647381
297,4,core_message_migrate_data,1
299,55,email_bounce_count,1
300,55,email_send_count,14
301,55,core_message_migrate_data,1
302,55,auth_manual_passwordupdatetime,1593545770
303,56,auth_forcepasswordchange,0
304,56,email_bounce_count,1
305,56,email_send_count,13
306,56,core_message_migrate_data,1
307,57,auth_forcepasswordchange,0
308,57,email_bounce_count,1
309,57,email_send_count,16
310,58,auth_forcepasswordchange,0
311,58,email_bounce_count,1
312,58,email_send_count,16
313,58,core_message_migrate_data,1
314,57,core_message_migrate_data,1
315,57,tool_usertours_tour_completion_time_2,1593548535
316,59,auth_forcepasswordchange,0
317,59,email_bounce_count,1
318,59,email_send_count,16
319,59,core_message_migrate_data,1
320,59,tool_usertours_tour_completion_time_2,1593549505
321,38,login_failed_count_since_success,6
322,60,auth_forcepasswordchange,0
323,60,email_bounce_count,1
324,60,email_send_count,15
325,60,core_message_migrate_data,1
326,60,tool_usertours_tour_completion_time_2,1593550646
327,37,drawer-open-nav,false
328,37,tool_usertours_tour_completion_time_2,1593553847
329,57,drawer-open-nav,false
330,57,tool_usertours_tour_completion_time_1,1593556207
331,49,login_failed_count_since_success,17
332,20,tool_usertours_tour_completion_time_2,1593559225
333,20,tool_usertours_tour_completion_time_1,1593559234
334,20,filemanager_recentviewmode,2
335,7,tool_usertours_tour_completion_time_1,1593562750
336,7,forum_discussionlistsortorder,5
337,61,auth_forcepasswordchange,0
338,61,email_bounce_count,1
339,61,email_send_count,14
340,61,core_message_migrate_data,1
342,62,email_bounce_count,1
343,62,email_send_count,15
344,62,core_message_migrate_data,1
345,62,tool_usertours_tour_completion_time_2,1593564996
346,63,auth_forcepasswordchange,0
347,63,email_bounce_count,1
348,63,email_send_count,18
349,64,auth_forcepasswordchange,0
350,64,email_bounce_count,1
351,64,email_send_count,1
352,63,login_failed_count_since_success,8
353,63,auth_manual_passwordupdatetime,1593565900
354,63,core_message_migrate_data,1
355,65,auth_forcepasswordchange,0
356,65,email_bounce_count,1
357,65,email_send_count,1
358,65,core_message_migrate_data,1
359,65,tool_usertours_tour_completion_time_2,1593566247
361,66,email_bounce_count,1
362,66,email_send_count,25
363,66,core_message_migrate_data,1
364,36,drawer-open-nav,false
365,67,auth_forcepasswordchange,0
366,67,email_bounce_count,1
367,67,email_send_count,23
368,67,core_message_migrate_data,1
369,67,tool_usertours_tour_completion_time_2,1593567194
370,68,auth_forcepasswordchange,0
371,68,email_bounce_count,1
372,68,email_send_count,12
373,68,core_message_migrate_data,1
374,55,drawer-open-nav,false
375,55,tool_usertours_tour_completion_time_2,1593568240
376,54,drawer-open-nav,false
377,69,auth_forcepasswordchange,0
378,69,email_bounce_count,1
379,69,email_send_count,20
380,69,core_message_migrate_data,1
381,47,drawer-open-nav,false
382,70,auth_forcepasswordchange,0
383,70,email_bounce_count,1
384,70,email_send_count,1
385,47,tool_usertours_tour_completion_time_1,1593568677
386,70,core_message_migrate_data,1
387,70,tool_usertours_tour_completion_time_2,1593568751
388,68,login_failed_count_since_success,8
389,68,drawer-open-nav,false
390,68,tool_usertours_tour_completion_time_2,1593569186
391,71,auth_forcepasswordchange,0
392,71,email_bounce_count,1
393,71,email_send_count,13
394,71,core_message_migrate_data,1
395,64,login_failed_count_since_success,4
396,17,drawer-open-nav,false
397,17,tool_usertours_tour_completion_time_2,1593573325
398,17,block_myoverview_user_view_preference,summary
399,33,login_failed_count_since_success,11
400,43,login_failed_count_since_success,8
401,72,auth_forcepasswordchange,0
402,72,email_bounce_count,1
403,72,email_send_count,19
404,72,core_message_migrate_data,1
405,66,login_failed_count_since_success,75
406,66,drawer-open-nav,false
407,41,drawer-open-nav,false
408,63,tool_usertours_tour_completion_time_2,1593579991
409,63,block_online_users_uservisibility,0
410,63,block_timeline_user_limit_preference,25
411,63,tool_usertours_tour_completion_time_1,1593580079
412,63,drawer-open-nav,true
413,25,tool_usertours_tour_completion_time_2,1593586297
414,25,tool_usertours_tour_completion_time_1,1593586454
415,69,drawer-open-nav,false
416,69,tool_usertours_tour_completion_time_2,1593605605
417,70,login_failed_count_since_success,5
418,16,login_failed_count_since_success,1
419,16,drawer-open-nav,false
420,16,tool_usertours_tour_completion_time_2,1593609421
421,49,tool_usertours_tour_completion_time_2,1593609811
422,30,block_timeline_user_limit_preference,25
423,59,drawer-open-nav,false
424,73,auth_forcepasswordchange,0
425,73,email_bounce_count,1
426,73,email_send_count,15
427,73,core_message_migrate_data,1
428,74,auth_forcepasswordchange,0
429,74,email_bounce_count,1
430,74,email_send_count,16
431,74,core_message_migrate_data,1
432,2,assign_perpage,100
433,2,assign_filter,<blank>
434,2,assign_quickgrading,<blank>
435,2,assign_downloadasfolders,1
436,2,grade_report_showonlyactiveenrol,1
437,23,tool_usertours_tour_completion_time_2,1593617898
438,23,tool_usertours_tour_completion_time_1,1593617986
439,14,login_failed_count_since_success,15
440,75,auth_forcepasswordchange,0
441,75,email_bounce_count,0
442,75,email_send_count,13
443,14,auth_manual_passwordupdatetime,1593619596
444,75,core_message_migrate_data,1
445,75,tool_usertours_tour_completion_time_2,1593619695
446,53,login_failed_count_since_success,5
447,70,tool_usertours_tour_completion_time_1,1593620140
448,76,auth_forcepasswordchange,0
449,76,email_bounce_count,1
450,76,email_send_count,5
451,76,core_message_migrate_data,1
452,14,drawer-open-nav,true
453,53,tool_usertours_tour_completion_time_2,1593620292
454,53,block_timeline_user_sort_preference,sortbydates
455,53,block_timeline_user_limit_preference,10
456,53,tool_usertours_tour_completion_time_1,1593621034
457,77,auth_forcepasswordchange,0
458,77,email_bounce_count,1
459,77,email_send_count,1
460,77,core_message_migrate_data,1
461,77,tool_usertours_tour_completion_time_2,1593621918
462,78,auth_forcepasswordchange,0
463,78,email_bounce_count,1
464,78,email_send_count,16
465,78,core_message_migrate_data,1
466,79,auth_forcepasswordchange,0
467,79,email_bounce_count,1
468,79,email_send_count,16
469,80,auth_forcepasswordchange,0
470,80,email_bounce_count,1
471,80,email_send_count,4
472,80,core_message_migrate_data,1
473,81,auth_forcepasswordchange,0
474,81,email_bounce_count,1
475,81,email_send_count,16
476,42,login_failed_count_since_success,13
477,42,tool_usertours_tour_completion_time_2,1593624196
478,81,core_message_migrate_data,1
479,81,tool_usertours_tour_completion_time_2,1593624311
480,82,auth_forcepasswordchange,0
481,82,email_bounce_count,1
482,82,email_send_count,15
483,82,core_message_migrate_data,1
484,82,tool_usertours_tour_completion_time_2,1593624611
485,83,auth_forcepasswordchange,0
486,83,email_bounce_count,1
487,83,email_send_count,13
488,83,core_message_migrate_data,1
489,42,tool_usertours_tour_completion_time_1,1593624868
490,38,tool_usertours_tour_completion_time_1,1593625771
491,84,auth_forcepasswordchange,0
492,84,email_bounce_count,1
493,84,email_send_count,14
494,84,core_message_migrate_data,1
495,84,tool_usertours_tour_completion_time_2,1593626012
496,65,login_failed_count_since_success,2
497,65,drawer-open-nav,false
498,73,tool_usertours_tour_completion_time_2,1593626248
499,65,tool_usertours_tour_completion_time_1,1593626262
500,73,tool_usertours_tour_completion_time_1,1593626272
501,55,login_failed_count_since_success,9
502,37,block_timeline_user_filter_preference,all
503,37,block_timeline_user_sort_preference,sortbydates
504,37,filemanager_recentviewmode,3
505,26,tool_usertours_tour_completion_time_1,1593627462
506,60,tool_usertours_tour_completion_time_1,1593627706
507,85,auth_forcepasswordchange,0
508,85,email_bounce_count,1
509,85,email_send_count,1
510,37,filepicker_recentrepository,4
511,37,filepicker_recentlicense,allrightsreserved
512,37,tool_usertours_tour_completion_time_1,1593628882
513,85,core_message_migrate_data,1
514,75,drawer-open-nav,false
515,75,tool_usertours_tour_completion_time_1,1593629030
516,82,login_failed_count_since_success,10
517,82,drawer-open-nav,false
518,14,tool_usertours_tour_completion_time_2,1593629272
519,14,tool_usertours_tour_completion_time_1,1593629346
520,14,forum_displaymode,-1
521,50,tool_usertours_tour_completion_time_2,1593630052
522,50,tool_usertours_tour_completion_time_1,1593630086
523,82,tool_usertours_tour_completion_time_1,1593631210
524,31,tool_usertours_tour_completion_time_2,1593631577
525,31,tool_usertours_tour_completion_time_1,1593631609
526,86,auth_forcepasswordchange,0
527,86,email_bounce_count,1
528,86,email_send_count,45
529,86,core_message_migrate_data,1
530,86,tool_usertours_tour_completion_time_2,1593632354
531,34,tool_usertours_tour_completion_time_1,1593632372
532,34,forum_displaymode,1
533,52,tool_usertours_tour_completion_time_1,1593632403
534,30,block_timeline_user_sort_preference,sortbydates
535,85,login_failed_count_since_success,3
536,64,core_message_migrate_data,1
537,64,drawer-open-nav,false
538,87,auth_forcepasswordchange,0
539,87,email_bounce_count,1
540,87,email_send_count,1
541,87,core_message_migrate_data,1
542,87,tool_usertours_tour_completion_time_2,1593632957
543,88,auth_forcepasswordchange,0
544,88,email_bounce_count,1
545,88,email_send_count,1
546,88,core_message_migrate_data,1
547,88,tool_usertours_tour_completion_time_2,1593633358
548,27,forum_discussionlistsortorder,5
549,83,tool_usertours_tour_completion_time_2,1593633684
550,83,tool_usertours_tour_completion_time_1,1593633734
551,88,login_failed_count_since_success,9
552,61,tool_usertours_tour_completion_time_2,1593633795
553,61,tool_usertours_tour_completion_time_1,1593633996
554,88,tool_usertours_tour_completion_time_1,1593634021
555,62,login_failed_count_since_success,8
556,62,auth_manual_passwordupdatetime,1601773707
557,62,drawer-open-nav,false
558,62,tool_usertours_tour_completion_time_1,1593634728
559,40,forum_discussionlistsortorder,5
560,59,tool_usertours_tour_completion_time_1,1593635344
561,85,tool_usertours_tour_completion_time_2,1593635713
562,71,drawer-open-nav,false
563,85,tool_usertours_tour_completion_time_1,1593635963
564,71,tool_usertours_tour_completion_time_2,1593636361
565,35,drawer-open-nav,false
566,21,login_failed_count_since_success,1
567,80,drawer-open-nav,false
568,80,tool_usertours_tour_completion_time_2,1593636699
569,21,tool_usertours_tour_completion_time_2,1593636737
570,35,tool_usertours_tour_completion_time_2,1593636747
571,80,tool_usertours_tour_completion_time_1,1593636748
572,21,tool_usertours_tour_completion_time_1,1593636930
573,35,tool_usertours_tour_completion_time_1,1593636941
574,21,forum_displaymode,-1
575,21,forum_discussionlistsortorder,10
576,77,drawer-open-nav,false
577,77,tool_usertours_tour_completion_time_1,1593638071
578,84,login_failed_count_since_success,2
579,40,tool_usertours_tour_completion_time_2,1593638151
580,84,tool_usertours_tour_completion_time_1,1593638418
581,42,filemanager_recentviewmode,2
582,17,tool_usertours_tour_completion_time_1,1593638787
583,48,drawer-open-nav,true
584,48,tool_usertours_tour_completion_time_2,1593639160
585,48,tool_usertours_tour_completion_time_1,1593639190
586,51,tool_usertours_tour_completion_time_1,1593639641
587,33,tool_usertours_tour_completion_time_2,1593639947
588,33,block_myoverview_user_sort_preference,lastaccessed
589,33,tool_usertours_tour_completion_time_1,1593640013
590,78,drawer-open-nav,false
591,78,tool_usertours_tour_completion_time_2,1593640902
592,78,tool_usertours_tour_completion_time_1,1593641034
593,36,filemanager_recentviewmode,2
594,36,filepicker_recentrepository,4
595,67,tool_usertours_tour_completion_time_1,1593642166
596,67,forum_displaymode,-1
597,21,filemanager_recentviewmode,1
598,71,tool_usertours_tour_completion_time_1,1593643796
599,89,auth_forcepasswordchange,0
600,89,email_bounce_count,1
601,89,email_send_count,19
602,89,core_message_migrate_data,1
603,73,drawer-open-nav,true
604,16,tool_usertours_tour_completion_time_1,1593645412
605,16,forum_displaymode,1
606,19,drawer-open-nav,true
607,19,tool_usertours_tour_completion_time_2,1593645783
608,19,tool_usertours_tour_completion_time_1,1593645848
609,86,tool_usertours_tour_completion_time_1,1593645877
610,81,drawer-open-nav,false
611,20,filepicker_recentrepository,4
612,20,filepicker_recentlicense,allrightsreserved
613,90,auth_forcepasswordchange,0
614,90,email_bounce_count,1
615,90,email_send_count,17
616,90,core_message_migrate_data,1
617,4,login_failed_count_since_success,4
618,91,auth_forcepasswordchange,0
619,91,email_bounce_count,1
620,91,email_send_count,19
621,91,core_message_migrate_data,1
622,4,tool_usertours_tour_completion_time_2,1593647440
623,4,tool_usertours_tour_completion_time_1,1593647446
624,51,forum_displaymode,1
625,86,forum_discussionlistsortorder,8
626,36,filepicker_recentviewmode,3
627,83,drawer-open-nav,false
628,86,filemanager_recentviewmode,2
629,87,login_failed_count_since_success,2
630,86,filepicker_recentrepository,4
631,86,filepicker_recentlicense,allrightsreserved
632,36,filepicker_recentlicense,allrightsreserved
633,87,tool_usertours_tour_completion_time_1,1593649110
634,89,login_failed_count_since_success,7
635,89,drawer-open-nav,false
636,89,tool_usertours_tour_completion_time_2,1593650138
637,89,tool_usertours_tour_completion_time_1,1593650235
638,89,forum_discussionlistsortorder,7
639,64,tool_usertours_tour_completion_time_1,1593650566
640,51,tool_usertours_tour_completion_time_2,1593651180
644,29,block_myoverview_user_sort_preference,title
645,29,tool_usertours_tour_completion_time_1,1593652334
650,84,drawer-open-nav,false
651,13,drawer-open-nav,true
652,13,tool_usertours_tour_completion_time_2,1593654531
653,13,tool_usertours_tour_completion_time_1,1593654542
654,12,filepicker_recentlicense,allrightsreserved
655,45,drawer-open-nav,true
656,45,tool_usertours_tour_completion_time_2,1593656195
657,45,tool_usertours_tour_completion_time_1,1593656380
658,72,drawer-open-nav,false
659,72,tool_usertours_tour_completion_time_2,1593656611
660,46,login_failed_count_since_success,11
661,81,tool_usertours_tour_completion_time_1,1593657003
662,46,tool_usertours_tour_completion_time_2,1593657015
663,79,core_message_migrate_data,1
664,79,drawer-open-nav,false
665,90,login_failed_count_since_success,30
666,46,tool_usertours_tour_completion_time_1,1593657212
667,90,tool_usertours_tour_completion_time_2,1593657351
668,90,tool_usertours_tour_completion_time_1,1593657406
669,39,drawer-open-nav,false
670,39,tool_usertours_tour_completion_time_1,1593658054
671,41,tool_usertours_tour_completion_time_2,1593658140
672,90,block_myoverview_user_view_preference,list
673,41,block_myoverview_user_grouping_preference,inprogress
674,41,tool_usertours_tour_completion_time_1,1593658666
675,58,login_failed_count_since_success,9
676,58,drawer-open-nav,false
677,58,tool_usertours_tour_completion_time_2,1593658926
678,58,block_timeline_user_filter_preference,next3months
679,58,block_timeline_user_sort_preference,sortbydates
680,39,forum_displaymode,-1
681,58,block_myoverview_user_grouping_preference,inprogress
682,74,login_failed_count_since_success,1
683,74,drawer-open-nav,false
684,74,tool_usertours_tour_completion_time_2,1593663081
685,74,tool_usertours_tour_completion_time_1,1593663601
686,74,block_online_users_uservisibility,1
687,74,block_myoverview_user_view_preference,summary
688,74,forum_displaymode,-1
689,70,forum_discussionlistsortorder,7
690,59,login_failed_count_since_success,19
691,93,auth_forcepasswordchange,0
692,93,email_bounce_count,1
693,93,email_send_count,15
694,93,core_message_migrate_data,1
695,94,auth_forcepasswordchange,0
696,94,email_bounce_count,1
697,94,email_send_count,13
698,94,core_message_migrate_data,1
699,95,auth_forcepasswordchange,0
700,95,email_bounce_count,1
701,95,email_send_count,20
702,95,core_message_migrate_data,1
703,93,drawer-open-nav,false
704,93,tool_usertours_tour_completion_time_2,1593707538
705,43,tool_usertours_tour_completion_time_1,1593713917
706,43,forum_discussionlistsortorder,7
707,38,drawer-open-nav,true
708,39,login_failed_count_since_success,3
709,36,login_failed_count_since_success,5
710,61,forum_discussionlistsortorder,8
711,66,block_myoverview_user_grouping_preference,all
712,66,block_myoverview_user_sort_preference,title
713,66,tool_usertours_tour_completion_time_2,1593725650
714,66,block_myoverview_user_view_preference,list
715,66,tool_usertours_tour_completion_time_1,1593726791
716,95,login_failed_count_since_success,11
717,17,block_myoverview_user_sort_preference,lastaccessed
718,95,drawer-open-nav,false
719,95,tool_usertours_tour_completion_time_2,1593728515
720,76,login_failed_count_since_success,3
721,76,tool_usertours_tour_completion_time_1,1593731920
722,6,block_myoverview_user_grouping_preference,all
723,3,login_failed_count_since_success,23
724,95,tool_usertours_tour_completion_time_1,1593732385
725,93,tool_usertours_tour_completion_time_1,1593732410
726,3,auth_manual_passwordupdatetime,1604517322
727,3,core_message_migrate_data,1
728,61,filemanager_recentviewmode,3
729,3,tool_usertours_tour_completion_time_2,1593732936
730,3,tool_usertours_tour_completion_time_1,1593732988
731,13,login_failed_count_since_success,6
732,79,tool_usertours_tour_completion_time_2,1593736878
733,67,login_failed_count_since_success,4
734,29,login_failed_count_since_success,5
735,29,tool_usertours_tour_completion_time_2,1593742111
736,75,login_failed_count_since_success,7
737,56,login_failed_count_since_success,19
738,56,tool_usertours_tour_completion_time_2,1593750260
739,56,tool_usertours_tour_completion_time_1,1593750276
740,94,drawer-open-nav,false
741,94,tool_usertours_tour_completion_time_2,1593783844
742,94,tool_usertours_tour_completion_time_1,1593783901
743,33,filemanager_recentviewmode,3
744,33,filepicker_recentrepository,3
745,55,tool_usertours_tour_completion_time_1,1593789297
746,96,auth_forcepasswordchange,0
747,96,email_bounce_count,1
748,96,email_send_count,17
749,96,core_message_migrate_data,1
750,54,tool_usertours_tour_completion_time_1,1593794604
751,95,block_myoverview_user_sort_preference,lastaccessed
752,75,filepicker_recentrepository,7
754,7,login_failed_count_since_success,2
757,79,login_failed_count_since_success,19
758,88,filemanager_recentviewmode,2
759,30,tool_usertours_tour_completion_time_1,1593816437
760,6,filemanager_recentviewmode,1
761,31,drawer-open-nav,false
762,49,tool_usertours_tour_completion_time_1,1593822009
763,97,auth_forcepasswordchange,0
764,97,email_bounce_count,1
765,97,email_send_count,11
766,97,core_message_migrate_data,1
767,97,tool_usertours_tour_completion_time_2,1593822238
768,68,tool_usertours_tour_completion_time_1,1593826055
769,16,block_online_users_uservisibility,0
770,16,filepicker_recentrepository,4
771,16,filepicker_recentlicense,allrightsreserved
772,96,drawer-open-nav,false
773,26,filemanager_recentviewmode,1
774,26,filepicker_recentrepository,4
775,26,filepicker_recentlicense,allrightsreserved
776,96,login_failed_count_since_success,23
777,15,tool_usertours_tour_completion_time_1,1593882867
778,95,filepicker_recentrepository,4
779,95,filemanager_recentviewmode,2
780,78,login_failed_count_since_success,7
781,18,tool_usertours_tour_completion_time_2,1593903784
782,18,tool_usertours_tour_completion_time_1,1593903879
783,18,forum_discussionlistsortorder,5
784,57,login_failed_count_since_success,10
785,61,drawer-open-nav,false
786,61,login_failed_count_since_success,5
787,18,login_failed_count_since_success,4
788,48,filepicker_recentrepository,4
789,48,filepicker_recentviewmode,2
790,48,filepicker_recentlicense,allrightsreserved
791,60,login_failed_count_since_success,2
792,96,tool_usertours_tour_completion_time_2,1593979674
793,96,tool_usertours_tour_completion_time_1,1593979761
794,42,drawer-open-nav,true
795,91,login_failed_count_since_success,16
796,91,tool_usertours_tour_completion_time_2,1593986082
797,91,tool_usertours_tour_completion_time_1,1593986146
798,11,forum_discussionlistsortorder,8
799,79,tool_usertours_tour_completion_time_1,1593988586
800,52,tool_usertours_tour_completion_time_2,1593993931
801,18,filemanager_recentviewmode,2
802,67,drawer-open-nav,false
803,46,forum_displaymode,-1
804,24,login_failed_count_since_success,1
805,24,tool_usertours_tour_completion_time_2,1594047592
806,3,assign_filter,<blank>
807,36,tool_usertours_tour_completion_time_1,1594058977
809,45,filemanager_recentviewmode,2
810,45,filepicker_recentrepository,4
811,45,filepicker_recentviewmode,1
812,45,filepicker_recentlicense,allrightsreserved
813,35,login_failed_count_since_success,12
814,72,login_failed_count_since_success,37
815,72,tool_usertours_tour_completion_time_1,1594073900
816,72,forum_discussionlistsortorder,5
817,72,block_timeline_user_sort_preference,sortbycourses
818,82,block_timeline_user_limit_preference,25
819,27,filepicker_recentrepository,4
820,27,filepicker_recentlicense,allrightsreserved
821,21,drawer-open-nav,true
822,44,login_failed_count_since_success,11
823,44,tool_usertours_tour_completion_time_2,1594079591
824,44,tool_usertours_tour_completion_time_1,1594079603
825,90,forum_discussionlistsortorder,2
826,74,filemanager_recentviewmode,3
827,74,filepicker_recentrepository,4
828,74,filepicker_recentlicense,allrightsreserved
829,58,tool_usertours_tour_completion_time_1,1594091101
830,55,filepicker_recentrepository,4
831,55,filepicker_recentlicense,allrightsreserved
832,50,forum_discussionlistsortorder,5
833,51,drawer-open-nav,false
834,26,block_timeline_user_filter_preference,all
835,31,forum_discussionlistsortorder,5
836,71,filemanager_recentviewmode,1
837,71,filepicker_recentrepository,4
838,71,filepicker_recentlicense,allrightsreserved
839,48,login_failed_count_since_success,8
840,46,filemanager_recentviewmode,1
841,46,filepicker_recentrepository,4
842,46,filepicker_recentlicense,public
843,46,drawer-open-nav,false
844,84,filepicker_recentrepository,7
845,84,filemanager_recentviewmode,1
846,81,filemanager_recentviewmode,2
847,22,filemanager_recentviewmode,3
848,22,filepicker_recentrepository,4
849,22,filepicker_recentlicense,allrightsreserved
850,81,filepicker_recentrepository,4
851,60,drawer-open-nav,true
852,81,filepicker_recentlicense,allrightsreserved
853,49,block_online_users_uservisibility,0
854,36,forum_discussionlistsortorder,1
855,83,login_failed_count_since_success,5
856,80,login_failed_count_since_success,3
857,3,flextable_mod_assign_grading,"{""collapse"":[],""sortby"":[],""i_first"":"""",""i_last"":"""",""textsort"":[]}"
858,74,tool_mobile_autologin_request_last,1597284239
859,74,message_provider_mod_feedback_message_loggedoff,"email,airnotifier"
860,74,message_provider_moodle_competencyplancomment_loggedoff,"email,airnotifier"
861,74,message_provider_moodle_gradenotifications_loggedoff,"popup,email,airnotifier"
862,76,tool_usertours_tour_completion_time_2,1594259121
863,77,block_online_users_uservisibility,0
864,23,drawer-open-nav,true
865,93,filemanager_recentviewmode,2
866,93,filepicker_recentrepository,4
867,93,filepicker_recentviewmode,1
868,69,tool_usertours_tour_completion_time_1,1594318713
869,97,login_failed_count_since_success,7
870,97,tool_usertours_tour_completion_time_1,1594325046
871,28,filepicker_recentrepository,4
872,28,filepicker_recentlicense,allrightsreserved
873,55,block_timeline_user_limit_preference,10
874,55,block_timeline_user_filter_preference,next30days
875,93,login_failed_count_since_success,14
876,28,block_timeline_user_limit_preference,10
877,33,block_timeline_user_filter_preference,all
879,13,filemanager_recentviewmode,2
880,52,forum_discussionlistsortorder,7
881,79,forum_discussionlistsortorder,5
882,23,filemanager_recentviewmode,1
883,70,drawer-open-nav,false
884,19,login_failed_count_since_success,1
885,11,login_failed_count_since_success,11
886,71,login_failed_count_since_success,5
887,65,filepicker_recentrepository,6
888,11,filepicker_recentrepository,4
889,11,filepicker_recentviewmode,2
890,24,tool_usertours_tour_completion_time_1,1594428427
891,11,filepicker_recentlicense,allrightsreserved
892,44,filepicker_recentrepository,4
893,44,filepicker_recentlicense,allrightsreserved
894,66,auth_manual_passwordupdatetime,1594513491
895,66,filepicker_recentrepository,4
896,94,login_failed_count_since_success,2
897,49,drawer-open-nav,true
898,69,block_myoverview_user_grouping_preference,all
899,40,filepicker_recentrepository,3
900,90,drawer-open-nav,false
901,44,drawer-open-nav,true
902,93,filepicker_recentlicense,allrightsreserved
903,93,block_timeline_user_limit_preference,10
904,93,forum_discussionlistsortorder,6
905,81,block_timeline_user_limit_preference,5
906,47,filepicker_recentrepository,4
907,47,filepicker_recentlicense,allrightsreserved
908,58,filepicker_recentrepository,4
909,58,filepicker_recentlicense,allrightsreserved
910,82,forum_discussionlistsortorder,1
911,51,login_failed_count_since_success,8
912,90,block_timeline_user_limit_preference,10
913,90,block_timeline_user_filter_preference,next7days
914,90,block_timeline_user_sort_preference,sortbydates
915,73,login_failed_count_since_success,4
916,58,filepicker_recentviewmode,1
917,58,filemanager_recentviewmode,2
918,68,filemanager_recentviewmode,2
919,68,filepicker_recentrepository,4
920,68,filepicker_recentlicense,allrightsreserved
921,97,drawer-open-nav,true
922,97,filemanager_recentviewmode,3
923,34,filemanager_recentviewmode,3
924,52,drawer-open-nav,false
925,6,forum_discussionlistsortorder,9
926,48,tool_mobile_autologin_request_last,1594671326
927,4,filepicker_recentrepository,4
928,4,filepicker_recentlicense,allrightsreserved
929,64,tool_usertours_tour_completion_time_2,1594685999
930,3,drawer-open-nav,true
931,66,forum_discussionlistsortorder,9
932,91,drawer-open-nav,false
933,67,block_online_users_uservisibility,1
934,86,login_failed_count_since_success,6
935,86,drawer-open-nav,true
936,29,drawer-open-nav,true
937,79,block_timeline_user_filter_preference,overdue
938,2,question_bank_recurse,1
939,2,question_bank_showhidden,0
940,2,question_bank_qbshowtext,1
941,2,core_question_preview_techinfo_collapsed,1
942,29,forum_discussionlistsortorder,2
943,89,filemanager_recentviewmode,1
944,52,filemanager_recentviewmode,1
945,57,block_online_users_uservisibility,1
946,24,forum_discussionlistsortorder,2
947,33,drawer-open-nav,true
948,68,block_myoverview_user_grouping_preference,all
949,68,block_timeline_user_limit_preference,5
950,68,block_myoverview_user_sort_preference,lastaccessed
951,56,drawer-open-nav,true
952,32,login_failed_count_since_success,4
953,32,drawer-open-nav,false
954,43,filemanager_recentviewmode,3
955,30,filemanager_recentviewmode,1
956,68,block_timeline_user_filter_preference,all
957,87,drawer-open-nav,false
958,41,login_failed_count_since_success,1
959,75,filemanager_recentviewmode,2
960,96,filemanager_recentviewmode,1
961,32,block_timeline_user_sort_preference,sortbycourses
962,10,ifirst,<blank>
963,10,ilast,R
964,81,block_timeline_user_sort_preference,sortbydates
965,81,block_myoverview_user_grouping_preference,past
966,35,filemanager_recentviewmode,2
967,68,block_timeline_user_sort_preference,sortbycourses
968,20,drawer-open-nav,true
969,9,ifirst,<blank>
970,9,ilast,<blank>
971,3,ifirst,<blank>
972,3,ilast,<blank>
973,6,filepicker_recentrepository,4
974,6,filepicker_recentviewmode,1
975,6,filepicker_recentlicense,allrightsreserved
976,83,filemanager_recentviewmode,2
977,54,login_failed_count_since_success,1
978,54,filemanager_recentviewmode,2
979,51,filemanager_recentviewmode,1
980,51,filepicker_recentrepository,7
981,95,filepicker_recentlicense,allrightsreserved
982,78,filemanager_recentviewmode,3
983,60,filemanager_recentviewmode,3
984,78,filepicker_recentrepository,7
985,73,filemanager_recentviewmode,1
986,25,drawer-open-nav,true
987,17,filemanager_recentviewmode,1
988,17,filepicker_recentrepository,4
989,17,filepicker_recentlicense,allrightsreserved
990,44,filemanager_recentviewmode,1
991,27,filemanager_recentviewmode,2
992,27,filepicker_recentviewmode,1
993,69,filemanager_recentviewmode,1
994,69,filepicker_recentrepository,7
995,62,filepicker_recentrepository,4
996,62,filepicker_recentlicense,allrightsreserved
997,82,filemanager_recentviewmode,3
998,46,filepicker_recentviewmode,1
999,24,filemanager_recentviewmode,3
1000,47,filemanager_recentviewmode,3
1001,15,filemanager_recentviewmode,2
1002,15,filepicker_recentrepository,4
1003,15,filepicker_recentlicense,allrightsreserved
1004,63,filepicker_recentrepository,4
1005,69,login_failed_count_since_success,2
1006,54,filepicker_recentrepository,4
1007,54,filepicker_recentlicense,allrightsreserved
1008,50,drawer-open-nav,true
1009,53,block_timeline_user_filter_preference,all
1010,91,block_myoverview_user_view_preference,summary
1011,91,block_timeline_user_sort_preference,sortbydates
1012,66,filepicker_recentlicense,allrightsreserved
1013,91,filemanager_recentviewmode,1
1014,60,block_online_users_uservisibility,0
1015,46,block_timeline_user_filter_preference,next7days
1016,31,filepicker_recentrepository,7
1017,31,filemanager_recentviewmode,1
1018,79,filemanager_recentviewmode,1
1019,17,login_failed_count_since_success,4
1020,52,filepicker_recentrepository,7
1021,28,login_failed_count_since_success,2
1022,90,filemanager_recentviewmode,1
1024,98,email_bounce_count,1
1025,98,email_send_count,2
1026,98,login_failed_count_since_success,2
1027,98,core_message_migrate_data,1
1028,98,auth_manual_passwordupdatetime,1597273080
1029,98,tool_usertours_tour_completion_time_1,1597273165
1030,98,tool_usertours_tour_completion_time_2,1597273699
1031,98,assign_filter,<blank>
1032,53,drawer-open-nav,true
1033,99,auth_forcepasswordchange,0
1034,99,email_bounce_count,1
1035,99,email_send_count,2
1036,99,login_failed_count_since_success,20
1037,99,core_message_migrate_data,1
1038,99,tool_usertours_tour_completion_time_2,1597768637
1039,99,tool_usertours_tour_completion_time_1,1597768994
1040,99,ifirst,<blank>
1041,99,ilast,<blank>
1042,99,flextable_mod_assign_grading,"{""collapse"":[],""sortby"":[],""i_first"":"""",""i_last"":"""",""textsort"":[]}"
1043,99,assign_perpage,10
1044,99,assign_filter,submitted
1045,99,assign_quickgrading,<blank>
1046,99,assign_downloadasfolders,1
1047,90,block_myoverview_user_sort_preference,lastaccessed
1048,100,auth_forcepasswordchange,1
1049,100,email_bounce_count,1
1050,100,email_send_count,2
1051,99,filepicker_recentrepository,4
1052,99,filepicker_recentlicense,allrightsreserved
1053,63,block_myoverview_user_grouping_preference,past
1054,63,block_myoverview_user_paging_preference,12
1055,63,block_timeline_user_filter_preference,overdue
1056,63,block_timeline_user_sort_preference,sortbycourses
1058,101,email_bounce_count,1
1059,101,email_send_count,14
1060,102,auth_forcepasswordchange,0
1061,102,email_bounce_count,1
1062,102,email_send_count,14
1063,102,core_message_migrate_data,1
1064,103,auth_forcepasswordchange,0
1065,103,email_bounce_count,1
1066,103,email_send_count,16
1067,103,core_message_migrate_data,1
1068,104,auth_forcepasswordchange,0
1069,104,email_bounce_count,1
1070,104,email_send_count,17
1071,104,core_message_migrate_data,1
1072,101,auth_manual_passwordupdatetime,1601572944
1073,101,core_message_migrate_data,1
1074,104,drawer-open-nav,false
1075,104,tool_usertours_tour_completion_time_2,1601574224
1076,102,drawer-open-nav,false
1077,102,tool_usertours_tour_completion_time_2,1601592415
1078,102,tool_usertours_tour_completion_time_1,1601592537
1079,105,auth_forcepasswordchange,0
1080,105,email_bounce_count,1
1081,105,email_send_count,11
1082,105,core_message_migrate_data,1
1084,7,auth_forcepasswordchange,0
1085,102,login_failed_count_since_success,1
1086,104,tool_usertours_tour_completion_time_1,1601685460
1087,106,auth_forcepasswordchange,0
1088,106,email_bounce_count,1
1089,106,email_send_count,16
1090,106,core_message_migrate_data,1
1091,62,auth_forcepasswordchange,0
1092,107,auth_forcepasswordchange,0
1093,107,email_bounce_count,1
1094,107,email_send_count,12
1095,107,core_message_migrate_data,1
1096,108,auth_forcepasswordchange,0
1097,108,email_bounce_count,1
1098,108,email_send_count,14
1099,108,core_message_migrate_data,1
1100,108,drawer-open-nav,false
1101,108,tool_usertours_tour_completion_time_2,1601775602
1102,109,auth_forcepasswordchange,0
1103,109,email_bounce_count,1
1104,109,email_send_count,15
1105,109,core_message_migrate_data,1
1106,109,tool_usertours_tour_completion_time_2,1601856140
1107,106,tool_usertours_tour_completion_time_2,1601862728
1108,106,tool_usertours_tour_completion_time_1,1601862737
1109,108,tool_usertours_tour_completion_time_1,1601905310
1111,110,email_bounce_count,1
1112,110,email_send_count,15
1113,110,login_failed_count_since_success,20
1114,110,auth_manual_passwordupdatetime,1601915523
1115,110,core_message_migrate_data,1
1116,108,login_failed_count_since_success,4
1117,109,login_failed_count_since_success,9
1118,109,tool_usertours_tour_completion_time_1,1601913149
1119,110,tool_usertours_tour_completion_time_2,1601915581
1120,110,tool_usertours_tour_completion_time_1,1601915644
1121,110,forum_displaymode,1
1122,110,forum_discussionlistsortorder,1
1123,86,auth_manual_passwordupdatetime,1601926019
1124,111,auth_forcepasswordchange,0
1125,111,email_bounce_count,1
1126,111,email_send_count,13
1127,111,core_message_migrate_data,1
1128,111,tool_usertours_tour_completion_time_2,1601929625
1129,112,auth_forcepasswordchange,0
1130,112,email_bounce_count,1
1131,112,email_send_count,13
1132,112,auth_manual_passwordupdatetime,1601930015
1133,112,core_message_migrate_data,1
1134,112,tool_usertours_tour_completion_time_2,1601930133
1136,113,email_bounce_count,1
1137,113,email_send_count,14
1138,113,login_failed_count_since_success,8
1139,113,auth_manual_passwordupdatetime,1601937711
1140,113,core_message_migrate_data,1
1141,114,auth_forcepasswordchange,0
1142,114,email_bounce_count,1
1143,114,email_send_count,13
1144,114,core_message_migrate_data,1
1145,114,tool_usertours_tour_completion_time_2,1601932389
1146,115,auth_forcepasswordchange,0
1147,115,email_bounce_count,1
1148,115,email_send_count,15
1149,115,core_message_migrate_data,1
1150,115,tool_usertours_tour_completion_time_2,1601932544
1151,109,block_timeline_user_limit_preference,5
1152,111,tool_usertours_tour_completion_time_1,1601935819
1153,113,tool_usertours_tour_completion_time_2,1601937807
1154,113,tool_usertours_tour_completion_time_1,1601937899
1155,115,login_failed_count_since_success,1
1156,115,tool_usertours_tour_completion_time_1,1601940082
1157,114,login_failed_count_since_success,4
1158,114,drawer-open-nav,false
1159,112,tool_usertours_tour_completion_time_1,1601944445
1160,112,forum_discussionlistsortorder,2
1161,115,message_provider_moodle_instantmessage_loggedoff,"email,airnotifier"
1162,115,message_provider_moodle_instantmessage_loggedin,"email,airnotifier"
1163,115,drawer-open-nav,false
1164,103,drawer-open-nav,true
1165,103,tool_usertours_tour_completion_time_2,1601949652
1166,103,tool_usertours_tour_completion_time_1,1601949698
1167,105,login_failed_count_since_success,2
1168,116,auth_forcepasswordchange,0
1169,116,email_bounce_count,1
1170,116,email_send_count,12
1171,117,auth_forcepasswordchange,0
1172,117,email_bounce_count,1
1173,117,email_send_count,11
1174,117,core_message_migrate_data,1
1175,117,tool_usertours_tour_completion_time_2,1601987671
1176,116,core_message_migrate_data,1
1177,116,tool_usertours_tour_completion_time_2,1601987720
1178,111,login_failed_count_since_success,7
1179,111,block_online_users_uservisibility,1
1180,116,login_failed_count_since_success,15
1181,116,tool_usertours_tour_completion_time_1,1602023918
1182,101,tool_usertours_tour_completion_time_2,1602045090
1183,101,tool_usertours_tour_completion_time_1,1602045124
1184,118,auth_forcepasswordchange,0
1185,118,email_bounce_count,1
1186,118,email_send_count,10
1187,118,core_message_migrate_data,1
1188,107,login_failed_count_since_success,3
1189,107,drawer-open-nav,false
1190,107,tool_usertours_tour_completion_time_2,1602089531
1191,107,tool_usertours_tour_completion_time_1,1602089744
1192,118,tool_usertours_tour_completion_time_2,1602094002
1193,118,drawer-open-nav,false
1194,118,tool_usertours_tour_completion_time_1,1602094067
1195,111,block_myoverview_user_sort_preference,title
1196,116,drawer-open-nav,true
1197,105,auth_manual_passwordupdatetime,1602118758
1198,105,tool_usertours_tour_completion_time_1,1602119053
1199,117,drawer-open-nav,true
1200,117,tool_usertours_tour_completion_time_1,1602119316
1201,119,auth_forcepasswordchange,0
1202,119,email_bounce_count,1
1203,119,email_send_count,5
1204,119,core_message_migrate_data,1
1205,105,drawer-open-nav,false
1206,105,tool_usertours_tour_completion_time_2,1602174662
1207,9,forum_discussionlistsortorder,5
1208,120,auth_forcepasswordchange,0
1209,120,email_bounce_count,1
1210,120,email_send_count,14
1211,114,block_online_users_uservisibility,0
1212,120,core_message_migrate_data,1
1213,114,tool_usertours_tour_completion_time_1,1602179791
1214,114,forum_displaymode,-1
1215,119,login_failed_count_since_success,5
1216,120,tool_usertours_tour_completion_time_2,1602181830
1217,120,tool_usertours_tour_completion_time_1,1602181841
1218,69,ifirst,<blank>
1219,69,ilast,<blank>
1220,119,tool_usertours_tour_completion_time_2,1602189170
1221,119,drawer-open-nav,false
1222,119,tool_usertours_tour_completion_time_1,1602191015
1223,105,block_myoverview_user_sort_preference,lastaccessed
1224,120,block_timeline_user_filter_preference,next30days
1225,120,drawer-open-nav,true
1226,119,filemanager_recentviewmode,3
1227,118,login_failed_count_since_success,1
1228,106,login_failed_count_since_success,3
1229,106,drawer-open-nav,true
1230,117,login_failed_count_since_success,9
1231,117,filepicker_recentrepository,4
1232,117,filepicker_recentlicense,allrightsreserved
1233,120,login_failed_count_since_success,4
1234,69,assign_filter,<blank>
1235,105,block_timeline_user_filter_preference,overdue
1236,105,filemanager_recentviewmode,2
1237,105,filepicker_recentrepository,4
1238,105,filepicker_recentlicense,allrightsreserved
1239,110,drawer-open-nav,false
1241,121,email_bounce_count,1
1242,121,email_send_count,2
1243,121,login_failed_count_since_success,7
1244,121,auth_manual_passwordupdatetime,1602699784
1245,121,core_message_migrate_data,1
1246,122,auth_forcepasswordchange,0
1247,122,email_bounce_count,1
1248,122,email_send_count,1
1249,122,core_message_migrate_data,1
1250,122,tool_usertours_tour_completion_time_2,1602531237
1251,121,drawer-open-nav,false
1252,118,filemanager_recentviewmode,1
1253,121,tool_usertours_tour_completion_time_2,1602699932
1254,121,tool_usertours_tour_completion_time_1,1602700019
1255,111,filemanager_recentviewmode,1
1256,111,filepicker_recentrepository,4
1257,111,filepicker_recentlicense,allrightsreserved
1258,115,filemanager_recentviewmode,3
1259,111,filepicker_recentviewmode,1
1260,122,tool_usertours_tour_completion_time_1,1602771704
1261,115,block_timeline_user_limit_preference,10
1262,104,filepicker_recentrepository,4
1263,104,filepicker_recentlicense,allrightsreserved
1264,103,filepicker_recentrepository,4
1265,103,filepicker_recentlicense,allrightsreserved
1266,101,login_failed_count_since_success,11
1267,101,drawer-open-nav,false
1268,102,filepicker_recentrepository,4
1269,102,filepicker_recentlicense,allrightsreserved
1270,103,forum_displaymode,-1
1271,108,filemanager_recentviewmode,3
1272,108,filepicker_recentrepository,4
1273,108,filepicker_recentlicense,allrightsreserved
1274,107,filemanager_recentviewmode,2
1275,111,drawer-open-nav,false
1276,110,filemanager_recentviewmode,3
1277,110,filepicker_recentrepository,4
1278,110,filepicker_recentlicense,allrightsreserved
1279,114,filepicker_recentrepository,4
1280,114,filepicker_recentviewmode,2
1281,114,filepicker_recentlicense,allrightsreserved
1282,7,filemanager_recentviewmode,1
1283,110,block_online_users_uservisibility,1
1284,7,drawer-open-nav,true
1285,3,auth_forcepasswordchange,0
1286,114,filemanager_recentviewmode,3
1287,101,filemanager_recentviewmode,1
1288,106,block_myoverview_user_grouping_preference,favourites
1289,109,drawer-open-nav,false
1290,107,filepicker_recentrepository,4
1291,107,filepicker_recentlicense,allrightsreserved
1292,113,drawer-open-nav,true
1293,104,login_failed_count_since_success,2
1294,121,block_myoverview_user_grouping_preference,inprogress
1295,121,block_myoverview_user_sort_preference,lastaccessed
1296,121,block_timeline_user_limit_preference,25
1297,121,filemanager_recentviewmode,1
1298,121,filepicker_recentrepository,7
1299,121,filepicker_recentviewmode,2
1300,109,filemanager_recentviewmode,3
1301,115,filepicker_recentrepository,4
1302,115,filepicker_recentlicense,allrightsreserved
1303,115,block_myoverview_user_sort_preference,lastaccessed
1304,123,auth_forcepasswordchange,0
1305,123,email_bounce_count,1
1306,123,email_send_count,1
1307,124,auth_forcepasswordchange,0
1308,124,email_bounce_count,1
1309,124,email_send_count,1
1310,124,core_message_migrate_data,1
1311,124,tool_usertours_tour_completion_time_2,1607456986
1312,124,tool_usertours_tour_completion_time_1,1607457041
1313,125,auth_forcepasswordchange,0
1314,125,email_bounce_count,1
1315,125,email_send_count,1
1316,126,auth_forcepasswordchange,0
1317,126,email_bounce_count,1
1318,126,email_send_count,1
1319,127,auth_forcepasswordchange,0
1320,127,email_bounce_count,1
1321,127,email_send_count,1
1322,128,auth_forcepasswordchange,0
1323,128,email_bounce_count,1
1324,128,email_send_count,1
1325,129,auth_forcepasswordchange,0
1326,129,email_bounce_count,1
1327,129,email_send_count,1
1328,130,auth_forcepasswordchange,0
1329,130,email_bounce_count,1
1330,130,email_send_count,1
1331,99,userselector_preserveselected,0
1332,99,userselector_autoselectunique,0
1333,99,userselector_searchanywhere,0
1334,131,auth_forcepasswordchange,0
1335,131,email_bounce_count,1
1336,131,email_send_count,1
1337,132,auth_forcepasswordchange,0
1338,132,email_bounce_count,1
1339,132,email_send_count,1
1340,126,core_message_migrate_data,1
1341,126,tool_usertours_tour_completion_time_2,1607969129
1342,126,tool_usertours_tour_completion_time_1,1607969140
1343,130,core_message_migrate_data,1
1344,130,tool_usertours_tour_completion_time_2,1607974093
1345,130,tool_usertours_tour_completion_time_1,1607974106
1346,128,core_message_migrate_data,1
1347,128,tool_usertours_tour_completion_time_2,1607993410
1348,128,tool_usertours_tour_completion_time_1,1607993422
1349,131,core_message_migrate_data,1
1350,131,tool_usertours_tour_completion_time_2,1608086008
1351,131,tool_usertours_tour_completion_time_1,1608086027
1352,125,core_message_migrate_data,1
1353,125,drawer-open-nav,false
1354,125,tool_usertours_tour_completion_time_2,1608143605
1355,125,tool_usertours_tour_completion_time_1,1608143663
1356,127,core_message_migrate_data,1
1357,127,tool_usertours_tour_completion_time_2,1608221935
1358,127,drawer-open-nav,true
1359,127,block_myoverview_user_view_preference,summary
1360,133,auth_forcepasswordchange,0
1361,133,email_bounce_count,1
1362,133,email_send_count,1
1363,127,tool_usertours_tour_completion_time_1,1608692239
1364,133,core_message_migrate_data,1
1365,133,tool_usertours_tour_completion_time_2,1608698890
1366,133,tool_usertours_tour_completion_time_1,1608698898
1367,134,auth_forcepasswordchange,0
1368,134,email_bounce_count,1
1369,134,email_send_count,1
1370,134,login_failed_count_since_success,2
1371,75,block_myoverview_user_grouping_preference,past

