id,parentcontextid,blockname,configdata,timecreated,timemodified,defaultregion,defaultweight,subpagepattern,pagetypepattern,requiredbytheme,showinsubcontexts
1,1,admin_bookmarks,<blank>,1589217177,<blank>,side-pre,2,1589217177,admin-*,0,0
2,1,timeline,<blank>,1589217177,1589217177,side-post,0,2,my-index,0,0
3,1,private_files,<blank>,1589217177,1589217177,side-post,1,2,my-index,0,0
4,1,online_users,<blank>,1589217177,1589217177,side-post,2,2,my-index,0,0
5,1,badges,<blank>,1589217177,1589217177,side-post,3,2,my-index,0,0
6,1,calendar_month,<blank>,1589217177,1589217177,side-post,4,2,my-index,0,0
7,1,calendar_upcoming,<blank>,1589217177,1589217177,side-post,5,2,my-index,0,0
8,1,lp,<blank>,1589217177,1589217177,content,0,2,my-index,0,0
9,1,recentlyaccessedcourses,<blank>,1589217178,1589217178,content,1,2,my-index,0,0
10,1,myoverview,<blank>,1589217178,1589217178,content,2,2,my-index,0,0
11,5,timeline,<blank>,1589217583,1589217583,side-post,0,3,my-index,0,0
12,5,private_files,<blank>,1589217584,1589217584,side-post,1,3,my-index,0,0
13,5,online_users,<blank>,1589217584,1589217584,side-post,2,3,my-index,0,0
14,5,badges,<blank>,1589217584,1589217584,side-post,3,3,my-index,0,0
15,5,calendar_month,<blank>,1589217584,1589217584,side-post,4,3,my-index,0,0
16,5,calendar_upcoming,<blank>,1589217584,1589247828,content,2,3,my-index,0,0
17,5,lp,<blank>,1589217584,1589217584,content,0,3,my-index,0,0
18,5,recentlyaccessedcourses,<blank>,1589217584,1589217584,content,1,3,my-index,0,0
19,5,myoverview,<blank>,1589217584,1589247828,content,3,3,my-index,0,0
20,49,timeline,<blank>,1590177729,1590177729,side-post,0,7,my-index,0,0
21,49,private_files,<blank>,1590177729,1590177729,side-post,1,7,my-index,0,0
22,49,online_users,<blank>,1590177729,1590177729,side-post,2,7,my-index,0,0
23,49,badges,<blank>,1590177729,1590177729,side-post,3,7,my-index,0,0
24,49,calendar_month,<blank>,1590177729,1590177729,side-post,4,7,my-index,0,0
25,49,calendar_upcoming,<blank>,1590177729,1590177729,side-post,5,7,my-index,0,0
26,49,lp,<blank>,1590177729,1590177729,content,0,7,my-index,0,0
27,49,recentlyaccessedcourses,<blank>,1590177729,1590177729,content,1,7,my-index,0,0
28,49,myoverview,<blank>,1590177729,1590177729,content,2,7,my-index,0,0
29,70,timeline,<blank>,1592938576,1592938576,side-post,0,8,my-index,0,0
30,70,private_files,<blank>,1592938576,1592938576,side-post,1,8,my-index,0,0
31,70,online_users,<blank>,1592938577,1592938577,side-post,2,8,my-index,0,0
32,70,badges,<blank>,1592938577,1592938577,side-post,3,8,my-index,0,0
33,70,calendar_month,<blank>,1592938577,1592938577,side-post,4,8,my-index,0,0
34,70,calendar_upcoming,<blank>,1592938577,1592938577,side-post,5,8,my-index,0,0
35,70,lp,<blank>,1592938577,1592938577,content,0,8,my-index,0,0
36,70,recentlyaccessedcourses,<blank>,1592938577,1592938577,content,1,8,my-index,0,0
37,70,myoverview,<blank>,1592938577,1592938577,content,2,8,my-index,0,0
38,71,timeline,<blank>,1592938872,1592938872,side-post,0,9,my-index,0,0
39,71,private_files,<blank>,1592938872,1592938872,side-post,1,9,my-index,0,0
40,71,online_users,<blank>,1592938872,1592938872,side-post,2,9,my-index,0,0
41,71,badges,<blank>,1592938872,1592938872,side-post,3,9,my-index,0,0
42,71,calendar_month,<blank>,1592938872,1592938872,side-post,4,9,my-index,0,0
43,71,calendar_upcoming,<blank>,1592938872,1592938872,side-post,5,9,my-index,0,0
44,71,lp,<blank>,1592938872,1592938872,content,0,9,my-index,0,0
45,71,recentlyaccessedcourses,<blank>,1592938872,1592938872,content,1,9,my-index,0,0
46,71,myoverview,<blank>,1592938872,1592938872,content,2,9,my-index,0,0
47,90,timeline,<blank>,1592941644,1592941644,side-post,0,10,my-index,0,0
48,90,private_files,<blank>,1592941644,1592941644,side-post,1,10,my-index,0,0
49,90,online_users,<blank>,1592941644,1592941644,side-post,2,10,my-index,0,0
50,90,badges,<blank>,1592941644,1592941644,side-post,3,10,my-index,0,0
51,90,calendar_month,<blank>,1592941644,1592941644,side-post,4,10,my-index,0,0
52,90,calendar_upcoming,<blank>,1592941644,1592941644,side-post,5,10,my-index,0,0
53,90,lp,<blank>,1592941644,1592941644,content,0,10,my-index,0,0
54,90,recentlyaccessedcourses,<blank>,1592941644,1592941644,content,1,10,my-index,0,0
55,90,myoverview,<blank>,1592941644,1592941644,content,2,10,my-index,0,0
56,91,timeline,<blank>,1592941758,1592941758,side-post,0,11,my-index,0,0
57,91,private_files,<blank>,1592941758,1592941758,side-post,1,11,my-index,0,0
58,91,online_users,<blank>,1592941758,1592941758,side-post,2,11,my-index,0,0
59,91,badges,<blank>,1592941758,1592941758,side-post,3,11,my-index,0,0
60,91,calendar_month,<blank>,1592941758,1592941758,side-post,4,11,my-index,0,0
61,91,calendar_upcoming,<blank>,1592941758,1592941758,side-post,5,11,my-index,0,0
62,91,lp,<blank>,1592941758,1592941758,content,0,11,my-index,0,0
63,91,recentlyaccessedcourses,<blank>,1592941758,1592941758,content,1,11,my-index,0,0
64,91,myoverview,<blank>,1592941758,1592941758,content,2,11,my-index,0,0
65,110,timeline,<blank>,1592942407,1592942407,side-post,0,12,my-index,0,0
66,110,private_files,<blank>,1592942407,1592942407,side-post,1,12,my-index,0,0
67,110,online_users,<blank>,1592942407,1592942407,side-post,2,12,my-index,0,0
68,110,badges,<blank>,1592942407,1592942407,side-post,3,12,my-index,0,0
69,110,calendar_month,<blank>,1592942407,1592942407,side-post,4,12,my-index,0,0
70,110,calendar_upcoming,<blank>,1592942407,1592942407,side-post,5,12,my-index,0,0
71,110,lp,<blank>,1592942407,1592942407,content,0,12,my-index,0,0
72,110,recentlyaccessedcourses,<blank>,1592942407,1592942407,content,1,12,my-index,0,0
73,110,myoverview,<blank>,1592942407,1592942407,content,2,12,my-index,0,0
74,120,timeline,<blank>,1593021016,1593021016,side-post,0,14,my-index,0,0
75,120,private_files,<blank>,1593021016,1593021016,side-post,1,14,my-index,0,0
76,120,online_users,<blank>,1593021016,1593021016,side-post,2,14,my-index,0,0
77,120,badges,<blank>,1593021016,1593021016,side-post,3,14,my-index,0,0
78,120,calendar_month,<blank>,1593021016,1593021016,side-post,4,14,my-index,0,0
79,120,calendar_upcoming,<blank>,1593021016,1593021016,side-post,5,14,my-index,0,0
80,120,lp,<blank>,1593021016,1593021016,content,0,14,my-index,0,0
81,120,recentlyaccessedcourses,<blank>,1593021016,1593021016,content,1,14,my-index,0,0
82,120,myoverview,<blank>,1593021016,1593021016,content,2,14,my-index,0,0
83,130,timeline,<blank>,1593022177,1593022177,side-post,0,15,my-index,0,0
84,130,private_files,<blank>,1593022177,1593022177,side-post,1,15,my-index,0,0
85,130,online_users,<blank>,1593022177,1593022177,side-post,2,15,my-index,0,0
86,130,badges,<blank>,1593022177,1593022177,side-post,3,15,my-index,0,0
87,130,calendar_month,<blank>,1593022177,1593022177,side-post,4,15,my-index,0,0
88,130,calendar_upcoming,<blank>,1593022177,1593022177,side-post,5,15,my-index,0,0
89,130,lp,<blank>,1593022177,1593022177,content,0,15,my-index,0,0
90,130,recentlyaccessedcourses,<blank>,1593022177,1593022177,content,1,15,my-index,0,0
91,130,myoverview,<blank>,1593022177,1593022177,content,2,15,my-index,0,0
92,140,timeline,<blank>,1593023241,1593023241,side-post,0,16,my-index,0,0
93,140,private_files,<blank>,1593023241,1593023241,side-post,1,16,my-index,0,0
94,140,online_users,<blank>,1593023241,1593023241,side-post,2,16,my-index,0,0
95,140,badges,<blank>,1593023241,1593023241,side-post,3,16,my-index,0,0
96,140,calendar_month,<blank>,1593023241,1593023241,side-post,4,16,my-index,0,0
97,140,calendar_upcoming,<blank>,1593023241,1593023241,side-post,5,16,my-index,0,0
98,140,lp,<blank>,1593023241,1593023241,content,0,16,my-index,0,0
99,140,recentlyaccessedcourses,<blank>,1593023241,1593023241,content,1,16,my-index,0,0
100,140,myoverview,<blank>,1593023241,1593023241,content,2,16,my-index,0,0
101,150,timeline,<blank>,1593033634,1593033634,side-post,0,17,my-index,0,0
102,150,private_files,<blank>,1593033634,1593033634,side-post,1,17,my-index,0,0
103,150,online_users,<blank>,1593033634,1593033634,side-post,2,17,my-index,0,0
104,150,badges,<blank>,1593033634,1593033634,side-post,3,17,my-index,0,0
105,150,calendar_month,<blank>,1593033634,1593033634,side-post,4,17,my-index,0,0
106,150,calendar_upcoming,<blank>,1593033634,1593033634,side-post,5,17,my-index,0,0
107,150,lp,<blank>,1593033634,1593033634,content,0,17,my-index,0,0
108,150,recentlyaccessedcourses,<blank>,1593033634,1593033634,content,1,17,my-index,0,0
109,150,myoverview,<blank>,1593033634,1593033634,content,2,17,my-index,0,0
110,160,timeline,<blank>,1593043230,1593043230,side-post,0,18,my-index,0,0
111,160,private_files,<blank>,1593043230,1593043230,side-post,1,18,my-index,0,0
112,160,online_users,<blank>,1593043230,1593043230,side-post,2,18,my-index,0,0
113,160,badges,<blank>,1593043230,1593043230,side-post,3,18,my-index,0,0
114,160,calendar_month,<blank>,1593043230,1593043230,side-post,4,18,my-index,0,0
115,160,calendar_upcoming,<blank>,1593043230,1593043230,side-post,5,18,my-index,0,0
116,160,lp,<blank>,1593043230,1593043230,content,0,18,my-index,0,0
117,160,recentlyaccessedcourses,<blank>,1593043230,1593043230,content,1,18,my-index,0,0
118,160,myoverview,<blank>,1593043230,1593043230,content,2,18,my-index,0,0
119,170,timeline,<blank>,1593111080,1593111080,side-post,0,19,my-index,0,0
120,170,private_files,<blank>,1593111080,1593111080,side-post,1,19,my-index,0,0
121,170,online_users,<blank>,1593111080,1593111080,side-post,2,19,my-index,0,0
122,170,badges,<blank>,1593111080,1593111080,side-post,3,19,my-index,0,0
123,170,calendar_month,<blank>,1593111080,1593111080,side-post,4,19,my-index,0,0
124,170,calendar_upcoming,<blank>,1593111080,1593111080,side-post,5,19,my-index,0,0
125,170,lp,<blank>,1593111080,1593111080,content,0,19,my-index,0,0
126,170,recentlyaccessedcourses,<blank>,1593111080,1593111080,content,1,19,my-index,0,0
127,170,myoverview,<blank>,1593111080,1593111080,content,2,19,my-index,0,0
128,180,timeline,<blank>,1593114583,1593114583,side-post,0,20,my-index,0,0
129,180,private_files,<blank>,1593114583,1593114583,side-post,1,20,my-index,0,0
130,180,online_users,<blank>,1593114583,1593114583,side-post,2,20,my-index,0,0
131,180,badges,<blank>,1593114583,1593114583,side-post,3,20,my-index,0,0
132,180,calendar_month,<blank>,1593114583,1593114583,side-post,4,20,my-index,0,0
133,180,calendar_upcoming,<blank>,1593114583,1593114583,side-post,5,20,my-index,0,0
134,180,lp,<blank>,1593114583,1593114583,content,0,20,my-index,0,0
135,180,recentlyaccessedcourses,<blank>,1593114583,1593114583,content,1,20,my-index,0,0
136,180,myoverview,<blank>,1593114583,1593114583,content,2,20,my-index,0,0
137,190,timeline,<blank>,1593194893,1593194893,side-post,0,21,my-index,0,0
138,190,private_files,<blank>,1593194893,1593194893,side-post,1,21,my-index,0,0
139,190,online_users,<blank>,1593194893,1593194893,side-post,2,21,my-index,0,0
140,190,badges,<blank>,1593194893,1593194893,side-post,3,21,my-index,0,0
141,190,calendar_month,<blank>,1593194893,1593194893,side-post,4,21,my-index,0,0
142,190,calendar_upcoming,<blank>,1593194893,1593194893,side-post,5,21,my-index,0,0
143,190,lp,<blank>,1593194893,1593194893,content,0,21,my-index,0,0
144,190,recentlyaccessedcourses,<blank>,1593194893,1593194893,content,1,21,my-index,0,0
145,190,myoverview,<blank>,1593194893,1593194893,content,2,21,my-index,0,0
146,200,timeline,<blank>,1593197436,1593197436,side-post,0,22,my-index,0,0
147,200,private_files,<blank>,1593197436,1593197436,side-post,1,22,my-index,0,0
148,200,online_users,<blank>,1593197436,1593197436,side-post,2,22,my-index,0,0
149,200,badges,<blank>,1593197436,1593197436,side-post,3,22,my-index,0,0
150,200,calendar_month,<blank>,1593197436,1593197436,side-post,4,22,my-index,0,0
151,200,calendar_upcoming,<blank>,1593197436,1593197436,side-post,5,22,my-index,0,0
152,200,lp,<blank>,1593197436,1593197436,content,0,22,my-index,0,0
153,200,recentlyaccessedcourses,<blank>,1593197436,1593197436,content,1,22,my-index,0,0
154,200,myoverview,<blank>,1593197436,1593197436,content,2,22,my-index,0,0
155,210,timeline,<blank>,1593204308,1593204308,side-post,0,25,my-index,0,0
156,210,private_files,<blank>,1593204308,1593204308,side-post,1,25,my-index,0,0
157,210,online_users,<blank>,1593204308,1593204308,side-post,2,25,my-index,0,0
158,210,badges,<blank>,1593204308,1593204308,side-post,3,25,my-index,0,0
159,210,calendar_month,<blank>,1593204308,1593204308,side-post,4,25,my-index,0,0
160,210,calendar_upcoming,<blank>,1593204308,1593204308,side-post,5,25,my-index,0,0
161,210,lp,<blank>,1593204308,1593204308,content,0,25,my-index,0,0
162,210,recentlyaccessedcourses,<blank>,1593204308,1593204308,content,1,25,my-index,0,0
163,210,myoverview,<blank>,1593204308,1593204308,content,2,25,my-index,0,0
164,220,timeline,<blank>,1593205657,1593205657,side-post,0,26,my-index,0,0
165,220,private_files,<blank>,1593205657,1593205657,side-post,1,26,my-index,0,0
166,220,online_users,<blank>,1593205657,1593205657,side-post,2,26,my-index,0,0
167,220,badges,<blank>,1593205657,1593205657,side-post,3,26,my-index,0,0
168,220,calendar_month,<blank>,1593205657,1593205657,side-post,4,26,my-index,0,0
169,220,calendar_upcoming,<blank>,1593205657,1593205657,side-post,5,26,my-index,0,0
170,220,lp,<blank>,1593205657,1593205657,content,0,26,my-index,0,0
171,220,recentlyaccessedcourses,<blank>,1593205657,1593205657,content,1,26,my-index,0,0
172,220,myoverview,<blank>,1593205657,1593205657,content,2,26,my-index,0,0
173,230,timeline,<blank>,1593211003,1593211003,side-post,0,27,my-index,0,0
174,230,private_files,<blank>,1593211004,1593211004,side-post,1,27,my-index,0,0
175,230,online_users,<blank>,1593211004,1593211004,side-post,2,27,my-index,0,0
176,230,badges,<blank>,1593211004,1593211004,side-post,3,27,my-index,0,0
177,230,calendar_month,<blank>,1593211004,1593211004,side-post,4,27,my-index,0,0
178,230,calendar_upcoming,<blank>,1593211004,1593211004,side-post,5,27,my-index,0,0
179,230,lp,<blank>,1593211004,1593211004,content,0,27,my-index,0,0
180,230,recentlyaccessedcourses,<blank>,1593211004,1593211004,content,1,27,my-index,0,0
181,230,myoverview,<blank>,1593211004,1593211004,content,2,27,my-index,0,0
182,240,timeline,<blank>,1593229561,1593229561,side-post,0,28,my-index,0,0
183,240,private_files,<blank>,1593229561,1593229561,side-post,1,28,my-index,0,0
184,240,online_users,<blank>,1593229561,1593229561,side-post,2,28,my-index,0,0
185,240,badges,<blank>,1593229561,1593229561,side-post,3,28,my-index,0,0
186,240,calendar_month,<blank>,1593229561,1593229561,side-post,4,28,my-index,0,0
187,240,calendar_upcoming,<blank>,1593229561,1593229561,side-post,5,28,my-index,0,0
188,240,lp,<blank>,1593229561,1593229561,content,0,28,my-index,0,0
189,240,recentlyaccessedcourses,<blank>,1593229561,1593229561,content,1,28,my-index,0,0
190,240,myoverview,<blank>,1593229561,1593229561,content,2,28,my-index,0,0
191,250,timeline,<blank>,1593230837,1593230837,side-post,0,29,my-index,0,0
192,250,private_files,<blank>,1593230837,1593230837,side-post,1,29,my-index,0,0
193,250,online_users,<blank>,1593230837,1593230837,side-post,2,29,my-index,0,0
194,250,badges,<blank>,1593230837,1593230837,side-post,3,29,my-index,0,0
195,250,calendar_month,<blank>,1593230837,1593230837,side-post,4,29,my-index,0,0
196,250,calendar_upcoming,<blank>,1593230837,1593230837,side-post,5,29,my-index,0,0
197,250,lp,<blank>,1593230837,1593230837,content,0,29,my-index,0,0
198,250,recentlyaccessedcourses,<blank>,1593230837,1593230837,content,1,29,my-index,0,0
199,250,myoverview,<blank>,1593230837,1593230837,content,2,29,my-index,0,0
200,260,timeline,<blank>,1593231478,1593231478,side-post,0,30,my-index,0,0
201,260,private_files,<blank>,1593231478,1593231478,side-post,1,30,my-index,0,0
202,260,online_users,<blank>,1593231478,1593231478,side-post,2,30,my-index,0,0
203,260,badges,<blank>,1593231478,1593231478,side-post,3,30,my-index,0,0
204,260,calendar_month,<blank>,1593231478,1593231478,side-post,4,30,my-index,0,0
205,260,calendar_upcoming,<blank>,1593231478,1593231478,side-post,5,30,my-index,0,0
206,260,lp,<blank>,1593231478,1593231478,content,0,30,my-index,0,0
207,260,recentlyaccessedcourses,<blank>,1593231478,1593231478,content,1,30,my-index,0,0
208,260,myoverview,<blank>,1593231478,1593231478,content,2,30,my-index,0,0
209,270,timeline,<blank>,1593232242,1593232242,side-post,0,31,my-index,0,0
210,270,private_files,<blank>,1593232242,1593232242,side-post,1,31,my-index,0,0
211,270,online_users,<blank>,1593232242,1593232242,side-post,2,31,my-index,0,0
212,270,badges,<blank>,1593232242,1593232242,side-post,3,31,my-index,0,0
213,270,calendar_month,<blank>,1593232242,1593232242,side-post,4,31,my-index,0,0
214,270,calendar_upcoming,<blank>,1593232242,1593232242,side-post,5,31,my-index,0,0
215,270,lp,<blank>,1593232242,1593232242,content,0,31,my-index,0,0
216,270,recentlyaccessedcourses,<blank>,1593232242,1593232242,content,1,31,my-index,0,0
217,270,myoverview,<blank>,1593232242,1593232242,content,2,31,my-index,0,0
218,280,timeline,<blank>,1593391044,1593391044,side-post,0,33,my-index,0,0
219,280,private_files,<blank>,1593391044,1593391044,side-post,1,33,my-index,0,0
220,280,online_users,<blank>,1593391044,1593391044,side-post,2,33,my-index,0,0
221,280,badges,<blank>,1593391044,1593391044,side-post,3,33,my-index,0,0
222,280,calendar_month,<blank>,1593391044,1593391044,side-post,4,33,my-index,0,0
223,280,calendar_upcoming,<blank>,1593391044,1593391044,side-post,5,33,my-index,0,0
224,280,lp,<blank>,1593391044,1593391044,content,0,33,my-index,0,0
225,280,recentlyaccessedcourses,<blank>,1593391044,1593391044,content,1,33,my-index,0,0
226,280,myoverview,<blank>,1593391044,1593391044,content,2,33,my-index,0,0
227,290,timeline,<blank>,1593392396,1593392396,side-post,0,34,my-index,0,0
228,290,private_files,<blank>,1593392396,1593392396,side-post,1,34,my-index,0,0
229,290,online_users,<blank>,1593392396,1593392396,side-post,2,34,my-index,0,0
230,290,badges,<blank>,1593392396,1593392396,side-post,3,34,my-index,0,0
231,290,calendar_month,<blank>,1593392396,1593392396,side-post,4,34,my-index,0,0
232,290,calendar_upcoming,<blank>,1593392396,1593392396,side-post,5,34,my-index,0,0
233,290,lp,<blank>,1593392396,1593392396,content,0,34,my-index,0,0
234,290,recentlyaccessedcourses,<blank>,1593392396,1593392396,content,1,34,my-index,0,0
235,290,myoverview,<blank>,1593392396,1593392396,content,2,34,my-index,0,0
236,300,timeline,<blank>,1593393582,1593393582,side-post,0,35,my-index,0,0
237,300,private_files,<blank>,1593393582,1593393582,side-post,1,35,my-index,0,0
238,300,online_users,<blank>,1593393582,1593393582,side-post,2,35,my-index,0,0
239,300,badges,<blank>,1593393582,1593393582,side-post,3,35,my-index,0,0
240,300,calendar_month,<blank>,1593393582,1593393582,side-post,4,35,my-index,0,0
241,300,calendar_upcoming,<blank>,1593393582,1593393582,side-post,5,35,my-index,0,0
242,300,lp,<blank>,1593393582,1593393582,content,0,35,my-index,0,0
243,300,recentlyaccessedcourses,<blank>,1593393582,1593393582,content,1,35,my-index,0,0
244,300,myoverview,<blank>,1593393582,1593393582,content,2,35,my-index,0,0
245,310,timeline,<blank>,1593394245,1593394245,side-post,0,36,my-index,0,0
246,310,private_files,<blank>,1593394245,1593394245,side-post,1,36,my-index,0,0
247,310,online_users,<blank>,1593394245,1593394245,side-post,2,36,my-index,0,0
248,310,badges,<blank>,1593394245,1593394245,side-post,3,36,my-index,0,0
249,310,calendar_month,<blank>,1593394245,1593394245,side-post,4,36,my-index,0,0
250,310,calendar_upcoming,<blank>,1593394245,1593394245,side-post,5,36,my-index,0,0
251,310,lp,<blank>,1593394245,1593394245,content,0,36,my-index,0,0
252,310,recentlyaccessedcourses,<blank>,1593394245,1593394245,content,1,36,my-index,0,0
253,310,myoverview,<blank>,1593394245,1593394245,content,2,36,my-index,0,0
254,320,timeline,<blank>,1593439776,1593439776,side-post,0,38,my-index,0,0
255,320,private_files,<blank>,1593439776,1593439776,side-post,1,38,my-index,0,0
256,320,online_users,<blank>,1593439776,1593439776,side-post,2,38,my-index,0,0
257,320,badges,<blank>,1593439776,1593439776,side-post,3,38,my-index,0,0
258,320,calendar_month,<blank>,1593439776,1593439776,side-post,4,38,my-index,0,0
259,320,calendar_upcoming,<blank>,1593439776,1593439776,side-post,5,38,my-index,0,0
260,320,lp,<blank>,1593439776,1593439776,content,0,38,my-index,0,0
261,320,recentlyaccessedcourses,<blank>,1593439776,1593439776,content,1,38,my-index,0,0
262,320,myoverview,<blank>,1593439776,1593439776,content,2,38,my-index,0,0
263,330,timeline,<blank>,1593452778,1593452778,side-post,0,39,my-index,0,0
264,330,private_files,<blank>,1593452778,1593452778,side-post,1,39,my-index,0,0
265,330,online_users,<blank>,1593452778,1593452778,side-post,2,39,my-index,0,0
266,330,badges,<blank>,1593452778,1593452778,side-post,3,39,my-index,0,0
267,330,calendar_month,<blank>,1593452778,1593452778,side-post,4,39,my-index,0,0
268,330,calendar_upcoming,<blank>,1593452778,1593452778,side-post,5,39,my-index,0,0
269,330,lp,<blank>,1593452778,1593452778,content,0,39,my-index,0,0
270,330,recentlyaccessedcourses,<blank>,1593452778,1593452778,content,1,39,my-index,0,0
271,330,myoverview,<blank>,1593452778,1593452778,content,2,39,my-index,0,0
272,340,timeline,<blank>,1593452954,1593452954,side-post,0,41,my-index,0,0
273,340,private_files,<blank>,1593452954,1593452954,side-post,1,41,my-index,0,0
274,340,online_users,<blank>,1593452954,1593452954,side-post,2,41,my-index,0,0
275,340,badges,<blank>,1593452954,1593452954,side-post,3,41,my-index,0,0
276,340,calendar_month,<blank>,1593452954,1593452954,side-post,4,41,my-index,0,0
277,340,calendar_upcoming,<blank>,1593452954,1593452954,side-post,5,41,my-index,0,0
278,340,lp,<blank>,1593452954,1593452954,content,0,41,my-index,0,0
279,340,recentlyaccessedcourses,<blank>,1593452954,1593452954,content,1,41,my-index,0,0
280,340,myoverview,<blank>,1593452954,1593452954,content,2,41,my-index,0,0
281,350,timeline,<blank>,1593454186,1593454186,side-post,0,42,my-index,0,0
282,350,private_files,<blank>,1593454186,1593454186,side-post,1,42,my-index,0,0
283,350,online_users,<blank>,1593454186,1593454186,side-post,2,42,my-index,0,0
284,350,badges,<blank>,1593454186,1593454186,side-post,3,42,my-index,0,0
285,350,calendar_month,<blank>,1593454186,1593454186,side-post,4,42,my-index,0,0
286,350,calendar_upcoming,<blank>,1593454186,1593454186,side-post,5,42,my-index,0,0
287,350,lp,<blank>,1593454186,1593454186,content,0,42,my-index,0,0
288,350,recentlyaccessedcourses,<blank>,1593454186,1593454186,content,1,42,my-index,0,0
289,350,myoverview,<blank>,1593454186,1593454186,content,2,42,my-index,0,0
290,360,timeline,<blank>,1593455077,1593455077,side-post,0,43,my-index,0,0
291,360,private_files,<blank>,1593455077,1593455077,side-post,1,43,my-index,0,0
292,360,online_users,<blank>,1593455077,1593455077,side-post,2,43,my-index,0,0
293,360,badges,<blank>,1593455077,1593455077,side-post,3,43,my-index,0,0
294,360,calendar_month,<blank>,1593455077,1593455077,side-post,4,43,my-index,0,0
295,360,calendar_upcoming,<blank>,1593455077,1593455077,side-post,5,43,my-index,0,0
296,360,lp,<blank>,1593455077,1593455077,content,0,43,my-index,0,0
297,360,recentlyaccessedcourses,<blank>,1593455077,1593455077,content,1,43,my-index,0,0
298,360,myoverview,<blank>,1593455077,1593455077,content,2,43,my-index,0,0
299,371,timeline,<blank>,1593456518,1593456518,side-post,0,44,my-index,0,0
300,371,private_files,<blank>,1593456518,1593456518,side-post,1,44,my-index,0,0
301,371,online_users,<blank>,1593456518,1593456518,side-post,2,44,my-index,0,0
302,371,badges,<blank>,1593456518,1593456518,side-post,3,44,my-index,0,0
303,371,calendar_month,<blank>,1593456518,1593456518,side-post,4,44,my-index,0,0
304,371,calendar_upcoming,<blank>,1593456518,1593456518,side-post,5,44,my-index,0,0
305,371,lp,<blank>,1593456518,1593456518,content,0,44,my-index,0,0
306,371,recentlyaccessedcourses,<blank>,1593456518,1593456518,content,1,44,my-index,0,0
307,371,myoverview,<blank>,1593456518,1593456518,content,2,44,my-index,0,0
308,381,timeline,<blank>,1593458241,1593458241,side-post,0,45,my-index,0,0
309,381,private_files,<blank>,1593458241,1593458241,side-post,1,45,my-index,0,0
310,381,online_users,<blank>,1593458241,1593458241,side-post,2,45,my-index,0,0
311,381,badges,<blank>,1593458241,1593458241,side-post,3,45,my-index,0,0
312,381,calendar_month,<blank>,1593458241,1593458241,side-post,4,45,my-index,0,0
313,381,calendar_upcoming,<blank>,1593458241,1593458241,side-post,5,45,my-index,0,0
314,381,lp,<blank>,1593458241,1593458241,content,0,45,my-index,0,0
315,381,recentlyaccessedcourses,<blank>,1593458241,1593458241,content,1,45,my-index,0,0
316,381,myoverview,<blank>,1593458241,1593458241,content,2,45,my-index,0,0
317,391,timeline,<blank>,1593460462,1593460462,side-post,0,47,my-index,0,0
318,391,private_files,<blank>,1593460462,1593460462,side-post,1,47,my-index,0,0
319,391,online_users,<blank>,1593460462,1593460462,side-post,2,47,my-index,0,0
320,391,badges,<blank>,1593460462,1593460462,side-post,3,47,my-index,0,0
321,391,calendar_month,<blank>,1593460462,1593460462,side-post,4,47,my-index,0,0
322,391,calendar_upcoming,<blank>,1593460462,1593460462,side-post,5,47,my-index,0,0
323,391,lp,<blank>,1593460462,1593460462,content,0,47,my-index,0,0
324,391,recentlyaccessedcourses,<blank>,1593460462,1593460462,content,1,47,my-index,0,0
325,391,myoverview,<blank>,1593460462,1593460462,content,2,47,my-index,0,0
326,401,timeline,<blank>,1593463141,1593463141,side-post,0,48,my-index,0,0
327,401,private_files,<blank>,1593463141,1593463141,side-post,1,48,my-index,0,0
328,401,online_users,<blank>,1593463141,1593463141,side-post,2,48,my-index,0,0
329,401,badges,<blank>,1593463141,1593463141,side-post,3,48,my-index,0,0
330,401,calendar_month,<blank>,1593463141,1593463141,side-post,4,48,my-index,0,0
331,401,calendar_upcoming,<blank>,1593463141,1593463141,side-post,5,48,my-index,0,0
332,401,lp,<blank>,1593463141,1593463141,content,0,48,my-index,0,0
333,401,recentlyaccessedcourses,<blank>,1593463141,1593463141,content,1,48,my-index,0,0
334,401,myoverview,<blank>,1593463141,1593463141,content,2,48,my-index,0,0
335,411,timeline,<blank>,1593464680,1593464680,side-post,0,49,my-index,0,0
336,411,private_files,<blank>,1593464680,1593464680,side-post,1,49,my-index,0,0
337,411,online_users,<blank>,1593464680,1593464680,side-post,2,49,my-index,0,0
338,411,badges,<blank>,1593464680,1593464680,side-post,3,49,my-index,0,0
339,411,calendar_month,<blank>,1593464680,1593464680,side-post,4,49,my-index,0,0
340,411,calendar_upcoming,<blank>,1593464680,1593464680,side-post,5,49,my-index,0,0
341,411,lp,<blank>,1593464680,1593464680,content,0,49,my-index,0,0
342,411,recentlyaccessedcourses,<blank>,1593464680,1593464680,content,1,49,my-index,0,0
343,411,myoverview,<blank>,1593464680,1593464680,content,2,49,my-index,0,0
344,421,timeline,<blank>,1593466608,1593466608,side-post,0,50,my-index,0,0
345,421,private_files,<blank>,1593466608,1593466608,side-post,1,50,my-index,0,0
346,421,online_users,<blank>,1593466608,1593466608,side-post,2,50,my-index,0,0
347,421,badges,<blank>,1593466608,1593466608,side-post,3,50,my-index,0,0
348,421,calendar_month,<blank>,1593466608,1593466608,side-post,4,50,my-index,0,0
349,421,calendar_upcoming,<blank>,1593466608,1593466608,side-post,5,50,my-index,0,0
350,421,lp,<blank>,1593466608,1593466608,content,0,50,my-index,0,0
351,421,recentlyaccessedcourses,<blank>,1593466608,1593466608,content,1,50,my-index,0,0
352,421,myoverview,<blank>,1593466608,1593466608,content,2,50,my-index,0,0
353,50,timeline,<blank>,1593476033,1593476033,side-post,0,51,my-index,0,0
354,50,private_files,<blank>,1593476033,1593476033,side-post,1,51,my-index,0,0
355,50,online_users,<blank>,1593476033,1593476033,side-post,2,51,my-index,0,0
356,50,badges,<blank>,1593476033,1593476033,side-post,3,51,my-index,0,0
357,50,calendar_month,<blank>,1593476033,1593476033,side-post,4,51,my-index,0,0
358,50,calendar_upcoming,<blank>,1593476033,1593476033,side-post,5,51,my-index,0,0
359,50,lp,<blank>,1593476033,1593476033,content,0,51,my-index,0,0
360,50,recentlyaccessedcourses,<blank>,1593476033,1593476033,content,1,51,my-index,0,0
361,50,myoverview,<blank>,1593476033,1593476033,content,2,51,my-index,0,0
362,361,timeline,<blank>,1593476654,1593476654,side-post,0,52,my-index,0,0
363,361,private_files,<blank>,1593476655,1593476655,side-post,1,52,my-index,0,0
364,361,online_users,<blank>,1593476655,1593476655,side-post,2,52,my-index,0,0
365,361,badges,<blank>,1593476655,1593476655,side-post,3,52,my-index,0,0
366,361,calendar_month,<blank>,1593476655,1593476655,side-post,4,52,my-index,0,0
367,361,calendar_upcoming,<blank>,1593476655,1593476655,side-post,5,52,my-index,0,0
368,361,lp,<blank>,1593476655,1593476655,content,0,52,my-index,0,0
369,361,recentlyaccessedcourses,<blank>,1593476655,1593476655,content,1,52,my-index,0,0
370,361,myoverview,<blank>,1593476655,1593476655,content,2,52,my-index,0,0
371,449,timeline,<blank>,1593533626,1593533626,side-post,0,54,my-index,0,0
372,449,private_files,<blank>,1593533626,1593533626,side-post,1,54,my-index,0,0
373,449,online_users,<blank>,1593533626,1593533626,side-post,2,54,my-index,0,0
374,449,badges,<blank>,1593533626,1593533626,side-post,3,54,my-index,0,0
375,449,calendar_month,<blank>,1593533626,1593533626,side-post,4,54,my-index,0,0
376,449,calendar_upcoming,<blank>,1593533626,1593533626,side-post,5,54,my-index,0,0
377,449,lp,<blank>,1593533626,1593533626,content,0,54,my-index,0,0
378,449,recentlyaccessedcourses,<blank>,1593533626,1593533626,content,1,54,my-index,0,0
379,449,myoverview,<blank>,1593533626,1593533626,content,2,54,my-index,0,0
380,459,timeline,<blank>,1593535267,1593535267,side-post,0,55,my-index,0,0
381,459,private_files,<blank>,1593535267,1593535267,side-post,1,55,my-index,0,0
382,459,online_users,<blank>,1593535267,1593535267,side-post,2,55,my-index,0,0
383,459,badges,<blank>,1593535267,1593535267,side-post,3,55,my-index,0,0
384,459,calendar_month,<blank>,1593535267,1593535267,side-post,4,55,my-index,0,0
385,459,calendar_upcoming,<blank>,1593535267,1593535267,side-post,5,55,my-index,0,0
386,459,lp,<blank>,1593535267,1593535267,content,0,55,my-index,0,0
387,459,recentlyaccessedcourses,<blank>,1593535267,1593535267,content,1,55,my-index,0,0
388,459,myoverview,<blank>,1593535267,1593535267,content,2,55,my-index,0,0
389,469,timeline,<blank>,1593537224,1593537224,side-post,0,56,my-index,0,0
390,469,private_files,<blank>,1593537224,1593537224,side-post,1,56,my-index,0,0
391,469,online_users,<blank>,1593537224,1593537224,side-post,2,56,my-index,0,0
392,469,badges,<blank>,1593537224,1593537224,side-post,3,56,my-index,0,0
393,469,calendar_month,<blank>,1593537224,1593537224,side-post,4,56,my-index,0,0
394,469,calendar_upcoming,<blank>,1593537224,1593537224,side-post,5,56,my-index,0,0
395,469,lp,<blank>,1593537224,1593537224,content,0,56,my-index,0,0
396,469,recentlyaccessedcourses,<blank>,1593537224,1593537224,content,1,56,my-index,0,0
397,469,myoverview,<blank>,1593537224,1593537224,content,2,56,my-index,0,0
398,479,timeline,<blank>,1593537953,1593537953,side-post,0,57,my-index,0,0
399,479,private_files,<blank>,1593537953,1593537953,side-post,1,57,my-index,0,0
400,479,online_users,<blank>,1593537953,1593537953,side-post,2,57,my-index,0,0
401,479,badges,<blank>,1593537953,1593537953,side-post,3,57,my-index,0,0
402,479,calendar_month,<blank>,1593537953,1593537953,side-post,4,57,my-index,0,0
403,479,calendar_upcoming,<blank>,1593537953,1593537953,side-post,5,57,my-index,0,0
404,479,lp,<blank>,1593537953,1593537953,content,0,57,my-index,0,0
405,479,recentlyaccessedcourses,<blank>,1593537953,1593537953,content,1,57,my-index,0,0
406,479,myoverview,<blank>,1593537953,1593537953,content,2,57,my-index,0,0
407,489,timeline,<blank>,1593539123,1593539123,side-post,0,58,my-index,0,0
408,489,private_files,<blank>,1593539123,1593539123,side-post,1,58,my-index,0,0
409,489,online_users,<blank>,1593539123,1593539123,side-post,2,58,my-index,0,0
410,489,badges,<blank>,1593539123,1593539123,side-post,3,58,my-index,0,0
411,489,calendar_month,<blank>,1593539123,1593539123,side-post,4,58,my-index,0,0
412,489,calendar_upcoming,<blank>,1593539123,1593539123,side-post,5,58,my-index,0,0
413,489,lp,<blank>,1593539123,1593539123,content,0,58,my-index,0,0
414,489,recentlyaccessedcourses,<blank>,1593539123,1593539123,content,1,58,my-index,0,0
415,489,myoverview,<blank>,1593539123,1593539123,content,2,58,my-index,0,0
416,499,timeline,<blank>,1593540470,1593540470,side-post,0,59,my-index,0,0
417,499,private_files,<blank>,1593540470,1593540470,side-post,1,59,my-index,0,0
418,499,online_users,<blank>,1593540470,1593540470,side-post,2,59,my-index,0,0
419,499,badges,<blank>,1593540470,1593540470,side-post,3,59,my-index,0,0
420,499,calendar_month,<blank>,1593540470,1593540470,side-post,4,59,my-index,0,0
421,499,calendar_upcoming,<blank>,1593540470,1593540470,side-post,5,59,my-index,0,0
422,499,lp,<blank>,1593540470,1593540470,content,0,59,my-index,0,0
423,499,recentlyaccessedcourses,<blank>,1593540470,1593540470,content,1,59,my-index,0,0
424,499,myoverview,<blank>,1593540470,1593540470,content,2,59,my-index,0,0
425,509,timeline,<blank>,1593541252,1593541252,side-post,0,60,my-index,0,0
426,509,private_files,<blank>,1593541252,1593541252,side-post,1,60,my-index,0,0
427,509,online_users,<blank>,1593541252,1593541252,side-post,2,60,my-index,0,0
428,509,badges,<blank>,1593541252,1593541252,side-post,3,60,my-index,0,0
429,509,calendar_month,<blank>,1593541252,1593541252,side-post,4,60,my-index,0,0
430,509,calendar_upcoming,<blank>,1593541252,1593541252,side-post,5,60,my-index,0,0
431,509,lp,<blank>,1593541252,1593541252,content,0,60,my-index,0,0
432,509,recentlyaccessedcourses,<blank>,1593541252,1593541252,content,1,60,my-index,0,0
433,509,myoverview,<blank>,1593541252,1593541252,content,2,60,my-index,0,0
434,519,timeline,<blank>,1593542404,1593542404,side-post,0,61,my-index,0,0
435,519,private_files,<blank>,1593542404,1593542404,side-post,1,61,my-index,0,0
436,519,online_users,<blank>,1593542404,1593542404,side-post,2,61,my-index,0,0
437,519,badges,<blank>,1593542404,1593542404,side-post,3,61,my-index,0,0
438,519,calendar_month,<blank>,1593542404,1593542404,side-post,4,61,my-index,0,0
439,519,calendar_upcoming,<blank>,1593542404,1593542404,side-post,5,61,my-index,0,0
440,519,lp,<blank>,1593542404,1593542404,content,0,61,my-index,0,0
441,519,recentlyaccessedcourses,<blank>,1593542404,1593542404,content,1,61,my-index,0,0
442,519,myoverview,<blank>,1593542404,1593542404,content,2,61,my-index,0,0
443,529,timeline,<blank>,1593543168,1593543168,side-post,0,62,my-index,0,0
444,529,private_files,<blank>,1593543168,1593543168,side-post,1,62,my-index,0,0
445,529,online_users,<blank>,1593543168,1593543168,side-post,2,62,my-index,0,0
446,529,badges,<blank>,1593543168,1593543168,side-post,3,62,my-index,0,0
447,529,calendar_month,<blank>,1593543168,1593543168,side-post,4,62,my-index,0,0
448,529,calendar_upcoming,<blank>,1593543168,1593543168,side-post,5,62,my-index,0,0
449,529,lp,<blank>,1593543168,1593543168,content,0,62,my-index,0,0
450,529,recentlyaccessedcourses,<blank>,1593543168,1593543168,content,1,62,my-index,0,0
451,529,myoverview,<blank>,1593543168,1593543168,content,2,62,my-index,0,0
452,540,timeline,<blank>,1593546855,1593546855,side-post,0,64,my-index,0,0
453,540,private_files,<blank>,1593546855,1593546855,side-post,1,64,my-index,0,0
454,540,online_users,<blank>,1593546855,1593546855,side-post,2,64,my-index,0,0
455,540,badges,<blank>,1593546855,1593546855,side-post,3,64,my-index,0,0
456,540,calendar_month,<blank>,1593546855,1593546855,side-post,4,64,my-index,0,0
457,540,calendar_upcoming,<blank>,1593546855,1593546855,side-post,5,64,my-index,0,0
458,540,lp,<blank>,1593546855,1593546855,content,0,64,my-index,0,0
459,540,recentlyaccessedcourses,<blank>,1593546855,1593546855,content,1,64,my-index,0,0
460,540,myoverview,<blank>,1593546855,1593546855,content,2,64,my-index,0,0
461,551,timeline,<blank>,1593548234,1593548234,side-post,0,65,my-index,0,0
462,551,private_files,<blank>,1593548234,1593548234,side-post,1,65,my-index,0,0
463,551,online_users,<blank>,1593548234,1593548234,side-post,2,65,my-index,0,0
464,551,badges,<blank>,1593548234,1593548234,side-post,3,65,my-index,0,0
465,551,calendar_month,<blank>,1593548234,1593548234,side-post,4,65,my-index,0,0
466,551,calendar_upcoming,<blank>,1593548234,1593548234,side-post,5,65,my-index,0,0
467,551,lp,<blank>,1593548234,1593548234,content,0,65,my-index,0,0
468,551,recentlyaccessedcourses,<blank>,1593548234,1593548234,content,1,65,my-index,0,0
469,551,myoverview,<blank>,1593548234,1593548234,content,2,65,my-index,0,0
470,550,timeline,<blank>,1593548530,1593548530,side-post,0,66,my-index,0,0
471,550,private_files,<blank>,1593548530,1593548530,side-post,1,66,my-index,0,0
472,550,online_users,<blank>,1593548530,1593548530,side-post,2,66,my-index,0,0
473,550,badges,<blank>,1593548530,1593548530,side-post,3,66,my-index,0,0
474,550,calendar_month,<blank>,1593548530,1593548530,side-post,4,66,my-index,0,0
475,550,calendar_upcoming,<blank>,1593548530,1593548530,side-post,5,66,my-index,0,0
476,550,lp,<blank>,1593548530,1593548530,content,0,66,my-index,0,0
477,550,recentlyaccessedcourses,<blank>,1593548530,1593548530,content,1,66,my-index,0,0
478,550,myoverview,<blank>,1593548530,1593548530,content,2,66,my-index,0,0
479,570,timeline,<blank>,1593549500,1593549500,side-post,0,67,my-index,0,0
480,570,private_files,<blank>,1593549500,1593549500,side-post,1,67,my-index,0,0
481,570,online_users,<blank>,1593549500,1593549500,side-post,2,67,my-index,0,0
482,570,badges,<blank>,1593549500,1593549500,side-post,3,67,my-index,0,0
483,570,calendar_month,<blank>,1593549500,1593549500,side-post,4,67,my-index,0,0
484,570,calendar_upcoming,<blank>,1593549500,1593549500,side-post,5,67,my-index,0,0
485,570,lp,<blank>,1593549500,1593549500,content,0,67,my-index,0,0
486,570,recentlyaccessedcourses,<blank>,1593549500,1593549500,content,1,67,my-index,0,0
487,570,myoverview,<blank>,1593549500,1593549500,content,2,67,my-index,0,0
488,580,timeline,<blank>,1593550640,1593550640,side-post,0,68,my-index,0,0
489,580,private_files,<blank>,1593550640,1593550640,side-post,1,68,my-index,0,0
490,580,online_users,<blank>,1593550640,1593550640,side-post,2,68,my-index,0,0
491,580,badges,<blank>,1593550640,1593550640,side-post,3,68,my-index,0,0
492,580,calendar_month,<blank>,1593550640,1593550640,side-post,4,68,my-index,0,0
493,580,calendar_upcoming,<blank>,1593550640,1593550640,side-post,5,68,my-index,0,0
494,580,lp,<blank>,1593550640,1593550640,content,0,68,my-index,0,0
495,580,recentlyaccessedcourses,<blank>,1593550640,1593550640,content,1,68,my-index,0,0
496,580,myoverview,<blank>,1593550640,1593550640,content,2,68,my-index,0,0
497,590,timeline,<blank>,1593564663,1593564663,side-post,0,71,my-index,0,0
498,590,private_files,<blank>,1593564663,1593564663,side-post,1,71,my-index,0,0
499,590,online_users,<blank>,1593564663,1593564663,side-post,2,71,my-index,0,0
500,590,badges,<blank>,1593564663,1593564663,side-post,3,71,my-index,0,0
501,590,calendar_month,<blank>,1593564663,1593564663,side-post,4,71,my-index,0,0
502,590,calendar_upcoming,<blank>,1593564663,1593564663,side-post,5,71,my-index,0,0
503,590,lp,<blank>,1593564663,1593564663,content,0,71,my-index,0,0
504,590,recentlyaccessedcourses,<blank>,1593564663,1593564663,content,1,71,my-index,0,0
505,590,myoverview,<blank>,1593564663,1593564663,content,2,71,my-index,0,0
506,600,timeline,<blank>,1593564985,1593564985,side-post,0,73,my-index,0,0
507,600,private_files,<blank>,1593564985,1593564985,side-post,1,73,my-index,0,0
508,600,online_users,<blank>,1593564985,1593564985,side-post,2,73,my-index,0,0
509,600,badges,<blank>,1593564985,1593564985,side-post,3,73,my-index,0,0
510,600,calendar_month,<blank>,1593564985,1593564985,side-post,4,73,my-index,0,0
511,600,calendar_upcoming,<blank>,1593564985,1593564985,side-post,5,73,my-index,0,0
512,600,lp,<blank>,1593564985,1593564985,content,0,73,my-index,0,0
513,600,recentlyaccessedcourses,<blank>,1593564985,1593564985,content,1,73,my-index,0,0
514,600,myoverview,<blank>,1593564985,1593564985,content,2,73,my-index,0,0
515,610,timeline,<blank>,1593565928,1593565928,side-post,0,74,my-index,0,0
516,610,private_files,<blank>,1593565929,1593565929,side-post,1,74,my-index,0,0
517,610,online_users,<blank>,1593565929,1593565929,side-post,2,74,my-index,0,0
518,610,badges,<blank>,1593565929,1593565929,side-post,3,74,my-index,0,0
519,610,calendar_month,<blank>,1593565929,1593565929,side-post,4,74,my-index,0,0
520,610,calendar_upcoming,<blank>,1593565929,1593565929,side-post,5,74,my-index,0,0
521,610,lp,<blank>,1593565929,1593565929,content,0,74,my-index,0,0
522,610,recentlyaccessedcourses,<blank>,1593565929,1593565929,content,1,74,my-index,0,0
523,610,myoverview,<blank>,1593565929,1593565929,content,2,74,my-index,0,0
524,621,timeline,<blank>,1593566240,1593566240,side-post,0,75,my-index,0,0
525,621,private_files,<blank>,1593566240,1593566240,side-post,1,75,my-index,0,0
526,621,online_users,<blank>,1593566240,1593566240,side-post,2,75,my-index,0,0
527,621,badges,<blank>,1593566240,1593566240,side-post,3,75,my-index,0,0
528,621,calendar_month,<blank>,1593566240,1593566240,side-post,4,75,my-index,0,0
529,621,calendar_upcoming,<blank>,1593566240,1593566240,side-post,5,75,my-index,0,0
530,621,lp,<blank>,1593566240,1593566240,content,0,75,my-index,0,0
531,621,recentlyaccessedcourses,<blank>,1593566240,1593566240,content,1,75,my-index,0,0
532,621,myoverview,<blank>,1593566240,1593566240,content,2,75,my-index,0,0
533,631,timeline,<blank>,1593566603,1593566603,side-post,0,76,my-index,0,0
534,631,private_files,<blank>,1593566603,1593566603,side-post,1,76,my-index,0,0
535,631,online_users,<blank>,1593566603,1593566603,side-post,2,76,my-index,0,0
536,631,badges,<blank>,1593566603,1593566603,side-post,3,76,my-index,0,0
537,631,calendar_month,<blank>,1593566603,1593566603,side-post,4,76,my-index,0,0
538,631,calendar_upcoming,<blank>,1593566603,1593566603,side-post,5,76,my-index,0,0
539,631,lp,<blank>,1593566603,1593566603,content,0,76,my-index,0,0
540,631,recentlyaccessedcourses,<blank>,1593566603,1593566603,content,1,76,my-index,0,0
541,631,myoverview,<blank>,1593566603,1593566603,content,2,76,my-index,0,0
542,641,timeline,<blank>,1593567188,1593567188,side-post,0,77,my-index,0,0
543,641,private_files,<blank>,1593567188,1593567188,side-post,1,77,my-index,0,0
544,641,online_users,<blank>,1593567188,1593567188,side-post,2,77,my-index,0,0
545,641,badges,<blank>,1593567188,1593567188,side-post,3,77,my-index,0,0
546,641,calendar_month,<blank>,1593567188,1593567188,side-post,4,77,my-index,0,0
547,641,calendar_upcoming,<blank>,1593567188,1593567188,side-post,5,77,my-index,0,0
548,641,lp,<blank>,1593567188,1593567188,content,0,77,my-index,0,0
549,641,recentlyaccessedcourses,<blank>,1593567188,1593567188,content,1,77,my-index,0,0
550,641,myoverview,<blank>,1593567188,1593567188,content,2,77,my-index,0,0
551,651,timeline,<blank>,1593567281,1593567281,side-post,0,78,my-index,0,0
552,651,private_files,<blank>,1593567281,1593567281,side-post,1,78,my-index,0,0
553,651,online_users,<blank>,1593567281,1593567281,side-post,2,78,my-index,0,0
554,651,badges,<blank>,1593567281,1593567281,side-post,3,78,my-index,0,0
555,651,calendar_month,<blank>,1593567281,1593567281,side-post,4,78,my-index,0,0
556,651,calendar_upcoming,<blank>,1593567281,1593567281,side-post,5,78,my-index,0,0
557,651,lp,<blank>,1593567281,1593567281,content,0,78,my-index,0,0
558,651,recentlyaccessedcourses,<blank>,1593567281,1593567281,content,1,78,my-index,0,0
559,651,myoverview,<blank>,1593567281,1593567281,content,2,78,my-index,0,0
560,539,timeline,<blank>,1593568222,1593568222,side-post,0,79,my-index,0,0
561,539,private_files,<blank>,1593568222,1593568222,side-post,1,79,my-index,0,0
562,539,online_users,<blank>,1593568222,1593568222,side-post,2,79,my-index,0,0
563,539,badges,<blank>,1593568222,1593568222,side-post,3,79,my-index,0,0
564,539,calendar_month,<blank>,1593568222,1593568222,side-post,4,79,my-index,0,0
565,539,calendar_upcoming,<blank>,1593568222,1593568222,side-post,5,79,my-index,0,0
566,539,lp,<blank>,1593568222,1593568222,content,0,79,my-index,0,0
567,539,recentlyaccessedcourses,<blank>,1593568222,1593568222,content,1,79,my-index,0,0
568,539,myoverview,<blank>,1593568222,1593568222,content,2,79,my-index,0,0
569,670,timeline,<blank>,1593568401,1593568401,side-post,0,81,my-index,0,0
570,670,private_files,<blank>,1593568401,1593568401,side-post,1,81,my-index,0,0
571,670,online_users,<blank>,1593568401,1593568401,side-post,2,81,my-index,0,0
572,670,badges,<blank>,1593568401,1593568401,side-post,3,81,my-index,0,0
573,670,calendar_month,<blank>,1593568401,1593568401,side-post,4,81,my-index,0,0
574,670,calendar_upcoming,<blank>,1593568401,1593568401,side-post,5,81,my-index,0,0
575,670,lp,<blank>,1593568401,1593568401,content,0,81,my-index,0,0
576,670,recentlyaccessedcourses,<blank>,1593568401,1593568401,content,1,81,my-index,0,0
577,670,myoverview,<blank>,1593568401,1593568401,content,2,81,my-index,0,0
578,680,timeline,<blank>,1593568744,1593568744,side-post,0,82,my-index,0,0
579,680,private_files,<blank>,1593568744,1593568744,side-post,1,82,my-index,0,0
580,680,online_users,<blank>,1593568744,1593568744,side-post,2,82,my-index,0,0
581,680,badges,<blank>,1593568744,1593568744,side-post,3,82,my-index,0,0
582,680,calendar_month,<blank>,1593568744,1593568744,side-post,4,82,my-index,0,0
583,680,calendar_upcoming,<blank>,1593568744,1593568744,side-post,5,82,my-index,0,0
584,680,lp,<blank>,1593568744,1593568744,content,0,82,my-index,0,0
585,680,recentlyaccessedcourses,<blank>,1593568744,1593568744,content,1,82,my-index,0,0
586,680,myoverview,<blank>,1593568744,1593568744,content,2,82,my-index,0,0
587,690,timeline,<blank>,1593571946,1593571946,side-post,0,83,my-index,0,0
588,690,private_files,<blank>,1593571946,1593571946,side-post,1,83,my-index,0,0
589,690,online_users,<blank>,1593571946,1593571946,side-post,2,83,my-index,0,0
590,690,badges,<blank>,1593571946,1593571946,side-post,3,83,my-index,0,0
591,690,calendar_month,<blank>,1593571946,1593571946,side-post,4,83,my-index,0,0
592,690,calendar_upcoming,<blank>,1593571946,1593571946,side-post,5,83,my-index,0,0
593,690,lp,<blank>,1593571946,1593571946,content,0,83,my-index,0,0
594,690,recentlyaccessedcourses,<blank>,1593571946,1593571946,content,1,83,my-index,0,0
595,690,myoverview,<blank>,1593571946,1593571946,content,2,83,my-index,0,0
596,700,timeline,<blank>,1593576295,1593576295,side-post,0,84,my-index,0,0
597,700,private_files,<blank>,1593576295,1593576295,side-post,1,84,my-index,0,0
598,700,online_users,<blank>,1593576295,1593576295,side-post,2,84,my-index,0,0
599,700,badges,<blank>,1593576295,1593576295,side-post,3,84,my-index,0,0
600,700,calendar_month,<blank>,1593576295,1593576295,side-post,4,84,my-index,0,0
601,700,calendar_upcoming,<blank>,1593576295,1593576295,side-post,5,84,my-index,0,0
602,700,lp,<blank>,1593576295,1593576295,content,0,84,my-index,0,0
603,700,recentlyaccessedcourses,<blank>,1593576295,1593576295,content,1,84,my-index,0,0
604,700,myoverview,<blank>,1593576295,1593576295,content,2,84,my-index,0,0
605,710,timeline,<blank>,1593613288,1593613288,side-post,0,86,my-index,0,0
606,710,private_files,<blank>,1593613288,1593613288,side-post,1,86,my-index,0,0
607,710,online_users,<blank>,1593613288,1593613288,side-post,2,86,my-index,0,0
608,710,badges,<blank>,1593613288,1593613288,side-post,3,86,my-index,0,0
609,710,calendar_month,<blank>,1593613288,1593613288,side-post,4,86,my-index,0,0
610,710,calendar_upcoming,<blank>,1593613288,1593613288,side-post,5,86,my-index,0,0
611,710,lp,<blank>,1593613288,1593613288,content,0,86,my-index,0,0
612,710,recentlyaccessedcourses,<blank>,1593613288,1593613288,content,1,86,my-index,0,0
613,710,myoverview,<blank>,1593613288,1593613288,content,2,86,my-index,0,0
614,720,timeline,<blank>,1593614028,1593614028,side-post,0,87,my-index,0,0
615,720,private_files,<blank>,1593614028,1593614028,side-post,1,87,my-index,0,0
616,720,online_users,<blank>,1593614028,1593614028,side-post,2,87,my-index,0,0
617,720,badges,<blank>,1593614028,1593614028,side-post,3,87,my-index,0,0
618,720,calendar_month,<blank>,1593614028,1593614028,side-post,4,87,my-index,0,0
619,720,calendar_upcoming,<blank>,1593614028,1593614028,side-post,5,87,my-index,0,0
620,720,lp,<blank>,1593614028,1593614028,content,0,87,my-index,0,0
621,720,recentlyaccessedcourses,<blank>,1593614028,1593614028,content,1,87,my-index,0,0
622,720,myoverview,<blank>,1593614028,1593614028,content,2,87,my-index,0,0
623,730,timeline,<blank>,1593619685,1593619685,side-post,0,89,my-index,0,0
624,730,private_files,<blank>,1593619685,1593619685,side-post,1,89,my-index,0,0
625,730,online_users,<blank>,1593619685,1593619685,side-post,2,89,my-index,0,0
626,730,badges,<blank>,1593619685,1593619685,side-post,3,89,my-index,0,0
627,730,calendar_month,<blank>,1593619685,1593619685,side-post,4,89,my-index,0,0
628,730,calendar_upcoming,<blank>,1593619685,1593619685,side-post,5,89,my-index,0,0
629,730,lp,<blank>,1593619685,1593619685,content,0,89,my-index,0,0
630,730,recentlyaccessedcourses,<blank>,1593619685,1593619685,content,1,89,my-index,0,0
631,730,myoverview,<blank>,1593619685,1593619685,content,2,89,my-index,0,0
632,740,timeline,<blank>,1593620263,1593620263,side-post,0,90,my-index,0,0
633,740,private_files,<blank>,1593620263,1593620263,side-post,1,90,my-index,0,0
634,740,online_users,<blank>,1593620263,1593620263,side-post,2,90,my-index,0,0
635,740,badges,<blank>,1593620263,1593620263,side-post,3,90,my-index,0,0
636,740,calendar_month,<blank>,1593620263,1593620263,side-post,4,90,my-index,0,0
637,740,calendar_upcoming,<blank>,1593620263,1593620263,side-post,5,90,my-index,0,0
638,740,lp,<blank>,1593620263,1593620263,content,0,90,my-index,0,0
639,740,recentlyaccessedcourses,<blank>,1593620263,1593620263,content,1,90,my-index,0,0
640,740,myoverview,<blank>,1593620263,1593620263,content,2,90,my-index,0,0
641,750,timeline,<blank>,1593621913,1593621913,side-post,0,91,my-index,0,0
642,750,private_files,<blank>,1593621913,1593621913,side-post,1,91,my-index,0,0
643,750,online_users,<blank>,1593621913,1593621913,side-post,2,91,my-index,0,0
644,750,badges,<blank>,1593621913,1593621913,side-post,3,91,my-index,0,0
645,750,calendar_month,<blank>,1593621913,1593621913,side-post,4,91,my-index,0,0
646,750,calendar_upcoming,<blank>,1593621913,1593621913,side-post,5,91,my-index,0,0
647,750,lp,<blank>,1593621913,1593621913,content,0,91,my-index,0,0
648,750,recentlyaccessedcourses,<blank>,1593621913,1593621913,content,1,91,my-index,0,0
649,750,myoverview,<blank>,1593621913,1593621913,content,2,91,my-index,0,0
650,760,timeline,<blank>,1593622114,1593622114,side-post,0,92,my-index,0,0
651,760,private_files,<blank>,1593622114,1593622114,side-post,1,92,my-index,0,0
652,760,online_users,<blank>,1593622114,1593622114,side-post,2,92,my-index,0,0
653,760,badges,<blank>,1593622114,1593622114,side-post,3,92,my-index,0,0
654,760,calendar_month,<blank>,1593622114,1593622114,side-post,4,92,my-index,0,0
655,760,calendar_upcoming,<blank>,1593622114,1593622114,side-post,5,92,my-index,0,0
656,760,lp,<blank>,1593622114,1593622114,content,0,92,my-index,0,0
657,760,recentlyaccessedcourses,<blank>,1593622114,1593622114,content,1,92,my-index,0,0
658,760,myoverview,<blank>,1593622114,1593622114,content,2,92,my-index,0,0
659,771,timeline,<blank>,1593623424,1593623424,side-post,0,93,my-index,0,0
660,771,private_files,<blank>,1593623424,1593623424,side-post,1,93,my-index,0,0
661,771,online_users,<blank>,1593623424,1593623424,side-post,2,93,my-index,0,0
662,771,badges,<blank>,1593623424,1593623424,side-post,3,93,my-index,0,0
663,771,calendar_month,<blank>,1593623424,1593623424,side-post,4,93,my-index,0,0
664,771,calendar_upcoming,<blank>,1593623424,1593623424,side-post,5,93,my-index,0,0
665,771,lp,<blank>,1593623424,1593623424,content,0,93,my-index,0,0
666,771,recentlyaccessedcourses,<blank>,1593623424,1593623424,content,1,93,my-index,0,0
667,771,myoverview,<blank>,1593623424,1593623424,content,2,93,my-index,0,0
668,781,timeline,<blank>,1593624305,1593624305,side-post,0,94,my-index,0,0
669,781,private_files,<blank>,1593624305,1593624305,side-post,1,94,my-index,0,0
670,781,online_users,<blank>,1593624306,1593624306,side-post,2,94,my-index,0,0
671,781,badges,<blank>,1593624306,1593624306,side-post,3,94,my-index,0,0
672,781,calendar_month,<blank>,1593624306,1593624306,side-post,4,94,my-index,0,0
673,781,calendar_upcoming,<blank>,1593624306,1593624306,side-post,5,94,my-index,0,0
674,781,lp,<blank>,1593624306,1593624306,content,0,94,my-index,0,0
675,781,recentlyaccessedcourses,<blank>,1593624306,1593624306,content,1,94,my-index,0,0
676,781,myoverview,<blank>,1593624306,1593624306,content,2,94,my-index,0,0
677,791,timeline,<blank>,1593624606,1593624606,side-post,0,95,my-index,0,0
678,791,private_files,<blank>,1593624606,1593624606,side-post,1,95,my-index,0,0
679,791,online_users,<blank>,1593624606,1593624606,side-post,2,95,my-index,0,0
680,791,badges,<blank>,1593624606,1593624606,side-post,3,95,my-index,0,0
681,791,calendar_month,<blank>,1593624606,1593624606,side-post,4,95,my-index,0,0
682,791,calendar_upcoming,<blank>,1593624606,1593624606,side-post,5,95,my-index,0,0
683,791,lp,<blank>,1593624606,1593624606,content,0,95,my-index,0,0
684,791,recentlyaccessedcourses,<blank>,1593624606,1593624606,content,1,95,my-index,0,0
685,791,myoverview,<blank>,1593624606,1593624606,content,2,95,my-index,0,0
686,801,timeline,<blank>,1593624804,1593624804,side-post,0,96,my-index,0,0
687,801,private_files,<blank>,1593624804,1593624804,side-post,1,96,my-index,0,0
688,801,online_users,<blank>,1593624804,1593624804,side-post,2,96,my-index,0,0
689,801,badges,<blank>,1593624804,1593624804,side-post,3,96,my-index,0,0
690,801,calendar_month,<blank>,1593624804,1593624804,side-post,4,96,my-index,0,0
691,801,calendar_upcoming,<blank>,1593624804,1593624804,side-post,5,96,my-index,0,0
692,801,lp,<blank>,1593624804,1593624804,content,0,96,my-index,0,0
693,801,recentlyaccessedcourses,<blank>,1593624804,1593624804,content,1,96,my-index,0,0
694,801,myoverview,<blank>,1593624804,1593624804,content,2,96,my-index,0,0
695,811,timeline,<blank>,1593626007,1593626007,side-post,0,97,my-index,0,0
696,811,private_files,<blank>,1593626007,1593626007,side-post,1,97,my-index,0,0
697,811,online_users,<blank>,1593626007,1593626007,side-post,2,97,my-index,0,0
698,811,badges,<blank>,1593626007,1593626007,side-post,3,97,my-index,0,0
699,811,calendar_month,<blank>,1593626007,1593626007,side-post,4,97,my-index,0,0
700,811,calendar_upcoming,<blank>,1593626007,1593626007,side-post,5,97,my-index,0,0
701,811,lp,<blank>,1593626007,1593626007,content,0,97,my-index,0,0
702,811,recentlyaccessedcourses,<blank>,1593626007,1593626007,content,1,97,my-index,0,0
703,811,myoverview,<blank>,1593626007,1593626007,content,2,97,my-index,0,0
704,821,timeline,<blank>,1593628885,1593628885,side-post,0,99,my-index,0,0
705,821,private_files,<blank>,1593628885,1593628885,side-post,1,99,my-index,0,0
706,821,online_users,<blank>,1593628885,1593628885,side-post,2,99,my-index,0,0
707,821,badges,<blank>,1593628885,1593628885,side-post,3,99,my-index,0,0
708,821,calendar_month,<blank>,1593628885,1593628885,side-post,4,99,my-index,0,0
709,821,calendar_upcoming,<blank>,1593628885,1593628885,side-post,5,99,my-index,0,0
710,821,lp,<blank>,1593628885,1593628885,content,0,99,my-index,0,0
711,821,recentlyaccessedcourses,<blank>,1593628885,1593628885,content,1,99,my-index,0,0
712,821,myoverview,<blank>,1593628885,1593628885,content,2,99,my-index,0,0
713,831,timeline,<blank>,1593632347,1593632347,side-post,0,100,my-index,0,0
714,831,private_files,<blank>,1593632347,1593632347,side-post,1,100,my-index,0,0
715,831,online_users,<blank>,1593632347,1593632347,side-post,2,100,my-index,0,0
716,831,badges,<blank>,1593632347,1593632347,side-post,3,100,my-index,0,0
717,831,calendar_month,<blank>,1593632347,1593632347,side-post,4,100,my-index,0,0
718,831,calendar_upcoming,<blank>,1593632347,1593632347,side-post,5,100,my-index,0,0
719,831,lp,<blank>,1593632347,1593632347,content,0,100,my-index,0,0
720,831,recentlyaccessedcourses,<blank>,1593632347,1593632347,content,1,100,my-index,0,0
721,831,myoverview,<blank>,1593632347,1593632347,content,2,100,my-index,0,0
722,611,timeline,<blank>,1593632812,1593632812,side-post,0,101,my-index,0,0
723,611,private_files,<blank>,1593632812,1593632812,side-post,1,101,my-index,0,0
724,611,online_users,<blank>,1593632813,1593632813,side-post,2,101,my-index,0,0
725,611,badges,<blank>,1593632813,1593632813,side-post,3,101,my-index,0,0
726,611,calendar_month,<blank>,1593632813,1593632813,side-post,4,101,my-index,0,0
727,611,calendar_upcoming,<blank>,1593632813,1593632813,side-post,5,101,my-index,0,0
728,611,lp,<blank>,1593632813,1593632813,content,0,101,my-index,0,0
729,611,recentlyaccessedcourses,<blank>,1593632813,1593632813,content,1,101,my-index,0,0
730,611,myoverview,<blank>,1593632813,1593632813,content,2,101,my-index,0,0
731,850,timeline,<blank>,1593632952,1593632952,side-post,0,102,my-index,0,0
732,850,private_files,<blank>,1593632952,1593632952,side-post,1,102,my-index,0,0
733,850,online_users,<blank>,1593632952,1593632952,side-post,2,102,my-index,0,0
734,850,badges,<blank>,1593632952,1593632952,side-post,3,102,my-index,0,0
735,850,calendar_month,<blank>,1593632952,1593632952,side-post,4,102,my-index,0,0
736,850,calendar_upcoming,<blank>,1593632952,1593632952,side-post,5,102,my-index,0,0
737,850,lp,<blank>,1593632952,1593632952,content,0,102,my-index,0,0
738,850,recentlyaccessedcourses,<blank>,1593632952,1593632952,content,1,102,my-index,0,0
739,850,myoverview,<blank>,1593632952,1593632952,content,2,102,my-index,0,0
740,860,timeline,<blank>,1593633353,1593633353,side-post,0,103,my-index,0,0
741,860,private_files,<blank>,1593633353,1593633353,side-post,1,103,my-index,0,0
742,860,online_users,<blank>,1593633353,1593633353,side-post,2,103,my-index,0,0
743,860,badges,<blank>,1593633353,1593633353,side-post,3,103,my-index,0,0
744,860,calendar_month,<blank>,1593633353,1593633353,side-post,4,103,my-index,0,0
745,860,calendar_upcoming,<blank>,1593633353,1593633353,side-post,5,103,my-index,0,0
746,860,lp,<blank>,1593633353,1593633353,content,0,103,my-index,0,0
747,860,recentlyaccessedcourses,<blank>,1593633353,1593633353,content,1,103,my-index,0,0
748,860,myoverview,<blank>,1593633353,1593633353,content,2,103,my-index,0,0
749,870,timeline,<blank>,1593644295,1593644295,side-post,0,108,my-index,0,0
750,870,private_files,<blank>,1593644295,1593644295,side-post,1,108,my-index,0,0
751,870,online_users,<blank>,1593644295,1593644295,side-post,2,108,my-index,0,0
752,870,badges,<blank>,1593644295,1593644295,side-post,3,108,my-index,0,0
753,870,calendar_month,<blank>,1593644295,1593644295,side-post,4,108,my-index,0,0
754,870,calendar_upcoming,<blank>,1593644295,1593644295,side-post,5,108,my-index,0,0
755,870,lp,<blank>,1593644295,1593644295,content,0,108,my-index,0,0
756,870,recentlyaccessedcourses,<blank>,1593644295,1593644295,content,1,108,my-index,0,0
757,870,myoverview,<blank>,1593644295,1593644295,content,2,108,my-index,0,0
758,880,timeline,<blank>,1593646853,1593646853,side-post,0,109,my-index,0,0
759,880,private_files,<blank>,1593646853,1593646853,side-post,1,109,my-index,0,0
760,880,online_users,<blank>,1593646853,1593646853,side-post,2,109,my-index,0,0
761,880,badges,<blank>,1593646853,1593646853,side-post,3,109,my-index,0,0
762,880,calendar_month,<blank>,1593646853,1593646853,side-post,4,109,my-index,0,0
763,880,calendar_upcoming,<blank>,1593646853,1593646853,side-post,5,109,my-index,0,0
764,880,lp,<blank>,1593646853,1593646853,content,0,109,my-index,0,0
765,880,recentlyaccessedcourses,<blank>,1593646853,1593646853,content,1,109,my-index,0,0
766,880,myoverview,<blank>,1593646853,1593646853,content,2,109,my-index,0,0
767,890,timeline,<blank>,1593647300,1593647300,side-post,0,110,my-index,0,0
768,890,private_files,<blank>,1593647300,1593647300,side-post,1,110,my-index,0,0
769,890,online_users,<blank>,1593647300,1593647300,side-post,2,110,my-index,0,0
770,890,badges,<blank>,1593647300,1593647300,side-post,3,110,my-index,0,0
771,890,calendar_month,<blank>,1593647300,1593647300,side-post,4,110,my-index,0,0
772,890,calendar_upcoming,<blank>,1593647300,1593647300,side-post,5,110,my-index,0,0
773,890,lp,<blank>,1593647300,1593647300,content,0,110,my-index,0,0
774,890,recentlyaccessedcourses,<blank>,1593647300,1593647300,content,1,110,my-index,0,0
775,890,myoverview,<blank>,1593647300,1593647300,content,2,110,my-index,0,0
776,33,timeline,<blank>,1593647386,1593647386,side-post,0,111,my-index,0,0
777,33,private_files,<blank>,1593647386,1593647386,side-post,1,111,my-index,0,0
778,33,online_users,<blank>,1593647386,1593647386,side-post,2,111,my-index,0,0
779,33,badges,<blank>,1593647386,1593647386,side-post,3,111,my-index,0,0
780,33,calendar_month,<blank>,1593647386,1593647386,side-post,4,111,my-index,0,0
781,33,calendar_upcoming,<blank>,1593647386,1593647386,side-post,5,111,my-index,0,0
782,33,lp,<blank>,1593647386,1593647386,content,0,111,my-index,0,0
783,33,recentlyaccessedcourses,<blank>,1593647386,1593647386,content,1,111,my-index,0,0
784,33,myoverview,<blank>,1593647386,1593647386,content,2,111,my-index,0,0
794,770,timeline,<blank>,1593657159,1593657159,side-post,0,117,my-index,0,0
795,770,private_files,<blank>,1593657159,1593657159,side-post,1,117,my-index,0,0
796,770,online_users,<blank>,1593657159,1593657159,side-post,2,117,my-index,0,0
797,770,badges,<blank>,1593657159,1593657159,side-post,3,117,my-index,0,0
798,770,calendar_month,<blank>,1593657159,1593657159,side-post,4,117,my-index,0,0
799,770,calendar_upcoming,<blank>,1593657159,1593657159,side-post,5,117,my-index,0,0
800,770,lp,<blank>,1593657159,1593657159,content,0,117,my-index,0,0
801,770,recentlyaccessedcourses,<blank>,1593657159,1593657159,content,1,117,my-index,0,0
802,770,myoverview,<blank>,1593657159,1593657159,content,2,117,my-index,0,0
803,928,timeline,<blank>,1593705924,1593705924,side-post,0,120,my-index,0,0
804,928,private_files,<blank>,1593705924,1593705924,side-post,1,120,my-index,0,0
805,928,online_users,<blank>,1593705924,1593705924,side-post,2,120,my-index,0,0
806,928,badges,<blank>,1593705924,1593705924,side-post,3,120,my-index,0,0
807,928,calendar_month,<blank>,1593705924,1593705924,side-post,4,120,my-index,0,0
808,928,calendar_upcoming,<blank>,1593705924,1593705924,side-post,5,120,my-index,0,0
809,928,lp,<blank>,1593705924,1593705924,content,0,120,my-index,0,0
810,928,recentlyaccessedcourses,<blank>,1593705924,1593705924,content,1,120,my-index,0,0
811,928,myoverview,<blank>,1593705924,1593705924,content,2,120,my-index,0,0
812,938,timeline,<blank>,1593706256,1593706256,side-post,0,121,my-index,0,0
813,938,private_files,<blank>,1593706256,1593706256,side-post,1,121,my-index,0,0
814,938,online_users,<blank>,1593706256,1593706256,side-post,2,121,my-index,0,0
815,938,badges,<blank>,1593706256,1593706256,side-post,3,121,my-index,0,0
816,938,calendar_month,<blank>,1593706256,1593706256,side-post,4,121,my-index,0,0
817,938,calendar_upcoming,<blank>,1593706256,1593706256,side-post,5,121,my-index,0,0
818,938,lp,<blank>,1593706256,1593706256,content,0,121,my-index,0,0
819,938,recentlyaccessedcourses,<blank>,1593706256,1593706256,content,1,121,my-index,0,0
820,938,myoverview,<blank>,1593706256,1593706256,content,2,121,my-index,0,0
821,948,timeline,<blank>,1593707097,1593707097,side-post,0,122,my-index,0,0
822,948,private_files,<blank>,1593707097,1593707097,side-post,1,122,my-index,0,0
823,948,online_users,<blank>,1593707097,1593707097,side-post,2,122,my-index,0,0
824,948,badges,<blank>,1593707097,1593707097,side-post,3,122,my-index,0,0
825,948,calendar_month,<blank>,1593707097,1593707097,side-post,4,122,my-index,0,0
826,948,calendar_upcoming,<blank>,1593707097,1593707097,side-post,5,122,my-index,0,0
827,948,lp,<blank>,1593707097,1593707097,content,0,122,my-index,0,0
828,948,recentlyaccessedcourses,<blank>,1593707097,1593707097,content,1,122,my-index,0,0
829,948,myoverview,<blank>,1593707097,1593707097,content,2,122,my-index,0,0
830,32,timeline,<blank>,1593732882,1593732882,side-post,0,126,my-index,0,0
831,32,private_files,<blank>,1593732882,1593732882,side-post,1,126,my-index,0,0
832,32,online_users,<blank>,1593732882,1593732882,side-post,2,126,my-index,0,0
833,32,badges,<blank>,1593732882,1593732882,side-post,3,126,my-index,0,0
834,32,calendar_month,<blank>,1593732882,1593732882,side-post,4,126,my-index,0,0
835,32,calendar_upcoming,<blank>,1593732882,1593732882,side-post,5,126,my-index,0,0
836,32,lp,<blank>,1593732882,1593732882,content,0,126,my-index,0,0
837,32,recentlyaccessedcourses,<blank>,1593732882,1593732882,content,1,126,my-index,0,0
838,32,myoverview,<blank>,1593732882,1593732882,content,2,126,my-index,0,0
839,967,timeline,<blank>,1593794052,1593794052,side-post,0,127,my-index,0,0
840,967,private_files,<blank>,1593794053,1593794053,side-post,1,127,my-index,0,0
841,967,online_users,<blank>,1593794053,1593794053,side-post,2,127,my-index,0,0
842,967,badges,<blank>,1593794053,1593794053,side-post,3,127,my-index,0,0
843,967,calendar_month,<blank>,1593794053,1593794053,side-post,4,127,my-index,0,0
844,967,calendar_upcoming,<blank>,1593794053,1593794053,side-post,5,127,my-index,0,0
845,967,lp,<blank>,1593794053,1593794053,content,0,127,my-index,0,0
846,967,recentlyaccessedcourses,<blank>,1593794053,1593794053,content,1,127,my-index,0,0
847,967,myoverview,<blank>,1593794053,1593794053,content,2,127,my-index,0,0
848,979,timeline,<blank>,1593822231,1593822231,side-post,0,130,my-index,0,0
849,979,private_files,<blank>,1593822231,1593822231,side-post,1,130,my-index,0,0
850,979,online_users,<blank>,1593822231,1593822231,side-post,2,130,my-index,0,0
851,979,badges,<blank>,1593822231,1593822231,side-post,3,130,my-index,0,0
852,979,calendar_month,<blank>,1593822231,1593822231,side-post,4,130,my-index,0,0
853,979,calendar_upcoming,<blank>,1593822231,1593822231,side-post,5,130,my-index,0,0
854,979,lp,<blank>,1593822231,1593822231,content,0,130,my-index,0,0
855,979,recentlyaccessedcourses,<blank>,1593822231,1593822231,content,1,130,my-index,0,0
856,979,myoverview,<blank>,1593822231,1593822231,content,2,130,my-index,0,0
857,991,timeline,<blank>,1597273684,1597273684,side-post,0,142,my-index,0,0
858,991,private_files,<blank>,1597273684,1597273684,side-post,1,142,my-index,0,0
859,991,online_users,<blank>,1597273684,1597273684,side-post,2,142,my-index,0,0
860,991,badges,<blank>,1597273684,1597273684,side-post,3,142,my-index,0,0
861,991,calendar_month,<blank>,1597273684,1597273684,side-post,4,142,my-index,0,0
862,991,calendar_upcoming,<blank>,1597273684,1597273684,side-post,5,142,my-index,0,0
863,991,lp,<blank>,1597273684,1597273684,content,0,142,my-index,0,0
864,991,recentlyaccessedcourses,<blank>,1597273684,1597273684,content,1,142,my-index,0,0
865,991,myoverview,<blank>,1597273684,1597273684,content,2,142,my-index,0,0
866,1004,timeline,<blank>,1597768621,1597768621,side-post,0,143,my-index,0,0
867,1004,private_files,<blank>,1597768621,1597768621,side-post,1,143,my-index,0,0
868,1004,online_users,<blank>,1597768621,1597768621,side-post,2,143,my-index,0,0
869,1004,badges,<blank>,1597768621,1597768621,side-post,3,143,my-index,0,0
870,1004,calendar_month,<blank>,1597768621,1597768621,side-post,4,143,my-index,0,0
871,1004,calendar_upcoming,<blank>,1597768621,1597768621,side-post,5,143,my-index,0,0
872,1004,lp,<blank>,1597768621,1597768621,content,0,143,my-index,0,0
873,1004,recentlyaccessedcourses,<blank>,1597768621,1597768621,content,1,143,my-index,0,0
874,1004,myoverview,<blank>,1597768621,1597768621,content,2,143,my-index,0,0
875,1044,timeline,<blank>,1601569060,1601569060,side-post,0,146,my-index,0,0
876,1044,private_files,<blank>,1601569060,1601569060,side-post,1,146,my-index,0,0
877,1044,online_users,<blank>,1601569060,1601569060,side-post,2,146,my-index,0,0
878,1044,badges,<blank>,1601569060,1601569060,side-post,3,146,my-index,0,0
879,1044,calendar_month,<blank>,1601569060,1601569060,side-post,4,146,my-index,0,0
880,1044,calendar_upcoming,<blank>,1601569060,1601569060,side-post,5,146,my-index,0,0
881,1044,lp,<blank>,1601569060,1601569060,content,0,146,my-index,0,0
882,1044,recentlyaccessedcourses,<blank>,1601569060,1601569060,content,1,146,my-index,0,0
883,1044,myoverview,<blank>,1601569060,1601569060,content,2,146,my-index,0,0
884,1054,timeline,<blank>,1601569701,1601569701,side-post,0,147,my-index,0,0
885,1054,private_files,<blank>,1601569701,1601569701,side-post,1,147,my-index,0,0
886,1054,online_users,<blank>,1601569701,1601569701,side-post,2,147,my-index,0,0
887,1054,badges,<blank>,1601569701,1601569701,side-post,3,147,my-index,0,0
888,1054,calendar_month,<blank>,1601569701,1601569701,side-post,4,147,my-index,0,0
889,1054,calendar_upcoming,<blank>,1601569701,1601569701,side-post,5,147,my-index,0,0
890,1054,lp,<blank>,1601569701,1601569701,content,0,147,my-index,0,0
891,1054,recentlyaccessedcourses,<blank>,1601569701,1601569701,content,1,147,my-index,0,0
892,1054,myoverview,<blank>,1601569701,1601569701,content,2,147,my-index,0,0
893,1064,timeline,<blank>,1601572332,1601572332,side-post,0,148,my-index,0,0
894,1064,private_files,<blank>,1601572332,1601572332,side-post,1,148,my-index,0,0
895,1064,online_users,<blank>,1601572332,1601572332,side-post,2,148,my-index,0,0
896,1064,badges,<blank>,1601572332,1601572332,side-post,3,148,my-index,0,0
897,1064,calendar_month,<blank>,1601572332,1601572332,side-post,4,148,my-index,0,0
898,1064,calendar_upcoming,<blank>,1601572332,1601572332,side-post,5,148,my-index,0,0
899,1064,lp,<blank>,1601572332,1601572332,content,0,148,my-index,0,0
900,1064,recentlyaccessedcourses,<blank>,1601572332,1601572332,content,1,148,my-index,0,0
901,1064,myoverview,<blank>,1601572332,1601572332,content,2,148,my-index,0,0
902,1043,timeline,<blank>,1601572953,1601572953,side-post,0,149,my-index,0,0
903,1043,private_files,<blank>,1601572953,1601572953,side-post,1,149,my-index,0,0
904,1043,online_users,<blank>,1601572954,1601572954,side-post,2,149,my-index,0,0
905,1043,badges,<blank>,1601572954,1601572954,side-post,3,149,my-index,0,0
906,1043,calendar_month,<blank>,1601572954,1601572954,side-post,4,149,my-index,0,0
907,1043,calendar_upcoming,<blank>,1601572954,1601572954,side-post,5,149,my-index,0,0
908,1043,lp,<blank>,1601572954,1601572954,content,0,149,my-index,0,0
909,1043,recentlyaccessedcourses,<blank>,1601572954,1601572954,content,1,149,my-index,0,0
910,1043,myoverview,<blank>,1601572954,1601572954,content,2,149,my-index,0,0
911,1083,timeline,<blank>,1601594475,1601594475,side-post,0,150,my-index,0,0
912,1083,private_files,<blank>,1601594475,1601594475,side-post,1,150,my-index,0,0
913,1083,online_users,<blank>,1601594475,1601594475,side-post,2,150,my-index,0,0
914,1083,badges,<blank>,1601594475,1601594475,side-post,3,150,my-index,0,0
915,1083,calendar_month,<blank>,1601594475,1601594475,side-post,4,150,my-index,0,0
916,1083,calendar_upcoming,<blank>,1601594475,1601594475,side-post,5,150,my-index,0,0
917,1083,lp,<blank>,1601594475,1601594475,content,0,150,my-index,0,0
918,1083,recentlyaccessedcourses,<blank>,1601594475,1601594475,content,1,150,my-index,0,0
919,1083,myoverview,<blank>,1601594475,1601594475,content,2,150,my-index,0,0
920,1093,timeline,<blank>,1601699290,1601699290,side-post,0,151,my-index,0,0
921,1093,private_files,<blank>,1601699290,1601699290,side-post,1,151,my-index,0,0
922,1093,online_users,<blank>,1601699290,1601699290,side-post,2,151,my-index,0,0
923,1093,badges,<blank>,1601699290,1601699290,side-post,3,151,my-index,0,0
924,1093,calendar_month,<blank>,1601699290,1601699290,side-post,4,151,my-index,0,0
925,1093,calendar_upcoming,<blank>,1601699290,1601699290,side-post,5,151,my-index,0,0
926,1093,lp,<blank>,1601699290,1601699290,content,0,151,my-index,0,0
927,1093,recentlyaccessedcourses,<blank>,1601699291,1601699291,content,1,151,my-index,0,0
928,1093,myoverview,<blank>,1601699291,1601699291,content,2,151,my-index,0,0
929,1103,timeline,<blank>,1601774465,1601774465,side-post,0,152,my-index,0,0
930,1103,private_files,<blank>,1601774465,1601774465,side-post,1,152,my-index,0,0
931,1103,online_users,<blank>,1601774465,1601774465,side-post,2,152,my-index,0,0
932,1103,badges,<blank>,1601774465,1601774465,side-post,3,152,my-index,0,0
933,1103,calendar_month,<blank>,1601774465,1601774465,side-post,4,152,my-index,0,0
934,1103,calendar_upcoming,<blank>,1601774465,1601774465,side-post,5,152,my-index,0,0
935,1103,lp,<blank>,1601774465,1601774465,content,0,152,my-index,0,0
936,1103,recentlyaccessedcourses,<blank>,1601774465,1601774465,content,1,152,my-index,0,0
937,1103,myoverview,<blank>,1601774465,1601774465,content,2,152,my-index,0,0
938,1113,timeline,<blank>,1601775558,1601775558,side-post,0,153,my-index,0,0
939,1113,private_files,<blank>,1601775558,1601775558,side-post,1,153,my-index,0,0
940,1113,online_users,<blank>,1601775558,1601775558,side-post,2,153,my-index,0,0
941,1113,badges,<blank>,1601775558,1601775558,side-post,3,153,my-index,0,0
942,1113,calendar_month,<blank>,1601775558,1601775558,side-post,4,153,my-index,0,0
943,1113,calendar_upcoming,<blank>,1601775558,1601775558,side-post,5,153,my-index,0,0
944,1113,lp,<blank>,1601775558,1601775558,content,0,153,my-index,0,0
945,1113,recentlyaccessedcourses,<blank>,1601775558,1601775558,content,1,153,my-index,0,0
946,1113,myoverview,<blank>,1601775558,1601775558,content,2,153,my-index,0,0
947,1123,timeline,<blank>,1601856133,1601856133,side-post,0,155,my-index,0,0
948,1123,private_files,<blank>,1601856133,1601856133,side-post,1,155,my-index,0,0
949,1123,online_users,<blank>,1601856133,1601856133,side-post,2,155,my-index,0,0
950,1123,badges,<blank>,1601856133,1601856133,side-post,3,155,my-index,0,0
951,1123,calendar_month,<blank>,1601856133,1601856133,side-post,4,155,my-index,0,0
952,1123,calendar_upcoming,<blank>,1601856133,1601856133,side-post,5,155,my-index,0,0
953,1123,lp,<blank>,1601856133,1601856133,content,0,155,my-index,0,0
954,1123,recentlyaccessedcourses,<blank>,1601856133,1601856133,content,1,155,my-index,0,0
955,1123,myoverview,<blank>,1601856133,1601856133,content,2,155,my-index,0,0
956,1133,timeline,<blank>,1601915527,1601915527,side-post,0,157,my-index,0,0
957,1133,private_files,<blank>,1601915527,1601915527,side-post,1,157,my-index,0,0
958,1133,online_users,<blank>,1601915527,1601915527,side-post,2,157,my-index,0,0
959,1133,badges,<blank>,1601915527,1601915527,side-post,3,157,my-index,0,0
960,1133,calendar_month,<blank>,1601915527,1601915527,side-post,4,157,my-index,0,0
961,1133,calendar_upcoming,<blank>,1601915527,1601915527,side-post,5,157,my-index,0,0
962,1133,lp,<blank>,1601915527,1601915527,content,0,157,my-index,0,0
963,1133,recentlyaccessedcourses,<blank>,1601915527,1601915527,content,1,157,my-index,0,0
964,1133,myoverview,<blank>,1601915527,1601915527,content,2,157,my-index,0,0
965,1146,timeline,<blank>,1601929621,1601929621,side-post,0,158,my-index,0,0
966,1146,private_files,<blank>,1601929621,1601929621,side-post,1,158,my-index,0,0
967,1146,online_users,<blank>,1601929621,1601929621,side-post,2,158,my-index,0,0
968,1146,badges,<blank>,1601929621,1601929621,side-post,3,158,my-index,0,0
969,1146,calendar_month,<blank>,1601929621,1601929621,side-post,4,158,my-index,0,0
970,1146,calendar_upcoming,<blank>,1601929621,1601929621,side-post,5,158,my-index,0,0
971,1146,lp,<blank>,1601929621,1601929621,content,0,158,my-index,0,0
972,1146,recentlyaccessedcourses,<blank>,1601929621,1601929621,content,1,158,my-index,0,0
973,1146,myoverview,<blank>,1601929621,1601929621,content,2,158,my-index,0,0
974,1156,timeline,<blank>,1601930126,1601930126,side-post,0,159,my-index,0,0
975,1156,private_files,<blank>,1601930126,1601930126,side-post,1,159,my-index,0,0
976,1156,online_users,<blank>,1601930126,1601930126,side-post,2,159,my-index,0,0
977,1156,badges,<blank>,1601930126,1601930126,side-post,3,159,my-index,0,0
978,1156,calendar_month,<blank>,1601930126,1601930126,side-post,4,159,my-index,0,0
979,1156,calendar_upcoming,<blank>,1601930126,1601930126,side-post,5,159,my-index,0,0
980,1156,lp,<blank>,1601930126,1601930126,content,0,159,my-index,0,0
981,1156,recentlyaccessedcourses,<blank>,1601930126,1601930126,content,1,159,my-index,0,0
982,1156,myoverview,<blank>,1601930126,1601930126,content,2,159,my-index,0,0
983,1168,timeline,<blank>,1601932378,1601932378,side-post,0,160,my-index,0,0
984,1168,private_files,<blank>,1601932378,1601932378,side-post,1,160,my-index,0,0
985,1168,online_users,<blank>,1601932378,1601932378,side-post,2,160,my-index,0,0
986,1168,badges,<blank>,1601932378,1601932378,side-post,3,160,my-index,0,0
987,1168,calendar_month,<blank>,1601932378,1601932378,side-post,4,160,my-index,0,0
988,1168,calendar_upcoming,<blank>,1601932378,1601932378,side-post,5,160,my-index,0,0
989,1168,lp,<blank>,1601932378,1601932378,content,0,160,my-index,0,0
990,1168,recentlyaccessedcourses,<blank>,1601932378,1601932378,content,1,160,my-index,0,0
991,1168,myoverview,<blank>,1601932378,1601932378,content,2,160,my-index,0,0
992,1178,timeline,<blank>,1601932537,1601932537,side-post,0,161,my-index,0,0
993,1178,private_files,<blank>,1601932537,1601932537,side-post,1,161,my-index,0,0
994,1178,online_users,<blank>,1601932537,1601932537,side-post,2,161,my-index,0,0
995,1178,badges,<blank>,1601932537,1601932537,side-post,3,161,my-index,0,0
996,1178,calendar_month,<blank>,1601932537,1601932537,side-post,4,161,my-index,0,0
997,1178,calendar_upcoming,<blank>,1601932537,1601932537,side-post,5,161,my-index,0,0
998,1178,lp,<blank>,1601932537,1601932537,content,0,161,my-index,0,0
999,1178,recentlyaccessedcourses,<blank>,1601932537,1601932537,content,1,161,my-index,0,0
1000,1178,myoverview,<blank>,1601932537,1601932537,content,2,161,my-index,0,0
1001,1167,timeline,<blank>,1601937715,1601937715,side-post,0,162,my-index,0,0
1002,1167,private_files,<blank>,1601937715,1601937715,side-post,1,162,my-index,0,0
1003,1167,online_users,<blank>,1601937715,1601937715,side-post,2,162,my-index,0,0
1004,1167,badges,<blank>,1601937715,1601937715,side-post,3,162,my-index,0,0
1005,1167,calendar_month,<blank>,1601937715,1601937715,side-post,4,162,my-index,0,0
1006,1167,calendar_upcoming,<blank>,1601937715,1601937715,side-post,5,162,my-index,0,0
1007,1167,lp,<blank>,1601937715,1601937715,content,0,162,my-index,0,0
1008,1167,recentlyaccessedcourses,<blank>,1601937715,1601937715,content,1,162,my-index,0,0
1009,1167,myoverview,<blank>,1601937715,1601937715,content,2,162,my-index,0,0
1010,1198,timeline,<blank>,1601987663,1601987663,side-post,0,165,my-index,0,0
1011,1198,private_files,<blank>,1601987663,1601987663,side-post,1,165,my-index,0,0
1012,1198,online_users,<blank>,1601987663,1601987663,side-post,2,165,my-index,0,0
1013,1198,badges,<blank>,1601987663,1601987663,side-post,3,165,my-index,0,0
1014,1198,calendar_month,<blank>,1601987663,1601987663,side-post,4,165,my-index,0,0
1015,1198,calendar_upcoming,<blank>,1601987663,1601987663,side-post,5,165,my-index,0,0
1016,1198,lp,<blank>,1601987663,1601987663,content,0,165,my-index,0,0
1017,1198,recentlyaccessedcourses,<blank>,1601987663,1601987663,content,1,165,my-index,0,0
1018,1198,myoverview,<blank>,1601987663,1601987663,content,2,165,my-index,0,0
1019,1197,timeline,<blank>,1601987715,1601987715,side-post,0,166,my-index,0,0
1020,1197,private_files,<blank>,1601987715,1601987715,side-post,1,166,my-index,0,0
1021,1197,online_users,<blank>,1601987715,1601987715,side-post,2,166,my-index,0,0
1022,1197,badges,<blank>,1601987715,1601987715,side-post,3,166,my-index,0,0
1023,1197,calendar_month,<blank>,1601987715,1601987715,side-post,4,166,my-index,0,0
1024,1197,calendar_upcoming,<blank>,1601987715,1601987715,side-post,5,166,my-index,0,0
1025,1197,lp,<blank>,1601987715,1601987715,content,0,166,my-index,0,0
1026,1197,recentlyaccessedcourses,<blank>,1601987715,1601987715,content,1,166,my-index,0,0
1027,1197,myoverview,<blank>,1601987715,1601987715,content,2,166,my-index,0,0
1028,1217,timeline,<blank>,1602073706,1602073706,side-post,0,168,my-index,0,0
1029,1217,private_files,<blank>,1602073709,1602073709,side-post,1,168,my-index,0,0
1030,1217,online_users,<blank>,1602073709,1602073709,side-post,2,168,my-index,0,0
1031,1217,badges,<blank>,1602073709,1602073709,side-post,3,168,my-index,0,0
1032,1217,calendar_month,<blank>,1602073709,1602073709,side-post,4,168,my-index,0,0
1033,1217,calendar_upcoming,<blank>,1602073709,1602073709,side-post,5,168,my-index,0,0
1034,1217,lp,<blank>,1602073709,1602073709,content,0,168,my-index,0,0
1035,1217,recentlyaccessedcourses,<blank>,1602073709,1602073709,content,1,168,my-index,0,0
1036,1217,myoverview,<blank>,1602073709,1602073709,content,2,168,my-index,0,0
1037,1227,timeline,<blank>,1602174180,1602174180,side-post,0,169,my-index,0,0
1038,1227,private_files,<blank>,1602174180,1602174180,side-post,1,169,my-index,0,0
1039,1227,online_users,<blank>,1602174180,1602174180,side-post,2,169,my-index,0,0
1040,1227,badges,<blank>,1602174180,1602174180,side-post,3,169,my-index,0,0
1041,1227,calendar_month,<blank>,1602174180,1602174180,side-post,4,169,my-index,0,0
1042,1227,calendar_upcoming,<blank>,1602174180,1602174180,side-post,5,169,my-index,0,0
1043,1227,lp,<blank>,1602174180,1602174180,content,0,169,my-index,0,0
1044,1227,recentlyaccessedcourses,<blank>,1602174180,1602174180,content,1,169,my-index,0,0
1045,1227,myoverview,<blank>,1602174180,1602174180,content,2,169,my-index,0,0
1046,1237,timeline,<blank>,1602179708,1602179708,side-post,0,171,my-index,0,0
1047,1237,private_files,<blank>,1602179708,1602179708,side-post,1,171,my-index,0,0
1048,1237,online_users,<blank>,1602179708,1602179708,side-post,2,171,my-index,0,0
1049,1237,badges,<blank>,1602179708,1602179708,side-post,3,171,my-index,0,0
1050,1237,calendar_month,<blank>,1602179709,1602179709,side-post,4,171,my-index,0,0
1051,1237,calendar_upcoming,<blank>,1602179709,1602179709,side-post,5,171,my-index,0,0
1052,1237,lp,<blank>,1602179709,1602179709,content,0,171,my-index,0,0
1053,1237,recentlyaccessedcourses,<blank>,1602179709,1602179709,content,1,171,my-index,0,0
1054,1237,myoverview,<blank>,1602179709,1602179709,content,2,171,my-index,0,0
1055,1248,timeline,<blank>,1602531231,1602531231,side-post,0,175,my-index,0,0
1056,1248,private_files,<blank>,1602531231,1602531231,side-post,1,175,my-index,0,0
1057,1248,online_users,<blank>,1602531231,1602531231,side-post,2,175,my-index,0,0
1058,1248,badges,<blank>,1602531231,1602531231,side-post,3,175,my-index,0,0
1059,1248,calendar_month,<blank>,1602531231,1602531231,side-post,4,175,my-index,0,0
1060,1248,calendar_upcoming,<blank>,1602531231,1602531231,side-post,5,175,my-index,0,0
1061,1248,lp,<blank>,1602531231,1602531231,content,0,175,my-index,0,0
1062,1248,recentlyaccessedcourses,<blank>,1602531231,1602531231,content,1,175,my-index,0,0
1063,1248,myoverview,<blank>,1602531231,1602531231,content,2,175,my-index,0,0
1064,1247,timeline,<blank>,1602699804,1602699804,side-post,0,176,my-index,0,0
1065,1247,private_files,<blank>,1602699805,1602699805,side-post,1,176,my-index,0,0
1066,1247,online_users,<blank>,1602699805,1602699805,side-post,2,176,my-index,0,0
1067,1247,badges,<blank>,1602699805,1602699805,side-post,3,176,my-index,0,0
1068,1247,calendar_month,<blank>,1602699805,1602699805,side-post,4,176,my-index,0,0
1069,1247,calendar_upcoming,<blank>,1602699805,1602699805,side-post,5,176,my-index,0,0
1070,1247,lp,<blank>,1602699805,1602699805,content,0,176,my-index,0,0
1071,1247,recentlyaccessedcourses,<blank>,1602699805,1602699805,content,1,176,my-index,0,0
1072,1247,myoverview,<blank>,1602699805,1602699805,content,2,176,my-index,0,0
1073,1276,timeline,<blank>,1607456978,1607456978,side-post,0,185,my-index,0,0
1074,1276,private_files,<blank>,1607456978,1607456978,side-post,1,185,my-index,0,0
1075,1276,online_users,<blank>,1607456978,1607456978,side-post,2,185,my-index,0,0
1076,1276,badges,<blank>,1607456978,1607456978,side-post,3,185,my-index,0,0
1077,1276,calendar_month,<blank>,1607456978,1607456978,side-post,4,185,my-index,0,0
1078,1276,calendar_upcoming,<blank>,1607456978,1607456978,side-post,5,185,my-index,0,0
1079,1276,lp,<blank>,1607456978,1607456978,content,0,185,my-index,0,0
1080,1276,recentlyaccessedcourses,<blank>,1607456978,1607456978,content,1,185,my-index,0,0
1081,1276,myoverview,<blank>,1607456978,1607456978,content,2,185,my-index,0,0
1082,1287,timeline,<blank>,1607969094,1607969094,side-post,0,186,my-index,0,0
1083,1287,private_files,<blank>,1607969094,1607969094,side-post,1,186,my-index,0,0
1084,1287,online_users,<blank>,1607969094,1607969094,side-post,2,186,my-index,0,0
1085,1287,badges,<blank>,1607969094,1607969094,side-post,3,186,my-index,0,0
1086,1287,calendar_month,<blank>,1607969094,1607969094,side-post,4,186,my-index,0,0
1087,1287,calendar_upcoming,<blank>,1607969094,1607969094,side-post,5,186,my-index,0,0
1088,1287,lp,<blank>,1607969094,1607969094,content,0,186,my-index,0,0
1089,1287,recentlyaccessedcourses,<blank>,1607969094,1607969094,content,1,186,my-index,0,0
1090,1287,myoverview,<blank>,1607969094,1607969094,content,2,186,my-index,0,0
1091,1291,timeline,<blank>,1607974086,1607974086,side-post,0,187,my-index,0,0
1092,1291,private_files,<blank>,1607974086,1607974086,side-post,1,187,my-index,0,0
1093,1291,online_users,<blank>,1607974086,1607974086,side-post,2,187,my-index,0,0
1094,1291,badges,<blank>,1607974086,1607974086,side-post,3,187,my-index,0,0
1095,1291,calendar_month,<blank>,1607974086,1607974086,side-post,4,187,my-index,0,0
1096,1291,calendar_upcoming,<blank>,1607974086,1607974086,side-post,5,187,my-index,0,0
1097,1291,lp,<blank>,1607974086,1607974086,content,0,187,my-index,0,0
1098,1291,recentlyaccessedcourses,<blank>,1607974086,1607974086,content,1,187,my-index,0,0
1099,1291,myoverview,<blank>,1607974086,1607974086,content,2,187,my-index,0,0
1100,1289,timeline,<blank>,1607993389,1607993389,side-post,0,188,my-index,0,0
1101,1289,private_files,<blank>,1607993389,1607993389,side-post,1,188,my-index,0,0
1102,1289,online_users,<blank>,1607993389,1607993389,side-post,2,188,my-index,0,0
1103,1289,badges,<blank>,1607993389,1607993389,side-post,3,188,my-index,0,0
1104,1289,calendar_month,<blank>,1607993389,1607993389,side-post,4,188,my-index,0,0
1105,1289,calendar_upcoming,<blank>,1607993389,1607993389,side-post,5,188,my-index,0,0
1106,1289,lp,<blank>,1607993389,1607993389,content,0,188,my-index,0,0
1107,1289,recentlyaccessedcourses,<blank>,1607993389,1607993389,content,1,188,my-index,0,0
1108,1289,myoverview,<blank>,1607993389,1607993389,content,2,188,my-index,0,0
1109,1292,timeline,<blank>,1608085982,1608085982,side-post,0,189,my-index,0,0
1110,1292,private_files,<blank>,1608085982,1608085982,side-post,1,189,my-index,0,0
1111,1292,online_users,<blank>,1608085982,1608085982,side-post,2,189,my-index,0,0
1112,1292,badges,<blank>,1608085982,1608085982,side-post,3,189,my-index,0,0
1113,1292,calendar_month,<blank>,1608085982,1608085982,side-post,4,189,my-index,0,0
1114,1292,calendar_upcoming,<blank>,1608085982,1608085982,side-post,5,189,my-index,0,0
1115,1292,lp,<blank>,1608085982,1608085982,content,0,189,my-index,0,0
1116,1292,recentlyaccessedcourses,<blank>,1608085982,1608085982,content,1,189,my-index,0,0
1117,1292,myoverview,<blank>,1608085982,1608085982,content,2,189,my-index,0,0
1118,1286,timeline,<blank>,1608143580,1608143580,side-post,0,190,my-index,0,0
1119,1286,private_files,<blank>,1608143580,1608143580,side-post,1,190,my-index,0,0
1120,1286,online_users,<blank>,1608143580,1608143580,side-post,2,190,my-index,0,0
1121,1286,badges,<blank>,1608143580,1608143580,side-post,3,190,my-index,0,0
1122,1286,calendar_month,<blank>,1608143580,1608143580,side-post,4,190,my-index,0,0
1123,1286,calendar_upcoming,<blank>,1608143580,1608143580,side-post,5,190,my-index,0,0
1124,1286,lp,<blank>,1608143581,1608143581,content,0,190,my-index,0,0
1125,1286,recentlyaccessedcourses,<blank>,1608143581,1608143581,content,1,190,my-index,0,0
1126,1286,myoverview,<blank>,1608143581,1608143581,content,2,190,my-index,0,0
1127,1288,timeline,<blank>,1608221877,1608221877,side-post,0,191,my-index,0,0
1128,1288,private_files,<blank>,1608221877,1608221877,side-post,1,191,my-index,0,0
1129,1288,online_users,<blank>,1608221877,1608221877,side-post,2,191,my-index,0,0
1130,1288,badges,<blank>,1608221877,1608221877,side-post,3,191,my-index,0,0
1131,1288,calendar_month,<blank>,1608221877,1608221877,side-post,4,191,my-index,0,0
1132,1288,calendar_upcoming,<blank>,1608221877,1608221877,side-post,5,191,my-index,0,0
1133,1288,lp,<blank>,1608221877,1608221877,content,0,191,my-index,0,0
1134,1288,recentlyaccessedcourses,<blank>,1608221877,1608221877,content,1,191,my-index,0,0
1135,1288,myoverview,<blank>,1608221877,1608221877,content,2,191,my-index,0,0
1136,1348,timeline,<blank>,1608698876,1608698876,side-post,0,193,my-index,0,0
1137,1348,private_files,<blank>,1608698876,1608698876,side-post,1,193,my-index,0,0
1138,1348,online_users,<blank>,1608698876,1608698876,side-post,2,193,my-index,0,0
1139,1348,badges,<blank>,1608698876,1608698876,side-post,3,193,my-index,0,0
1140,1348,calendar_month,<blank>,1608698876,1608698876,side-post,4,193,my-index,0,0
1141,1348,calendar_upcoming,<blank>,1608698876,1608698876,side-post,5,193,my-index,0,0
1142,1348,lp,<blank>,1608698876,1608698876,content,0,193,my-index,0,0
1143,1348,recentlyaccessedcourses,<blank>,1608698876,1608698876,content,1,193,my-index,0,0
1144,1348,myoverview,<blank>,1608698876,1608698876,content,2,193,my-index,0,0

