id,roleid,allowswitch
base64:type253:M213eWxkcjFtd3lsZHIx,base64:type253:M213eWxkcjFtd3lsZHIx,base64:type253:M213eWxkcjFtd3lsZHIx
base64:type253:NG13eWxkcjJtd3lsZHIx,base64:type253:NG13eWxkcjJtd3lsZHIx,base64:type253:NG13eWxkcjJtd3lsZHIx
base64:type253:NW13eWxkcjNtd3lsZHIx,base64:type253:NW13eWxkcjNtd3lsZHIx,base64:type253:NW13eWxkcjNtd3lsZHIx
base64:type253:Nm13eWxkcjRtd3lsZHIx,base64:type253:Nm13eWxkcjRtd3lsZHIx,base64:type253:Nm13eWxkcjRtd3lsZHIx
base64:type253:NG13eWxkcjVtd3lsZHIz,base64:type253:NG13eWxkcjVtd3lsZHIz,base64:type253:NG13eWxkcjVtd3lsZHIz
base64:type253:NW13eWxkcjZtd3lsZHIz,base64:type253:NW13eWxkcjZtd3lsZHIz,base64:type253:NW13eWxkcjZtd3lsZHIz
base64:type253:Nm13eWxkcjdtd3lsZHIz,base64:type253:Nm13eWxkcjdtd3lsZHIz,base64:type253:Nm13eWxkcjdtd3lsZHIz
base64:type253:NW13eWxkcjhtd3lsZHI0,base64:type253:NW13eWxkcjhtd3lsZHI0,base64:type253:NW13eWxkcjhtd3lsZHI0
base64:type253:Nm13eWxkcjltd3lsZHI0,base64:type253:Nm13eWxkcjltd3lsZHI0,base64:type253:Nm13eWxkcjltd3lsZHI0

