id,intro,name,course,content,display,revision,introformat,legacyfiles,timemodified,contentformat,displayoptions,legacyfileslast
2,"<p dir=""ltr"" style=""text-align: center;""><iframe width=""560"" height=""315"" src=""https://www.youtube.com/embed/Nj8f00HqLvU"" frameborder=""0"" allow=""accelerometer; autoplay; encrypted-media; gyroscope; picture-in-picture"" allowfullscreen=""""></iframe></p>",C\xe1psula: Rutinas de Trabajo Muscular para el Adulto Mayor,2,"<p dir=""ltr"" style=""text-align: left;""><br></p>",5,3,1,0,1590528344,1,"a:3:{s:12:""printheading"";s:1:""1"";s:10:""printintro"";s:1:""0"";s:17:""printlastmodified"";s:1:""1"";}",NULL
3,"<p dir=""ltr"" style=""text-align: center;""><iframe width=""560"" height=""315"" src=""https://www.youtube.com/embed/O6TqhCavpiY"" frameborder=""0"" allow=""accelerometer; autoplay; encrypted-media; gyroscope; picture-in-picture"" allowfullscreen=""""></iframe></p>","C\xe1psula: Activaci\xf3n F\xedsica para el Adulto Mayor con Patolog\xedas como: Osteoporosis, Hipertensi\xf3n o Diabetes",2,"<p dir=""ltr"" style=""text-align: left;"">.</p>",5,2,1,0,1590528351,1,"a:3:{s:12:""printheading"";s:1:""1"";s:10:""printintro"";s:1:""0"";s:17:""printlastmodified"";s:1:""1"";}",NULL
4,"<p dir=""ltr"" style=""text-align: center;""><iframe width=""560"" height=""315"" src=""https://www.youtube.com/embed/ZhE3IxbZl24"" frameborder=""0"" allow=""accelerometer; autoplay; encrypted-media; gyroscope; picture-in-picture"" allowfullscreen=""""></iframe></p>",C\xe1psula: Ejercicios de Flexibilidad en el Adulto Mayor,2,"<p dir=""ltr"" style=""text-align: left;"">.</p>",5,1,1,0,1590597530,1,"a:3:{s:12:""printheading"";s:1:""1"";s:10:""printintro"";s:1:""0"";s:17:""printlastmodified"";s:1:""1"";}",NULL
5,"<p dir=""ltr"" style=""text-align: center;""><iframe width=""560"" height=""315"" src=""https://www.youtube.com/embed/RyS1F_lygNI"" frameborder=""0"" allow=""accelerometer; autoplay; encrypted-media; gyroscope; picture-in-picture"" allowfullscreen=""""></iframe></p>",C\xe1psula: Ejercicios de Estiramiento para el Adulto Mayor,2,"<p dir=""ltr"" style=""text-align: left;"">.</p>",5,1,1,0,1590685098,1,"a:3:{s:12:""printheading"";s:1:""1"";s:10:""printintro"";s:1:""0"";s:17:""printlastmodified"";s:1:""1"";}",NULL
6,"<p dir=""ltr"" style=""text-align: left;""><div class=""iframe-container"" style=""overflow: hidden; padding-top: 56.25%; position: relative;"">\r\n    \t<iframe allow=""microphone; camera"" style=""border: 0; height: 100%; left: 0; position: absolute; top: 0; width: 100%;"" src=""https://success.zoom.us/wc/join/93220526120?pwd=eWMrWFVWajJ6UllRSkgrSVhlKy81dz09"" frameborder=""0""></iframe>\r\n\t</div><br></p>",Zoom Conferencia T\xe9cnica de Bienvenida,2,"<p dir=""ltr"" style=""text-align: left;"">.</p>",5,1,1,0,1593812452,1,"a:3:{s:12:""printheading"";s:1:""1"";s:10:""printintro"";s:1:""0"";s:17:""printlastmodified"";s:1:""1"";}",NULL
7,"<div class=""iframe-container"" style=""overflow: hidden; padding-top: 56.25%; position: relative;"">\r\n    \t<iframe allow=""microphone; camera"" style=""border: 0; height: 100%; left: 0; position: absolute; top: 0; width: 100%;"" src=""https://success.zoom.us/wc/join/93220526120?pwd=eWMrWFVWajJ6UllRSkgrSVhlKy81dz09"" frameborder=""0""></iframe>\r\n\t</div>",Conferencia T\xe9cnica y Bienvenida al Curso,2,"<p dir=""ltr"" style=""text-align: left;"">.</p>",5,1,1,0,1593812561,1,"a:3:{s:12:""printheading"";s:1:""1"";s:10:""printintro"";s:1:""0"";s:17:""printlastmodified"";s:1:""1"";}",NULL
8,"<p dir=""ltr"" style=""text-align: center;""><iframe width=""560"" height=""315"" src=""https://www.youtube.com/embed/HuwpVOtKz0o"" frameborder=""0"" allow=""accelerometer; autoplay; clipboard-write; encrypted-media; gyroscope; picture-in-picture"" allowfullscreen=""""></iframe></p>",Video Conferencias 09 de Octubre 2020,4,"<p style=""text-align: center;""><strong><em>\r\n\r\nTema: Reuni\xf3n Zoom Lengua de Se\xf1as Mexicana\r\nHora: 9 oct 2020 05:00 PM Hora del pac\xedfico (EE.\xa0UU. y Canad\xe1)\r\n\r\nUnirse a la reuni\xf3n Zoom</em></strong></p>\r\n<p></p>\r\n<ul>\r\n    <li><a href=""https://zoom.us/j/99045770056?pwd=ZnJSSCtmZVNhc08xWnJZWFlLWFBCUT09"">https://zoom.us/j/99045770056?pwd=ZnJSSCtmZVNhc08xWnJZWFlLWFBCUT09\xa0</a></li>\r\n    <li><span style=""font-size: 0.9375rem; font-family: -apple-system, BlinkMacSystemFont, ""Segoe UI"", Roboto, ""Helvetica Neue"", Arial, ""Noto Sans"", sans-serif, ""Apple Color Emoji"", ""Segoe UI Emoji"", ""Segoe UI Symbol"", ""Noto Color Emoji"";"">ID de reuni\xf3n: 990 4577 0056</span></li>\r\n    <li><span style=""font-size: 0.9375rem; font-family: -apple-system, BlinkMacSystemFont, ""Segoe UI"", Roboto, ""Helvetica Neue"", Arial, ""Noto Sans"", sans-serif, ""Apple Color Emoji"", ""Segoe UI Emoji"", ""Segoe UI Symbol"", ""Noto Color Emoji"";"">C\xf3digo de acceso: 1EfPNm</span></li>\r\n</ul>\r\n<p></p>",5,9,1,0,1602531952,1,"a:3:{s:12:""printheading"";s:1:""1"";s:10:""printintro"";s:1:""0"";s:17:""printlastmodified"";s:1:""1"";}",NULL
9,"<p dir=""ltr"" style=""text-align: left;""><br></p>\r\n<p style=""text-align: center;""></p>\r\n<p style=""text-align: center;""><iframe src=""https://player.vimeo.com/video/471428317"" width=""680"" height=""370"" frameborder=""0"" allow=""autoplay; fullscreen"" allowfullscreen="""" style=""font-size: 0.9375rem; font-family: -apple-system, BlinkMacSystemFont, ""Segoe UI"", Roboto, ""Helvetica Neue"", Arial, ""Noto Sans"", sans-serif, ""Apple Color Emoji"", ""Segoe UI Emoji"", ""Segoe UI Symbol"", ""Noto Color Emoji"";""></iframe></p>",Video Conferencia Programada 16 de Octubre 2020,4,"<p dir=""ltr""><span style=""font-size: 0.9375rem; font-family: -apple-system, BlinkMacSystemFont, ""Segoe UI"", Roboto, ""Helvetica Neue"", Arial, ""Noto Sans"", sans-serif, ""Apple Color Emoji"", ""Segoe UI Emoji"", ""Segoe UI Symbol"", ""Noto Color Emoji"";"">Tema: 2da Reuni\xf3n Zoom Lengua de Se\xf1as en el \xc1mbito Deportivo Mexicano</span><br></p><p dir=""ltr"">Hora: 16 oct 2020 05:00 PM Ciudad de M\xe9xico</p><p dir=""ltr""><span style=""font-family: -apple-system, BlinkMacSystemFont, ""Segoe UI"", Roboto, ""Helvetica Neue"", Arial, ""Noto Sans"", sans-serif, ""Apple Color Emoji"", ""Segoe UI Emoji"", ""Segoe UI Symbol"", ""Noto Color Emoji""; font-size: 0.9375rem;"">Unirse a la reuni\xf3n Zoom</span></p><p dir=""ltr""><a href=""https://zoom.us/j/99839770105?pwd=aWdvZ1dTV2Q0eldGWURvbG1iZ3htQT09"">https://zoom.us/j/99839770105?pwd=aWdvZ1dTV2Q0eldGWURvbG1iZ3htQT09</a></p><p dir=""ltr""><ul><li>ID de reuni\xf3n: 998 3977 0105</li><li>C\xf3digo de acceso: 022154</li></ul></p>",5,17,1,0,1603999855,1,"a:3:{s:12:""printheading"";s:1:""1"";s:10:""printintro"";s:1:""0"";s:17:""printlastmodified"";s:1:""1"";}",NULL
10,"<video width=""560"" height=""315"" controls="""">\r\n  <source src=""https://certificaciones.comudeguadalajara.gob.mx/theme/videos/LSMMIII.mp4"" type=""video/mp4"">\r\n  Tu navegador no implementa el elemento <code>video</code>.\r\n</video>",Video Conferencia Programada 23 de Octubre 2020,4,"<span style=""font-size: 0.9375rem; font-family: -apple-system, BlinkMacSystemFont, ""Segoe UI"", Roboto, ""Helvetica Neue"", Arial, ""Noto Sans"", sans-serif, ""Apple Color Emoji"", ""Segoe UI Emoji"", ""Segoe UI Symbol"", ""Noto Color Emoji"";"">Tema: Certificaci\xf3n Lengua de Se\xf1as Mexicano en el \xc1mbito Deportivo M\xf3dulo III</span><br><p>Hora: 21 oct 2020 02:00 PM Ciudad de M\xe9xico</p><p><span style=""font-size: 0.9375rem; font-family: -apple-system, BlinkMacSystemFont, ""Segoe UI"", Roboto, ""Helvetica Neue"", Arial, ""Noto Sans"", sans-serif, ""Apple Color Emoji"", ""Segoe UI Emoji"", ""Segoe UI Symbol"", ""Noto Color Emoji"";"">Unirse a la reuni\xf3n Zoom</span><br></p><p><a href=""https://zoom.us/j/92452786679?pwd=cFZUdUNLU3NGenBZWGtvQndkczBzUT09"">https://zoom.us/j/92452786679?pwd=cFZUdUNLU3NGenBZWGtvQndkczBzUT09</a></p><p>ID de reuni\xf3n: 924 5278 6679</p><p>C\xf3digo de acceso: 069510</p>",5,11,1,0,1603814632,1,"a:3:{s:12:""printheading"";s:1:""1"";s:10:""printintro"";s:1:""0"";s:17:""printlastmodified"";s:1:""1"";}",NULL
11,"<p dir=""ltr"" style=""text-align: left;"">Video Conferencia Programada 30 de Octubre 2020, 17:00 Hrs.<br></p>",Video Conferencia Programada 30 de Octubre 2020,4,"<p dir=""ltr""><span style=""font-size: 0.9375rem; font-family: -apple-system, BlinkMacSystemFont, ""Segoe UI"", Roboto, ""Helvetica Neue"", Arial, ""Noto Sans"", sans-serif, ""Apple Color Emoji"", ""Segoe UI Emoji"", ""Segoe UI Symbol"", ""Noto Color Emoji"";"">Tema: Lenguaje de Se\xf1as Mexicano IV Sesi\xf3n - Modulo IV</span><br></p><p dir=""ltr"">Hora: 30 oct 2020 05:00 PM Ciudad de M\xe9xico</p><p dir=""ltr"">Unirse a la reuni\xf3n Zoom</p><p dir=""ltr""><a href=""https://zoom.us/j/93300178711?pwd=R2FMUitxYTEvQjVFR0pWTTFUcmVRZz09"">https://zoom.us/j/93300178711?pwd=R2FMUitxYTEvQjVFR0pWTTFUcmVRZz09</a></p><p dir=""ltr""><span style=""font-size: 0.9375rem; font-family: -apple-system, BlinkMacSystemFont, ""Segoe UI"", Roboto, ""Helvetica Neue"", Arial, ""Noto Sans"", sans-serif, ""Apple Color Emoji"", ""Segoe UI Emoji"", ""Segoe UI Symbol"", ""Noto Color Emoji"";"">ID de reuni\xf3n: 933 0017 8711</span><br></p><p dir=""ltr"">C\xf3digo de acceso: 559775</p>",5,1,1,0,1603999585,1,"a:3:{s:12:""printheading"";s:1:""1"";s:10:""printintro"";s:1:""0"";s:17:""printlastmodified"";s:1:""1"";}",NULL
12,"<p style=""text-align: center;""><iframe width=""560"" height=""315"" src=""https://www.youtube.com/embed/_klITAvGHVo"" frameborder=""0"" allow=""accelerometer; autoplay; clipboard-write; encrypted-media; gyroscope; picture-in-picture"" allowfullscreen="""" style=""font-size: 0.9375rem; font-family: -apple-system, BlinkMacSystemFont, ""Segoe UI"", Roboto, ""Helvetica Neue"", Arial, ""Noto Sans"", sans-serif, ""Apple Color Emoji"", ""Segoe UI Emoji"", ""Segoe UI Symbol"", ""Noto Color Emoji"";""></iframe></p>",Video Conferencia Programada 06 de Noviembre 2020,4,"<p dir=""ltr"">Marcos Hernandez le est\xe1 invitando a una reuni\xf3n de Zoom programada.</p><p dir=""ltr""><span style=""font-size: 0.9375rem; font-family: -apple-system, BlinkMacSystemFont, ""Segoe UI"", Roboto, ""Helvetica Neue"", Arial, ""Noto Sans"", sans-serif, ""Apple Color Emoji"", ""Segoe UI Emoji"", ""Segoe UI Symbol"", ""Noto Color Emoji"";"">Tema: Lengua de Se\xf1as Mexicano\xa0 en el \xc1mbito Deportivo Sesi\xf3n 5 Retroalimentaci\xf3n</span><br></p><p dir=""ltr"">Hora: 6 nov 2020 05:00 PM Ciudad de M\xe9xico</p><p dir=""ltr"">Unirse a la reuni\xf3n Zoom</p><p dir=""ltr""><a href=""https://zoom.us/j/95107125324?pwd=Q3JhcDk3OG92NHhKU0Urd2pGRllQdz09"">https://zoom.us/j/95107125324?pwd=Q3JhcDk3OG92NHhKU0Urd2pGRllQdz09</a></p><p dir=""ltr""><span style=""font-size: 0.9375rem; font-family: -apple-system, BlinkMacSystemFont, ""Segoe UI"", Roboto, ""Helvetica Neue"", Arial, ""Noto Sans"", sans-serif, ""Apple Color Emoji"", ""Segoe UI Emoji"", ""Segoe UI Symbol"", ""Noto Color Emoji"";"">ID de reuni\xf3n: 951 0712 5324</span><br></p><p dir=""ltr"">C\xf3digo de acceso: 544775</p><p dir=""ltr""><br></p>",5,3,1,0,1604708240,1,"a:3:{s:12:""printheading"";s:1:""1"";s:10:""printintro"";s:1:""0"";s:17:""printlastmodified"";s:1:""1"";}",NULL

