id,userid,script,value,instance,validuntil,timecreated,iprestriction
core_files,<blank>,2,1,06a5d73af15feb45e123cbdf305a3066,<blank>,<blank>,1589229091
core_files,<blank>,36,2,a5981bbd608ceeb33ef488379cc42b97,<blank>,<blank>,1593648639
core_files,<blank>,19,3,f4360d02da0361f22ac2a9bc5d18c928,<blank>,<blank>,1593648680
core_files,<blank>,86,4,43d6cdeaa722d69dbafea9dda2f6c9c0,<blank>,<blank>,1593650001
core_files,<blank>,74,5,15e9fabc9c1b3282af7e889ed7bbb516,<blank>,<blank>,1593709281
core_files,<blank>,44,6,5a542f0cdb8a3c2d543a5d1bbc4e201b,<blank>,<blank>,1594086982
core_files,<blank>,31,7,1aeb5046b512d5c137fcba9ca2d30eec,<blank>,<blank>,1594166136
core_files,<blank>,67,10,9f887bae23f07d3962788c0ab26aff70,<blank>,<blank>,1594264115
core_files,<blank>,72,11,8e17de368e059e88858ce4774a32c97b,<blank>,<blank>,1594340698
core_files,<blank>,48,12,aef2ecaa521c918d41ed588fa46e2d2b,<blank>,<blank>,1594529691
core_files,<blank>,57,14,fcc99547e56226106d0a3016bf83d166,<blank>,<blank>,1594697165
core_files,<blank>,66,15,cb2f95f247e7b71f12699cdad079337a,<blank>,<blank>,1594845804
core_files,<blank>,91,16,dba550e8c20a5ecdee681f0f91f48f5b,<blank>,<blank>,1594937184
core_files,<blank>,27,17,6a2e35c01ae47aafca6a1b99f07f05cf,<blank>,<blank>,1595036300
core_files,<blank>,68,18,6405d36062fe6fe9fa334e2e4004e621,<blank>,<blank>,1595036567
core_files,<blank>,87,19,a228b798e5cdff05c5630ec6afb14271,<blank>,<blank>,1595040748
core_files,<blank>,52,20,0cd9d9c4adec36cc3b43ea44cdd79d70,<blank>,<blank>,1595176011
core_files,<blank>,3,21,51ef451c704aa7b5b12db7d25133d8d2,<blank>,<blank>,1595861977
core_files,<blank>,112,23,76df3080fe6df1d6caba71c7e366be47,<blank>,<blank>,1601931487
core_files,<blank>,69,24,80937010bfc8147425cb9044ab158707,<blank>,<blank>,1603067854
core_files,<blank>,104,25,0c42bfdddd2f8da6c12bf6113f0a9c63,<blank>,<blank>,1603490606
core_files,<blank>,103,26,66eea207e1b3f3e7a197593fc6d827cc,<blank>,<blank>,1603491450
core_files,<blank>,111,27,471f94e508b346b9afc0758c4f9dfad3,<blank>,<blank>,1603491552
core_files,<blank>,120,28,9cdfd982af43badcec2cfae2f4cdb68f,<blank>,<blank>,1603491627
core_files,<blank>,106,29,0ffb90c0ad0e6816c5f72323f06a3a65,<blank>,<blank>,1603491805

