id,intro,multi,text,type,options,shorttext
1,<blank>,<blank>,colles1,1,scaletimes5,colles1short
2,<blank>,<blank>,colles2,1,scaletimes5,colles2short
3,<blank>,<blank>,colles3,1,scaletimes5,colles3short
4,<blank>,<blank>,colles4,1,scaletimes5,colles4short
5,<blank>,<blank>,colles5,1,scaletimes5,colles5short
6,<blank>,<blank>,colles6,1,scaletimes5,colles6short
7,<blank>,<blank>,colles7,1,scaletimes5,colles7short
8,<blank>,<blank>,colles8,1,scaletimes5,colles8short
9,<blank>,<blank>,colles9,1,scaletimes5,colles9short
10,<blank>,<blank>,colles10,1,scaletimes5,colles10short
11,<blank>,<blank>,colles11,1,scaletimes5,colles11short
12,<blank>,<blank>,colles12,1,scaletimes5,colles12short
13,<blank>,<blank>,colles13,1,scaletimes5,colles13short
14,<blank>,<blank>,colles14,1,scaletimes5,colles14short
15,<blank>,<blank>,colles15,1,scaletimes5,colles15short
16,<blank>,<blank>,colles16,1,scaletimes5,colles16short
17,<blank>,<blank>,colles17,1,scaletimes5,colles17short
18,<blank>,<blank>,colles18,1,scaletimes5,colles18short
19,<blank>,<blank>,colles19,1,scaletimes5,colles19short
20,<blank>,<blank>,colles20,1,scaletimes5,colles20short
21,<blank>,<blank>,colles21,1,scaletimes5,colles21short
22,<blank>,<blank>,colles22,1,scaletimes5,colles22short
23,<blank>,<blank>,colles23,1,scaletimes5,colles23short
24,<blank>,<blank>,colles24,1,scaletimes5,colles24short
25,collesmintro,"1,2,3,4",collesm1,1,scaletimes5,collesm1short
26,collesmintro,"5,6,7,8",collesm2,1,scaletimes5,collesm2short
27,collesmintro,"9,10,11,12",collesm3,1,scaletimes5,collesm3short
28,collesmintro,"13,14,15,16",collesm4,1,scaletimes5,collesm4short
29,collesmintro,"17,18,19,20",collesm5,1,scaletimes5,collesm5short
30,collesmintro,"21,22,23,24",collesm6,1,scaletimes5,collesm6short
31,collesmintro,"1,2,3,4",collesm1,2,scaletimes5,collesm1short
32,collesmintro,"5,6,7,8",collesm2,2,scaletimes5,collesm2short
33,collesmintro,"9,10,11,12",collesm3,2,scaletimes5,collesm3short
34,collesmintro,"13,14,15,16",collesm4,2,scaletimes5,collesm4short
35,collesmintro,"17,18,19,20",collesm5,2,scaletimes5,collesm5short
36,collesmintro,"21,22,23,24",collesm6,2,scaletimes5,collesm6short
37,collesmintro,"1,2,3,4",collesm1,3,scaletimes5,collesm1short
38,collesmintro,"5,6,7,8",collesm2,3,scaletimes5,collesm2short
39,collesmintro,"9,10,11,12",collesm3,3,scaletimes5,collesm3short
40,collesmintro,"13,14,15,16",collesm4,3,scaletimes5,collesm4short
41,collesmintro,"17,18,19,20",collesm5,3,scaletimes5,collesm5short
42,collesmintro,"21,22,23,24",collesm6,3,scaletimes5,collesm6short
43,<blank>,<blank>,howlong,1,howlongoptions,<blank>
<blank>,<blank>,<blank>,0,44,othercomments,<blank>
45,<blank>,<blank>,attls1,1,scaleagree5,attls1short
46,<blank>,<blank>,attls2,1,scaleagree5,attls2short
47,<blank>,<blank>,attls3,1,scaleagree5,attls3short
48,<blank>,<blank>,attls4,1,scaleagree5,attls4short
49,<blank>,<blank>,attls5,1,scaleagree5,attls5short
50,<blank>,<blank>,attls6,1,scaleagree5,attls6short
51,<blank>,<blank>,attls7,1,scaleagree5,attls7short
52,<blank>,<blank>,attls8,1,scaleagree5,attls8short
53,<blank>,<blank>,attls9,1,scaleagree5,attls9short
54,<blank>,<blank>,attls10,1,scaleagree5,attls10short
55,<blank>,<blank>,attls11,1,scaleagree5,attls11short
56,<blank>,<blank>,attls12,1,scaleagree5,attls12short
57,<blank>,<blank>,attls13,1,scaleagree5,attls13short
58,<blank>,<blank>,attls14,1,scaleagree5,attls14short
59,<blank>,<blank>,attls15,1,scaleagree5,attls15short
60,<blank>,<blank>,attls16,1,scaleagree5,attls16short
61,<blank>,<blank>,attls17,1,scaleagree5,attls17short
62,<blank>,<blank>,attls18,1,scaleagree5,attls18short
63,<blank>,<blank>,attls19,1,scaleagree5,attls19short
64,<blank>,<blank>,attls20,1,scaleagree5,attls20short
65,attlsmintro,"45,46,47,48,49,50,51,52,53,54,55,56,57,58,59,60,61,62,63,64",attlsm1,1,scaleagree5,attlsm1
66,-,-,-,0,-,-
67,attlsmintro,"63,62,59,57,55,49,52,50,48,47",attlsm2,-1,scaleagree5,attlsm2
68,attlsmintro,"46,54,45,51,60,53,56,58,61,64",attlsm3,-1,scaleagree5,attlsm3
<blank>,<blank>,ciq1short,0,69,ciq1,<blank>
<blank>,<blank>,ciq2short,0,70,ciq2,<blank>
<blank>,<blank>,ciq3short,0,71,ciq3,<blank>
<blank>,<blank>,ciq4short,0,72,ciq4,<blank>
<blank>,<blank>,ciq5short,0,73,ciq5,<blank>

