id,userid,quiz,grade,timemodified
base64:type253:MTAuMDAwMDBtd3lsZHI4MG13eWxkcjFtd3lsZHIxNjAzNzQwMzIwbXd5bGRyMTA5,base64:type253:MTAuMDAwMDBtd3lsZHI4MG13eWxkcjFtd3lsZHIxNjAzNzQwMzIwbXd5bGRyMTA5,base64:type253:MTAuMDAwMDBtd3lsZHI4MG13eWxkcjFtd3lsZHIxNjAzNzQwMzIwbXd5bGRyMTA5,base64:type253:MTAuMDAwMDBtd3lsZHI4MG13eWxkcjFtd3lsZHIxNjAzNzQwMzIwbXd5bGRyMTA5,base64:type253:MTAuMDAwMDBtd3lsZHI4MG13eWxkcjFtd3lsZHIxNjAzNzQwMzIwbXd5bGRyMTA5
base64:type253:MTAuMDAwMDBtd3lsZHI4MW13eWxkcjFtd3lsZHIxNjAzNzYzNjE0bXd5bGRyMTE2,base64:type253:MTAuMDAwMDBtd3lsZHI4MW13eWxkcjFtd3lsZHIxNjAzNzYzNjE0bXd5bGRyMTE2,base64:type253:MTAuMDAwMDBtd3lsZHI4MW13eWxkcjFtd3lsZHIxNjAzNzYzNjE0bXd5bGRyMTE2,base64:type253:MTAuMDAwMDBtd3lsZHI4MW13eWxkcjFtd3lsZHIxNjAzNzYzNjE0bXd5bGRyMTE2,base64:type253:MTAuMDAwMDBtd3lsZHI4MW13eWxkcjFtd3lsZHIxNjAzNzYzNjE0bXd5bGRyMTE2
base64:type253:OC42NjY2N213eWxkcjgybXd5bGRyMW13eWxkcjE2MDM5MDU0NDhtd3lsZHIxMTc=,base64:type253:OC42NjY2N213eWxkcjgybXd5bGRyMW13eWxkcjE2MDM5MDU0NDhtd3lsZHIxMTc=,base64:type253:OC42NjY2N213eWxkcjgybXd5bGRyMW13eWxkcjE2MDM5MDU0NDhtd3lsZHIxMTc=,base64:type253:OC42NjY2N213eWxkcjgybXd5bGRyMW13eWxkcjE2MDM5MDU0NDhtd3lsZHIxMTc=,base64:type253:OC42NjY2N213eWxkcjgybXd5bGRyMW13eWxkcjE2MDM5MDU0NDhtd3lsZHIxMTc=
base64:type253:OC4wMDAwMG13eWxkcjgzbXd5bGRyMW13eWxkcjE2MDQwMTQzMzFtd3lsZHIxMDU=,base64:type253:OC4wMDAwMG13eWxkcjgzbXd5bGRyMW13eWxkcjE2MDQwMTQzMzFtd3lsZHIxMDU=,base64:type253:OC4wMDAwMG13eWxkcjgzbXd5bGRyMW13eWxkcjE2MDQwMTQzMzFtd3lsZHIxMDU=,base64:type253:OC4wMDAwMG13eWxkcjgzbXd5bGRyMW13eWxkcjE2MDQwMTQzMzFtd3lsZHIxMDU=,base64:type253:OC4wMDAwMG13eWxkcjgzbXd5bGRyMW13eWxkcjE2MDQwMTQzMzFtd3lsZHIxMDU=
base64:type253:OS4zMzMzM213eWxkcjg0bXd5bGRyMW13eWxkcjE2MDQxNzYwODVtd3lsZHIxMjE=,base64:type253:OS4zMzMzM213eWxkcjg0bXd5bGRyMW13eWxkcjE2MDQxNzYwODVtd3lsZHIxMjE=,base64:type253:OS4zMzMzM213eWxkcjg0bXd5bGRyMW13eWxkcjE2MDQxNzYwODVtd3lsZHIxMjE=,base64:type253:OS4zMzMzM213eWxkcjg0bXd5bGRyMW13eWxkcjE2MDQxNzYwODVtd3lsZHIxMjE=,base64:type253:OS4zMzMzM213eWxkcjg0bXd5bGRyMW13eWxkcjE2MDQxNzYwODVtd3lsZHIxMjE=
base64:type253:MC4wMDAwMG13eWxkcjg1bXd5bGRyMm13eWxkcjE2MDg4MzQ5Mjltd3lsZHI5OQ==,base64:type253:MC4wMDAwMG13eWxkcjg1bXd5bGRyMm13eWxkcjE2MDg4MzQ5Mjltd3lsZHI5OQ==,base64:type253:MC4wMDAwMG13eWxkcjg1bXd5bGRyMm13eWxkcjE2MDg4MzQ5Mjltd3lsZHI5OQ==,base64:type253:MC4wMDAwMG13eWxkcjg1bXd5bGRyMm13eWxkcjE2MDg4MzQ5Mjltd3lsZHI5OQ==,base64:type253:MC4wMDAwMG13eWxkcjg1bXd5bGRyMm13eWxkcjE2MDg4MzQ5Mjltd3lsZHI5OQ==
base64:type253:OS4wMDAwMG13eWxkcjg2bXd5bGRyMm13eWxkcjE2MDgyMjI5NTltd3lsZHIxMjY=,base64:type253:OS4wMDAwMG13eWxkcjg2bXd5bGRyMm13eWxkcjE2MDgyMjI5NTltd3lsZHIxMjY=,base64:type253:OS4wMDAwMG13eWxkcjg2bXd5bGRyMm13eWxkcjE2MDgyMjI5NTltd3lsZHIxMjY=,base64:type253:OS4wMDAwMG13eWxkcjg2bXd5bGRyMm13eWxkcjE2MDgyMjI5NTltd3lsZHIxMjY=,base64:type253:OS4wMDAwMG13eWxkcjg2bXd5bGRyMm13eWxkcjE2MDgyMjI5NTltd3lsZHIxMjY=
base64:type253:OS4wMDAwMG13eWxkcjg3bXd5bGRyMm13eWxkcjE2MDc5NzQ1NThtd3lsZHIxMzA=,base64:type253:OS4wMDAwMG13eWxkcjg3bXd5bGRyMm13eWxkcjE2MDc5NzQ1NThtd3lsZHIxMzA=,base64:type253:OS4wMDAwMG13eWxkcjg3bXd5bGRyMm13eWxkcjE2MDc5NzQ1NThtd3lsZHIxMzA=,base64:type253:OS4wMDAwMG13eWxkcjg3bXd5bGRyMm13eWxkcjE2MDc5NzQ1NThtd3lsZHIxMzA=,base64:type253:OS4wMDAwMG13eWxkcjg3bXd5bGRyMm13eWxkcjE2MDc5NzQ1NThtd3lsZHIxMzA=
base64:type253:MTAuMDAwMDBtd3lsZHI4OG13eWxkcjJtd3lsZHIxNjA3OTk0MDg1bXd5bGRyMTI4,base64:type253:MTAuMDAwMDBtd3lsZHI4OG13eWxkcjJtd3lsZHIxNjA3OTk0MDg1bXd5bGRyMTI4,base64:type253:MTAuMDAwMDBtd3lsZHI4OG13eWxkcjJtd3lsZHIxNjA3OTk0MDg1bXd5bGRyMTI4,base64:type253:MTAuMDAwMDBtd3lsZHI4OG13eWxkcjJtd3lsZHIxNjA3OTk0MDg1bXd5bGRyMTI4,base64:type253:MTAuMDAwMDBtd3lsZHI4OG13eWxkcjJtd3lsZHIxNjA3OTk0MDg1bXd5bGRyMTI4
base64:type253:OS41MDAwMG13eWxkcjg5bXd5bGRyMm13eWxkcjE2MDgwODY4ODltd3lsZHIxMzE=,base64:type253:OS41MDAwMG13eWxkcjg5bXd5bGRyMm13eWxkcjE2MDgwODY4ODltd3lsZHIxMzE=,base64:type253:OS41MDAwMG13eWxkcjg5bXd5bGRyMm13eWxkcjE2MDgwODY4ODltd3lsZHIxMzE=,base64:type253:OS41MDAwMG13eWxkcjg5bXd5bGRyMm13eWxkcjE2MDgwODY4ODltd3lsZHIxMzE=,base64:type253:OS41MDAwMG13eWxkcjg5bXd5bGRyMm13eWxkcjE2MDgwODY4ODltd3lsZHIxMzE=
base64:type253:OC41MDAwMG13eWxkcjkwbXd5bGRyMm13eWxkcjE2MDgyMjI5NTRtd3lsZHIxMjc=,base64:type253:OC41MDAwMG13eWxkcjkwbXd5bGRyMm13eWxkcjE2MDgyMjI5NTRtd3lsZHIxMjc=,base64:type253:OC41MDAwMG13eWxkcjkwbXd5bGRyMm13eWxkcjE2MDgyMjI5NTRtd3lsZHIxMjc=,base64:type253:OC41MDAwMG13eWxkcjkwbXd5bGRyMm13eWxkcjE2MDgyMjI5NTRtd3lsZHIxMjc=,base64:type253:OC41MDAwMG13eWxkcjkwbXd5bGRyMm13eWxkcjE2MDgyMjI5NTRtd3lsZHIxMjc=
base64:type253:MTAuMDAwMDBtd3lsZHI5MW13eWxkcjJtd3lsZHIxNjA4NTg0MjAwbXd5bGRyNDc=,base64:type253:MTAuMDAwMDBtd3lsZHI5MW13eWxkcjJtd3lsZHIxNjA4NTg0MjAwbXd5bGRyNDc=,base64:type253:MTAuMDAwMDBtd3lsZHI5MW13eWxkcjJtd3lsZHIxNjA4NTg0MjAwbXd5bGRyNDc=,base64:type253:MTAuMDAwMDBtd3lsZHI5MW13eWxkcjJtd3lsZHIxNjA4NTg0MjAwbXd5bGRyNDc=,base64:type253:MTAuMDAwMDBtd3lsZHI5MW13eWxkcjJtd3lsZHIxNjA4NTg0MjAwbXd5bGRyNDc=
base64:type253:MTAuMDAwMDBtd3lsZHI5Mm13eWxkcjJtd3lsZHIxNjA4NTkwNzg2bXd5bGRyMTI1,base64:type253:MTAuMDAwMDBtd3lsZHI5Mm13eWxkcjJtd3lsZHIxNjA4NTkwNzg2bXd5bGRyMTI1,base64:type253:MTAuMDAwMDBtd3lsZHI5Mm13eWxkcjJtd3lsZHIxNjA4NTkwNzg2bXd5bGRyMTI1,base64:type253:MTAuMDAwMDBtd3lsZHI5Mm13eWxkcjJtd3lsZHIxNjA4NTkwNzg2bXd5bGRyMTI1,base64:type253:MTAuMDAwMDBtd3lsZHI5Mm13eWxkcjJtd3lsZHIxNjA4NTkwNzg2bXd5bGRyMTI1
base64:type253:MTAuMDAwMDBtd3lsZHI5M213eWxkcjJtd3lsZHIxNjA4Njk5ODA3bXd5bGRyMTMz,base64:type253:MTAuMDAwMDBtd3lsZHI5M213eWxkcjJtd3lsZHIxNjA4Njk5ODA3bXd5bGRyMTMz,base64:type253:MTAuMDAwMDBtd3lsZHI5M213eWxkcjJtd3lsZHIxNjA4Njk5ODA3bXd5bGRyMTMz,base64:type253:MTAuMDAwMDBtd3lsZHI5M213eWxkcjJtd3lsZHIxNjA4Njk5ODA3bXd5bGRyMTMz,base64:type253:MTAuMDAwMDBtd3lsZHI5M213eWxkcjJtd3lsZHIxNjA4Njk5ODA3bXd5bGRyMTMz
base64:type253:MTAuMDAwMDBtd3lsZHI5NG13eWxkcjJtd3lsZHIxNjA4NzgyOTM3bXd5bGRyMTI0,base64:type253:MTAuMDAwMDBtd3lsZHI5NG13eWxkcjJtd3lsZHIxNjA4NzgyOTM3bXd5bGRyMTI0,base64:type253:MTAuMDAwMDBtd3lsZHI5NG13eWxkcjJtd3lsZHIxNjA4NzgyOTM3bXd5bGRyMTI0,base64:type253:MTAuMDAwMDBtd3lsZHI5NG13eWxkcjJtd3lsZHIxNjA4NzgyOTM3bXd5bGRyMTI0,base64:type253:MTAuMDAwMDBtd3lsZHI5NG13eWxkcjJtd3lsZHIxNjA4NzgyOTM3bXd5bGRyMTI0

