id,userid,name,value,plugin,oldvalue,timemodified
1,0,enableoutcomes,0,NULL,NULL,1589217132
2,0,usecomments,1,NULL,NULL,1589217132
3,0,usetags,1,NULL,NULL,1589217132
4,0,enablenotes,1,NULL,NULL,1589217132
5,0,enableportfolios,0,NULL,NULL,1589217132
6,0,enablewebservices,0,NULL,NULL,1589217132
7,0,enablestats,0,NULL,NULL,1589217132
8,0,enablerssfeeds,0,NULL,NULL,1589217132
9,0,enableblogs,1,NULL,NULL,1589217132
10,0,enablecompletion,1,NULL,NULL,1589217132
11,0,completiondefault,1,NULL,NULL,1589217132
12,0,enableavailability,1,NULL,NULL,1589217132
13,0,enableplagiarism,0,NULL,NULL,1589217132
14,0,enablebadges,1,NULL,NULL,1589217132
15,0,enableglobalsearch,0,NULL,NULL,1589217132
16,0,allowstealth,0,NULL,NULL,1589217132
17,0,enableanalytics,1,NULL,NULL,1589217132
18,0,allowemojipicker,1,NULL,NULL,1589217132
19,0,enablemoodlenet,1,NULL,NULL,1589217132
20,0,userfiltersdefault,realname,NULL,NULL,1589217132
21,0,defaultpreference_maildisplay,2,NULL,NULL,1589217132
22,0,defaultpreference_mailformat,1,NULL,NULL,1589217132
23,0,defaultpreference_maildigest,0,NULL,NULL,1589217132
24,0,defaultpreference_autosubscribe,1,NULL,NULL,1589217132
25,0,defaultpreference_trackforums,0,NULL,NULL,1589217132
26,0,autologinguests,0,NULL,NULL,1589217132
27,0,hiddenuserfields,<blank>,NULL,NULL,1589217132
28,0,showuseridentity,email,NULL,NULL,1589217132
29,0,fullnamedisplay,language,NULL,NULL,1589217132
30,0,alternativefullnameformat,language,NULL,NULL,1589217132
31,0,maxusersperpage,100,NULL,NULL,1589217132
32,0,enablegravatar,0,NULL,NULL,1589217132
33,0,gravatardefaulturl,mm,NULL,NULL,1589217132
34,0,agedigitalconsentverification,0,NULL,NULL,1589217132
35,0,agedigitalconsentmap,"*, 16\nAT, 14\nES, 14\nUS, 13",NULL,NULL,1589217132
36,0,sitepolicy,<blank>,NULL,NULL,1589217132
37,0,sitepolicyguest,<blank>,NULL,NULL,1589217132
38,0,visible,1,moodlecourse,NULL,1589217132
39,0,format,topics,moodlecourse,NULL,1589217132
40,0,maxsections,52,moodlecourse,NULL,1589217132
41,0,numsections,4,moodlecourse,NULL,1589217132
42,0,hiddensections,0,moodlecourse,NULL,1589217132
43,0,coursedisplay,0,moodlecourse,NULL,1589217132
44,0,courseenddateenabled,1,moodlecourse,NULL,1589217132
45,0,courseduration,31536000,moodlecourse,NULL,1589217132
46,0,lang,<blank>,moodlecourse,NULL,1589217132
47,0,newsitems,5,moodlecourse,NULL,1589217132
48,0,showgrades,1,moodlecourse,NULL,1589217132
49,0,showreports,0,moodlecourse,NULL,1589217132
50,0,maxbytes,0,moodlecourse,NULL,1589217132
51,0,enablecompletion,1,moodlecourse,NULL,1589217132
52,0,groupmode,0,moodlecourse,NULL,1589217132
53,0,groupmodeforce,0,moodlecourse,NULL,1589217132
54,0,enablecourserequests,1,NULL,NULL,1589217132
55,0,defaultrequestcategory,1,NULL,NULL,1589217132
56,0,lockrequestcategory,0,NULL,NULL,1589217132
57,0,courserequestnotify,<blank>,NULL,NULL,1589217132
58,0,loglifetime,30,backup,NULL,1589217132
59,0,backup_general_users,1,backup,NULL,1589217132
60,0,backup_general_users_locked,<blank>,backup,NULL,1589217132
61,0,backup_general_anonymize,0,backup,NULL,1589217132
62,0,backup_general_anonymize_locked,<blank>,backup,NULL,1589217132
63,0,backup_general_role_assignments,1,backup,NULL,1589217132
64,0,backup_general_role_assignments_locked,<blank>,backup,NULL,1589217132
65,0,backup_general_activities,1,backup,NULL,1589217132
66,0,backup_general_activities_locked,<blank>,backup,NULL,1589217132
67,0,backup_general_blocks,1,backup,NULL,1589217132
68,0,backup_general_blocks_locked,<blank>,backup,NULL,1589217132
69,0,backup_general_files,1,backup,NULL,1589217132
70,0,backup_general_files_locked,<blank>,backup,NULL,1589217132
71,0,backup_general_filters,1,backup,NULL,1589217132
72,0,backup_general_filters_locked,<blank>,backup,NULL,1589217132
73,0,backup_general_comments,1,backup,NULL,1589217132
74,0,backup_general_comments_locked,<blank>,backup,NULL,1589217132
75,0,backup_general_badges,1,backup,NULL,1589217132
76,0,backup_general_badges_locked,<blank>,backup,NULL,1589217132
77,0,backup_general_calendarevents,1,backup,NULL,1589217132
78,0,backup_general_calendarevents_locked,<blank>,backup,NULL,1589217132
79,0,backup_general_userscompletion,1,backup,NULL,1589217132
80,0,backup_general_userscompletion_locked,<blank>,backup,NULL,1589217132
81,0,backup_general_logs,0,backup,NULL,1589217132
82,0,backup_general_logs_locked,<blank>,backup,NULL,1589217132
83,0,backup_general_histories,0,backup,NULL,1589217132
84,0,backup_general_histories_locked,<blank>,backup,NULL,1589217132
85,0,backup_general_questionbank,1,backup,NULL,1589217132
86,0,backup_general_questionbank_locked,<blank>,backup,NULL,1589217132
87,0,backup_general_groups,1,backup,NULL,1589217132
88,0,backup_general_groups_locked,<blank>,backup,NULL,1589217132
89,0,backup_general_competencies,1,backup,NULL,1589217132
90,0,backup_general_competencies_locked,<blank>,backup,NULL,1589217132
91,0,import_general_maxresults,10,backup,NULL,1589217132
92,0,import_general_duplicate_admin_allowed,0,backup,NULL,1589217132
93,0,backup_import_activities,1,backup,NULL,1589217132
94,0,backup_import_activities_locked,<blank>,backup,NULL,1589217132
95,0,backup_import_blocks,1,backup,NULL,1589217132
96,0,backup_import_blocks_locked,<blank>,backup,NULL,1589217132
97,0,backup_import_filters,1,backup,NULL,1589217132
98,0,backup_import_filters_locked,<blank>,backup,NULL,1589217132
99,0,backup_import_calendarevents,1,backup,NULL,1589217132
100,0,backup_import_calendarevents_locked,<blank>,backup,NULL,1589217132
101,0,backup_import_questionbank,1,backup,NULL,1589217132
102,0,backup_import_questionbank_locked,<blank>,backup,NULL,1589217132
103,0,backup_import_groups,1,backup,NULL,1589217132
104,0,backup_import_groups_locked,<blank>,backup,NULL,1589217132
105,0,backup_import_competencies,1,backup,NULL,1589217132
106,0,backup_import_competencies_locked,<blank>,backup,NULL,1589217132
107,0,backup_auto_active,0,backup,NULL,1589217132
108,0,backup_auto_weekdays,0000000,backup,NULL,1589217132
109,0,backup_auto_hour,0,backup,NULL,1589217132
110,0,backup_auto_minute,0,backup,NULL,1589217132
111,0,backup_auto_storage,0,backup,NULL,1589217132
112,0,backup_auto_destination,<blank>,backup,NULL,1589217132
113,0,backup_auto_max_kept,1,backup,NULL,1589217132
114,0,backup_auto_delete_days,0,backup,NULL,1589217132
115,0,backup_auto_min_kept,0,backup,NULL,1589217132
116,0,backup_shortname,0,backup,NULL,1589217132
117,0,backup_auto_skip_hidden,1,backup,NULL,1589217132
118,0,backup_auto_skip_modif_days,30,backup,NULL,1589217132
119,0,backup_auto_skip_modif_prev,0,backup,NULL,1589217132
120,0,backup_auto_users,1,backup,NULL,1589217132
121,0,backup_auto_role_assignments,1,backup,NULL,1589217132
122,0,backup_auto_activities,1,backup,NULL,1589217132
123,0,backup_auto_blocks,1,backup,NULL,1589217132
124,0,backup_auto_files,1,backup,NULL,1589217132
125,0,backup_auto_filters,1,backup,NULL,1589217132
126,0,backup_auto_comments,1,backup,NULL,1589217132
127,0,backup_auto_badges,1,backup,NULL,1589217132
128,0,backup_auto_calendarevents,1,backup,NULL,1589217132
129,0,backup_auto_userscompletion,1,backup,NULL,1589217132
130,0,backup_auto_logs,0,backup,NULL,1589217132
131,0,backup_auto_histories,0,backup,NULL,1589217132
132,0,backup_auto_questionbank,1,backup,NULL,1589217132
133,0,backup_auto_groups,1,backup,NULL,1589217132
134,0,backup_auto_competencies,1,backup,NULL,1589217132
135,0,restore_general_users,1,restore,NULL,1589217132
136,0,restore_general_users_locked,<blank>,restore,NULL,1589217132
137,0,restore_general_enrolments,1,restore,NULL,1589217132
138,0,restore_general_enrolments_locked,<blank>,restore,NULL,1589217132
139,0,restore_general_role_assignments,1,restore,NULL,1589217132
140,0,restore_general_role_assignments_locked,<blank>,restore,NULL,1589217132
141,0,restore_general_activities,1,restore,NULL,1589217132
142,0,restore_general_activities_locked,<blank>,restore,NULL,1589217132
143,0,restore_general_blocks,1,restore,NULL,1589217132
144,0,restore_general_blocks_locked,<blank>,restore,NULL,1589217132
145,0,restore_general_filters,1,restore,NULL,1589217132
146,0,restore_general_filters_locked,<blank>,restore,NULL,1589217132
147,0,restore_general_comments,1,restore,NULL,1589217132
148,0,restore_general_comments_locked,<blank>,restore,NULL,1589217132
149,0,restore_general_badges,1,restore,NULL,1589217132
150,0,restore_general_badges_locked,<blank>,restore,NULL,1589217132
151,0,restore_general_calendarevents,1,restore,NULL,1589217132
152,0,restore_general_calendarevents_locked,<blank>,restore,NULL,1589217132
153,0,restore_general_userscompletion,1,restore,NULL,1589217132
154,0,restore_general_userscompletion_locked,<blank>,restore,NULL,1589217132
155,0,restore_general_logs,1,restore,NULL,1589217132
156,0,restore_general_logs_locked,<blank>,restore,NULL,1589217132
157,0,restore_general_histories,1,restore,NULL,1589217132
158,0,restore_general_histories_locked,<blank>,restore,NULL,1589217132
159,0,restore_general_groups,1,restore,NULL,1589217132
160,0,restore_general_groups_locked,<blank>,restore,NULL,1589217132
161,0,restore_general_competencies,1,restore,NULL,1589217132
162,0,restore_general_competencies_locked,<blank>,restore,NULL,1589217132
163,0,restore_merge_overwrite_conf,0,restore,NULL,1589217132
164,0,restore_merge_overwrite_conf_locked,<blank>,restore,NULL,1589217132
165,0,restore_merge_course_fullname,1,restore,NULL,1589217132
166,0,restore_merge_course_fullname_locked,<blank>,restore,NULL,1589217132
167,0,restore_merge_course_shortname,1,restore,NULL,1589217132
168,0,restore_merge_course_shortname_locked,<blank>,restore,NULL,1589217132
169,0,restore_merge_course_startdate,1,restore,NULL,1589217132
170,0,restore_merge_course_startdate_locked,<blank>,restore,NULL,1589217132
171,0,restore_replace_overwrite_conf,0,restore,NULL,1589217132
172,0,restore_replace_overwrite_conf_locked,<blank>,restore,NULL,1589217132
173,0,restore_replace_course_fullname,1,restore,NULL,1589217132
174,0,restore_replace_course_fullname_locked,<blank>,restore,NULL,1589217132
175,0,restore_replace_course_shortname,1,restore,NULL,1589217132
176,0,restore_replace_course_shortname_locked,<blank>,restore,NULL,1589217132
177,0,restore_replace_course_startdate,1,restore,NULL,1589217132
178,0,restore_replace_course_startdate_locked,<blank>,restore,NULL,1589217132
179,0,restore_replace_keep_roles_and_enrolments,0,restore,NULL,1589217132
180,0,restore_replace_keep_roles_and_enrolments_locked,<blank>,restore,NULL,1589217132
181,0,restore_replace_keep_groups_and_groupings,0,restore,NULL,1589217132
182,0,restore_replace_keep_groups_and_groupings_locked,<blank>,restore,NULL,1589217132
183,0,enableasyncbackup,0,NULL,NULL,1589217132
184,0,backup_async_message_users,0,backup,NULL,1589217132
185,0,backup_async_message_subject,{operation} de Moodle se complet\xf3 exitosamente,backup,NULL,1589217132
186,0,backup_async_message,"Hola {user_firstname} {user_lastname}, <br/> \xa1Su {operation} (ID: {backupid}) ha completado exitosamente <br/><br/>Usted puede verla aqu\xed {link}.",backup,NULL,1589217132
187,0,grade_profilereport,user,NULL,NULL,1589217132
188,0,grade_aggregationposition,1,NULL,NULL,1589217132
189,0,grade_includescalesinaggregation,1,NULL,NULL,1589217132
190,0,grade_hiddenasdate,0,NULL,NULL,1589217132
191,0,gradepublishing,0,NULL,NULL,1589217132
192,0,grade_export_exportfeedback,0,NULL,NULL,1589217132
193,0,grade_export_displaytype,1,NULL,NULL,1589217132
194,0,grade_export_decimalpoints,2,NULL,NULL,1589217132
195,0,grade_navmethod,1,NULL,NULL,1589217132
196,0,grade_export_userprofilefields,"firstname,lastname,idnumber,institution,department,email",NULL,NULL,1589217132
197,0,grade_export_customprofilefields,<blank>,NULL,NULL,1589217132
198,0,recovergradesdefault,0,NULL,NULL,1589217133
199,0,gradeexport,<blank>,NULL,NULL,1589217133
200,0,unlimitedgrades,0,NULL,NULL,1589217133
201,0,grade_report_showmin,1,NULL,NULL,1589217133
202,0,gradepointmax,100,NULL,NULL,1589217133
203,0,gradepointdefault,100,NULL,NULL,1589217133
204,0,grade_minmaxtouse,1,NULL,NULL,1589217133
205,0,grade_mygrades_report,overview,NULL,NULL,1589217133
206,0,gradereport_mygradeurl,<blank>,NULL,NULL,1589217133
207,0,grade_hideforcedsettings,1,NULL,NULL,1589217133
208,0,grade_aggregation,13,NULL,NULL,1589217133
209,0,grade_aggregation_flag,0,NULL,NULL,1589217133
210,0,grade_aggregations_visible,13,NULL,NULL,1589217133
211,0,grade_aggregateonlygraded,1,NULL,NULL,1589217133
212,0,grade_aggregateonlygraded_flag,2,NULL,NULL,1589217133
213,0,grade_aggregateoutcomes,0,NULL,NULL,1589217133
214,0,grade_aggregateoutcomes_flag,2,NULL,NULL,1589217133
215,0,grade_keephigh,0,NULL,NULL,1589217133
216,0,grade_keephigh_flag,3,NULL,NULL,1589217133
217,0,grade_droplow,0,NULL,NULL,1589217133
218,0,grade_droplow_flag,2,NULL,NULL,1589217133
219,0,grade_overridecat,1,NULL,NULL,1589217133
220,0,grade_displaytype,1,NULL,NULL,1589217133
221,0,grade_decimalpoints,2,NULL,NULL,1589217133
222,0,grade_item_advanced,"iteminfo,idnumber,gradepass,plusfactor,multfactor,display,decimals,hiddenuntil,locktime",NULL,NULL,1589217133
223,0,grade_report_studentsperpage,100,NULL,NULL,1589217133
224,0,grade_report_showonlyactiveenrol,1,NULL,NULL,1589217133
225,0,grade_report_quickgrading,1,NULL,NULL,1589217133
226,0,grade_report_showquickfeedback,0,NULL,NULL,1589217133
227,0,grade_report_meanselection,1,NULL,NULL,1589217133
228,0,grade_report_enableajax,0,NULL,NULL,1589217133
229,0,grade_report_showcalculations,1,NULL,NULL,1589217133
230,0,grade_report_showeyecons,0,NULL,NULL,1589217133
231,0,grade_report_showaverages,1,NULL,NULL,1589217133
232,0,grade_report_showlocks,0,NULL,NULL,1589217133
233,0,grade_report_showranges,0,NULL,NULL,1589217133
234,0,grade_report_showanalysisicon,1,NULL,NULL,1589217133
235,0,grade_report_showuserimage,1,NULL,NULL,1589217133
236,0,grade_report_showactivityicons,1,NULL,NULL,1589217133
237,0,grade_report_shownumberofgrades,0,NULL,NULL,1589217133
238,0,grade_report_averagesdisplaytype,inherit,NULL,NULL,1589217133
239,0,grade_report_rangesdisplaytype,inherit,NULL,NULL,1589217133
240,0,grade_report_averagesdecimalpoints,inherit,NULL,NULL,1589217133
241,0,grade_report_rangesdecimalpoints,inherit,NULL,NULL,1589217133
242,0,grade_report_historyperpage,50,NULL,NULL,1589217133
243,0,grade_report_overview_showrank,0,NULL,NULL,1589217133
244,0,grade_report_overview_showtotalsifcontainhidden,0,NULL,NULL,1589217133
245,0,grade_report_user_showrank,0,NULL,NULL,1589217133
246,0,grade_report_user_showpercentage,1,NULL,NULL,1589217133
247,0,grade_report_user_showgrade,1,NULL,NULL,1589217133
248,0,grade_report_user_showfeedback,1,NULL,NULL,1589217133
249,0,grade_report_user_showrange,1,NULL,NULL,1589217133
250,0,grade_report_user_showweight,1,NULL,NULL,1589217133
251,0,grade_report_user_showaverage,0,NULL,NULL,1589217133
252,0,grade_report_user_showlettergrade,0,NULL,NULL,1589217133
253,0,grade_report_user_rangedecimals,0,NULL,NULL,1589217133
254,0,grade_report_user_showhiddenitems,1,NULL,NULL,1589217133
255,0,grade_report_user_showtotalsifcontainhidden,0,NULL,NULL,1589217133
256,0,grade_report_user_showcontributiontocoursetotal,1,NULL,NULL,1589217133
257,0,modeinstruction,<blank>,analytics,NULL,1589217133
258,0,percentonline,0,analytics,NULL,1589217133
259,0,typeinstitution,<blank>,analytics,NULL,1589217133
260,0,levelinstitution,<blank>,analytics,NULL,1589217133
261,0,predictionsprocessor,\\mlbackend_php\\processor,analytics,NULL,1589217133
262,0,defaulttimesplittingsevaluation,"\\core\\analytics\\time_splitting\\quarters_accum,\\core\\analytics\\time_splitting\\quarters,\\core\\analytics\\time_splitting\\single_range",analytics,NULL,1589217133
263,0,modeloutputdir,/home/fomentod/moodledata/models,analytics,NULL,1589217133
264,0,onlycli,1,analytics,NULL,1589217133
265,0,modeltimelimit,1200,analytics,NULL,1589217133
266,0,enabled,1,core_competency,NULL,1589217133
267,0,pushcourseratingstouserplans,1,core_competency,NULL,1589217133
268,0,badges_defaultissuername,<blank>,NULL,NULL,1589217133
269,0,badges_defaultissuercontact,<blank>,NULL,NULL,1589217133
270,0,badges_badgesalt,badges1589217123,NULL,NULL,1589217133
271,0,badges_allowcoursebadges,1,NULL,NULL,1589217133
272,0,badges_allowexternalbackpack,1,NULL,NULL,1589217133
273,0,timezone,America/Los_Angeles,NULL,NULL,1589217135
274,0,forcetimezone,99,NULL,NULL,1589217136
275,0,country,0,NULL,NULL,1589217136
276,0,defaultcity,<blank>,NULL,NULL,1589217136
277,0,geoip2file,/home/fomentod/moodledata/geoip/GeoLite2-City.mmdb,NULL,NULL,1589217136
278,0,googlemapkey3,<blank>,NULL,NULL,1589217136
279,0,allcountrycodes,<blank>,NULL,NULL,1589217136
280,0,autolang,1,NULL,NULL,1589217136
281,0,lang,es_mx,NULL,NULL,1589217136
282,0,langmenu,1,NULL,NULL,1589217136
283,0,langlist,<blank>,NULL,NULL,1589217136
284,0,langcache,1,NULL,NULL,1589217136
285,0,langstringcache,1,NULL,NULL,1589217136
286,0,locale,<blank>,NULL,NULL,1589217136
287,0,latinexcelexport,0,NULL,NULL,1589217136
288,0,messaging,1,NULL,NULL,1589217136
289,0,messagingallusers,0,NULL,NULL,1589217136
290,0,messagingdefaultpressenter,1,NULL,NULL,1589217136
291,0,messagingdeletereadnotificationsdelay,604800,NULL,NULL,1589217136
292,0,messagingdeleteallnotificationsdelay,2620800,NULL,NULL,1589217136
293,0,messagingallowemailoverride,0,NULL,NULL,1589217136
294,0,registerauth,<blank>,NULL,NULL,1589217137
295,0,authloginviaemail,0,NULL,NULL,1589217137
296,0,allowaccountssameemail,0,NULL,NULL,1589217137
297,0,authpreventaccountcreation,0,NULL,NULL,1589217137
298,0,loginpageautofocus,0,NULL,NULL,1589217137
299,0,guestloginbutton,1,NULL,NULL,1589217137
300,0,limitconcurrentlogins,0,NULL,NULL,1589217137
301,0,alternateloginurl,<blank>,NULL,NULL,1589217137
302,0,forgottenpasswordurl,<blank>,NULL,NULL,1589217137
303,0,auth_instructions,<blank>,NULL,NULL,1589217137
304,0,allowemailaddresses,<blank>,NULL,NULL,1589217137
305,0,denyemailaddresses,<blank>,NULL,NULL,1589217137
306,0,verifychangedemail,1,NULL,NULL,1589217137
307,0,recaptchapublickey,<blank>,NULL,NULL,1589217137
308,0,recaptchaprivatekey,<blank>,NULL,NULL,1589217137
309,0,searchengine,simpledb,NULL,NULL,1589217137
310,0,searchindexwhendisabled,0,NULL,NULL,1589217137
311,0,searchindextime,600,NULL,NULL,1589217137
312,0,searchallavailablecourses,0,NULL,NULL,1589217137
313,0,searchincludeallcourses,0,NULL,NULL,1589217137
314,0,searchenablecategories,0,NULL,NULL,1589217137
315,0,searchdefaultcategory,core-all,NULL,NULL,1589217137
316,0,searchhideallcategory,0,NULL,NULL,1589217137
317,0,testperformance,0,cachestore_apcu,NULL,1589217137
318,0,testservers,<blank>,cachestore_memcached,NULL,1589217137
319,0,testserver,<blank>,cachestore_mongodb,NULL,1589217137
320,0,test_server,<blank>,cachestore_redis,NULL,1589217137
321,0,test_password,<blank>,cachestore_redis,NULL,1589217137
322,0,filteruploadedfiles,0,NULL,NULL,1589217137
323,0,filtermatchoneperpage,0,NULL,NULL,1589217137
324,0,filtermatchonepertext,0,NULL,NULL,1589217137
325,0,sitedefaultlicense,allrightsreserved,NULL,NULL,1589217137
326,0,requiremodintro,0,NULL,NULL,1589217137
327,0,portfolio_moderate_filesize_threshold,1048576,NULL,NULL,1589217137
328,0,portfolio_high_filesize_threshold,5242880,NULL,NULL,1589217137
329,0,portfolio_moderate_db_threshold,20,NULL,NULL,1589217137
330,0,portfolio_high_db_threshold,50,NULL,NULL,1589217137
331,0,repositorycacheexpire,120,NULL,NULL,1589217137
332,0,repositorygetfiletimeout,30,NULL,NULL,1589217137
333,0,repositorysyncfiletimeout,1,NULL,NULL,1589217137
334,0,repositorysyncimagetimeout,3,NULL,NULL,1589217137
335,0,repositoryallowexternallinks,1,NULL,NULL,1589217137
336,0,legacyfilesinnewcourses,0,NULL,NULL,1589217137
337,0,legacyfilesaddallowed,1,NULL,NULL,1589217137
338,0,media_default_width,400,NULL,NULL,1589217137
339,0,media_default_height,300,NULL,NULL,1589217137
340,0,enablewsdocumentation,0,NULL,NULL,1589217137
341,0,behaviour,deferredfeedback,question_preview,NULL,1589217137
342,0,correctness,1,question_preview,NULL,1589217137
343,0,marks,2,question_preview,NULL,1589217137
344,0,markdp,2,question_preview,NULL,1589217137
345,0,feedback,1,question_preview,NULL,1589217137
346,0,generalfeedback,1,question_preview,NULL,1589217137
347,0,rightanswer,1,question_preview,NULL,1589217137
348,0,history,0,question_preview,NULL,1589217137
349,0,allowbeforeblock,0,NULL,NULL,1589217137
350,0,allowedip,<blank>,NULL,NULL,1589217137
351,0,blockedip,<blank>,NULL,NULL,1589217137
352,0,protectusernames,1,NULL,NULL,1589217137
353,0,forcelogin,0,NULL,NULL,1589217137
354,0,forceloginforprofiles,1,NULL,NULL,1589217137
355,0,forceloginforprofileimage,0,NULL,NULL,1589217137
356,0,opentowebcrawlers,0,NULL,NULL,1589217137
357,0,allowindexing,0,NULL,NULL,1589217137
358,0,maxbytes,0,NULL,NULL,1589217137
359,0,userquota,104857600,NULL,NULL,1589217137
360,0,allowobjectembed,0,NULL,NULL,1589217137
361,0,enabletrusttext,0,NULL,NULL,1589217137
362,0,maxeditingtime,1800,NULL,NULL,1589217137
363,0,extendedusernamechars,0,NULL,NULL,1589217137
364,0,keeptagnamecase,1,NULL,NULL,1589217137
365,0,profilesforenrolledusersonly,1,NULL,NULL,1589217137
366,0,cronclionly,1,NULL,NULL,1589217137
367,0,cronremotepassword,<blank>,NULL,NULL,1589217137
368,0,enablerunnow,1,tool_task,NULL,1589217137
369,0,lockoutthreshold,0,NULL,NULL,1589217137
370,0,lockoutwindow,1800,NULL,NULL,1589217137
371,0,lockoutduration,1800,NULL,NULL,1589217137
372,0,passwordpolicy,1,NULL,NULL,1589217137
373,0,minpasswordlength,8,NULL,NULL,1589217137
374,0,minpassworddigits,1,NULL,NULL,1589217137
375,0,minpasswordlower,1,NULL,NULL,1589217137
376,0,minpasswordupper,1,NULL,NULL,1589217137
377,0,minpasswordnonalphanum,1,NULL,NULL,1589217137
378,0,maxconsecutiveidentchars,0,NULL,NULL,1589217137
379,0,passwordpolicycheckonlogin,0,NULL,NULL,1589217137
380,0,passwordreuselimit,0,NULL,NULL,1589217137
381,0,pwresettime,1800,NULL,NULL,1589217137
382,0,passwordchangelogout,0,NULL,NULL,1589217137
383,0,passwordchangetokendeletion,0,NULL,NULL,1589217137
384,0,tokenduration,7257600,NULL,NULL,1589217137
385,0,groupenrolmentkeypolicy,1,NULL,NULL,1589217137
386,0,disableuserimages,0,NULL,NULL,1589217137
387,0,emailchangeconfirmation,1,NULL,NULL,1589217137
388,0,rememberusername,2,NULL,NULL,1589217137
389,0,strictformsrequired,0,NULL,NULL,1589217137
390,0,cookiesecure,1,NULL,NULL,1589217137
391,0,cookiehttponly,0,NULL,NULL,1589217137
392,0,allowframembedding,0,NULL,NULL,1589217137
393,0,curlsecurityblockedhosts,<blank>,NULL,NULL,1589217137
394,0,curlsecurityallowedport,<blank>,NULL,NULL,1589217137
395,0,displayloginfailures,0,NULL,NULL,1589217137
396,0,notifyloginfailures,<blank>,NULL,NULL,1589217137
397,0,notifyloginthreshold,10,NULL,NULL,1589217137
398,0,themelist,<blank>,NULL,NULL,1589217137
399,0,themedesignermode,0,NULL,NULL,1589217137
400,0,allowuserthemes,0,NULL,NULL,1589217137
401,0,allowcoursethemes,0,NULL,NULL,1589217137
402,0,allowcategorythemes,0,NULL,NULL,1589217137
403,0,allowcohortthemes,0,NULL,NULL,1589217137
404,0,allowthemechangeonurl,0,NULL,NULL,1589217137
405,0,allowuserblockhiding,1,NULL,NULL,1589217137
406,0,custommenuitems,<blank>,NULL,NULL,1589217137
407,0,customusermenuitems,"grades,grades|/grade/report/mygrades.php|t/grades\nmessages,message|/message/index.php|t/message\npreferences,moodle|/user/preferences.php|t/preferences",NULL,NULL,1589217137
408,0,enabledevicedetection,1,NULL,NULL,1589217137
409,0,devicedetectregex,[],NULL,NULL,1589217137
410,0,preset,default.scss,theme_boost,NULL,1589217137
411,0,presetfiles,<blank>,theme_boost,NULL,1589217137
412,0,backgroundimage,<blank>,theme_boost,NULL,1589217137
413,0,brandcolor,<blank>,theme_boost,NULL,1589217137
414,0,scsspre,<blank>,theme_boost,NULL,1589217137
415,0,scss,<blank>,theme_boost,NULL,1589217137
416,0,navbardark,0,theme_classic,NULL,1589217137
417,0,preset,default.scss,theme_classic,NULL,1589217137
418,0,presetfiles,<blank>,theme_classic,NULL,1589217137
419,0,backgroundimage,<blank>,theme_classic,NULL,1589217137
420,0,brandcolor,<blank>,theme_classic,NULL,1589217137
421,0,scsspre,<blank>,theme_classic,NULL,1589217137
422,0,scss,<blank>,theme_classic,NULL,1589217137
423,0,logo,<blank>,core_admin,NULL,1589217138
424,0,logocompact,<blank>,core_admin,NULL,1589217138
425,0,coursecolor1,#81ecec,core_admin,NULL,1589217138
426,0,coursecolor2,#74b9ff,core_admin,NULL,1589217138
427,0,coursecolor3,#a29bfe,core_admin,NULL,1589217138
428,0,coursecolor4,#dfe6e9,core_admin,NULL,1589217138
429,0,coursecolor5,#00b894,core_admin,NULL,1589217138
430,0,coursecolor6,#0984e3,core_admin,NULL,1589217138
431,0,coursecolor7,#b2bec3,core_admin,NULL,1589217138
432,0,coursecolor8,#fdcb6e,core_admin,NULL,1589217138
433,0,coursecolor9,#fd79a8,core_admin,NULL,1589217138
434,0,coursecolor10,#6c5ce7,core_admin,NULL,1589217138
435,0,calendartype,gregorian,NULL,NULL,1589217138
436,0,calendar_adminseesall,0,NULL,NULL,1589217138
437,0,calendar_site_timeformat,0,NULL,NULL,1589217138
438,0,calendar_startwday,1,NULL,NULL,1589217138
439,0,calendar_weekend,65,NULL,NULL,1589217138
440,0,calendar_lookahead,21,NULL,NULL,1589217138
441,0,calendar_maxevents,10,NULL,NULL,1589217138
442,0,enablecalendarexport,1,NULL,NULL,1589217138
443,0,calendar_customexport,1,NULL,NULL,1589217138
444,0,calendar_exportlookahead,365,NULL,NULL,1589217138
445,0,calendar_exportlookback,5,NULL,NULL,1589217138
446,0,calendar_exportsalt,dqycpdUyamsOhd6j7EIOKkBMl8DFloafp736OjVBBdNCMcIqi7m8ch6E4xWk,NULL,NULL,1589217138
447,0,calendar_showicalsource,1,NULL,NULL,1589217138
448,0,useblogassociations,1,NULL,NULL,1589217138
449,0,bloglevel,4,NULL,NULL,1589217138
450,0,useexternalblogs,1,NULL,NULL,1589217138
451,0,externalblogcrontime,86400,NULL,NULL,1589217138
452,0,maxexternalblogsperuser,1,NULL,NULL,1589217138
453,0,blogusecomments,1,NULL,NULL,1589217138
454,0,blogshowcommentscount,1,NULL,NULL,1589217138
455,0,defaulthomepage,1,NULL,NULL,1589217138
456,0,allowguestmymoodle,1,NULL,NULL,1589217138
457,0,navshowfullcoursenames,0,NULL,NULL,1589217138
458,0,navshowcategories,1,NULL,NULL,1589217138
459,0,navshowmycoursecategories,0,NULL,NULL,1589217138
460,0,navshowallcourses,0,NULL,NULL,1589217138
461,0,navsortmycoursessort,sortorder,NULL,NULL,1589217138
462,0,navsortmycourseshiddenlast,1,NULL,NULL,1589217138
463,0,navcourselimit,10,NULL,NULL,1589217138
464,0,usesitenameforsitepages,0,NULL,NULL,1589217138
465,0,linkadmincategories,1,NULL,NULL,1589217138
466,0,linkcoursesections,1,NULL,NULL,1589217138
467,0,navshowfrontpagemods,1,NULL,NULL,1589217138
468,0,navadduserpostslinks,1,NULL,NULL,1589217138
469,0,formatstringstriptags,1,NULL,NULL,1589217138
470,0,emoticons,"[{""text"":"":-)"",""imagename"":""s\\/smiley"",""imagecomponent"":""core"",""altidentifier"":""smiley"",""altcomponent"":""core_pix""},{""text"":"":)"",""imagename"":""s\\/smiley"",""imagecomponent"":""core"",""altidentifier"":""smiley"",""altcomponent"":""core_pix""},{""text"":"":-D"",""imagename"":""s\\/biggrin"",""imagecomponent"":""core"",""altidentifier"":""biggrin"",""altcomponent"":""core_pix""},{""text"":"";-)"",""imagename"":""s\\/wink"",""imagecomponent"":""core"",""altidentifier"":""wink"",""altcomponent"":""core_pix""},{""text"":"":-\\/"",""imagename"":""s\\/mixed"",""imagecomponent"":""core"",""altidentifier"":""mixed"",""altcomponent"":""core_pix""},{""text"":""V-."",""imagename"":""s\\/thoughtful"",""imagecomponent"":""core"",""altidentifier"":""thoughtful"",""altcomponent"":""core_pix""},{""text"":"":-P"",""imagename"":""s\\/tongueout"",""imagecomponent"":""core"",""altidentifier"":""tongueout"",""altcomponent"":""core_pix""},{""text"":"":-p"",""imagename"":""s\\/tongueout"",""imagecomponent"":""core"",""altidentifier"":""tongueout"",""altcomponent"":""core_pix""},{""text"":""B-)"",""imagename"":""s\\/cool"",""imagecomponent"":""core"",""altidentifier"":""cool"",""altcomponent"":""core_pix""},{""text"":""^-)"",""imagename"":""s\\/approve"",""imagecomponent"":""core"",""altidentifier"":""approve"",""altcomponent"":""core_pix""},{""text"":""8-)"",""imagename"":""s\\/wideeyes"",""imagecomponent"":""core"",""altidentifier"":""wideeyes"",""altcomponent"":""core_pix""},{""text"":"":o)"",""imagename"":""s\\/clown"",""imagecomponent"":""core"",""altidentifier"":""clown"",""altcomponent"":""core_pix""},{""text"":"":-("",""imagename"":""s\\/sad"",""imagecomponent"":""core"",""altidentifier"":""sad"",""altcomponent"":""core_pix""},{""text"":"":("",""imagename"":""s\\/sad"",""imagecomponent"":""core"",""altidentifier"":""sad"",""altcomponent"":""core_pix""},{""text"":""8-."",""imagename"":""s\\/shy"",""imagecomponent"":""core"",""altidentifier"":""shy"",""altcomponent"":""core_pix""},{""text"":"":-I"",""imagename"":""s\\/blush"",""imagecomponent"":""core"",""altidentifier"":""blush"",""altcomponent"":""core_pix""},{""text"":"":-X"",""imagename"":""s\\/kiss"",""imagecomponent"":""core"",""altidentifier"":""kiss"",""altcomponent"":""core_pix""},{""text"":""8-o"",""imagename"":""s\\/surprise"",""imagecomponent"":""core"",""altidentifier"":""surprise"",""altcomponent"":""core_pix""},{""text"":""P-|"",""imagename"":""s\\/blackeye"",""imagecomponent"":""core"",""altidentifier"":""blackeye"",""altcomponent"":""core_pix""},{""text"":""8-["",""imagename"":""s\\/angry"",""imagecomponent"":""core"",""altidentifier"":""angry"",""altcomponent"":""core_pix""},{""text"":""(grr)"",""imagename"":""s\\/angry"",""imagecomponent"":""core"",""altidentifier"":""angry"",""altcomponent"":""core_pix""},{""text"":""xx-P"",""imagename"":""s\\/dead"",""imagecomponent"":""core"",""altidentifier"":""dead"",""altcomponent"":""core_pix""},{""text"":""|-."",""imagename"":""s\\/sleepy"",""imagecomponent"":""core"",""altidentifier"":""sleepy"",""altcomponent"":""core_pix""},{""text"":""}-]"",""imagename"":""s\\/evil"",""imagecomponent"":""core"",""altidentifier"":""evil"",""altcomponent"":""core_pix""},{""text"":""(h)"",""imagename"":""s\\/heart"",""imagecomponent"":""core"",""altidentifier"":""heart"",""altcomponent"":""core_pix""},{""text"":""(heart)"",""imagename"":""s\\/heart"",""imagecomponent"":""core"",""altidentifier"":""heart"",""altcomponent"":""core_pix""},{""text"":""(y)"",""imagename"":""s\\/yes"",""imagecomponent"":""core"",""altidentifier"":""yes"",""altcomponent"":""core""},{""text"":""(n)"",""imagename"":""s\\/no"",""imagecomponent"":""core"",""altidentifier"":""no"",""altcomponent"":""core""},{""text"":""(martin)"",""imagename"":""s\\/martin"",""imagecomponent"":""core"",""altidentifier"":""martin"",""altcomponent"":""core_pix""},{""text"":""( )"",""imagename"":""s\\/egg"",""imagecomponent"":""core"",""altidentifier"":""egg"",""altcomponent"":""core_pix""}]",NULL,NULL,1589217138
471,0,docroot,https://docs.moodle.org,NULL,NULL,1589217138
472,0,doclang,<blank>,NULL,NULL,1589217138
473,0,doctonewwindow,0,NULL,NULL,1589217138
474,0,coursecontactduplicates,0,NULL,NULL,1589217138
475,0,courselistshortnames,0,NULL,NULL,1589217138
476,0,coursesperpage,20,NULL,NULL,1589217138
477,0,courseswithsummarieslimit,10,NULL,NULL,1589217138
478,0,courseoverviewfileslimit,1,NULL,NULL,1589217138
479,0,courseoverviewfilesext,".jpg,.gif,.png",NULL,NULL,1589217138
480,0,coursegraceperiodbefore,0,NULL,NULL,1589217138
481,0,coursegraceperiodafter,0,NULL,NULL,1589217138
482,0,useexternalyui,0,NULL,NULL,1589217138
483,0,yuicomboloading,1,NULL,NULL,1589217138
484,0,cachejs,1,NULL,NULL,1589217138
485,0,modchooserdefault,1,NULL,NULL,1589217138
486,0,additionalhtmlhead,<blank>,NULL,NULL,1589217138
487,0,additionalhtmltopofbody,<blank>,NULL,NULL,1589217138
488,0,additionalhtmlfooter,<blank>,NULL,NULL,1589217138
489,0,cachetemplates,1,NULL,NULL,1589217138
490,0,pathtophp,<blank>,NULL,NULL,1589217138
491,0,pathtodu,<blank>,NULL,NULL,1589217138
492,0,aspellpath,<blank>,NULL,NULL,1589217138
493,0,pathtodot,<blank>,NULL,NULL,1589217138
494,0,pathtogs,/usr/bin/gs,NULL,NULL,1589217138
495,0,pathtopython,<blank>,NULL,NULL,1589217138
496,0,supportname,Administrador Usuario,NULL,NULL,1589217138
497,0,supportemail,<blank>,NULL,NULL,1589217138
498,0,supportpage,<blank>,NULL,NULL,1589217138
499,0,dbsessions,0,NULL,NULL,1589217138
500,0,sessioncookie,<blank>,NULL,NULL,1589217138
501,0,sessioncookiepath,<blank>,NULL,NULL,1589217138
502,0,sessioncookiedomain,<blank>,NULL,NULL,1589217138
503,0,statsfirstrun,none,NULL,NULL,1589217138
504,0,statsmaxruntime,0,NULL,NULL,1589217138
505,0,statsruntimedays,31,NULL,NULL,1589217138
506,0,statsuserthreshold,0,NULL,NULL,1589217138
507,0,slasharguments,1,NULL,NULL,1589217138
508,0,getremoteaddrconf,3,NULL,NULL,1589217138
509,0,reverseproxyignore,<blank>,NULL,NULL,1589217138
510,0,proxyhost,<blank>,NULL,NULL,1589217138
511,0,proxyport,0,NULL,NULL,1589217138
512,0,proxytype,HTTP,NULL,NULL,1589217138
513,0,proxyuser,<blank>,NULL,NULL,1589217138
514,0,proxypassword,<blank>,NULL,NULL,1589217138
515,0,proxybypass,"localhost, 127.0.0.1",NULL,NULL,1589217138
516,0,maintenance_enabled,0,NULL,NULL,1589217138
517,0,maintenance_message,<blank>,NULL,NULL,1589217138
518,0,deleteunconfirmed,168,NULL,NULL,1589217138
519,0,deleteincompleteusers,0,NULL,NULL,1589217138
520,0,disablegradehistory,0,NULL,NULL,1589217138
521,0,gradehistorylifetime,0,NULL,NULL,1589217138
522,0,tempdatafoldercleanup,168,NULL,NULL,1589217138
523,0,filescleanupperiod,86400,NULL,NULL,1589217138
524,0,extramemorylimit,512M,NULL,NULL,1589217138
525,0,maxtimelimit,0,NULL,NULL,1589217138
526,0,curlcache,120,NULL,NULL,1589217138
527,0,curltimeoutkbitrate,56,NULL,NULL,1589217138
528,0,task_scheduled_concurrency_limit,3,NULL,NULL,1589217138
529,0,task_scheduled_max_runtime,1800,NULL,NULL,1589217138
530,0,task_adhoc_concurrency_limit,3,NULL,NULL,1589217138
531,0,task_adhoc_max_runtime,1800,NULL,NULL,1589217138
532,0,task_logmode,1,NULL,NULL,1589217138
533,0,task_logtostdout,1,NULL,NULL,1589217138
534,0,task_logretention,2419200,NULL,NULL,1589217138
535,0,task_logretainruns,20,NULL,NULL,1589217138
536,0,smtphosts,<blank>,NULL,NULL,1589217138
537,0,smtpsecure,<blank>,NULL,NULL,1589217138
538,0,smtpauthtype,LOGIN,NULL,NULL,1589217138
539,0,smtpuser,<blank>,NULL,NULL,1589217138
540,0,smtppass,<blank>,NULL,NULL,1589217138
541,0,smtpmaxbulk,1,NULL,NULL,1589217138
542,0,noreplyaddress,noreply@www.certificaciones.comudeguadalajara.gob.mx,NULL,NULL,1589217138
543,0,allowedemaildomains,<blank>,NULL,NULL,1589217138
544,0,sitemailcharset,0,NULL,NULL,1589217138
545,0,allowusermailcharset,0,NULL,NULL,1589217138
546,0,allowattachments,1,NULL,NULL,1589217138
547,0,mailnewline,LF,NULL,NULL,1589217138
548,0,emailfromvia,1,NULL,NULL,1589217138
549,0,emailsubjectprefix,<blank>,NULL,NULL,1589217138
550,0,updateautocheck,1,NULL,NULL,1589217138
551,0,updateminmaturity,200,NULL,NULL,1589217138
552,0,updatenotifybuilds,0,NULL,NULL,1589217138
553,0,dndallowtextandlinks,0,NULL,NULL,1589217138
554,0,pathtosassc,<blank>,NULL,NULL,1589217138
555,0,contextlocking,0,NULL,NULL,1589217138
556,0,contextlockappliestoadmin,1,NULL,NULL,1589217138
557,0,forceclean,0,NULL,NULL,1589217138
558,0,enablecourserelativedates,0,NULL,NULL,1589217138
559,0,debug,0,NULL,NULL,1589217138
560,0,debugdisplay,0,NULL,NULL,1589217138
561,0,perfdebug,7,NULL,NULL,1589217138
562,0,debugstringids,0,NULL,NULL,1589217138
563,0,debugvalidators,0,NULL,NULL,1589217138
564,0,debugpageinfo,0,NULL,NULL,1589217138
565,0,profilingenabled,0,NULL,NULL,1589217138
566,0,profilingincluded,<blank>,NULL,NULL,1589217138
567,0,profilingexcluded,<blank>,NULL,NULL,1589217138
568,0,profilingautofrec,0,NULL,NULL,1589217138
569,0,profilingallowme,0,NULL,NULL,1589217138
570,0,profilingallowall,0,NULL,NULL,1589217138
571,0,profilingslow,0,NULL,NULL,1589217138
572,0,profilinglifetime,1440,NULL,NULL,1589217138
573,0,profilingimportprefix,(I),NULL,NULL,1589217138
574,0,calendar_exportsalt,RdBIilAAP9MI4Gn1r82E9IhkDfp547CpVzuM4EwdxjDdi11GtMLibEwliYyX,NULL,dqycpdUyamsOhd6j7EIOKkBMl8DFloafp736OjVBBdNCMcIqi7m8ch6E4xWk,1589217147
575,0,calendar_exportsalt,YZz1bptqvJG4XCumA8SxNT4lYsSwRJcAELWB5ihP5TpQfpnobrHIILQDu6bn,NULL,RdBIilAAP9MI4Gn1r82E9IhkDfp547CpVzuM4EwdxjDdi11GtMLibEwliYyX,1589217155
576,0,filter_active,1,activitynames,<blank>,1589217178
577,0,filter_active,1,displayh5p,<blank>,1589217178
578,0,filter_active,1,mathjaxloader,<blank>,1589217178
579,0,filter_active,1,mediaplugin,<blank>,1589217178
580,2,notloggedinroleid,6,NULL,NULL,1589217427
581,2,guestroleid,6,NULL,NULL,1589217427
582,2,defaultuserroleid,7,NULL,NULL,1589217427
583,2,creatornewroleid,3,NULL,NULL,1589217427
584,2,restorernewroleid,3,NULL,NULL,1589217427
585,2,exportlog,1,tool_log,NULL,1589217427
586,2,contactdataprotectionofficer,0,tool_dataprivacy,NULL,1589217427
587,2,automaticdataexportapproval,0,tool_dataprivacy,NULL,1589217427
588,2,automaticdatadeletionapproval,0,tool_dataprivacy,NULL,1589217427
589,2,automaticdeletionrequests,1,tool_dataprivacy,NULL,1589217427
590,2,privacyrequestexpiry,604800,tool_dataprivacy,NULL,1589217427
591,2,requireallenddatesforuserdeletion,1,tool_dataprivacy,NULL,1589217427
592,2,showdataretentionsummary,1,tool_dataprivacy,NULL,1589217427
593,2,sitepolicyhandler,<blank>,NULL,NULL,1589217427
594,2,gradebookroles,5,NULL,NULL,1589217427
595,2,logstore,logstore_standard,analytics,NULL,1589217427
596,2,h5plibraryhandler,h5plib_v124,NULL,NULL,1589217427
597,2,jabberhost,<blank>,NULL,NULL,1589217427
598,2,jabberserver,<blank>,NULL,NULL,1589217427
599,2,jabberusername,<blank>,NULL,NULL,1589217427
600,2,jabberpassword,<blank>,NULL,NULL,1589217427
601,2,jabberport,5222,NULL,NULL,1589217427
602,2,airnotifierurl,https://messages.moodle.net,NULL,NULL,1589217427
603,2,airnotifierport,443,NULL,NULL,1589217427
604,2,airnotifiermobileappname,com.moodle.moodlemobile,NULL,NULL,1589217427
605,2,airnotifierappname,commoodlemoodlemobile,NULL,NULL,1589217427
606,2,airnotifieraccesskey,<blank>,NULL,NULL,1589217427
607,2,rpc_negotiation_timeout,30,auth_mnet,NULL,1589217427
608,2,recaptcha,0,auth_email,NULL,1589217427
609,2,field_lock_firstname,unlocked,auth_email,NULL,1589217427
610,2,field_lock_lastname,unlocked,auth_email,NULL,1589217427
611,2,field_lock_email,unlocked,auth_email,NULL,1589217427
612,2,field_lock_city,unlocked,auth_email,NULL,1589217427
613,2,field_lock_country,unlocked,auth_email,NULL,1589217427
614,2,field_lock_lang,unlocked,auth_email,NULL,1589217427
615,2,field_lock_description,unlocked,auth_email,NULL,1589217427
616,2,field_lock_url,unlocked,auth_email,NULL,1589217427
617,2,field_lock_idnumber,unlocked,auth_email,NULL,1589217427
618,2,field_lock_institution,unlocked,auth_email,NULL,1589217427
619,2,field_lock_department,unlocked,auth_email,NULL,1589217427
620,2,field_lock_phone1,unlocked,auth_email,NULL,1589217427
621,2,field_lock_phone2,unlocked,auth_email,NULL,1589217427
622,2,field_lock_address,unlocked,auth_email,NULL,1589217427
623,2,field_lock_firstnamephonetic,unlocked,auth_email,NULL,1589217427
624,2,field_lock_lastnamephonetic,unlocked,auth_email,NULL,1589217427
625,2,field_lock_middlename,unlocked,auth_email,NULL,1589217427
626,2,field_lock_alternatename,unlocked,auth_email,NULL,1589217427
627,2,expiration,0,auth_manual,NULL,1589217427
628,2,expirationtime,30,auth_manual,NULL,1589217427
629,2,expiration_warning,0,auth_manual,NULL,1589217427
630,2,field_lock_firstname,unlocked,auth_manual,NULL,1589217427
631,2,field_lock_lastname,unlocked,auth_manual,NULL,1589217427
632,2,field_lock_email,unlocked,auth_manual,NULL,1589217427
633,2,field_lock_city,unlocked,auth_manual,NULL,1589217427
634,2,field_lock_country,unlocked,auth_manual,NULL,1589217427
635,2,field_lock_lang,unlocked,auth_manual,NULL,1589217427
636,2,field_lock_description,unlocked,auth_manual,NULL,1589217427
637,2,field_lock_url,unlocked,auth_manual,NULL,1589217427
638,2,field_lock_idnumber,unlocked,auth_manual,NULL,1589217427
639,2,field_lock_institution,unlocked,auth_manual,NULL,1589217427
640,2,field_lock_department,unlocked,auth_manual,NULL,1589217427
641,2,field_lock_phone1,unlocked,auth_manual,NULL,1589217427
642,2,field_lock_phone2,unlocked,auth_manual,NULL,1589217427
643,2,field_lock_address,unlocked,auth_manual,NULL,1589217427
644,2,field_lock_firstnamephonetic,unlocked,auth_manual,NULL,1589217427
645,2,field_lock_lastnamephonetic,unlocked,auth_manual,NULL,1589217427
646,2,field_lock_middlename,unlocked,auth_manual,NULL,1589217427
647,2,field_lock_alternatename,unlocked,auth_manual,NULL,1589217427
648,2,field_lock_firstname,unlocked,auth_oauth2,NULL,1589217427
649,2,field_lock_lastname,unlocked,auth_oauth2,NULL,1589217427
650,2,field_lock_email,unlocked,auth_oauth2,NULL,1589217427
651,2,field_lock_city,unlocked,auth_oauth2,NULL,1589217427
652,2,field_lock_country,unlocked,auth_oauth2,NULL,1589217427
653,2,field_lock_lang,unlocked,auth_oauth2,NULL,1589217427
654,2,field_lock_description,unlocked,auth_oauth2,NULL,1589217427
655,2,field_lock_url,unlocked,auth_oauth2,NULL,1589217427
656,2,field_lock_idnumber,unlocked,auth_oauth2,NULL,1589217427
657,2,field_lock_institution,unlocked,auth_oauth2,NULL,1589217427
658,2,field_lock_department,unlocked,auth_oauth2,NULL,1589217427
659,2,field_lock_phone1,unlocked,auth_oauth2,NULL,1589217427
660,2,field_lock_phone2,unlocked,auth_oauth2,NULL,1589217427
661,2,field_lock_address,unlocked,auth_oauth2,NULL,1589217427
662,2,field_lock_firstnamephonetic,unlocked,auth_oauth2,NULL,1589217427
663,2,field_lock_lastnamephonetic,unlocked,auth_oauth2,NULL,1589217427
664,2,field_lock_middlename,unlocked,auth_oauth2,NULL,1589217427
665,2,field_lock_alternatename,unlocked,auth_oauth2,NULL,1589217427
666,2,user_attribute,<blank>,auth_shibboleth,NULL,1589217427
667,2,convert_data,<blank>,auth_shibboleth,NULL,1589217427
668,2,alt_login,off,auth_shibboleth,NULL,1589217427
669,2,organization_selection,"urn:mace:organization1:providerID, Example Organization 1\n        https://another.idp-id.com/shibboleth, Other Example Organization, /Shibboleth.sso/DS/SWITCHaai\n        urn:mace:organization2:providerID, Example Organization 2, /Shibboleth.sso/WAYF/SWITCHaai",auth_shibboleth,NULL,1589217427
670,2,logout_handler,<blank>,auth_shibboleth,NULL,1589217427
671,2,logout_return_url,<blank>,auth_shibboleth,NULL,1589217427
672,2,login_name,Shibboleth Login,auth_shibboleth,NULL,1589217427
673,2,auth_logo,<blank>,auth_shibboleth,NULL,1589217427
674,2,auth_instructions,"Utilice el <a href=""https://www.certificaciones.comudeguadalajara.gob.mx/auth/shibboleth/index.php"">Ingreso Shibboleth</a> para acceder v\xeda Shibboleth si su instituci\xf3n lo admite. En caso contrario, utilice el formato de ingreso normal que aqu\xed se muestra.",auth_shibboleth,NULL,1589217427
675,2,changepasswordurl,<blank>,auth_shibboleth,NULL,1589217427
676,2,field_map_firstname,<blank>,auth_shibboleth,NULL,1589217427
677,2,field_updatelocal_firstname,oncreate,auth_shibboleth,NULL,1589217427
678,2,field_lock_firstname,unlocked,auth_shibboleth,NULL,1589217427
679,2,field_map_lastname,<blank>,auth_shibboleth,NULL,1589217427
680,2,field_updatelocal_lastname,oncreate,auth_shibboleth,NULL,1589217427
681,2,field_lock_lastname,unlocked,auth_shibboleth,NULL,1589217427
682,2,field_map_email,<blank>,auth_shibboleth,NULL,1589217427
683,2,field_updatelocal_email,oncreate,auth_shibboleth,NULL,1589217427
684,2,field_lock_email,unlocked,auth_shibboleth,NULL,1589217427
685,2,field_map_city,<blank>,auth_shibboleth,NULL,1589217427
686,2,field_updatelocal_city,oncreate,auth_shibboleth,NULL,1589217427
687,2,field_lock_city,unlocked,auth_shibboleth,NULL,1589217427
688,2,field_map_country,<blank>,auth_shibboleth,NULL,1589217427
689,2,field_updatelocal_country,oncreate,auth_shibboleth,NULL,1589217427
690,2,field_lock_country,unlocked,auth_shibboleth,NULL,1589217427
691,2,field_map_lang,<blank>,auth_shibboleth,NULL,1589217427
692,2,field_updatelocal_lang,oncreate,auth_shibboleth,NULL,1589217427
693,2,field_lock_lang,unlocked,auth_shibboleth,NULL,1589217427
694,2,field_map_description,<blank>,auth_shibboleth,NULL,1589217427
695,2,field_updatelocal_description,oncreate,auth_shibboleth,NULL,1589217427
696,2,field_lock_description,unlocked,auth_shibboleth,NULL,1589217427
697,2,field_map_url,<blank>,auth_shibboleth,NULL,1589217427
698,2,field_updatelocal_url,oncreate,auth_shibboleth,NULL,1589217427
699,2,field_lock_url,unlocked,auth_shibboleth,NULL,1589217427
700,2,field_map_idnumber,<blank>,auth_shibboleth,NULL,1589217427
701,2,field_updatelocal_idnumber,oncreate,auth_shibboleth,NULL,1589217427
702,2,field_lock_idnumber,unlocked,auth_shibboleth,NULL,1589217427
703,2,field_map_institution,<blank>,auth_shibboleth,NULL,1589217427
704,2,field_updatelocal_institution,oncreate,auth_shibboleth,NULL,1589217427
705,2,field_lock_institution,unlocked,auth_shibboleth,NULL,1589217427
706,2,field_map_department,<blank>,auth_shibboleth,NULL,1589217427
707,2,field_updatelocal_department,oncreate,auth_shibboleth,NULL,1589217427
708,2,field_lock_department,unlocked,auth_shibboleth,NULL,1589217427
709,2,field_map_phone1,<blank>,auth_shibboleth,NULL,1589217427
710,2,field_updatelocal_phone1,oncreate,auth_shibboleth,NULL,1589217427
711,2,field_lock_phone1,unlocked,auth_shibboleth,NULL,1589217427
712,2,field_map_phone2,<blank>,auth_shibboleth,NULL,1589217427
713,2,field_updatelocal_phone2,oncreate,auth_shibboleth,NULL,1589217427
714,2,field_lock_phone2,unlocked,auth_shibboleth,NULL,1589217427
715,2,field_map_address,<blank>,auth_shibboleth,NULL,1589217427
716,2,field_updatelocal_address,oncreate,auth_shibboleth,NULL,1589217427
717,2,field_lock_address,unlocked,auth_shibboleth,NULL,1589217427
718,2,field_map_firstnamephonetic,<blank>,auth_shibboleth,NULL,1589217427
719,2,field_updatelocal_firstnamephonetic,oncreate,auth_shibboleth,NULL,1589217427
720,2,field_lock_firstnamephonetic,unlocked,auth_shibboleth,NULL,1589217427
721,2,field_map_lastnamephonetic,<blank>,auth_shibboleth,NULL,1589217427
722,2,field_updatelocal_lastnamephonetic,oncreate,auth_shibboleth,NULL,1589217427
723,2,field_lock_lastnamephonetic,unlocked,auth_shibboleth,NULL,1589217427
724,2,field_map_middlename,<blank>,auth_shibboleth,NULL,1589217427
725,2,field_updatelocal_middlename,oncreate,auth_shibboleth,NULL,1589217427
726,2,field_lock_middlename,unlocked,auth_shibboleth,NULL,1589217427
727,2,field_map_alternatename,<blank>,auth_shibboleth,NULL,1589217427
728,2,field_updatelocal_alternatename,oncreate,auth_shibboleth,NULL,1589217427
729,2,field_lock_alternatename,unlocked,auth_shibboleth,NULL,1589217427
730,2,field_lock_firstname,unlocked,auth_none,NULL,1589217427
731,2,field_lock_lastname,unlocked,auth_none,NULL,1589217427
732,2,field_lock_email,unlocked,auth_none,NULL,1589217427
733,2,field_lock_city,unlocked,auth_none,NULL,1589217427
734,2,field_lock_country,unlocked,auth_none,NULL,1589217427
735,2,field_lock_lang,unlocked,auth_none,NULL,1589217427
736,2,field_lock_description,unlocked,auth_none,NULL,1589217427
737,2,field_lock_url,unlocked,auth_none,NULL,1589217427
738,2,field_lock_idnumber,unlocked,auth_none,NULL,1589217427
739,2,field_lock_institution,unlocked,auth_none,NULL,1589217427
740,2,field_lock_department,unlocked,auth_none,NULL,1589217427
741,2,field_lock_phone1,unlocked,auth_none,NULL,1589217427
742,2,field_lock_phone2,unlocked,auth_none,NULL,1589217427
743,2,field_lock_address,unlocked,auth_none,NULL,1589217427
744,2,field_lock_firstnamephonetic,unlocked,auth_none,NULL,1589217427
745,2,field_lock_lastnamephonetic,unlocked,auth_none,NULL,1589217427
746,2,field_lock_middlename,unlocked,auth_none,NULL,1589217427
747,2,field_lock_alternatename,unlocked,auth_none,NULL,1589217427
748,2,field_map_firstname,<blank>,auth_cas,NULL,1589217427
749,2,field_updatelocal_firstname,oncreate,auth_cas,NULL,1589217427
750,2,field_updateremote_firstname,0,auth_cas,NULL,1589217427
751,2,field_lock_firstname,unlocked,auth_cas,NULL,1589217427
752,2,field_map_lastname,<blank>,auth_cas,NULL,1589217427
753,2,field_updatelocal_lastname,oncreate,auth_cas,NULL,1589217427
754,2,field_updateremote_lastname,0,auth_cas,NULL,1589217427
755,2,field_lock_lastname,unlocked,auth_cas,NULL,1589217427
756,2,field_map_email,<blank>,auth_cas,NULL,1589217427
757,2,field_updatelocal_email,oncreate,auth_cas,NULL,1589217427
758,2,field_updateremote_email,0,auth_cas,NULL,1589217427
759,2,field_lock_email,unlocked,auth_cas,NULL,1589217427
760,2,field_map_city,<blank>,auth_cas,NULL,1589217427
761,2,field_updatelocal_city,oncreate,auth_cas,NULL,1589217427
762,2,field_updateremote_city,0,auth_cas,NULL,1589217427
763,2,field_lock_city,unlocked,auth_cas,NULL,1589217427
764,2,field_map_country,<blank>,auth_cas,NULL,1589217427
765,2,field_updatelocal_country,oncreate,auth_cas,NULL,1589217427
766,2,field_updateremote_country,0,auth_cas,NULL,1589217427
767,2,field_lock_country,unlocked,auth_cas,NULL,1589217427
768,2,field_map_lang,<blank>,auth_cas,NULL,1589217427
769,2,field_updatelocal_lang,oncreate,auth_cas,NULL,1589217427
770,2,field_updateremote_lang,0,auth_cas,NULL,1589217427
771,2,field_lock_lang,unlocked,auth_cas,NULL,1589217427
772,2,field_map_description,<blank>,auth_cas,NULL,1589217427
773,2,field_updatelocal_description,oncreate,auth_cas,NULL,1589217427
774,2,field_updateremote_description,0,auth_cas,NULL,1589217427
775,2,field_lock_description,unlocked,auth_cas,NULL,1589217427
776,2,field_map_url,<blank>,auth_cas,NULL,1589217427
777,2,field_updatelocal_url,oncreate,auth_cas,NULL,1589217427
778,2,field_updateremote_url,0,auth_cas,NULL,1589217427
779,2,field_lock_url,unlocked,auth_cas,NULL,1589217427
780,2,field_map_idnumber,<blank>,auth_cas,NULL,1589217427
781,2,field_updatelocal_idnumber,oncreate,auth_cas,NULL,1589217427
782,2,field_updateremote_idnumber,0,auth_cas,NULL,1589217427
783,2,field_lock_idnumber,unlocked,auth_cas,NULL,1589217427
784,2,field_map_institution,<blank>,auth_cas,NULL,1589217427
785,2,field_updatelocal_institution,oncreate,auth_cas,NULL,1589217427
786,2,field_updateremote_institution,0,auth_cas,NULL,1589217427
787,2,field_lock_institution,unlocked,auth_cas,NULL,1589217427
788,2,field_map_department,<blank>,auth_cas,NULL,1589217427
789,2,field_updatelocal_department,oncreate,auth_cas,NULL,1589217427
790,2,field_updateremote_department,0,auth_cas,NULL,1589217427
791,2,field_lock_department,unlocked,auth_cas,NULL,1589217427
792,2,field_map_phone1,<blank>,auth_cas,NULL,1589217427
793,2,field_updatelocal_phone1,oncreate,auth_cas,NULL,1589217427
794,2,field_updateremote_phone1,0,auth_cas,NULL,1589217427
795,2,field_lock_phone1,unlocked,auth_cas,NULL,1589217427
796,2,field_map_phone2,<blank>,auth_cas,NULL,1589217427
797,2,field_updatelocal_phone2,oncreate,auth_cas,NULL,1589217427
798,2,field_updateremote_phone2,0,auth_cas,NULL,1589217427
799,2,field_lock_phone2,unlocked,auth_cas,NULL,1589217427
800,2,field_map_address,<blank>,auth_cas,NULL,1589217427
801,2,field_updatelocal_address,oncreate,auth_cas,NULL,1589217427
802,2,field_updateremote_address,0,auth_cas,NULL,1589217427
803,2,field_lock_address,unlocked,auth_cas,NULL,1589217427
804,2,field_map_firstnamephonetic,<blank>,auth_cas,NULL,1589217427
805,2,field_updatelocal_firstnamephonetic,oncreate,auth_cas,NULL,1589217427
806,2,field_updateremote_firstnamephonetic,0,auth_cas,NULL,1589217427
807,2,field_lock_firstnamephonetic,unlocked,auth_cas,NULL,1589217427
808,2,field_map_lastnamephonetic,<blank>,auth_cas,NULL,1589217427
809,2,field_updatelocal_lastnamephonetic,oncreate,auth_cas,NULL,1589217427
810,2,field_updateremote_lastnamephonetic,0,auth_cas,NULL,1589217427
811,2,field_lock_lastnamephonetic,unlocked,auth_cas,NULL,1589217427
812,2,field_map_middlename,<blank>,auth_cas,NULL,1589217427
813,2,field_updatelocal_middlename,oncreate,auth_cas,NULL,1589217428
814,2,field_updateremote_middlename,0,auth_cas,NULL,1589217428
815,2,field_lock_middlename,unlocked,auth_cas,NULL,1589217428
816,2,field_map_alternatename,<blank>,auth_cas,NULL,1589217428
817,2,field_updatelocal_alternatename,oncreate,auth_cas,NULL,1589217428
818,2,field_updateremote_alternatename,0,auth_cas,NULL,1589217428
819,2,field_lock_alternatename,unlocked,auth_cas,NULL,1589217428
820,2,field_map_firstname,<blank>,auth_ldap,NULL,1589217428
821,2,field_updatelocal_firstname,oncreate,auth_ldap,NULL,1589217428
822,2,field_updateremote_firstname,0,auth_ldap,NULL,1589217428
823,2,field_lock_firstname,unlocked,auth_ldap,NULL,1589217428
824,2,field_map_lastname,<blank>,auth_ldap,NULL,1589217428
825,2,field_updatelocal_lastname,oncreate,auth_ldap,NULL,1589217428
826,2,field_updateremote_lastname,0,auth_ldap,NULL,1589217428
827,2,field_lock_lastname,unlocked,auth_ldap,NULL,1589217428
828,2,field_map_email,<blank>,auth_ldap,NULL,1589217428
829,2,field_updatelocal_email,oncreate,auth_ldap,NULL,1589217428
830,2,field_updateremote_email,0,auth_ldap,NULL,1589217428
831,2,field_lock_email,unlocked,auth_ldap,NULL,1589217428
832,2,field_map_city,<blank>,auth_ldap,NULL,1589217428
833,2,field_updatelocal_city,oncreate,auth_ldap,NULL,1589217428
834,2,field_updateremote_city,0,auth_ldap,NULL,1589217428
835,2,field_lock_city,unlocked,auth_ldap,NULL,1589217428
836,2,field_map_country,<blank>,auth_ldap,NULL,1589217428
837,2,field_updatelocal_country,oncreate,auth_ldap,NULL,1589217428
838,2,field_updateremote_country,0,auth_ldap,NULL,1589217428
839,2,field_lock_country,unlocked,auth_ldap,NULL,1589217428
840,2,field_map_lang,<blank>,auth_ldap,NULL,1589217428
841,2,field_updatelocal_lang,oncreate,auth_ldap,NULL,1589217428
842,2,field_updateremote_lang,0,auth_ldap,NULL,1589217428
843,2,field_lock_lang,unlocked,auth_ldap,NULL,1589217428
844,2,field_map_description,<blank>,auth_ldap,NULL,1589217428
845,2,field_updatelocal_description,oncreate,auth_ldap,NULL,1589217428
846,2,field_updateremote_description,0,auth_ldap,NULL,1589217428
847,2,field_lock_description,unlocked,auth_ldap,NULL,1589217428
848,2,field_map_url,<blank>,auth_ldap,NULL,1589217428
849,2,field_updatelocal_url,oncreate,auth_ldap,NULL,1589217428
850,2,field_updateremote_url,0,auth_ldap,NULL,1589217428
851,2,field_lock_url,unlocked,auth_ldap,NULL,1589217428
852,2,field_map_idnumber,<blank>,auth_ldap,NULL,1589217428
853,2,field_updatelocal_idnumber,oncreate,auth_ldap,NULL,1589217428
854,2,field_updateremote_idnumber,0,auth_ldap,NULL,1589217428
855,2,field_lock_idnumber,unlocked,auth_ldap,NULL,1589217428
856,2,field_map_institution,<blank>,auth_ldap,NULL,1589217428
857,2,field_updatelocal_institution,oncreate,auth_ldap,NULL,1589217428
858,2,field_updateremote_institution,0,auth_ldap,NULL,1589217428
859,2,field_lock_institution,unlocked,auth_ldap,NULL,1589217428
860,2,field_map_department,<blank>,auth_ldap,NULL,1589217428
861,2,field_updatelocal_department,oncreate,auth_ldap,NULL,1589217428
862,2,field_updateremote_department,0,auth_ldap,NULL,1589217428
863,2,field_lock_department,unlocked,auth_ldap,NULL,1589217428
864,2,field_map_phone1,<blank>,auth_ldap,NULL,1589217428
865,2,field_updatelocal_phone1,oncreate,auth_ldap,NULL,1589217428
866,2,field_updateremote_phone1,0,auth_ldap,NULL,1589217428
867,2,field_lock_phone1,unlocked,auth_ldap,NULL,1589217428
868,2,field_map_phone2,<blank>,auth_ldap,NULL,1589217428
869,2,field_updatelocal_phone2,oncreate,auth_ldap,NULL,1589217428
870,2,field_updateremote_phone2,0,auth_ldap,NULL,1589217428
871,2,field_lock_phone2,unlocked,auth_ldap,NULL,1589217428
872,2,field_map_address,<blank>,auth_ldap,NULL,1589217428
873,2,field_updatelocal_address,oncreate,auth_ldap,NULL,1589217428
874,2,field_updateremote_address,0,auth_ldap,NULL,1589217428
875,2,field_lock_address,unlocked,auth_ldap,NULL,1589217428
876,2,field_map_firstnamephonetic,<blank>,auth_ldap,NULL,1589217428
877,2,field_updatelocal_firstnamephonetic,oncreate,auth_ldap,NULL,1589217428
878,2,field_updateremote_firstnamephonetic,0,auth_ldap,NULL,1589217428
879,2,field_lock_firstnamephonetic,unlocked,auth_ldap,NULL,1589217428
880,2,field_map_lastnamephonetic,<blank>,auth_ldap,NULL,1589217428
881,2,field_updatelocal_lastnamephonetic,oncreate,auth_ldap,NULL,1589217428
882,2,field_updateremote_lastnamephonetic,0,auth_ldap,NULL,1589217428
883,2,field_lock_lastnamephonetic,unlocked,auth_ldap,NULL,1589217428
884,2,field_map_middlename,<blank>,auth_ldap,NULL,1589217428
885,2,field_updatelocal_middlename,oncreate,auth_ldap,NULL,1589217428
886,2,field_updateremote_middlename,0,auth_ldap,NULL,1589217428
887,2,field_lock_middlename,unlocked,auth_ldap,NULL,1589217428
888,2,field_map_alternatename,<blank>,auth_ldap,NULL,1589217428
889,2,field_updatelocal_alternatename,oncreate,auth_ldap,NULL,1589217428
890,2,field_updateremote_alternatename,0,auth_ldap,NULL,1589217428
891,2,field_lock_alternatename,unlocked,auth_ldap,NULL,1589217428
892,2,host,127.0.0.1,auth_db,NULL,1589217428
893,2,type,mysqli,auth_db,NULL,1589217428
894,2,sybasequoting,0,auth_db,NULL,1589217428
895,2,name,<blank>,auth_db,NULL,1589217428
896,2,user,<blank>,auth_db,NULL,1589217428
897,2,pass,<blank>,auth_db,NULL,1589217428
898,2,table,<blank>,auth_db,NULL,1589217428
899,2,fielduser,<blank>,auth_db,NULL,1589217428
900,2,fieldpass,<blank>,auth_db,NULL,1589217428
901,2,passtype,plaintext,auth_db,NULL,1589217428
902,2,extencoding,utf-8,auth_db,NULL,1589217428
903,2,setupsql,<blank>,auth_db,NULL,1589217428
904,2,debugauthdb,0,auth_db,NULL,1589217428
905,2,changepasswordurl,<blank>,auth_db,NULL,1589217428
906,2,removeuser,0,auth_db,NULL,1589217428
907,2,updateusers,0,auth_db,NULL,1589217428
908,2,field_map_firstname,<blank>,auth_db,NULL,1589217428
909,2,field_updatelocal_firstname,oncreate,auth_db,NULL,1589217428
910,2,field_updateremote_firstname,0,auth_db,NULL,1589217428
911,2,field_lock_firstname,unlocked,auth_db,NULL,1589217428
912,2,field_map_lastname,<blank>,auth_db,NULL,1589217428
913,2,field_updatelocal_lastname,oncreate,auth_db,NULL,1589217428
914,2,field_updateremote_lastname,0,auth_db,NULL,1589217428
915,2,field_lock_lastname,unlocked,auth_db,NULL,1589217428
916,2,field_map_email,<blank>,auth_db,NULL,1589217428
917,2,field_updatelocal_email,oncreate,auth_db,NULL,1589217428
918,2,field_updateremote_email,0,auth_db,NULL,1589217428
919,2,field_lock_email,unlocked,auth_db,NULL,1589217428
920,2,field_map_city,<blank>,auth_db,NULL,1589217428
921,2,field_updatelocal_city,oncreate,auth_db,NULL,1589217428
922,2,field_updateremote_city,0,auth_db,NULL,1589217428
923,2,field_lock_city,unlocked,auth_db,NULL,1589217428
924,2,field_map_country,<blank>,auth_db,NULL,1589217428
925,2,field_updatelocal_country,oncreate,auth_db,NULL,1589217428
926,2,field_updateremote_country,0,auth_db,NULL,1589217428
927,2,field_lock_country,unlocked,auth_db,NULL,1589217428
928,2,field_map_lang,<blank>,auth_db,NULL,1589217428
929,2,field_updatelocal_lang,oncreate,auth_db,NULL,1589217428
930,2,field_updateremote_lang,0,auth_db,NULL,1589217428
931,2,field_lock_lang,unlocked,auth_db,NULL,1589217428
932,2,field_map_description,<blank>,auth_db,NULL,1589217428
933,2,field_updatelocal_description,oncreate,auth_db,NULL,1589217428
934,2,field_updateremote_description,0,auth_db,NULL,1589217428
935,2,field_lock_description,unlocked,auth_db,NULL,1589217428
936,2,field_map_url,<blank>,auth_db,NULL,1589217428
937,2,field_updatelocal_url,oncreate,auth_db,NULL,1589217428
938,2,field_updateremote_url,0,auth_db,NULL,1589217428
939,2,field_lock_url,unlocked,auth_db,NULL,1589217428
940,2,field_map_idnumber,<blank>,auth_db,NULL,1589217428
941,2,field_updatelocal_idnumber,oncreate,auth_db,NULL,1589217428
942,2,field_updateremote_idnumber,0,auth_db,NULL,1589217428
943,2,field_lock_idnumber,unlocked,auth_db,NULL,1589217428
944,2,field_map_institution,<blank>,auth_db,NULL,1589217428
945,2,field_updatelocal_institution,oncreate,auth_db,NULL,1589217428
946,2,field_updateremote_institution,0,auth_db,NULL,1589217428
947,2,field_lock_institution,unlocked,auth_db,NULL,1589217428
948,2,field_map_department,<blank>,auth_db,NULL,1589217428
949,2,field_updatelocal_department,oncreate,auth_db,NULL,1589217428
950,2,field_updateremote_department,0,auth_db,NULL,1589217428
951,2,field_lock_department,unlocked,auth_db,NULL,1589217428
952,2,field_map_phone1,<blank>,auth_db,NULL,1589217428
953,2,field_updatelocal_phone1,oncreate,auth_db,NULL,1589217428
954,2,field_updateremote_phone1,0,auth_db,NULL,1589217428
955,2,field_lock_phone1,unlocked,auth_db,NULL,1589217428
956,2,field_map_phone2,<blank>,auth_db,NULL,1589217428
957,2,field_updatelocal_phone2,oncreate,auth_db,NULL,1589217428
958,2,field_updateremote_phone2,0,auth_db,NULL,1589217428
959,2,field_lock_phone2,unlocked,auth_db,NULL,1589217428
960,2,field_map_address,<blank>,auth_db,NULL,1589217428
961,2,field_updatelocal_address,oncreate,auth_db,NULL,1589217428
962,2,field_updateremote_address,0,auth_db,NULL,1589217428
963,2,field_lock_address,unlocked,auth_db,NULL,1589217428
964,2,field_map_firstnamephonetic,<blank>,auth_db,NULL,1589217428
965,2,field_updatelocal_firstnamephonetic,oncreate,auth_db,NULL,1589217428
966,2,field_updateremote_firstnamephonetic,0,auth_db,NULL,1589217428
967,2,field_lock_firstnamephonetic,unlocked,auth_db,NULL,1589217428
968,2,field_map_lastnamephonetic,<blank>,auth_db,NULL,1589217428
969,2,field_updatelocal_lastnamephonetic,oncreate,auth_db,NULL,1589217428
970,2,field_updateremote_lastnamephonetic,0,auth_db,NULL,1589217428
971,2,field_lock_lastnamephonetic,unlocked,auth_db,NULL,1589217428
972,2,field_map_middlename,<blank>,auth_db,NULL,1589217428
973,2,field_updatelocal_middlename,oncreate,auth_db,NULL,1589217428
974,2,field_updateremote_middlename,0,auth_db,NULL,1589217428
975,2,field_lock_middlename,unlocked,auth_db,NULL,1589217428
976,2,field_map_alternatename,<blank>,auth_db,NULL,1589217428
977,2,field_updatelocal_alternatename,oncreate,auth_db,NULL,1589217428
978,2,field_updateremote_alternatename,0,auth_db,NULL,1589217428
979,2,field_lock_alternatename,unlocked,auth_db,NULL,1589217428
980,2,dbdriver,<blank>,logstore_database,NULL,1589217428
981,2,dbhost,<blank>,logstore_database,NULL,1589217428
982,2,dbuser,<blank>,logstore_database,NULL,1589217428
983,2,dbpass,<blank>,logstore_database,NULL,1589217428
984,2,dbname,<blank>,logstore_database,NULL,1589217428
985,2,dbtable,<blank>,logstore_database,NULL,1589217428
986,2,dbpersist,0,logstore_database,NULL,1589217428
987,2,dbsocket,<blank>,logstore_database,NULL,1589217428
988,2,dbport,<blank>,logstore_database,NULL,1589217428
989,2,dbschema,<blank>,logstore_database,NULL,1589217428
990,2,dbcollation,<blank>,logstore_database,NULL,1589217428
991,2,dbhandlesoptions,0,logstore_database,NULL,1589217428
992,2,buffersize,50,logstore_database,NULL,1589217428
993,2,jsonformat,1,logstore_database,NULL,1589217428
994,2,logguests,0,logstore_database,NULL,1589217428
995,2,includelevels,"1,2,0",logstore_database,NULL,1589217428
996,2,includeactions,"c,r,u,d",logstore_database,NULL,1589217428
997,2,loglegacy,0,logstore_legacy,NULL,1589217428
998,2,logguests,1,NULL,NULL,1589217428
999,2,loglifetime,0,NULL,NULL,1589217428
1000,2,logguests,1,logstore_standard,NULL,1589217428
1001,2,jsonformat,1,logstore_standard,NULL,1589217428
1002,2,loglifetime,0,logstore_standard,NULL,1589217428
1003,2,buffersize,50,logstore_standard,NULL,1589217428
1004,2,block_rss_client_num_entries,5,NULL,NULL,1589217428
1005,2,block_rss_client_timeout,30,NULL,NULL,1589217428
1006,2,block_course_list_adminview,all,NULL,NULL,1589217428
1007,2,block_course_list_hideallcourseslink,0,NULL,NULL,1589217428
1008,2,displaycategories,1,block_recentlyaccessedcourses,NULL,1589217428
1009,2,displaycategories,1,block_starredcourses,NULL,1589217428
1010,2,numsections1,22,block_section_links,NULL,1589217428
1011,2,incby1,2,block_section_links,NULL,1589217428
1012,2,numsections2,40,block_section_links,NULL,1589217428
1013,2,incby2,5,block_section_links,NULL,1589217428
1014,2,block_html_allowcssclasses,0,NULL,NULL,1589217428
1015,2,config_showbest,3,block_activity_results,NULL,1589217428
1016,2,config_showbest_locked,<blank>,block_activity_results,NULL,1589217428
1017,2,config_showworst,0,block_activity_results,NULL,1589217428
1018,2,config_showworst_locked,<blank>,block_activity_results,NULL,1589217428
1019,2,config_usegroups,0,block_activity_results,NULL,1589217428
1020,2,config_usegroups_locked,<blank>,block_activity_results,NULL,1589217428
1021,2,config_nameformat,1,block_activity_results,NULL,1589217428
1022,2,config_nameformat_locked,<blank>,block_activity_results,NULL,1589217428
1023,2,config_gradeformat,1,block_activity_results,NULL,1589217428
1024,2,config_gradeformat_locked,<blank>,block_activity_results,NULL,1589217428
1025,2,config_decimalpoints,2,block_activity_results,NULL,1589217428
1026,2,config_decimalpoints_locked,<blank>,block_activity_results,NULL,1589217428
1027,2,block_online_users_timetosee,5,NULL,NULL,1589217428
1028,2,block_online_users_onlinestatushiding,1,NULL,NULL,1589217428
1029,2,displaycategories,1,block_myoverview,NULL,1589217428
1030,2,layouts,"card,list,summary",block_myoverview,NULL,1589217428
1031,2,displaygroupingallincludinghidden,0,block_myoverview,NULL,1589217428
1032,2,displaygroupingall,1,block_myoverview,NULL,1589217428
1033,2,displaygroupinginprogress,1,block_myoverview,NULL,1589217428
1034,2,displaygroupingpast,1,block_myoverview,NULL,1589217428
1035,2,displaygroupingfuture,1,block_myoverview,NULL,1589217428
1036,2,displaygroupingcustomfield,0,block_myoverview,NULL,1589217428
1037,2,customfiltergrouping,<blank>,block_myoverview,NULL,1589217428
1038,2,displaygroupingfavourites,1,block_myoverview,NULL,1589217428
1039,2,displaygroupinghidden,1,block_myoverview,NULL,1589217428
1040,2,apikey,<blank>,block_tag_youtube,NULL,1589217428
1041,2,useserver,0,mlbackend_python,NULL,1589217429
1042,2,host,<blank>,mlbackend_python,NULL,1589217429
1043,2,port,0,mlbackend_python,NULL,1589217429
1044,2,secure,0,mlbackend_python,NULL,1589217429
1045,2,username,default,mlbackend_python,NULL,1589217429
1046,2,password,<blank>,mlbackend_python,NULL,1589217429
1047,2,issuerid,<blank>,fileconverter_googledrive,NULL,1589217429
1048,2,pathtounoconv,/usr/bin/unoconv,NULL,NULL,1589217429
1049,2,toolbar,"collapse = collapse\nstyle1 = title, bold, italic\nlist = unorderedlist, orderedlist\nlinks = link\nfiles = image, media, recordrtc, managefiles, h5p\nstyle2 = underline, strike, subscript, superscript\nalign = align\nindent = indent\ninsert = equation, charmap, table, clear\nundo = undo\naccessibility = accessibilitychecker, accessibilityhelper\nother = html",editor_atto,NULL,1589217429
1050,2,autosavefrequency,60,editor_atto,NULL,1589217429
1051,2,showgroups,5,atto_collapse,NULL,1589217429
1052,2,librarygroup1,\n\\cdot\n\\times\n\\ast\n\\div\n\\diamond\n\\pm\n\\mp\n\\oplus\n\\ominus\n\\otimes\n\\oslash\n\\odot\n\\circ\n\\bullet\n\\asymp\n\\equiv\n\\subseteq\n\\supseteq\n\\leq\n\\geq\n\\preceq\n\\succeq\n\\sim\n\\simeq\n\\approx\n\\subset\n\\supset\n\\ll\n\\gg\n\\prec\n\\succ\n\\infty\n\\in\n\\ni\n\\forall\n\\exists\n\\neq\n,atto_equation,NULL,1589217429
1053,2,librarygroup2,\n\\leftarrow\n\\rightarrow\n\\uparrow\n\\downarrow\n\\leftrightarrow\n\\nearrow\n\\searrow\n\\swarrow\n\\nwarrow\n\\Leftarrow\n\\Rightarrow\n\\Uparrow\n\\Downarrow\n\\Leftrightarrow\n,atto_equation,NULL,1589217429
1054,2,librarygroup3,\n\\alpha\n\\beta\n\\gamma\n\\delta\n\\epsilon\n\\zeta\n\\eta\n\\theta\n\\iota\n\\kappa\n\\lambda\n\\mu\n\\nu\n\xi\n\\pi\n\\rho\n\\sigma\n\\tau\n\\upsilon\n\\phi\n\\chi\n\\psi\n\\omega\n\\Gamma\n\\Delta\n\\Theta\n\\Lambda\n\\Xi\n\\Pi\n\\Sigma\n\\Upsilon\n\\Phi\n\\Psi\n\\Omega\n,atto_equation,NULL,1589217429
1055,2,librarygroup4,"\n\\sum{a,b}\n\\sqrt[a]{b+c}\n\\int_{a}^{b}{c}\n\\iint_{a}^{b}{c}\n\\iiint_{a}^{b}{c}\n\\oint{a}\n(a)\n[a]\n\\lbrace{a}\\rbrace\n\\left| \\begin{matrix} a_1 & a_2 \\ a_3 & a_4 \\end{matrix} \\right|\n\\frac{a}{b+c}\n\\vec{a}\n\\binom {a} {b}\n{a \\brack b}\n{a \\brace b}\n",atto_equation,NULL,1589217429
1056,2,allowedtypes,both,atto_recordrtc,NULL,1589217429
1057,2,audiobitrate,128000,atto_recordrtc,NULL,1589217429
1058,2,videobitrate,2500000,atto_recordrtc,NULL,1589217429
1059,2,timelimit,120,atto_recordrtc,NULL,1589217429
1060,2,allowborders,0,atto_table,NULL,1589217429
1061,2,allowbackgroundcolour,0,atto_table,NULL,1589217429
1062,2,allowwidth,0,atto_table,NULL,1589217429
1063,2,customtoolbar,"wrap,formatselect,wrap,bold,italic,wrap,bullist,numlist,wrap,link,unlink,wrap,image\n\nundo,redo,wrap,underline,strikethrough,sub,sup,wrap,justifyleft,justifycenter,justifyright,wrap,outdent,indent,wrap,forecolor,backcolor,wrap,ltr,rtl\n\nfontselect,fontsizeselect,wrap,code,search,replace,wrap,nonbreaking,charmap,table,wrap,cleanup,removeformat,pastetext,pasteword,wrap,fullscreen",editor_tinymce,NULL,1589217429
1064,2,fontselectlist,"Trebuchet=Trebuchet MS,Verdana,Arial,Helvetica,sans-serif;Arial=arial,helvetica,sans-serif;Courier New=courier new,courier,monospace;Georgia=georgia,times new roman,times,serif;Tahoma=tahoma,arial,helvetica,sans-serif;Times New Roman=times new roman,times,serif;Verdana=verdana,arial,helvetica,sans-serif;Impact=impact;Wingdings=wingdings",editor_tinymce,NULL,1589217429
1065,2,customconfig,<blank>,editor_tinymce,NULL,1589217429
1066,2,requireemoticon,1,tinymce_moodleemoticon,NULL,1589217429
1067,2,spellengine,<blank>,tinymce_spellchecker,NULL,1589217429
1068,2,spelllanguagelist,"+English=en,Danish=da,Dutch=nl,Finnish=fi,French=fr,German=de,Italian=it,Polish=pl,Portuguese=pt,Spanish=es,Swedish=sv",tinymce_spellchecker,NULL,1589217429
1069,2,filter_censor_badwords,<blank>,NULL,NULL,1589217429
1070,2,filter_multilang_force_old,0,NULL,NULL,1589217429
1071,2,formats,0,filter_urltolink,NULL,1589217429
1072,2,embedimages,1,filter_urltolink,NULL,1589217429
1073,2,httpsurl,https://cdn.jsdelivr.net/npm/mathjax@2.7.8/MathJax.js,filter_mathjaxloader,NULL,1589217429
1074,2,texfiltercompatibility,0,filter_mathjaxloader,NULL,1589217429
1075,2,mathjaxconfig,"\nMathJax.Hub.Config({\n    config: [""Accessible.js"", ""Safe.js""],\n    errorSettings: { message: [""!""] },\n    skipStartupTypeset: true,\n    messageStyle: ""none""\n});\n",filter_mathjaxloader,NULL,1589217429
1076,2,additionaldelimiters,<blank>,filter_mathjaxloader,NULL,1589217429
1077,2,formats,"1,4,0",filter_emoticon,NULL,1589217429
1078,2,allowedsources,<blank>,filter_displayh5p,NULL,1589217429
1079,2,latexpreamble,"\\usepackage[latin1]{inputenc}\n\\usepackage{amsmath}\n\\usepackage{amsfonts}\n\\RequirePackage{amsmath,amssymb,latexsym}\n",filter_tex,NULL,1589217429
1080,2,latexbackground,#FFFFFF,filter_tex,NULL,1589217429
1081,2,density,120,filter_tex,NULL,1589217429
1082,2,pathlatex,/usr/bin/latex,filter_tex,NULL,1589217429
1083,2,pathdvips,/usr/bin/dvips,filter_tex,NULL,1589217429
1084,2,pathconvert,/usr/bin/convert,filter_tex,NULL,1589217429
1085,2,pathdvisvgm,/usr/bin/dvisvgm,filter_tex,NULL,1589217429
1086,2,pathmimetex,<blank>,filter_tex,NULL,1589217429
1087,2,convertformat,gif,filter_tex,NULL,1589217429
1088,2,activitytype,forum,format_singleactivity,NULL,1589217429
1089,2,coursebinenable,1,tool_recyclebin,NULL,1589217429
1090,2,coursebinexpiry,604800,tool_recyclebin,NULL,1589217429
1091,2,categorybinenable,1,tool_recyclebin,NULL,1589217429
1092,2,categorybinexpiry,604800,tool_recyclebin,NULL,1589217429
1093,2,autohide,1,tool_recyclebin,NULL,1589217429
1094,2,requirepassword,0,enrol_guest,NULL,1589217429
1095,2,usepasswordpolicy,0,enrol_guest,NULL,1589217429
1096,2,showhint,0,enrol_guest,NULL,1589217429
1097,2,defaultenrol,1,enrol_guest,NULL,1589217429
1098,2,status,1,enrol_guest,NULL,1589217429
1099,2,status_adv,<blank>,enrol_guest,NULL,1589217429
1100,2,imsfilelocation,<blank>,enrol_imsenterprise,NULL,1589217429
1101,2,logtolocation,<blank>,enrol_imsenterprise,NULL,1589217429
1102,2,mailadmins,0,enrol_imsenterprise,NULL,1589217429
1103,2,createnewusers,0,enrol_imsenterprise,NULL,1589217429
1104,2,imsupdateusers,0,enrol_imsenterprise,NULL,1589217429
1105,2,imsdeleteusers,0,enrol_imsenterprise,NULL,1589217429
1106,2,fixcaseusernames,0,enrol_imsenterprise,NULL,1589217429
1107,2,fixcasepersonalnames,0,enrol_imsenterprise,NULL,1589217429
1108,2,imssourcedidfallback,0,enrol_imsenterprise,NULL,1589217429
1109,2,imsrolemap01,5,enrol_imsenterprise,NULL,1589217429
1110,2,imsrolemap02,3,enrol_imsenterprise,NULL,1589217429
1111,2,imsrolemap03,3,enrol_imsenterprise,NULL,1589217429
1112,2,imsrolemap04,5,enrol_imsenterprise,NULL,1589217429
1113,2,imsrolemap05,0,enrol_imsenterprise,NULL,1589217429
1114,2,imsrolemap06,4,enrol_imsenterprise,NULL,1589217429
1115,2,imsrolemap07,0,enrol_imsenterprise,NULL,1589217429
1116,2,imsrolemap08,4,enrol_imsenterprise,NULL,1589217429
1117,2,truncatecoursecodes,0,enrol_imsenterprise,NULL,1589217429
1118,2,createnewcourses,0,enrol_imsenterprise,NULL,1589217429
1119,2,updatecourses,0,enrol_imsenterprise,NULL,1589217429
1120,2,createnewcategories,0,enrol_imsenterprise,NULL,1589217429
1121,2,nestedcategories,0,enrol_imsenterprise,NULL,1589217429
1122,2,categoryidnumber,0,enrol_imsenterprise,NULL,1589217429
1123,2,categoryseparator,<blank>,enrol_imsenterprise,NULL,1589217429
1124,2,imsunenrol,0,enrol_imsenterprise,NULL,1589217429
1125,2,imscoursemapshortname,coursecode,enrol_imsenterprise,NULL,1589217429
1126,2,imscoursemapfullname,short,enrol_imsenterprise,NULL,1589217429
1127,2,imscoursemapsummary,ignore,enrol_imsenterprise,NULL,1589217429
1128,2,imsrestricttarget,<blank>,enrol_imsenterprise,NULL,1589217429
1129,2,imscapitafix,0,enrol_imsenterprise,NULL,1589217429
1130,2,location,<blank>,enrol_flatfile,NULL,1589217429
1131,2,encoding,UTF-8,enrol_flatfile,NULL,1589217429
1132,2,mailstudents,0,enrol_flatfile,NULL,1589217429
1133,2,mailteachers,0,enrol_flatfile,NULL,1589217429
1134,2,mailadmins,0,enrol_flatfile,NULL,1589217429
1135,2,unenrolaction,3,enrol_flatfile,NULL,1589217429
1136,2,expiredaction,3,enrol_flatfile,NULL,1589217429
1137,2,requirepassword,0,enrol_self,NULL,1589217429
1138,2,usepasswordpolicy,0,enrol_self,NULL,1589217429
1139,2,showhint,0,enrol_self,NULL,1589217429
1140,2,expiredaction,1,enrol_self,NULL,1589217429
1141,2,expirynotifyhour,6,enrol_self,NULL,1589217429
1142,2,defaultenrol,1,enrol_self,NULL,1589217429
1143,2,status,1,enrol_self,NULL,1589217429
1144,2,newenrols,1,enrol_self,NULL,1589217429
1145,2,groupkey,0,enrol_self,NULL,1589217429
1146,2,roleid,5,enrol_self,NULL,1589217429
1147,2,enrolperiod,0,enrol_self,NULL,1589217429
1148,2,expirynotify,0,enrol_self,NULL,1589217429
1149,2,expirythreshold,86400,enrol_self,NULL,1589217429
1150,2,longtimenosee,0,enrol_self,NULL,1589217429
1151,2,maxenrolled,0,enrol_self,NULL,1589217429
1152,2,sendcoursewelcomemessage,1,enrol_self,NULL,1589217429
1153,2,dbtype,<blank>,enrol_database,NULL,1589217429
1154,2,dbhost,localhost,enrol_database,NULL,1589217429
1155,2,dbuser,<blank>,enrol_database,NULL,1589217429
1156,2,dbpass,<blank>,enrol_database,NULL,1589217429
1157,2,dbname,<blank>,enrol_database,NULL,1589217429
1158,2,dbencoding,utf-8,enrol_database,NULL,1589217429
1159,2,dbsetupsql,<blank>,enrol_database,NULL,1589217429
1160,2,dbsybasequoting,0,enrol_database,NULL,1589217429
1161,2,debugdb,0,enrol_database,NULL,1589217429
1162,2,localcoursefield,idnumber,enrol_database,NULL,1589217429
1163,2,localuserfield,idnumber,enrol_database,NULL,1589217429
1164,2,localrolefield,shortname,enrol_database,NULL,1589217429
1165,2,localcategoryfield,id,enrol_database,NULL,1589217429
1166,2,remoteenroltable,<blank>,enrol_database,NULL,1589217429
1167,2,remotecoursefield,<blank>,enrol_database,NULL,1589217429
1168,2,remoteuserfield,<blank>,enrol_database,NULL,1589217429
1169,2,remoterolefield,<blank>,enrol_database,NULL,1589217429
1170,2,remoteotheruserfield,<blank>,enrol_database,NULL,1589217429
1171,2,defaultrole,5,enrol_database,NULL,1589217429
1172,2,ignorehiddencourses,0,enrol_database,NULL,1589217429
1173,2,unenrolaction,0,enrol_database,NULL,1589217429
1174,2,newcoursetable,<blank>,enrol_database,NULL,1589217429
1175,2,newcoursefullname,fullname,enrol_database,NULL,1589217429
1176,2,newcourseshortname,shortname,enrol_database,NULL,1589217429
1177,2,newcourseidnumber,idnumber,enrol_database,NULL,1589217429
1178,2,newcoursecategory,<blank>,enrol_database,NULL,1589217429
1179,2,defaultcategory,1,enrol_database,NULL,1589217429
1180,2,templatecourse,<blank>,enrol_database,NULL,1589217429
1181,2,expiredaction,1,enrol_manual,NULL,1589217429
1182,2,expirynotifyhour,6,enrol_manual,NULL,1589217429
1183,2,defaultenrol,1,enrol_manual,NULL,1589217429
1184,2,status,0,enrol_manual,NULL,1589217429
1185,2,roleid,5,enrol_manual,NULL,1589217429
1186,2,enrolstart,4,enrol_manual,NULL,1589217429
1187,2,enrolperiod,0,enrol_manual,NULL,1589217429
1188,2,expirynotify,0,enrol_manual,NULL,1589217429
1189,2,expirythreshold,86400,enrol_manual,NULL,1589217429
1190,2,roleid,5,enrol_mnet,NULL,1589217429
1191,2,roleid_adv,1,enrol_mnet,NULL,1589217429
1192,2,nosyncroleids,<blank>,enrol_meta,NULL,1589217429
1193,2,syncall,1,enrol_meta,NULL,1589217429
1194,2,unenrolaction,3,enrol_meta,NULL,1589217429
1195,2,coursesort,sortorder,enrol_meta,NULL,1589217429
1196,2,paypalbusiness,<blank>,enrol_paypal,NULL,1589217429
1197,2,mailstudents,0,enrol_paypal,NULL,1589217429
1198,2,mailteachers,0,enrol_paypal,NULL,1589217429
1199,2,mailadmins,0,enrol_paypal,NULL,1589217429
1200,2,expiredaction,3,enrol_paypal,NULL,1589217429
1201,2,status,1,enrol_paypal,NULL,1589217429
1202,2,cost,0,enrol_paypal,NULL,1589217429
1203,2,currency,USD,enrol_paypal,NULL,1589217429
1204,2,roleid,5,enrol_paypal,NULL,1589217429
1205,2,enrolperiod,0,enrol_paypal,NULL,1589217429
1206,2,emaildisplay,2,enrol_lti,NULL,1589217429
1207,2,city,<blank>,enrol_lti,NULL,1589217429
1208,2,country,<blank>,enrol_lti,NULL,1589217429
1209,2,timezone,99,enrol_lti,NULL,1589217429
1210,2,lang,es_mx,enrol_lti,NULL,1589217429
1211,2,institution,<blank>,enrol_lti,NULL,1589217429
1212,2,roleid,5,enrol_cohort,NULL,1589217429
1213,2,unenrolaction,0,enrol_cohort,NULL,1589217429
1214,2,framesize,130,resource,NULL,1589217429
1215,2,displayoptions,"0,1,4,5,6",resource,NULL,1589217429
1216,2,printintro,1,resource,NULL,1589217429
1217,2,display,0,resource,NULL,1589217429
1218,2,showsize,0,resource,NULL,1589217429
1219,2,showtype,0,resource,NULL,1589217429
1220,2,showdate,0,resource,NULL,1589217429
1221,2,popupwidth,620,resource,NULL,1589217429
1222,2,popupheight,450,resource,NULL,1589217429
1223,2,filterfiles,0,resource,NULL,1589217429
1224,2,data_enablerssfeeds,0,NULL,NULL,1589217429
1225,2,showexpanded,1,folder,NULL,1589217429
1226,2,maxsizetodownload,0,folder,NULL,1589217429
1227,2,chat_method,ajax,NULL,NULL,1589217429
1228,2,chat_refresh_userlist,10,NULL,NULL,1589217429
1229,2,chat_old_ping,35,NULL,NULL,1589217429
1230,2,chat_refresh_room,5,NULL,NULL,1589217429
1231,2,chat_normal_updatemode,jsupdate,NULL,NULL,1589217429
1232,2,chat_serverhost,www.certificaciones.comudeguadalajara.gob.mx,NULL,NULL,1589217429
1233,2,chat_serverip,127.0.0.1,NULL,NULL,1589217429
1234,2,chat_serverport,9111,NULL,NULL,1589217429
1235,2,chat_servermax,100,NULL,NULL,1589217429
1236,2,dndmedia,1,label,NULL,1589217430
1237,2,dndresizewidth,400,label,NULL,1589217430
1238,2,dndresizeheight,400,label,NULL,1589217430
1239,2,timelimit,0,quiz,NULL,1589217430
1240,2,timelimit_adv,<blank>,quiz,NULL,1589217430
1241,2,overduehandling,autosubmit,quiz,NULL,1589217430
1242,2,overduehandling_adv,<blank>,quiz,NULL,1589217430
1243,2,graceperiod,86400,quiz,NULL,1589217430
1244,2,graceperiod_adv,<blank>,quiz,NULL,1589217430
1245,2,graceperiodmin,60,quiz,NULL,1589217430
1246,2,attempts,0,quiz,NULL,1589217430
1247,2,attempts_adv,<blank>,quiz,NULL,1589217430
1248,2,grademethod,1,quiz,NULL,1589217430
1249,2,grademethod_adv,<blank>,quiz,NULL,1589217430
1250,2,maximumgrade,10,quiz,NULL,1589217430
1251,2,questionsperpage,1,quiz,NULL,1589217430
1252,2,questionsperpage_adv,<blank>,quiz,NULL,1589217430
1253,2,navmethod,free,quiz,NULL,1589217430
1254,2,navmethod_adv,1,quiz,NULL,1589217430
1255,2,shuffleanswers,1,quiz,NULL,1589217430
1256,2,shuffleanswers_adv,<blank>,quiz,NULL,1589217430
1257,2,preferredbehaviour,deferredfeedback,quiz,NULL,1589217430
1258,2,canredoquestions,0,quiz,NULL,1589217430
1259,2,canredoquestions_adv,1,quiz,NULL,1589217430
1260,2,attemptonlast,0,quiz,NULL,1589217430
1261,2,attemptonlast_adv,1,quiz,NULL,1589217430
1262,2,reviewattempt,69904,quiz,NULL,1589217430
1263,2,reviewcorrectness,69904,quiz,NULL,1589217430
1264,2,reviewmarks,69904,quiz,NULL,1589217430
1265,2,reviewspecificfeedback,69904,quiz,NULL,1589217430
1266,2,reviewgeneralfeedback,69904,quiz,NULL,1589217430
1267,2,reviewrightanswer,69904,quiz,NULL,1589217430
1268,2,reviewoverallfeedback,4368,quiz,NULL,1589217430
1269,2,showuserpicture,0,quiz,NULL,1589217430
1270,2,showuserpicture_adv,<blank>,quiz,NULL,1589217430
1271,2,decimalpoints,2,quiz,NULL,1589217430
1272,2,decimalpoints_adv,<blank>,quiz,NULL,1589217430
1273,2,questiondecimalpoints,-1,quiz,NULL,1589217430
1274,2,questiondecimalpoints_adv,<blank>,quiz,NULL,1589217430
1275,2,showblocks,0,quiz,NULL,1589217430
1276,2,showblocks_adv,1,quiz,NULL,1589217430
1277,2,quizpassword,<blank>,quiz,NULL,1589217430
1278,2,quizpassword_adv,<blank>,quiz,NULL,1589217430
1279,2,quizpassword_required,<blank>,quiz,NULL,1589217430
1280,2,subnet,<blank>,quiz,NULL,1589217430
1281,2,subnet_adv,1,quiz,NULL,1589217430
1282,2,delay1,0,quiz,NULL,1589217430
1283,2,delay1_adv,1,quiz,NULL,1589217430
1284,2,delay2,0,quiz,NULL,1589217430
1285,2,delay2_adv,1,quiz,NULL,1589217430
1286,2,browsersecurity,-,quiz,NULL,1589217430
1287,2,browsersecurity_adv,1,quiz,NULL,1589217430
1288,2,initialnumfeedbacks,2,quiz,NULL,1589217430
1289,2,autosaveperiod,60,quiz,NULL,1589217430
1290,2,autoreconfigureseb,1,quizaccess_seb,NULL,1589217430
1291,2,showseblinks,"seb,http",quizaccess_seb,NULL,1589217430
1292,2,downloadlink,https://safeexambrowser.org/download_en.html,quizaccess_seb,NULL,1589217430
1293,2,quizpasswordrequired,0,quizaccess_seb,NULL,1589217430
1294,2,displayblocksbeforestart,0,quizaccess_seb,NULL,1589217430
1295,2,displayblockswhenfinished,1,quizaccess_seb,NULL,1589217430
1296,2,forum_displaymode,3,NULL,NULL,1589217430
1297,2,forum_shortpost,300,NULL,NULL,1589217430
1298,2,forum_longpost,600,NULL,NULL,1589217430
1299,2,forum_manydiscussions,100,NULL,NULL,1589217430
1300,2,forum_maxbytes,512000,NULL,NULL,1589217430
1301,2,forum_maxattachments,9,NULL,NULL,1589217430
1302,2,forum_subscription,0,NULL,NULL,1589217430
1303,2,forum_trackingtype,1,NULL,NULL,1589217430
1304,2,forum_trackreadposts,1,NULL,NULL,1589217430
1305,2,forum_allowforcedreadtracking,0,NULL,NULL,1589217430
1306,2,forum_oldpostdays,14,NULL,NULL,1589217430
1307,2,forum_usermarksread,0,NULL,NULL,1589217430
1308,2,forum_cleanreadtime,2,NULL,NULL,1589217430
1309,2,digestmailtime,17,NULL,NULL,1589217430
1310,2,forum_enablerssfeeds,0,NULL,NULL,1589217430
1311,2,forum_enabletimedposts,1,NULL,NULL,1589217430
1312,2,glossary_entbypage,10,NULL,NULL,1589217430
1313,2,glossary_dupentries,0,NULL,NULL,1589217430
1314,2,glossary_allowcomments,0,NULL,NULL,1589217430
1315,2,glossary_linkbydefault,1,NULL,NULL,1589217430
1316,2,glossary_defaultapproval,1,NULL,NULL,1589217430
1317,2,glossary_enablerssfeeds,0,NULL,NULL,1589217430
1318,2,glossary_linkentries,0,NULL,NULL,1589217430
1319,2,glossary_casesensitive,0,NULL,NULL,1589217430
1320,2,glossary_fullmatch,0,NULL,NULL,1589217430
1321,2,mediafile,<blank>,mod_lesson,NULL,1589217430
1322,2,mediafile_adv,1,mod_lesson,NULL,1589217430
1323,2,mediawidth,640,mod_lesson,NULL,1589217430
1324,2,mediaheight,480,mod_lesson,NULL,1589217430
1325,2,mediaclose,0,mod_lesson,NULL,1589217430
1326,2,progressbar,0,mod_lesson,NULL,1589217430
1327,2,progressbar_adv,<blank>,mod_lesson,NULL,1589217430
1328,2,ongoing,0,mod_lesson,NULL,1589217430
1329,2,ongoing_adv,1,mod_lesson,NULL,1589217430
1330,2,displayleftmenu,0,mod_lesson,NULL,1589217430
1331,2,displayleftmenu_adv,<blank>,mod_lesson,NULL,1589217430
1332,2,displayleftif,0,mod_lesson,NULL,1589217430
1333,2,displayleftif_adv,1,mod_lesson,NULL,1589217430
1334,2,slideshow,0,mod_lesson,NULL,1589217430
1335,2,slideshow_adv,1,mod_lesson,NULL,1589217430
1336,2,slideshowwidth,640,mod_lesson,NULL,1589217430
1337,2,slideshowheight,480,mod_lesson,NULL,1589217430
1338,2,slideshowbgcolor,#FFFFFF,mod_lesson,NULL,1589217430
1339,2,maxanswers,5,mod_lesson,NULL,1589217430
1340,2,maxanswers_adv,1,mod_lesson,NULL,1589217430
1341,2,defaultfeedback,0,mod_lesson,NULL,1589217430
1342,2,defaultfeedback_adv,1,mod_lesson,NULL,1589217430
1343,2,activitylink,<blank>,mod_lesson,NULL,1589217430
1344,2,activitylink_adv,1,mod_lesson,NULL,1589217430
1345,2,timelimit,0,mod_lesson,NULL,1589217430
1346,2,timelimit_adv,<blank>,mod_lesson,NULL,1589217430
1347,2,password,0,mod_lesson,NULL,1589217430
1348,2,password_adv,1,mod_lesson,NULL,1589217430
1349,2,modattempts,0,mod_lesson,NULL,1589217430
1350,2,modattempts_adv,<blank>,mod_lesson,NULL,1589217430
1351,2,displayreview,0,mod_lesson,NULL,1589217430
1352,2,displayreview_adv,<blank>,mod_lesson,NULL,1589217430
1353,2,maximumnumberofattempts,1,mod_lesson,NULL,1589217430
1354,2,maximumnumberofattempts_adv,<blank>,mod_lesson,NULL,1589217430
1355,2,defaultnextpage,0,mod_lesson,NULL,1589217430
1356,2,defaultnextpage_adv,1,mod_lesson,NULL,1589217430
1357,2,numberofpagestoshow,1,mod_lesson,NULL,1589217430
1358,2,numberofpagestoshow_adv,1,mod_lesson,NULL,1589217430
1359,2,practice,0,mod_lesson,NULL,1589217430
1360,2,practice_adv,<blank>,mod_lesson,NULL,1589217430
1361,2,customscoring,1,mod_lesson,NULL,1589217430
1362,2,customscoring_adv,1,mod_lesson,NULL,1589217430
1363,2,retakesallowed,0,mod_lesson,NULL,1589217430
1364,2,retakesallowed_adv,<blank>,mod_lesson,NULL,1589217430
1365,2,handlingofretakes,0,mod_lesson,NULL,1589217430
1366,2,handlingofretakes_adv,1,mod_lesson,NULL,1589217430
1367,2,minimumnumberofquestions,0,mod_lesson,NULL,1589217430
1368,2,minimumnumberofquestions_adv,1,mod_lesson,NULL,1589217430
1369,2,numberingoptions,"0,1,2,3",book,NULL,1589217430
1370,2,navoptions,"0,1,2",book,NULL,1589217430
1371,2,numbering,1,book,NULL,1589217430
1372,2,navstyle,1,book,NULL,1589217430
1373,2,displayoptions,5,page,NULL,1589217430
1374,2,printheading,1,page,NULL,1589217430
1375,2,printintro,0,page,NULL,1589217430
1376,2,printlastmodified,1,page,NULL,1589217430
1377,2,display,5,page,NULL,1589217430
1378,2,popupwidth,620,page,NULL,1589217430
1379,2,popupheight,450,page,NULL,1589217430
1380,2,keepold,1,imscp,NULL,1589217430
1381,2,keepold_adv,<blank>,imscp,NULL,1589217430
1382,2,displaycoursestructure,0,scorm,NULL,1589217430
1383,2,displaycoursestructure_adv,<blank>,scorm,NULL,1589217430
1384,2,popup,0,scorm,NULL,1589217430
1385,2,popup_adv,<blank>,scorm,NULL,1589217430
1386,2,displayactivityname,1,scorm,NULL,1589217430
1387,2,framewidth,100,scorm,NULL,1589217430
1388,2,framewidth_adv,1,scorm,NULL,1589217430
1389,2,frameheight,500,scorm,NULL,1589217430
1390,2,frameheight_adv,1,scorm,NULL,1589217430
1391,2,winoptgrp_adv,1,scorm,NULL,1589217430
1392,2,scrollbars,0,scorm,NULL,1589217430
1393,2,directories,0,scorm,NULL,1589217430
1394,2,location,0,scorm,NULL,1589217430
1395,2,menubar,0,scorm,NULL,1589217430
1396,2,toolbar,0,scorm,NULL,1589217430
1397,2,status,0,scorm,NULL,1589217430
1398,2,skipview,0,scorm,NULL,1589217430
1399,2,skipview_adv,1,scorm,NULL,1589217430
1400,2,hidebrowse,0,scorm,NULL,1589217430
1401,2,hidebrowse_adv,1,scorm,NULL,1589217430
1402,2,hidetoc,0,scorm,NULL,1589217430
1403,2,hidetoc_adv,1,scorm,NULL,1589217430
1404,2,nav,1,scorm,NULL,1589217430
1405,2,nav_adv,1,scorm,NULL,1589217430
1406,2,navpositionleft,-100,scorm,NULL,1589217430
1407,2,navpositionleft_adv,1,scorm,NULL,1589217430
1408,2,navpositiontop,-100,scorm,NULL,1589217430
1409,2,navpositiontop_adv,1,scorm,NULL,1589217430
1410,2,collapsetocwinsize,767,scorm,NULL,1589217430
1411,2,collapsetocwinsize_adv,1,scorm,NULL,1589217430
1412,2,displayattemptstatus,1,scorm,NULL,1589217430
1413,2,displayattemptstatus_adv,<blank>,scorm,NULL,1589217430
1414,2,grademethod,1,scorm,NULL,1589217430
1415,2,maxgrade,100,scorm,NULL,1589217430
1416,2,maxattempt,0,scorm,NULL,1589217430
1417,2,whatgrade,0,scorm,NULL,1589217430
1418,2,forcecompleted,0,scorm,NULL,1589217430
1419,2,forcenewattempt,0,scorm,NULL,1589217430
1420,2,autocommit,0,scorm,NULL,1589217430
1421,2,masteryoverride,1,scorm,NULL,1589217430
1422,2,lastattemptlock,0,scorm,NULL,1589217430
1423,2,auto,0,scorm,NULL,1589217430
1424,2,updatefreq,0,scorm,NULL,1589217430
1425,2,scormstandard,0,scorm,NULL,1589217430
1426,2,allowtypeexternal,0,scorm,NULL,1589217430
1427,2,allowtypelocalsync,0,scorm,NULL,1589217430
1428,2,allowtypeexternalaicc,0,scorm,NULL,1589217430
1429,2,allowaicchacp,0,scorm,NULL,1589217430
1430,2,aicchacptimeout,30,scorm,NULL,1589217430
1431,2,aicchacpkeepsessiondata,1,scorm,NULL,1589217430
1432,2,aiccuserid,1,scorm,NULL,1589217430
1433,2,forcejavascript,1,scorm,NULL,1589217430
1434,2,allowapidebug,0,scorm,NULL,1589217430
1435,2,apidebugmask,.*,scorm,NULL,1589217430
1436,2,protectpackagedownloads,0,scorm,NULL,1589217430
1437,2,feedback_allowfullanonymous,0,NULL,NULL,1589217430
1438,2,grade,80,workshop,NULL,1589217430
1439,2,gradinggrade,20,workshop,NULL,1589217430
1440,2,gradedecimals,0,workshop,NULL,1589217430
1441,2,maxbytes,0,workshop,NULL,1589217430
1442,2,strategy,accumulative,workshop,NULL,1589217430
1443,2,examplesmode,0,workshop,NULL,1589217430
1444,2,numofreviews,5,workshopallocation_random,NULL,1589217430
1445,2,grade0,No,workshopform_numerrors,NULL,1589217430
1446,2,grade1,S\xed,workshopform_numerrors,NULL,1589217430
1447,2,comparison,5,workshopeval_best,NULL,1589217430
1448,2,feedback_plugin_for_gradebook,assignfeedback_comments,assign,NULL,1589217430
1449,2,showrecentsubmissions,0,assign,NULL,1589217430
1450,2,submissionreceipts,1,assign,NULL,1589217430
1451,2,submissionstatement,"Este env\xedo es mi propio trabajo, excepto en donde he reconocido el uso de los trabajos de otras personas.",assign,NULL,1589217430
1452,2,submissionstatementteamsubmission,"Este env\xedo es el trabajo de mi grupo, excepto en donde nosotros reconocemos el uso de los trabajos de otras personas.",assign,NULL,1589217430
1453,2,submissionstatementteamsubmissionallsubmit,"Este env\xedo es mi propio trabajo como un miembro del grupo, excepto en donde yo reconozco el uso de los trabajos de otras personas.",assign,NULL,1589217430
1454,2,maxperpage,-1,assign,NULL,1589217430
1455,2,alwaysshowdescription,1,assign,NULL,1589217430
1456,2,alwaysshowdescription_adv,<blank>,assign,NULL,1589217430
1457,2,alwaysshowdescription_locked,<blank>,assign,NULL,1589217430
1458,2,allowsubmissionsfromdate,0,assign,NULL,1589217430
1459,2,allowsubmissionsfromdate_enabled,1,assign,NULL,1589217430
1460,2,allowsubmissionsfromdate_adv,<blank>,assign,NULL,1589217430
1461,2,duedate,604800,assign,NULL,1589217430
1462,2,duedate_enabled,1,assign,NULL,1589217430
1463,2,duedate_adv,<blank>,assign,NULL,1589217430
1464,2,cutoffdate,1209600,assign,NULL,1589217430
1465,2,cutoffdate_enabled,<blank>,assign,NULL,1589217430
1466,2,cutoffdate_adv,<blank>,assign,NULL,1589217430
1467,2,gradingduedate,1209600,assign,NULL,1589217430
1468,2,gradingduedate_enabled,1,assign,NULL,1589217430
1469,2,gradingduedate_adv,<blank>,assign,NULL,1589217430
1470,2,submissiondrafts,0,assign,NULL,1589217430
1471,2,submissiondrafts_adv,<blank>,assign,NULL,1589217430
1472,2,submissiondrafts_locked,<blank>,assign,NULL,1589217430
1473,2,requiresubmissionstatement,0,assign,NULL,1589217430
1474,2,requiresubmissionstatement_adv,<blank>,assign,NULL,1589217430
1475,2,requiresubmissionstatement_locked,<blank>,assign,NULL,1589217430
1476,2,attemptreopenmethod,none,assign,NULL,1589217430
1477,2,attemptreopenmethod_adv,<blank>,assign,NULL,1589217430
1478,2,attemptreopenmethod_locked,<blank>,assign,NULL,1589217430
1479,2,maxattempts,-1,assign,NULL,1589217430
1480,2,maxattempts_adv,<blank>,assign,NULL,1589217430
1481,2,maxattempts_locked,<blank>,assign,NULL,1589217430
1482,2,teamsubmission,0,assign,NULL,1589217430
1483,2,teamsubmission_adv,<blank>,assign,NULL,1589217430
1484,2,teamsubmission_locked,<blank>,assign,NULL,1589217430
1485,2,preventsubmissionnotingroup,0,assign,NULL,1589217430
1486,2,preventsubmissionnotingroup_adv,<blank>,assign,NULL,1589217430
1487,2,preventsubmissionnotingroup_locked,<blank>,assign,NULL,1589217430
1488,2,requireallteammemberssubmit,0,assign,NULL,1589217430
1489,2,requireallteammemberssubmit_adv,<blank>,assign,NULL,1589217430
1490,2,requireallteammemberssubmit_locked,<blank>,assign,NULL,1589217430
1491,2,teamsubmissiongroupingid,<blank>,assign,NULL,1589217430
1492,2,teamsubmissiongroupingid_adv,<blank>,assign,NULL,1589217430
1493,2,sendnotifications,0,assign,NULL,1589217430
1494,2,sendnotifications_adv,<blank>,assign,NULL,1589217430
1495,2,sendnotifications_locked,<blank>,assign,NULL,1589217430
1496,2,sendlatenotifications,0,assign,NULL,1589217430
1497,2,sendlatenotifications_adv,<blank>,assign,NULL,1589217431
1498,2,sendlatenotifications_locked,<blank>,assign,NULL,1589217431
1499,2,sendstudentnotifications,1,assign,NULL,1589217431
1500,2,sendstudentnotifications_adv,<blank>,assign,NULL,1589217431
1501,2,sendstudentnotifications_locked,<blank>,assign,NULL,1589217431
1502,2,blindmarking,0,assign,NULL,1589217431
1503,2,blindmarking_adv,<blank>,assign,NULL,1589217431
1504,2,blindmarking_locked,<blank>,assign,NULL,1589217431
1505,2,hidegrader,0,assign,NULL,1589217431
1506,2,hidegrader_adv,<blank>,assign,NULL,1589217431
1507,2,hidegrader_locked,<blank>,assign,NULL,1589217431
1508,2,markingworkflow,0,assign,NULL,1589217431
1509,2,markingworkflow_adv,<blank>,assign,NULL,1589217431
1510,2,markingworkflow_locked,<blank>,assign,NULL,1589217431
1511,2,markingallocation,0,assign,NULL,1589217431
1512,2,markingallocation_adv,<blank>,assign,NULL,1589217431
1513,2,markingallocation_locked,<blank>,assign,NULL,1589217431
1514,2,default,1,assignsubmission_file,NULL,1589217431
1515,2,maxfiles,20,assignsubmission_file,NULL,1589217431
1516,2,filetypes,<blank>,assignsubmission_file,NULL,1589217431
1517,2,maxbytes,0,assignsubmission_file,NULL,1589217431
1518,2,default,0,assignsubmission_onlinetext,NULL,1589217431
1519,2,default,1,assignfeedback_comments,NULL,1589217431
1520,2,inline,0,assignfeedback_comments,NULL,1589217431
1521,2,inline_adv,<blank>,assignfeedback_comments,NULL,1589217431
1522,2,inline_locked,<blank>,assignfeedback_comments,NULL,1589217431
1523,2,default,1,assignfeedback_editpdf,NULL,1589217431
1524,2,stamps,<blank>,assignfeedback_editpdf,NULL,1589217431
1525,2,default,0,assignfeedback_file,NULL,1589217431
1526,2,default,0,assignfeedback_offline,NULL,1589217431
1527,2,framesize,130,url,NULL,1589217431
1528,2,secretphrase,<blank>,url,NULL,1589217431
1529,2,rolesinparams,0,url,NULL,1589217431
1530,2,displayoptions,"0,1,5,6",url,NULL,1589217431
1531,2,printintro,1,url,NULL,1589217431
1532,2,display,0,url,NULL,1589217431
1533,2,popupwidth,620,url,NULL,1589217431
1534,2,popupheight,450,url,NULL,1589217431
1535,2,runningmethod,commandline,antivirus_clamav,NULL,1589217431
1536,2,pathtoclam,<blank>,antivirus_clamav,NULL,1589217431
1537,2,pathtounixsocket,<blank>,antivirus_clamav,NULL,1589217431
1538,2,tcpsockethost,<blank>,antivirus_clamav,NULL,1589217431
1539,2,tcpsocketport,3310,antivirus_clamav,NULL,1589217431
1540,2,clamfailureonupload,donothing,antivirus_clamav,NULL,1589217431
1541,2,tries,1,antivirus_clamav,NULL,1589217431
1542,2,videoextensions,"html_video,media_source,.f4v,.flv",media_videojs,NULL,1589217431
1543,2,audioextensions,html_audio,media_videojs,NULL,1589217431
1544,2,rtmp,0,media_videojs,NULL,1589217431
1545,2,useflash,0,media_videojs,NULL,1589217431
1546,2,youtube,1,media_videojs,NULL,1589217431
1547,2,videocssclass,video-js,media_videojs,NULL,1589217431
1548,2,audiocssclass,video-js,media_videojs,NULL,1589217431
1549,2,limitsize,1,media_videojs,NULL,1589217431
1550,2,answerhowmany,1,qtype_multichoice,NULL,1589217431
1551,2,shuffleanswers,1,qtype_multichoice,NULL,1589217431
1552,2,answernumbering,abc,qtype_multichoice,NULL,1589217431
1553,2,profileroles,"5,4,3",NULL,NULL,1589217431
1554,2,coursecontact,3,NULL,NULL,1589217431
1555,2,frontpage,6,NULL,NULL,1589217431
1556,2,frontpageloggedin,6,NULL,NULL,1589217431
1557,2,maxcategorydepth,2,NULL,NULL,1589217431
1558,2,frontpagecourselimit,200,NULL,NULL,1589217431
1559,2,commentsperpage,15,NULL,NULL,1589217431
1560,2,defaultfrontpageroleid,8,NULL,NULL,1589217431
1561,2,messageinbound_enabled,0,NULL,NULL,1589217431
1562,2,messageinbound_mailbox,<blank>,NULL,NULL,1589217431
1563,2,messageinbound_domain,<blank>,NULL,NULL,1589217431
1564,2,messageinbound_host,<blank>,NULL,NULL,1589217431
1565,2,messageinbound_hostssl,ssl,NULL,NULL,1589217431
1566,2,messageinbound_hostuser,<blank>,NULL,NULL,1589217431
1567,2,messageinbound_hostpass,<blank>,NULL,NULL,1589217431
1568,2,enablemobilewebservice,1,NULL,NULL,1589217431
1569,2,apppolicy,<blank>,tool_mobile,NULL,1589217431
1570,2,typeoflogin,1,tool_mobile,NULL,1589217432
1571,2,forcedurlscheme,moodlemobile,tool_mobile,NULL,1589217432
1572,2,minimumversion,<blank>,tool_mobile,NULL,1589217432
1573,2,mobilecssurl,<blank>,NULL,NULL,1589217432
1574,2,enablesmartappbanners,0,tool_mobile,NULL,1589217432
1575,2,iosappid,633359593,tool_mobile,NULL,1589217432
1576,2,androidappid,com.moodle.moodlemobile,tool_mobile,NULL,1589217432
1577,2,setuplink,https://download.moodle.org/mobile,tool_mobile,NULL,1589217432
1578,2,forcelogout,0,tool_mobile,NULL,1589217432
1579,2,disabledfeatures,<blank>,tool_mobile,NULL,1589217432
1580,2,custommenuitems,<blank>,tool_mobile,NULL,1589217432
1581,2,customlangstrings,<blank>,tool_mobile,NULL,1589217432
1582,2,timezone,America/Mexico_City,NULL,NULL,1589217532
1583,2,registerauth,<blank>,NULL,NULL,1589217532
1584,2,modeinstruction,fullyonline,analytics,<blank>,1589218769
1585,2,percentonline,100,analytics,0,1589218769
1586,2,typeinstitution,typeinstitutionacademic,analytics,<blank>,1589218769
1587,2,levelinstitution,levelinstitutionisced4,analytics,<blank>,1589218769
1588,2,logocompact,/LogoComude.png,core_admin,<blank>,1589247931
1589,2,frontpage,<blank>,NULL,6,1590163773
1590,2,frontpageloggedin,<blank>,NULL,6,1590163773
1591,2,frontpageloggedin,4,NULL,<blank>,1590166080
1592,2,themedesignermode,1,NULL,0,1590604791
1593,2,customusermenuitems,"grades,grades|/grade/report/mygrades.php|t/grades\r\nmessages,message|/message/index.php|t/message\r\npreferences,moodle|/user/preferences.php|t/preferences",NULL,"grades,grades|/grade/report/mygrades.php|t/grades\nmessages,message|/message/index.php|t/message\npreferences,moodle|/user/preferences.php|t/preferences",1590604792
1594,2,themedesignermode,0,NULL,1,1590604998
1595,2,siteadmins,"2, 10",core,2,1592665332
1596,2,siteadmins,"2, 10, 9",core,"2, 10",1592665363
1597,2,logocompact,/LOGO-PROGRAMA-ENTRENA-cs6.png,core_admin,/LogoComude.png,1592866898
1598,2,backup_auto_weekdays,1000000,backup,0000000,1593796902
1599,2,backup_auto_minute,5,backup,0,1593796902
1600,2,backup_auto_active,1,backup,0,1593796914
1601,2,profileroles,"3,4,5",NULL,"5,4,3",1593883203
1602,2,allowobjectembed,1,NULL,0,1593883203
1603,2,siteadmins,"2, 10, 9, 99",core,"2, 10, 9",1607455076

