id,tagcollid,enabled,callback,itemtype,component,callbackfile,showstandard,multiplecontexts
1,1,1,user_get_tagged_users,user,core,/user/lib.php,2,0
2,1,1,course_get_tagged_courses,course,core,/course/lib.php,0,0
1,<blank>,question,1,0,core_question,3,<blank>,1
4,1,1,blog_get_tagged_posts,post,core,/blog/lib.php,0,0
0,<blank>,blog_external,1,0,core,5,<blank>,1
6,1,1,course_get_tagged_course_modules,course_modules,core,/course/lib.php,0,0
7,1,1,mod_book_get_tagged_chapters,book_chapters,mod_book,/mod/book/locallib.php,0,0
8,1,1,mod_data_get_tagged_records,data_records,mod_data,/mod/data/locallib.php,0,0
9,1,1,mod_forum_get_tagged_posts,forum_posts,mod_forum,/mod/forum/locallib.php,0,0
10,1,1,mod_glossary_get_tagged_entries,glossary_entries,mod_glossary,/mod/glossary/locallib.php,0,0
11,1,1,mod_wiki_get_tagged_pages,wiki_pages,mod_wiki,/mod/wiki/locallib.php,0,0

