id,name,value
2,rolesactive,1
3,auth,email
4,enrol_plugins_enabled,"manual,guest,self,cohort"
5,theme,boost
6,filter_multilang_converted,1
7,siteidentifier,h1Yzip5a6UBwZjQ2tzhSeDeBDvWKxmBJwww.certificaciones.comudeguadalajara.gob.mx
8,backup_version,2019111800
9,backup_release,3.9
10,mnet_dispatcher_mode,off
11,sessiontimeout,28800
12,stringfilters,<blank>
13,filterall,0
14,texteditors,"atto,tinymce,textarea"
15,antiviruses,<blank>
16,media_plugins_sortorder,"videojs,youtube,swf"
17,upgrade_extracreditweightsstepignored,1
18,upgrade_calculatedgradeitemsignored,1
19,upgrade_letterboundarycourses,1
20,mnet_localhost_id,1
21,mnet_all_hosts_id,2
22,siteguest,1
23,siteadmins,"2,10,9,99"
24,themerev,1603999363
25,jsrev,1603999363
26,templaterev,1603999363
27,gdversion,2
28,licenses,"unknown,allrightsreserved,public,cc,cc-nd,cc-nc-nd,cc-nc,cc-nc-sa,cc-sa"
29,badges_site_backpack,1
30,version,2020050800
31,enableoutcomes,0
32,usecomments,1
33,usetags,1
34,enablenotes,1
35,enableportfolios,0
36,enablewebservices,1
37,enablestats,0
38,enablerssfeeds,0
39,enableblogs,1
40,enablecompletion,1
41,completiondefault,1
42,enableavailability,1
43,enableplagiarism,0
44,enablebadges,1
45,enableglobalsearch,0
46,allowstealth,0
47,enableanalytics,1
48,allowemojipicker,1
49,enablemoodlenet,1
50,userfiltersdefault,realname
51,defaultpreference_maildisplay,2
52,defaultpreference_mailformat,1
53,defaultpreference_maildigest,0
54,defaultpreference_autosubscribe,1
55,defaultpreference_trackforums,0
56,autologinguests,0
57,hiddenuserfields,<blank>
58,showuseridentity,email
59,fullnamedisplay,language
60,alternativefullnameformat,language
61,maxusersperpage,100
62,enablegravatar,0
63,gravatardefaulturl,mm
64,agedigitalconsentverification,0
65,agedigitalconsentmap,"*, 16\nAT, 14\nES, 14\nUS, 13"
66,sitepolicy,<blank>
67,sitepolicyguest,<blank>
68,enablecourserequests,1
69,defaultrequestcategory,2
70,lockrequestcategory,0
71,courserequestnotify,<blank>
72,enableasyncbackup,0
73,grade_profilereport,user
74,grade_aggregationposition,1
75,grade_includescalesinaggregation,1
76,grade_hiddenasdate,0
77,gradepublishing,0
78,grade_export_exportfeedback,0
79,grade_export_displaytype,1
80,grade_export_decimalpoints,2
81,grade_navmethod,1
82,grade_export_userprofilefields,"firstname,lastname,idnumber,institution,department,email"
83,grade_export_customprofilefields,<blank>
84,recovergradesdefault,0
85,gradeexport,<blank>
86,unlimitedgrades,0
87,grade_report_showmin,1
88,gradepointmax,100
89,gradepointdefault,100
90,grade_minmaxtouse,1
91,grade_mygrades_report,overview
92,gradereport_mygradeurl,<blank>
93,grade_hideforcedsettings,1
94,grade_aggregation,13
95,grade_aggregation_flag,0
96,grade_aggregations_visible,13
97,grade_aggregateonlygraded,1
98,grade_aggregateonlygraded_flag,2
99,grade_aggregateoutcomes,0
100,grade_aggregateoutcomes_flag,2
101,grade_keephigh,0
102,grade_keephigh_flag,3
103,grade_droplow,0
104,grade_droplow_flag,2
105,grade_overridecat,1
106,grade_displaytype,1
107,grade_decimalpoints,2
108,grade_item_advanced,"iteminfo,idnumber,gradepass,plusfactor,multfactor,display,decimals,hiddenuntil,locktime"
109,grade_report_studentsperpage,100
110,grade_report_showonlyactiveenrol,1
111,grade_report_quickgrading,1
112,grade_report_showquickfeedback,0
113,grade_report_meanselection,1
114,grade_report_enableajax,0
115,grade_report_showcalculations,1
116,grade_report_showeyecons,0
117,grade_report_showaverages,1
118,grade_report_showlocks,0
119,grade_report_showranges,0
120,grade_report_showanalysisicon,1
121,grade_report_showuserimage,1
122,grade_report_showactivityicons,1
123,grade_report_shownumberofgrades,0
124,grade_report_averagesdisplaytype,inherit
125,grade_report_rangesdisplaytype,inherit
126,grade_report_averagesdecimalpoints,inherit
127,grade_report_rangesdecimalpoints,inherit
128,grade_report_historyperpage,50
129,grade_report_overview_showrank,0
130,grade_report_overview_showtotalsifcontainhidden,0
131,grade_report_user_showrank,0
132,grade_report_user_showpercentage,1
133,grade_report_user_showgrade,1
134,grade_report_user_showfeedback,1
135,grade_report_user_showrange,1
136,grade_report_user_showweight,1
137,grade_report_user_showaverage,0
138,grade_report_user_showlettergrade,0
139,grade_report_user_rangedecimals,0
140,grade_report_user_showhiddenitems,1
141,grade_report_user_showtotalsifcontainhidden,0
142,grade_report_user_showcontributiontocoursetotal,1
143,badges_defaultissuername,<blank>
144,badges_defaultissuercontact,<blank>
145,badges_badgesalt,badges1589217123
146,badges_allowcoursebadges,1
147,badges_allowexternalbackpack,1
149,forcetimezone,99
150,country,0
151,defaultcity,<blank>
152,geoip2file,/home/fomentod/moodledata/geoip/GeoLite2-City.mmdb
153,googlemapkey3,<blank>
154,allcountrycodes,<blank>
155,autolang,1
156,lang,es_mx
157,langmenu,1
158,langlist,<blank>
159,langrev,1603999363
160,langcache,1
161,langstringcache,1
162,locale,<blank>
163,latinexcelexport,0
164,messaging,1
165,messagingallusers,0
166,messagingdefaultpressenter,1
167,messagingdeletereadnotificationsdelay,604800
168,messagingdeleteallnotificationsdelay,2620800
169,messagingallowemailoverride,0
171,authloginviaemail,0
172,allowaccountssameemail,0
173,authpreventaccountcreation,0
174,loginpageautofocus,0
175,guestloginbutton,1
176,limitconcurrentlogins,0
177,alternateloginurl,<blank>
178,forgottenpasswordurl,<blank>
179,auth_instructions,<blank>
180,allowemailaddresses,<blank>
181,denyemailaddresses,<blank>
182,verifychangedemail,1
183,recaptchapublickey,<blank>
184,recaptchaprivatekey,<blank>
185,searchengine,simpledb
186,searchindexwhendisabled,0
187,searchindextime,600
188,searchallavailablecourses,0
189,searchincludeallcourses,0
190,searchenablecategories,0
191,searchdefaultcategory,core-all
192,searchhideallcategory,0
193,filteruploadedfiles,0
194,filtermatchoneperpage,0
195,filtermatchonepertext,0
196,sitedefaultlicense,allrightsreserved
197,requiremodintro,0
198,portfolio_moderate_filesize_threshold,1048576
199,portfolio_high_filesize_threshold,5242880
200,portfolio_moderate_db_threshold,20
201,portfolio_high_db_threshold,50
202,repositorycacheexpire,120
203,repositorygetfiletimeout,30
204,repositorysyncfiletimeout,1
205,repositorysyncimagetimeout,3
206,repositoryallowexternallinks,1
207,legacyfilesinnewcourses,0
208,legacyfilesaddallowed,1
209,media_default_width,400
210,media_default_height,300
211,enablewsdocumentation,0
212,allowbeforeblock,0
213,allowedip,<blank>
214,blockedip,<blank>
215,protectusernames,1
216,forcelogin,0
217,forceloginforprofiles,1
218,forceloginforprofileimage,0
219,opentowebcrawlers,0
220,allowindexing,0
221,maxbytes,0
222,userquota,104857600
223,allowobjectembed,1
224,enabletrusttext,0
225,maxeditingtime,1800
226,extendedusernamechars,0
227,keeptagnamecase,1
228,profilesforenrolledusersonly,1
229,cronclionly,1
230,cronremotepassword,<blank>
231,lockoutthreshold,0
232,lockoutwindow,1800
233,lockoutduration,1800
234,passwordpolicy,1
235,minpasswordlength,8
236,minpassworddigits,1
237,minpasswordlower,1
238,minpasswordupper,1
239,minpasswordnonalphanum,1
240,maxconsecutiveidentchars,0
241,passwordpolicycheckonlogin,0
242,passwordreuselimit,0
243,pwresettime,1800
244,passwordchangelogout,0
245,passwordchangetokendeletion,0
246,tokenduration,7257600
247,groupenrolmentkeypolicy,1
248,disableuserimages,0
249,emailchangeconfirmation,1
250,rememberusername,2
251,strictformsrequired,0
252,cookiesecure,1
253,cookiehttponly,0
254,allowframembedding,0
255,curlsecurityblockedhosts,<blank>
256,curlsecurityallowedport,<blank>
257,displayloginfailures,0
258,notifyloginfailures,<blank>
259,notifyloginthreshold,10
260,themelist,<blank>
261,themedesignermode,0
262,allowuserthemes,0
263,allowcoursethemes,0
264,allowcategorythemes,0
265,allowcohortthemes,0
266,allowthemechangeonurl,0
267,allowuserblockhiding,1
268,custommenuitems,<blank>
269,customusermenuitems,"grades,grades|/grade/report/mygrades.php|t/grades\r\nmessages,message|/message/index.php|t/message\r\npreferences,moodle|/user/preferences.php|t/preferences"
270,enabledevicedetection,1
271,devicedetectregex,[]
272,calendartype,gregorian
273,calendar_adminseesall,0
274,calendar_site_timeformat,0
275,calendar_startwday,1
276,calendar_weekend,65
277,calendar_lookahead,21
278,calendar_maxevents,10
279,enablecalendarexport,1
280,calendar_customexport,1
281,calendar_exportlookahead,365
282,calendar_exportlookback,5
283,calendar_exportsalt,YZz1bptqvJG4XCumA8SxNT4lYsSwRJcAELWB5ihP5TpQfpnobrHIILQDu6bn
284,calendar_showicalsource,1
285,useblogassociations,1
286,bloglevel,4
287,useexternalblogs,1
288,externalblogcrontime,86400
289,maxexternalblogsperuser,1
290,blogusecomments,1
291,blogshowcommentscount,1
292,defaulthomepage,1
293,allowguestmymoodle,1
294,navshowfullcoursenames,0
295,navshowcategories,1
296,navshowmycoursecategories,0
297,navshowallcourses,0
298,navsortmycoursessort,sortorder
299,navsortmycourseshiddenlast,1
300,navcourselimit,10
301,usesitenameforsitepages,0
302,linkadmincategories,1
303,linkcoursesections,1
304,navshowfrontpagemods,1
305,navadduserpostslinks,1
306,formatstringstriptags,1
307,emoticons,"[{""text"":"":-)"",""imagename"":""s\\/smiley"",""imagecomponent"":""core"",""altidentifier"":""smiley"",""altcomponent"":""core_pix""},{""text"":"":)"",""imagename"":""s\\/smiley"",""imagecomponent"":""core"",""altidentifier"":""smiley"",""altcomponent"":""core_pix""},{""text"":"":-D"",""imagename"":""s\\/biggrin"",""imagecomponent"":""core"",""altidentifier"":""biggrin"",""altcomponent"":""core_pix""},{""text"":"";-)"",""imagename"":""s\\/wink"",""imagecomponent"":""core"",""altidentifier"":""wink"",""altcomponent"":""core_pix""},{""text"":"":-\\/"",""imagename"":""s\\/mixed"",""imagecomponent"":""core"",""altidentifier"":""mixed"",""altcomponent"":""core_pix""},{""text"":""V-."",""imagename"":""s\\/thoughtful"",""imagecomponent"":""core"",""altidentifier"":""thoughtful"",""altcomponent"":""core_pix""},{""text"":"":-P"",""imagename"":""s\\/tongueout"",""imagecomponent"":""core"",""altidentifier"":""tongueout"",""altcomponent"":""core_pix""},{""text"":"":-p"",""imagename"":""s\\/tongueout"",""imagecomponent"":""core"",""altidentifier"":""tongueout"",""altcomponent"":""core_pix""},{""text"":""B-)"",""imagename"":""s\\/cool"",""imagecomponent"":""core"",""altidentifier"":""cool"",""altcomponent"":""core_pix""},{""text"":""^-)"",""imagename"":""s\\/approve"",""imagecomponent"":""core"",""altidentifier"":""approve"",""altcomponent"":""core_pix""},{""text"":""8-)"",""imagename"":""s\\/wideeyes"",""imagecomponent"":""core"",""altidentifier"":""wideeyes"",""altcomponent"":""core_pix""},{""text"":"":o)"",""imagename"":""s\\/clown"",""imagecomponent"":""core"",""altidentifier"":""clown"",""altcomponent"":""core_pix""},{""text"":"":-("",""imagename"":""s\\/sad"",""imagecomponent"":""core"",""altidentifier"":""sad"",""altcomponent"":""core_pix""},{""text"":"":("",""imagename"":""s\\/sad"",""imagecomponent"":""core"",""altidentifier"":""sad"",""altcomponent"":""core_pix""},{""text"":""8-."",""imagename"":""s\\/shy"",""imagecomponent"":""core"",""altidentifier"":""shy"",""altcomponent"":""core_pix""},{""text"":"":-I"",""imagename"":""s\\/blush"",""imagecomponent"":""core"",""altidentifier"":""blush"",""altcomponent"":""core_pix""},{""text"":"":-X"",""imagename"":""s\\/kiss"",""imagecomponent"":""core"",""altidentifier"":""kiss"",""altcomponent"":""core_pix""},{""text"":""8-o"",""imagename"":""s\\/surprise"",""imagecomponent"":""core"",""altidentifier"":""surprise"",""altcomponent"":""core_pix""},{""text"":""P-|"",""imagename"":""s\\/blackeye"",""imagecomponent"":""core"",""altidentifier"":""blackeye"",""altcomponent"":""core_pix""},{""text"":""8-["",""imagename"":""s\\/angry"",""imagecomponent"":""core"",""altidentifier"":""angry"",""altcomponent"":""core_pix""},{""text"":""(grr)"",""imagename"":""s\\/angry"",""imagecomponent"":""core"",""altidentifier"":""angry"",""altcomponent"":""core_pix""},{""text"":""xx-P"",""imagename"":""s\\/dead"",""imagecomponent"":""core"",""altidentifier"":""dead"",""altcomponent"":""core_pix""},{""text"":""|-."",""imagename"":""s\\/sleepy"",""imagecomponent"":""core"",""altidentifier"":""sleepy"",""altcomponent"":""core_pix""},{""text"":""}-]"",""imagename"":""s\\/evil"",""imagecomponent"":""core"",""altidentifier"":""evil"",""altcomponent"":""core_pix""},{""text"":""(h)"",""imagename"":""s\\/heart"",""imagecomponent"":""core"",""altidentifier"":""heart"",""altcomponent"":""core_pix""},{""text"":""(heart)"",""imagename"":""s\\/heart"",""imagecomponent"":""core"",""altidentifier"":""heart"",""altcomponent"":""core_pix""},{""text"":""(y)"",""imagename"":""s\\/yes"",""imagecomponent"":""core"",""altidentifier"":""yes"",""altcomponent"":""core""},{""text"":""(n)"",""imagename"":""s\\/no"",""imagecomponent"":""core"",""altidentifier"":""no"",""altcomponent"":""core""},{""text"":""(martin)"",""imagename"":""s\\/martin"",""imagecomponent"":""core"",""altidentifier"":""martin"",""altcomponent"":""core_pix""},{""text"":""( )"",""imagename"":""s\\/egg"",""imagecomponent"":""core"",""altidentifier"":""egg"",""altcomponent"":""core_pix""}]"
308,docroot,https://docs.moodle.org
309,doclang,<blank>
310,doctonewwindow,0
311,coursecontactduplicates,0
312,courselistshortnames,0
313,coursesperpage,20
314,courseswithsummarieslimit,10
315,courseoverviewfileslimit,1
316,courseoverviewfilesext,".jpg,.gif,.png"
317,coursegraceperiodbefore,0
318,coursegraceperiodafter,0
319,useexternalyui,0
320,yuicomboloading,1
321,cachejs,1
322,modchooserdefault,1
323,additionalhtmlhead,<blank>
324,additionalhtmltopofbody,<blank>
325,additionalhtmlfooter,<blank>
326,cachetemplates,1
327,pathtophp,<blank>
328,pathtodu,<blank>
329,aspellpath,<blank>
330,pathtodot,<blank>
331,pathtogs,/usr/bin/gs
332,pathtopython,<blank>
333,supportname,Administrador Usuario
334,supportemail,<blank>
335,supportpage,<blank>
336,dbsessions,0
337,sessioncookie,<blank>
338,sessioncookiepath,<blank>
339,sessioncookiedomain,<blank>
340,statsfirstrun,none
341,statsmaxruntime,0
342,statsruntimedays,31
343,statsuserthreshold,0
344,slasharguments,1
345,getremoteaddrconf,3
346,reverseproxyignore,<blank>
347,proxyhost,<blank>
348,proxyport,0
349,proxytype,HTTP
350,proxyuser,<blank>
351,proxypassword,<blank>
352,proxybypass,"localhost, 127.0.0.1"
353,maintenance_enabled,0
354,maintenance_message,<blank>
355,deleteunconfirmed,168
356,deleteincompleteusers,0
357,disablegradehistory,0
358,gradehistorylifetime,0
359,tempdatafoldercleanup,168
360,filescleanupperiod,86400
361,extramemorylimit,512M
362,maxtimelimit,0
363,curlcache,120
364,curltimeoutkbitrate,56
365,task_scheduled_concurrency_limit,3
366,task_scheduled_max_runtime,1800
367,task_adhoc_concurrency_limit,3
368,task_adhoc_max_runtime,1800
369,task_logmode,1
370,task_logtostdout,1
371,task_logretention,2419200
372,task_logretainruns,20
373,smtphosts,<blank>
374,smtpsecure,<blank>
375,smtpauthtype,LOGIN
376,smtpuser,<blank>
377,smtppass,<blank>
378,smtpmaxbulk,1
379,noreplyaddress,noreply@www.certificaciones.comudeguadalajara.gob.mx
380,allowedemaildomains,<blank>
381,sitemailcharset,0
382,allowusermailcharset,0
383,allowattachments,1
384,mailnewline,LF
385,emailfromvia,1
386,emailsubjectprefix,<blank>
387,updateautocheck,1
388,updateminmaturity,200
389,updatenotifybuilds,0
390,dndallowtextandlinks,0
391,pathtosassc,<blank>
392,contextlocking,0
393,contextlockappliestoadmin,1
394,forceclean,0
395,enablecourserelativedates,0
396,debug,0
397,debugdisplay,0
398,perfdebug,7
399,debugstringids,0
400,debugvalidators,0
401,debugpageinfo,0
402,profilingenabled,0
403,profilingincluded,<blank>
404,profilingexcluded,<blank>
405,profilingautofrec,0
406,profilingallowme,0
407,profilingallowall,0
408,profilingslow,0
409,profilinglifetime,1440
410,profilingimportprefix,(I)
411,release,3.9dev+ (Build: 20200508)
412,localcachedirpurged,1603999363
413,scheduledtaskreset,1603999363
414,allversionshash,b60c2a91fd911b47619008d2762848b6cf7445c5
416,registrationpending,0
417,branch,39
418,notloggedinroleid,6
419,guestroleid,6
420,defaultuserroleid,7
421,creatornewroleid,3
422,restorernewroleid,3
423,sitepolicyhandler,<blank>
424,gradebookroles,5
425,h5plibraryhandler,h5plib_v124
426,jabberhost,<blank>
427,jabberserver,<blank>
428,jabberusername,<blank>
429,jabberpassword,<blank>
430,jabberport,5222
431,airnotifierurl,https://messages.moodle.net
432,airnotifierport,443
433,airnotifiermobileappname,com.moodle.moodlemobile
434,airnotifierappname,commoodlemoodlemobile
435,airnotifieraccesskey,d30b13308074bd45820887a88436a634
436,logguests,1
437,loglifetime,0
438,block_rss_client_num_entries,5
439,block_rss_client_timeout,30
440,block_course_list_adminview,all
441,block_course_list_hideallcourseslink,0
442,block_html_allowcssclasses,0
443,block_online_users_timetosee,5
444,block_online_users_onlinestatushiding,1
445,pathtounoconv,/usr/bin/unoconv
446,filter_censor_badwords,<blank>
447,filter_multilang_force_old,0
448,data_enablerssfeeds,0
449,chat_method,ajax
450,chat_refresh_userlist,10
451,chat_old_ping,35
452,chat_refresh_room,5
453,chat_normal_updatemode,jsupdate
454,chat_serverhost,www.certificaciones.comudeguadalajara.gob.mx
455,chat_serverip,127.0.0.1
456,chat_serverport,9111
457,chat_servermax,100
458,forum_displaymode,3
459,forum_shortpost,300
460,forum_longpost,600
461,forum_manydiscussions,100
462,forum_maxbytes,512000
463,forum_maxattachments,9
464,forum_subscription,0
465,forum_trackingtype,1
466,forum_trackreadposts,1
467,forum_allowforcedreadtracking,0
468,forum_oldpostdays,14
469,forum_usermarksread,0
470,forum_cleanreadtime,2
471,digestmailtime,17
472,forum_enablerssfeeds,0
473,forum_enabletimedposts,1
474,glossary_entbypage,10
475,glossary_dupentries,0
476,glossary_allowcomments,0
477,glossary_linkbydefault,1
478,glossary_defaultapproval,1
479,glossary_enablerssfeeds,0
480,glossary_linkentries,0
481,glossary_casesensitive,0
482,glossary_fullmatch,0
483,feedback_allowfullanonymous,0
484,profileroles,"3,4,5"
485,coursecontact,3
486,frontpage,<blank>
487,frontpageloggedin,4
488,maxcategorydepth,2
489,frontpagecourselimit,200
490,commentsperpage,15
491,defaultfrontpageroleid,8
492,messageinbound_enabled,0
493,messageinbound_mailbox,<blank>
494,messageinbound_domain,<blank>
495,messageinbound_host,<blank>
496,messageinbound_hostssl,ssl
497,messageinbound_hostuser,<blank>
498,messageinbound_hostpass,<blank>
499,webserviceprotocols,rest
500,enablemobilewebservice,1
501,mobilecssurl,<blank>
502,timezone,America/Mexico_City
503,registerauth,<blank>
504,reposecretkey,1590164274JlFJQW8ZcnzTNPpTzne6nbfckOxTobrc

