id,userid,messageid,action,timecreated
base64:type253:MW13eWxkcjFtd3lsZHIxbXd5bGRyMTU5MzY0OTMwMm13eWxkcjM2,base64:type253:MW13eWxkcjFtd3lsZHIxbXd5bGRyMTU5MzY0OTMwMm13eWxkcjM2,base64:type253:MW13eWxkcjFtd3lsZHIxbXd5bGRyMTU5MzY0OTMwMm13eWxkcjM2,base64:type253:MW13eWxkcjFtd3lsZHIxbXd5bGRyMTU5MzY0OTMwMm13eWxkcjM2,base64:type253:MW13eWxkcjFtd3lsZHIxbXd5bGRyMTU5MzY0OTMwMm13eWxkcjM2
base64:type253:MW13eWxkcjJtd3lsZHIybXd5bGRyMTU5MzY0OTMwMm13eWxkcjM2,base64:type253:MW13eWxkcjJtd3lsZHIybXd5bGRyMTU5MzY0OTMwMm13eWxkcjM2,base64:type253:MW13eWxkcjJtd3lsZHIybXd5bGRyMTU5MzY0OTMwMm13eWxkcjM2,base64:type253:MW13eWxkcjJtd3lsZHIybXd5bGRyMTU5MzY0OTMwMm13eWxkcjM2,base64:type253:MW13eWxkcjJtd3lsZHIybXd5bGRyMTU5MzY0OTMwMm13eWxkcjM2
base64:type253:MW13eWxkcjNtd3lsZHIzbXd5bGRyMTU5MzY0OTk2OW13eWxkcjE5,base64:type253:MW13eWxkcjNtd3lsZHIzbXd5bGRyMTU5MzY0OTk2OW13eWxkcjE5,base64:type253:MW13eWxkcjNtd3lsZHIzbXd5bGRyMTU5MzY0OTk2OW13eWxkcjE5,base64:type253:MW13eWxkcjNtd3lsZHIzbXd5bGRyMTU5MzY0OTk2OW13eWxkcjE5,base64:type253:MW13eWxkcjNtd3lsZHIzbXd5bGRyMTU5MzY0OTk2OW13eWxkcjE5
base64:type253:MW13eWxkcjRtd3lsZHI0bXd5bGRyMTU5MzY0OTk2OW13eWxkcjE5,base64:type253:MW13eWxkcjRtd3lsZHI0bXd5bGRyMTU5MzY0OTk2OW13eWxkcjE5,base64:type253:MW13eWxkcjRtd3lsZHI0bXd5bGRyMTU5MzY0OTk2OW13eWxkcjE5,base64:type253:MW13eWxkcjRtd3lsZHI0bXd5bGRyMTU5MzY0OTk2OW13eWxkcjE5,base64:type253:MW13eWxkcjRtd3lsZHI0bXd5bGRyMTU5MzY0OTk2OW13eWxkcjE5
base64:type253:MW13eWxkcjVtd3lsZHI1bXd5bGRyMTU5MzY1NzMzOW13eWxkcjg2,base64:type253:MW13eWxkcjVtd3lsZHI1bXd5bGRyMTU5MzY1NzMzOW13eWxkcjg2,base64:type253:MW13eWxkcjVtd3lsZHI1bXd5bGRyMTU5MzY1NzMzOW13eWxkcjg2,base64:type253:MW13eWxkcjVtd3lsZHI1bXd5bGRyMTU5MzY1NzMzOW13eWxkcjg2,base64:type253:MW13eWxkcjVtd3lsZHI1bXd5bGRyMTU5MzY1NzMzOW13eWxkcjg2
base64:type253:MW13eWxkcjZtd3lsZHI2bXd5bGRyMTU5MzY1NzMzOW13eWxkcjg2,base64:type253:MW13eWxkcjZtd3lsZHI2bXd5bGRyMTU5MzY1NzMzOW13eWxkcjg2,base64:type253:MW13eWxkcjZtd3lsZHI2bXd5bGRyMTU5MzY1NzMzOW13eWxkcjg2,base64:type253:MW13eWxkcjZtd3lsZHI2bXd5bGRyMTU5MzY1NzMzOW13eWxkcjg2,base64:type253:MW13eWxkcjZtd3lsZHI2bXd5bGRyMTU5MzY1NzMzOW13eWxkcjg2
base64:type253:MW13eWxkcjdtd3lsZHI3bXd5bGRyMTU5MzY1NzMzOW13eWxkcjg2,base64:type253:MW13eWxkcjdtd3lsZHI3bXd5bGRyMTU5MzY1NzMzOW13eWxkcjg2,base64:type253:MW13eWxkcjdtd3lsZHI3bXd5bGRyMTU5MzY1NzMzOW13eWxkcjg2,base64:type253:MW13eWxkcjdtd3lsZHI3bXd5bGRyMTU5MzY1NzMzOW13eWxkcjg2,base64:type253:MW13eWxkcjdtd3lsZHI3bXd5bGRyMTU5MzY1NzMzOW13eWxkcjg2
base64:type253:MW13eWxkcjhtd3lsZHIxMG13eWxkcjE1OTM3MDkyNjZtd3lsZHIy,base64:type253:MW13eWxkcjhtd3lsZHIxMG13eWxkcjE1OTM3MDkyNjZtd3lsZHIy,base64:type253:MW13eWxkcjhtd3lsZHIxMG13eWxkcjE1OTM3MDkyNjZtd3lsZHIy,base64:type253:MW13eWxkcjhtd3lsZHIxMG13eWxkcjE1OTM3MDkyNjZtd3lsZHIy,base64:type253:MW13eWxkcjhtd3lsZHIxMG13eWxkcjE1OTM3MDkyNjZtd3lsZHIy
base64:type253:MW13eWxkcjltd3lsZHIxMW13eWxkcjE1OTM3MDkyNjZtd3lsZHIy,base64:type253:MW13eWxkcjltd3lsZHIxMW13eWxkcjE1OTM3MDkyNjZtd3lsZHIy,base64:type253:MW13eWxkcjltd3lsZHIxMW13eWxkcjE1OTM3MDkyNjZtd3lsZHIy,base64:type253:MW13eWxkcjltd3lsZHIxMW13eWxkcjE1OTM3MDkyNjZtd3lsZHIy,base64:type253:MW13eWxkcjltd3lsZHIxMW13eWxkcjE1OTM3MDkyNjZtd3lsZHIy
base64:type253:MW13eWxkcjEwbXd5bGRyMTJtd3lsZHIxNTkzNzA5MjY2bXd5bGRyMg==,base64:type253:MW13eWxkcjEwbXd5bGRyMTJtd3lsZHIxNTkzNzA5MjY2bXd5bGRyMg==,base64:type253:MW13eWxkcjEwbXd5bGRyMTJtd3lsZHIxNTkzNzA5MjY2bXd5bGRyMg==,base64:type253:MW13eWxkcjEwbXd5bGRyMTJtd3lsZHIxNTkzNzA5MjY2bXd5bGRyMg==,base64:type253:MW13eWxkcjEwbXd5bGRyMTJtd3lsZHIxNTkzNzA5MjY2bXd5bGRyMg==
base64:type253:MW13eWxkcjExbXd5bGRyOG13eWxkcjE1OTM3MTEzMzNtd3lsZHIxOQ==,base64:type253:MW13eWxkcjExbXd5bGRyOG13eWxkcjE1OTM3MTEzMzNtd3lsZHIxOQ==,base64:type253:MW13eWxkcjExbXd5bGRyOG13eWxkcjE1OTM3MTEzMzNtd3lsZHIxOQ==,base64:type253:MW13eWxkcjExbXd5bGRyOG13eWxkcjE1OTM3MTEzMzNtd3lsZHIxOQ==,base64:type253:MW13eWxkcjExbXd5bGRyOG13eWxkcjE1OTM3MTEzMzNtd3lsZHIxOQ==
base64:type253:MW13eWxkcjEybXd5bGRyOW13eWxkcjE1OTM3MTEzMzNtd3lsZHIxOQ==,base64:type253:MW13eWxkcjEybXd5bGRyOW13eWxkcjE1OTM3MTEzMzNtd3lsZHIxOQ==,base64:type253:MW13eWxkcjEybXd5bGRyOW13eWxkcjE1OTM3MTEzMzNtd3lsZHIxOQ==,base64:type253:MW13eWxkcjEybXd5bGRyOW13eWxkcjE1OTM3MTEzMzNtd3lsZHIxOQ==,base64:type253:MW13eWxkcjEybXd5bGRyOW13eWxkcjE1OTM3MTEzMzNtd3lsZHIxOQ==
base64:type253:MW13eWxkcjEzbXd5bGRyMTNtd3lsZHIxNTkzNzI2MDY4bXd5bGRyNzQ=,base64:type253:MW13eWxkcjEzbXd5bGRyMTNtd3lsZHIxNTkzNzI2MDY4bXd5bGRyNzQ=,base64:type253:MW13eWxkcjEzbXd5bGRyMTNtd3lsZHIxNTkzNzI2MDY4bXd5bGRyNzQ=,base64:type253:MW13eWxkcjEzbXd5bGRyMTNtd3lsZHIxNTkzNzI2MDY4bXd5bGRyNzQ=,base64:type253:MW13eWxkcjEzbXd5bGRyMTNtd3lsZHIxNTkzNzI2MDY4bXd5bGRyNzQ=
base64:type253:MW13eWxkcjE0bXd5bGRyMTVtd3lsZHIxNTkzNzI2MDY4bXd5bGRyNzQ=,base64:type253:MW13eWxkcjE0bXd5bGRyMTVtd3lsZHIxNTkzNzI2MDY4bXd5bGRyNzQ=,base64:type253:MW13eWxkcjE0bXd5bGRyMTVtd3lsZHIxNTkzNzI2MDY4bXd5bGRyNzQ=,base64:type253:MW13eWxkcjE0bXd5bGRyMTVtd3lsZHIxNTkzNzI2MDY4bXd5bGRyNzQ=,base64:type253:MW13eWxkcjE0bXd5bGRyMTVtd3lsZHIxNTkzNzI2MDY4bXd5bGRyNzQ=
base64:type253:MW13eWxkcjE1bXd5bGRyMTZtd3lsZHIxNTkzNzQ3NDgybXd5bGRyMg==,base64:type253:MW13eWxkcjE1bXd5bGRyMTZtd3lsZHIxNTkzNzQ3NDgybXd5bGRyMg==,base64:type253:MW13eWxkcjE1bXd5bGRyMTZtd3lsZHIxNTkzNzQ3NDgybXd5bGRyMg==,base64:type253:MW13eWxkcjE1bXd5bGRyMTZtd3lsZHIxNTkzNzQ3NDgybXd5bGRyMg==,base64:type253:MW13eWxkcjE1bXd5bGRyMTZtd3lsZHIxNTkzNzQ3NDgybXd5bGRyMg==
base64:type253:MW13eWxkcjE2bXd5bGRyMTRtd3lsZHIxNTk0MDU3MTA4bXd5bGRyODY=,base64:type253:MW13eWxkcjE2bXd5bGRyMTRtd3lsZHIxNTk0MDU3MTA4bXd5bGRyODY=,base64:type253:MW13eWxkcjE2bXd5bGRyMTRtd3lsZHIxNTk0MDU3MTA4bXd5bGRyODY=,base64:type253:MW13eWxkcjE2bXd5bGRyMTRtd3lsZHIxNTk0MDU3MTA4bXd5bGRyODY=,base64:type253:MW13eWxkcjE2bXd5bGRyMTRtd3lsZHIxNTk0MDU3MTA4bXd5bGRyODY=
base64:type253:MW13eWxkcjE3bXd5bGRyMTdtd3lsZHIxNTk0MjYxMzIzbXd5bGRyOTI=,base64:type253:MW13eWxkcjE3bXd5bGRyMTdtd3lsZHIxNTk0MjYxMzIzbXd5bGRyOTI=,base64:type253:MW13eWxkcjE3bXd5bGRyMTdtd3lsZHIxNTk0MjYxMzIzbXd5bGRyOTI=,base64:type253:MW13eWxkcjE3bXd5bGRyMTdtd3lsZHIxNTk0MjYxMzIzbXd5bGRyOTI=,base64:type253:MW13eWxkcjE3bXd5bGRyMTdtd3lsZHIxNTk0MjYxMzIzbXd5bGRyOTI=
base64:type253:MW13eWxkcjE4bXd5bGRyMThtd3lsZHIxNTk0MjY1NzU4bXd5bGRyMzY=,base64:type253:MW13eWxkcjE4bXd5bGRyMThtd3lsZHIxNTk0MjY1NzU4bXd5bGRyMzY=,base64:type253:MW13eWxkcjE4bXd5bGRyMThtd3lsZHIxNTk0MjY1NzU4bXd5bGRyMzY=,base64:type253:MW13eWxkcjE4bXd5bGRyMThtd3lsZHIxNTk0MjY1NzU4bXd5bGRyMzY=,base64:type253:MW13eWxkcjE4bXd5bGRyMThtd3lsZHIxNTk0MjY1NzU4bXd5bGRyMzY=
base64:type253:MW13eWxkcjE5bXd5bGRyMTltd3lsZHIxNTk0MjY1NzU4bXd5bGRyMzY=,base64:type253:MW13eWxkcjE5bXd5bGRyMTltd3lsZHIxNTk0MjY1NzU4bXd5bGRyMzY=,base64:type253:MW13eWxkcjE5bXd5bGRyMTltd3lsZHIxNTk0MjY1NzU4bXd5bGRyMzY=,base64:type253:MW13eWxkcjE5bXd5bGRyMTltd3lsZHIxNTk0MjY1NzU4bXd5bGRyMzY=,base64:type253:MW13eWxkcjE5bXd5bGRyMTltd3lsZHIxNTk0MjY1NzU4bXd5bGRyMzY=
base64:type253:MW13eWxkcjIwbXd5bGRyMjBtd3lsZHIxNTk0MjcyMzg4bXd5bGRyNjc=,base64:type253:MW13eWxkcjIwbXd5bGRyMjBtd3lsZHIxNTk0MjcyMzg4bXd5bGRyNjc=,base64:type253:MW13eWxkcjIwbXd5bGRyMjBtd3lsZHIxNTk0MjcyMzg4bXd5bGRyNjc=,base64:type253:MW13eWxkcjIwbXd5bGRyMjBtd3lsZHIxNTk0MjcyMzg4bXd5bGRyNjc=,base64:type253:MW13eWxkcjIwbXd5bGRyMjBtd3lsZHIxNTk0MjcyMzg4bXd5bGRyNjc=
base64:type253:MW13eWxkcjIxbXd5bGRyMjFtd3lsZHIxNTk0MjcyMzg4bXd5bGRyNjc=,base64:type253:MW13eWxkcjIxbXd5bGRyMjFtd3lsZHIxNTk0MjcyMzg4bXd5bGRyNjc=,base64:type253:MW13eWxkcjIxbXd5bGRyMjFtd3lsZHIxNTk0MjcyMzg4bXd5bGRyNjc=,base64:type253:MW13eWxkcjIxbXd5bGRyMjFtd3lsZHIxNTk0MjcyMzg4bXd5bGRyNjc=,base64:type253:MW13eWxkcjIxbXd5bGRyMjFtd3lsZHIxNTk0MjcyMzg4bXd5bGRyNjc=
base64:type253:MW13eWxkcjIybXd5bGRyMjJtd3lsZHIxNTk0MzI4MjY3bXd5bGRyOTI=,base64:type253:MW13eWxkcjIybXd5bGRyMjJtd3lsZHIxNTk0MzI4MjY3bXd5bGRyOTI=,base64:type253:MW13eWxkcjIybXd5bGRyMjJtd3lsZHIxNTk0MzI4MjY3bXd5bGRyOTI=,base64:type253:MW13eWxkcjIybXd5bGRyMjJtd3lsZHIxNTk0MzI4MjY3bXd5bGRyOTI=,base64:type253:MW13eWxkcjIybXd5bGRyMjJtd3lsZHIxNTk0MzI4MjY3bXd5bGRyOTI=
base64:type253:MW13eWxkcjIzbXd5bGRyMjRtd3lsZHIxNTk0MzI4Mjk0bXd5bGRyOTI=,base64:type253:MW13eWxkcjIzbXd5bGRyMjRtd3lsZHIxNTk0MzI4Mjk0bXd5bGRyOTI=,base64:type253:MW13eWxkcjIzbXd5bGRyMjRtd3lsZHIxNTk0MzI4Mjk0bXd5bGRyOTI=,base64:type253:MW13eWxkcjIzbXd5bGRyMjRtd3lsZHIxNTk0MzI4Mjk0bXd5bGRyOTI=,base64:type253:MW13eWxkcjIzbXd5bGRyMjRtd3lsZHIxNTk0MzI4Mjk0bXd5bGRyOTI=
base64:type253:MW13eWxkcjI0bXd5bGRyMjVtd3lsZHIxNTk0MzI4Mjk0bXd5bGRyOTI=,base64:type253:MW13eWxkcjI0bXd5bGRyMjVtd3lsZHIxNTk0MzI4Mjk0bXd5bGRyOTI=,base64:type253:MW13eWxkcjI0bXd5bGRyMjVtd3lsZHIxNTk0MzI4Mjk0bXd5bGRyOTI=,base64:type253:MW13eWxkcjI0bXd5bGRyMjVtd3lsZHIxNTk0MzI4Mjk0bXd5bGRyOTI=,base64:type253:MW13eWxkcjI0bXd5bGRyMjVtd3lsZHIxNTk0MzI4Mjk0bXd5bGRyOTI=
base64:type253:MW13eWxkcjI1bXd5bGRyMjNtd3lsZHIxNTk0MzMxNzMwbXd5bGRyODY=,base64:type253:MW13eWxkcjI1bXd5bGRyMjNtd3lsZHIxNTk0MzMxNzMwbXd5bGRyODY=,base64:type253:MW13eWxkcjI1bXd5bGRyMjNtd3lsZHIxNTk0MzMxNzMwbXd5bGRyODY=,base64:type253:MW13eWxkcjI1bXd5bGRyMjNtd3lsZHIxNTk0MzMxNzMwbXd5bGRyODY=,base64:type253:MW13eWxkcjI1bXd5bGRyMjNtd3lsZHIxNTk0MzMxNzMwbXd5bGRyODY=
base64:type253:MW13eWxkcjI2bXd5bGRyMjdtd3lsZHIxNTk0MzM4NzQwbXd5bGRyMzY=,base64:type253:MW13eWxkcjI2bXd5bGRyMjdtd3lsZHIxNTk0MzM4NzQwbXd5bGRyMzY=,base64:type253:MW13eWxkcjI2bXd5bGRyMjdtd3lsZHIxNTk0MzM4NzQwbXd5bGRyMzY=,base64:type253:MW13eWxkcjI2bXd5bGRyMjdtd3lsZHIxNTk0MzM4NzQwbXd5bGRyMzY=,base64:type253:MW13eWxkcjI2bXd5bGRyMjdtd3lsZHIxNTk0MzM4NzQwbXd5bGRyMzY=
base64:type253:MW13eWxkcjI3bXd5bGRyMjhtd3lsZHIxNTk0MzM4NzQwbXd5bGRyMzY=,base64:type253:MW13eWxkcjI3bXd5bGRyMjhtd3lsZHIxNTk0MzM4NzQwbXd5bGRyMzY=,base64:type253:MW13eWxkcjI3bXd5bGRyMjhtd3lsZHIxNTk0MzM4NzQwbXd5bGRyMzY=,base64:type253:MW13eWxkcjI3bXd5bGRyMjhtd3lsZHIxNTk0MzM4NzQwbXd5bGRyMzY=,base64:type253:MW13eWxkcjI3bXd5bGRyMjhtd3lsZHIxNTk0MzM4NzQwbXd5bGRyMzY=
base64:type253:MW13eWxkcjI4bXd5bGRyMzBtd3lsZHIxNTk0MzQwNDMybXd5bGRyOTI=,base64:type253:MW13eWxkcjI4bXd5bGRyMzBtd3lsZHIxNTk0MzQwNDMybXd5bGRyOTI=,base64:type253:MW13eWxkcjI4bXd5bGRyMzBtd3lsZHIxNTk0MzQwNDMybXd5bGRyOTI=,base64:type253:MW13eWxkcjI4bXd5bGRyMzBtd3lsZHIxNTk0MzQwNDMybXd5bGRyOTI=,base64:type253:MW13eWxkcjI4bXd5bGRyMzBtd3lsZHIxNTk0MzQwNDMybXd5bGRyOTI=
base64:type253:MW13eWxkcjI5bXd5bGRyMzFtd3lsZHIxNTk0MzQwNDMzbXd5bGRyOTI=,base64:type253:MW13eWxkcjI5bXd5bGRyMzFtd3lsZHIxNTk0MzQwNDMzbXd5bGRyOTI=,base64:type253:MW13eWxkcjI5bXd5bGRyMzFtd3lsZHIxNTk0MzQwNDMzbXd5bGRyOTI=,base64:type253:MW13eWxkcjI5bXd5bGRyMzFtd3lsZHIxNTk0MzQwNDMzbXd5bGRyOTI=,base64:type253:MW13eWxkcjI5bXd5bGRyMzFtd3lsZHIxNTk0MzQwNDMzbXd5bGRyOTI=
base64:type253:MW13eWxkcjMwbXd5bGRyMzJtd3lsZHIxNTk0MzQwNDMzbXd5bGRyOTI=,base64:type253:MW13eWxkcjMwbXd5bGRyMzJtd3lsZHIxNTk0MzQwNDMzbXd5bGRyOTI=,base64:type253:MW13eWxkcjMwbXd5bGRyMzJtd3lsZHIxNTk0MzQwNDMzbXd5bGRyOTI=,base64:type253:MW13eWxkcjMwbXd5bGRyMzJtd3lsZHIxNTk0MzQwNDMzbXd5bGRyOTI=,base64:type253:MW13eWxkcjMwbXd5bGRyMzJtd3lsZHIxNTk0MzQwNDMzbXd5bGRyOTI=
base64:type253:MW13eWxkcjMxbXd5bGRyMzNtd3lsZHIxNTk0NDE3MjYxbXd5bGRyNzI=,base64:type253:MW13eWxkcjMxbXd5bGRyMzNtd3lsZHIxNTk0NDE3MjYxbXd5bGRyNzI=,base64:type253:MW13eWxkcjMxbXd5bGRyMzNtd3lsZHIxNTk0NDE3MjYxbXd5bGRyNzI=,base64:type253:MW13eWxkcjMxbXd5bGRyMzNtd3lsZHIxNTk0NDE3MjYxbXd5bGRyNzI=,base64:type253:MW13eWxkcjMxbXd5bGRyMzNtd3lsZHIxNTk0NDE3MjYxbXd5bGRyNzI=
base64:type253:MW13eWxkcjMybXd5bGRyMzRtd3lsZHIxNTk0NDE3MjYxbXd5bGRyNzI=,base64:type253:MW13eWxkcjMybXd5bGRyMzRtd3lsZHIxNTk0NDE3MjYxbXd5bGRyNzI=,base64:type253:MW13eWxkcjMybXd5bGRyMzRtd3lsZHIxNTk0NDE3MjYxbXd5bGRyNzI=,base64:type253:MW13eWxkcjMybXd5bGRyMzRtd3lsZHIxNTk0NDE3MjYxbXd5bGRyNzI=,base64:type253:MW13eWxkcjMybXd5bGRyMzRtd3lsZHIxNTk0NDE3MjYxbXd5bGRyNzI=
base64:type253:MW13eWxkcjMzbXd5bGRyMzVtd3lsZHIxNTk0NDI0MjIwbXd5bGRyOTI=,base64:type253:MW13eWxkcjMzbXd5bGRyMzVtd3lsZHIxNTk0NDI0MjIwbXd5bGRyOTI=,base64:type253:MW13eWxkcjMzbXd5bGRyMzVtd3lsZHIxNTk0NDI0MjIwbXd5bGRyOTI=,base64:type253:MW13eWxkcjMzbXd5bGRyMzVtd3lsZHIxNTk0NDI0MjIwbXd5bGRyOTI=,base64:type253:MW13eWxkcjMzbXd5bGRyMzVtd3lsZHIxNTk0NDI0MjIwbXd5bGRyOTI=
base64:type253:MW13eWxkcjM0bXd5bGRyMzZtd3lsZHIxNTk0NDI0MjIwbXd5bGRyOTI=,base64:type253:MW13eWxkcjM0bXd5bGRyMzZtd3lsZHIxNTk0NDI0MjIwbXd5bGRyOTI=,base64:type253:MW13eWxkcjM0bXd5bGRyMzZtd3lsZHIxNTk0NDI0MjIwbXd5bGRyOTI=,base64:type253:MW13eWxkcjM0bXd5bGRyMzZtd3lsZHIxNTk0NDI0MjIwbXd5bGRyOTI=,base64:type253:MW13eWxkcjM0bXd5bGRyMzZtd3lsZHIxNTk0NDI0MjIwbXd5bGRyOTI=
base64:type253:MW13eWxkcjM1bXd5bGRyMjltd3lsZHIxNTk0NDQxOTI2bXd5bGRyODY=,base64:type253:MW13eWxkcjM1bXd5bGRyMjltd3lsZHIxNTk0NDQxOTI2bXd5bGRyODY=,base64:type253:MW13eWxkcjM1bXd5bGRyMjltd3lsZHIxNTk0NDQxOTI2bXd5bGRyODY=,base64:type253:MW13eWxkcjM1bXd5bGRyMjltd3lsZHIxNTk0NDQxOTI2bXd5bGRyODY=,base64:type253:MW13eWxkcjM1bXd5bGRyMjltd3lsZHIxNTk0NDQxOTI2bXd5bGRyODY=
base64:type253:MW13eWxkcjM2bXd5bGRyMzdtd3lsZHIxNTk0NDgxNTEwbXd5bGRyNzI=,base64:type253:MW13eWxkcjM2bXd5bGRyMzdtd3lsZHIxNTk0NDgxNTEwbXd5bGRyNzI=,base64:type253:MW13eWxkcjM2bXd5bGRyMzdtd3lsZHIxNTk0NDgxNTEwbXd5bGRyNzI=,base64:type253:MW13eWxkcjM2bXd5bGRyMzdtd3lsZHIxNTk0NDgxNTEwbXd5bGRyNzI=,base64:type253:MW13eWxkcjM2bXd5bGRyMzdtd3lsZHIxNTk0NDgxNTEwbXd5bGRyNzI=
base64:type253:MW13eWxkcjM3bXd5bGRyMzhtd3lsZHIxNTk0NDgxNTEwbXd5bGRyNzI=,base64:type253:MW13eWxkcjM3bXd5bGRyMzhtd3lsZHIxNTk0NDgxNTEwbXd5bGRyNzI=,base64:type253:MW13eWxkcjM3bXd5bGRyMzhtd3lsZHIxNTk0NDgxNTEwbXd5bGRyNzI=,base64:type253:MW13eWxkcjM3bXd5bGRyMzhtd3lsZHIxNTk0NDgxNTEwbXd5bGRyNzI=,base64:type253:MW13eWxkcjM3bXd5bGRyMzhtd3lsZHIxNTk0NDgxNTEwbXd5bGRyNzI=
base64:type253:MW13eWxkcjM4bXd5bGRyMzltd3lsZHIxNTk0NDgxNTEwbXd5bGRyNzI=,base64:type253:MW13eWxkcjM4bXd5bGRyMzltd3lsZHIxNTk0NDgxNTEwbXd5bGRyNzI=,base64:type253:MW13eWxkcjM4bXd5bGRyMzltd3lsZHIxNTk0NDgxNTEwbXd5bGRyNzI=,base64:type253:MW13eWxkcjM4bXd5bGRyMzltd3lsZHIxNTk0NDgxNTEwbXd5bGRyNzI=,base64:type253:MW13eWxkcjM4bXd5bGRyMzltd3lsZHIxNTk0NDgxNTEwbXd5bGRyNzI=
base64:type253:MW13eWxkcjM5bXd5bGRyNDBtd3lsZHIxNTk0NDgxNTEwbXd5bGRyNzI=,base64:type253:MW13eWxkcjM5bXd5bGRyNDBtd3lsZHIxNTk0NDgxNTEwbXd5bGRyNzI=,base64:type253:MW13eWxkcjM5bXd5bGRyNDBtd3lsZHIxNTk0NDgxNTEwbXd5bGRyNzI=,base64:type253:MW13eWxkcjM5bXd5bGRyNDBtd3lsZHIxNTk0NDgxNTEwbXd5bGRyNzI=,base64:type253:MW13eWxkcjM5bXd5bGRyNDBtd3lsZHIxNTk0NDgxNTEwbXd5bGRyNzI=
base64:type253:MW13eWxkcjQwbXd5bGRyNDFtd3lsZHIxNTk0NTEyOTI2bXd5bGRyOTI=,base64:type253:MW13eWxkcjQwbXd5bGRyNDFtd3lsZHIxNTk0NTEyOTI2bXd5bGRyOTI=,base64:type253:MW13eWxkcjQwbXd5bGRyNDFtd3lsZHIxNTk0NTEyOTI2bXd5bGRyOTI=,base64:type253:MW13eWxkcjQwbXd5bGRyNDFtd3lsZHIxNTk0NTEyOTI2bXd5bGRyOTI=,base64:type253:MW13eWxkcjQwbXd5bGRyNDFtd3lsZHIxNTk0NTEyOTI2bXd5bGRyOTI=
base64:type253:MW13eWxkcjQxbXd5bGRyMjZtd3lsZHIxNTk0NTE1NzM3bXd5bGRyNjc=,base64:type253:MW13eWxkcjQxbXd5bGRyMjZtd3lsZHIxNTk0NTE1NzM3bXd5bGRyNjc=,base64:type253:MW13eWxkcjQxbXd5bGRyMjZtd3lsZHIxNTk0NTE1NzM3bXd5bGRyNjc=,base64:type253:MW13eWxkcjQxbXd5bGRyMjZtd3lsZHIxNTk0NTE1NzM3bXd5bGRyNjc=,base64:type253:MW13eWxkcjQxbXd5bGRyMjZtd3lsZHIxNTk0NTE1NzM3bXd5bGRyNjc=
base64:type253:MW13eWxkcjQybXd5bGRyNDVtd3lsZHIxNTk0Njk4Nzg1bXd5bGRyNTc=,base64:type253:MW13eWxkcjQybXd5bGRyNDVtd3lsZHIxNTk0Njk4Nzg1bXd5bGRyNTc=,base64:type253:MW13eWxkcjQybXd5bGRyNDVtd3lsZHIxNTk0Njk4Nzg1bXd5bGRyNTc=,base64:type253:MW13eWxkcjQybXd5bGRyNDVtd3lsZHIxNTk0Njk4Nzg1bXd5bGRyNTc=,base64:type253:MW13eWxkcjQybXd5bGRyNDVtd3lsZHIxNTk0Njk4Nzg1bXd5bGRyNTc=
base64:type253:MW13eWxkcjQzbXd5bGRyNDZtd3lsZHIxNTk0NzQxMTE5bXd5bGRyODY=,base64:type253:MW13eWxkcjQzbXd5bGRyNDZtd3lsZHIxNTk0NzQxMTE5bXd5bGRyODY=,base64:type253:MW13eWxkcjQzbXd5bGRyNDZtd3lsZHIxNTk0NzQxMTE5bXd5bGRyODY=,base64:type253:MW13eWxkcjQzbXd5bGRyNDZtd3lsZHIxNTk0NzQxMTE5bXd5bGRyODY=,base64:type253:MW13eWxkcjQzbXd5bGRyNDZtd3lsZHIxNTk0NzQxMTE5bXd5bGRyODY=
base64:type253:MW13eWxkcjQ0bXd5bGRyNDdtd3lsZHIxNTk0NzQxMTIwbXd5bGRyODY=,base64:type253:MW13eWxkcjQ0bXd5bGRyNDdtd3lsZHIxNTk0NzQxMTIwbXd5bGRyODY=,base64:type253:MW13eWxkcjQ0bXd5bGRyNDdtd3lsZHIxNTk0NzQxMTIwbXd5bGRyODY=,base64:type253:MW13eWxkcjQ0bXd5bGRyNDdtd3lsZHIxNTk0NzQxMTIwbXd5bGRyODY=,base64:type253:MW13eWxkcjQ0bXd5bGRyNDdtd3lsZHIxNTk0NzQxMTIwbXd5bGRyODY=
base64:type253:MW13eWxkcjQ1bXd5bGRyNDhtd3lsZHIxNTk0Nzc5Nzg0bXd5bGRyMTk=,base64:type253:MW13eWxkcjQ1bXd5bGRyNDhtd3lsZHIxNTk0Nzc5Nzg0bXd5bGRyMTk=,base64:type253:MW13eWxkcjQ1bXd5bGRyNDhtd3lsZHIxNTk0Nzc5Nzg0bXd5bGRyMTk=,base64:type253:MW13eWxkcjQ1bXd5bGRyNDhtd3lsZHIxNTk0Nzc5Nzg0bXd5bGRyMTk=,base64:type253:MW13eWxkcjQ1bXd5bGRyNDhtd3lsZHIxNTk0Nzc5Nzg0bXd5bGRyMTk=
base64:type253:MW13eWxkcjQ2bXd5bGRyNDltd3lsZHIxNTk0Nzc5Nzg0bXd5bGRyMTk=,base64:type253:MW13eWxkcjQ2bXd5bGRyNDltd3lsZHIxNTk0Nzc5Nzg0bXd5bGRyMTk=,base64:type253:MW13eWxkcjQ2bXd5bGRyNDltd3lsZHIxNTk0Nzc5Nzg0bXd5bGRyMTk=,base64:type253:MW13eWxkcjQ2bXd5bGRyNDltd3lsZHIxNTk0Nzc5Nzg0bXd5bGRyMTk=,base64:type253:MW13eWxkcjQ2bXd5bGRyNDltd3lsZHIxNTk0Nzc5Nzg0bXd5bGRyMTk=
base64:type253:MW13eWxkcjQ3bXd5bGRyNTBtd3lsZHIxNTk0Nzc5Nzg0bXd5bGRyMTk=,base64:type253:MW13eWxkcjQ3bXd5bGRyNTBtd3lsZHIxNTk0Nzc5Nzg0bXd5bGRyMTk=,base64:type253:MW13eWxkcjQ3bXd5bGRyNTBtd3lsZHIxNTk0Nzc5Nzg0bXd5bGRyMTk=,base64:type253:MW13eWxkcjQ3bXd5bGRyNTBtd3lsZHIxNTk0Nzc5Nzg0bXd5bGRyMTk=,base64:type253:MW13eWxkcjQ3bXd5bGRyNTBtd3lsZHIxNTk0Nzc5Nzg0bXd5bGRyMTk=
base64:type253:MW13eWxkcjQ4bXd5bGRyNTFtd3lsZHIxNTk0Nzc5Nzg0bXd5bGRyMTk=,base64:type253:MW13eWxkcjQ4bXd5bGRyNTFtd3lsZHIxNTk0Nzc5Nzg0bXd5bGRyMTk=,base64:type253:MW13eWxkcjQ4bXd5bGRyNTFtd3lsZHIxNTk0Nzc5Nzg0bXd5bGRyMTk=,base64:type253:MW13eWxkcjQ4bXd5bGRyNTFtd3lsZHIxNTk0Nzc5Nzg0bXd5bGRyMTk=,base64:type253:MW13eWxkcjQ4bXd5bGRyNTFtd3lsZHIxNTk0Nzc5Nzg0bXd5bGRyMTk=
base64:type253:MW13eWxkcjQ5bXd5bGRyNTJtd3lsZHIxNTk0Nzg3NDU5bXd5bGRyODY=,base64:type253:MW13eWxkcjQ5bXd5bGRyNTJtd3lsZHIxNTk0Nzg3NDU5bXd5bGRyODY=,base64:type253:MW13eWxkcjQ5bXd5bGRyNTJtd3lsZHIxNTk0Nzg3NDU5bXd5bGRyODY=,base64:type253:MW13eWxkcjQ5bXd5bGRyNTJtd3lsZHIxNTk0Nzg3NDU5bXd5bGRyODY=,base64:type253:MW13eWxkcjQ5bXd5bGRyNTJtd3lsZHIxNTk0Nzg3NDU5bXd5bGRyODY=
base64:type253:MW13eWxkcjUwbXd5bGRyNTNtd3lsZHIxNTk0Nzg3NDU5bXd5bGRyODY=,base64:type253:MW13eWxkcjUwbXd5bGRyNTNtd3lsZHIxNTk0Nzg3NDU5bXd5bGRyODY=,base64:type253:MW13eWxkcjUwbXd5bGRyNTNtd3lsZHIxNTk0Nzg3NDU5bXd5bGRyODY=,base64:type253:MW13eWxkcjUwbXd5bGRyNTNtd3lsZHIxNTk0Nzg3NDU5bXd5bGRyODY=,base64:type253:MW13eWxkcjUwbXd5bGRyNTNtd3lsZHIxNTk0Nzg3NDU5bXd5bGRyODY=
base64:type253:MW13eWxkcjUxbXd5bGRyNDNtd3lsZHIxNTk0ODQ1MzQ1bXd5bGRyOTI=,base64:type253:MW13eWxkcjUxbXd5bGRyNDNtd3lsZHIxNTk0ODQ1MzQ1bXd5bGRyOTI=,base64:type253:MW13eWxkcjUxbXd5bGRyNDNtd3lsZHIxNTk0ODQ1MzQ1bXd5bGRyOTI=,base64:type253:MW13eWxkcjUxbXd5bGRyNDNtd3lsZHIxNTk0ODQ1MzQ1bXd5bGRyOTI=,base64:type253:MW13eWxkcjUxbXd5bGRyNDNtd3lsZHIxNTk0ODQ1MzQ1bXd5bGRyOTI=
base64:type253:MW13eWxkcjUybXd5bGRyNDRtd3lsZHIxNTk0ODQ1MzQ1bXd5bGRyOTI=,base64:type253:MW13eWxkcjUybXd5bGRyNDRtd3lsZHIxNTk0ODQ1MzQ1bXd5bGRyOTI=,base64:type253:MW13eWxkcjUybXd5bGRyNDRtd3lsZHIxNTk0ODQ1MzQ1bXd5bGRyOTI=,base64:type253:MW13eWxkcjUybXd5bGRyNDRtd3lsZHIxNTk0ODQ1MzQ1bXd5bGRyOTI=,base64:type253:MW13eWxkcjUybXd5bGRyNDRtd3lsZHIxNTk0ODQ1MzQ1bXd5bGRyOTI=
base64:type253:MW13eWxkcjUzbXd5bGRyNTRtd3lsZHIxNTk0OTQxMTA5bXd5bGRyNjY=,base64:type253:MW13eWxkcjUzbXd5bGRyNTRtd3lsZHIxNTk0OTQxMTA5bXd5bGRyNjY=,base64:type253:MW13eWxkcjUzbXd5bGRyNTRtd3lsZHIxNTk0OTQxMTA5bXd5bGRyNjY=,base64:type253:MW13eWxkcjUzbXd5bGRyNTRtd3lsZHIxNTk0OTQxMTA5bXd5bGRyNjY=,base64:type253:MW13eWxkcjUzbXd5bGRyNTRtd3lsZHIxNTk0OTQxMTA5bXd5bGRyNjY=
base64:type253:MW13eWxkcjU0bXd5bGRyNTVtd3lsZHIxNTk0OTQxMTA5bXd5bGRyNjY=,base64:type253:MW13eWxkcjU0bXd5bGRyNTVtd3lsZHIxNTk0OTQxMTA5bXd5bGRyNjY=,base64:type253:MW13eWxkcjU0bXd5bGRyNTVtd3lsZHIxNTk0OTQxMTA5bXd5bGRyNjY=,base64:type253:MW13eWxkcjU0bXd5bGRyNTVtd3lsZHIxNTk0OTQxMTA5bXd5bGRyNjY=,base64:type253:MW13eWxkcjU0bXd5bGRyNTVtd3lsZHIxNTk0OTQxMTA5bXd5bGRyNjY=
base64:type253:MW13eWxkcjU1bXd5bGRyNjBtd3lsZHIxNTk1MDM2NDMybXd5bGRyMjc=,base64:type253:MW13eWxkcjU1bXd5bGRyNjBtd3lsZHIxNTk1MDM2NDMybXd5bGRyMjc=,base64:type253:MW13eWxkcjU1bXd5bGRyNjBtd3lsZHIxNTk1MDM2NDMybXd5bGRyMjc=,base64:type253:MW13eWxkcjU1bXd5bGRyNjBtd3lsZHIxNTk1MDM2NDMybXd5bGRyMjc=,base64:type253:MW13eWxkcjU1bXd5bGRyNjBtd3lsZHIxNTk1MDM2NDMybXd5bGRyMjc=
base64:type253:MW13eWxkcjU2bXd5bGRyNTltd3lsZHIxNTk1MDM3MjE0bXd5bGRyNjc=,base64:type253:MW13eWxkcjU2bXd5bGRyNTltd3lsZHIxNTk1MDM3MjE0bXd5bGRyNjc=,base64:type253:MW13eWxkcjU2bXd5bGRyNTltd3lsZHIxNTk1MDM3MjE0bXd5bGRyNjc=,base64:type253:MW13eWxkcjU2bXd5bGRyNTltd3lsZHIxNTk1MDM3MjE0bXd5bGRyNjc=,base64:type253:MW13eWxkcjU2bXd5bGRyNTltd3lsZHIxNTk1MDM3MjE0bXd5bGRyNjc=
base64:type253:MW13eWxkcjU3bXd5bGRyNjRtd3lsZHIxNTk1MDQwNDgybXd5bGRyNjg=,base64:type253:MW13eWxkcjU3bXd5bGRyNjRtd3lsZHIxNTk1MDQwNDgybXd5bGRyNjg=,base64:type253:MW13eWxkcjU3bXd5bGRyNjRtd3lsZHIxNTk1MDQwNDgybXd5bGRyNjg=,base64:type253:MW13eWxkcjU3bXd5bGRyNjRtd3lsZHIxNTk1MDQwNDgybXd5bGRyNjg=,base64:type253:MW13eWxkcjU3bXd5bGRyNjRtd3lsZHIxNTk1MDQwNDgybXd5bGRyNjg=
base64:type253:MW13eWxkcjU4bXd5bGRyNjVtd3lsZHIxNTk1MDQwNDgybXd5bGRyNjg=,base64:type253:MW13eWxkcjU4bXd5bGRyNjVtd3lsZHIxNTk1MDQwNDgybXd5bGRyNjg=,base64:type253:MW13eWxkcjU4bXd5bGRyNjVtd3lsZHIxNTk1MDQwNDgybXd5bGRyNjg=,base64:type253:MW13eWxkcjU4bXd5bGRyNjVtd3lsZHIxNTk1MDQwNDgybXd5bGRyNjg=,base64:type253:MW13eWxkcjU4bXd5bGRyNjVtd3lsZHIxNTk1MDQwNDgybXd5bGRyNjg=
base64:type253:MW13eWxkcjU5bXd5bGRyNjZtd3lsZHIxNTk1MDQwNDgybXd5bGRyNjg=,base64:type253:MW13eWxkcjU5bXd5bGRyNjZtd3lsZHIxNTk1MDQwNDgybXd5bGRyNjg=,base64:type253:MW13eWxkcjU5bXd5bGRyNjZtd3lsZHIxNTk1MDQwNDgybXd5bGRyNjg=,base64:type253:MW13eWxkcjU5bXd5bGRyNjZtd3lsZHIxNTk1MDQwNDgybXd5bGRyNjg=,base64:type253:MW13eWxkcjU5bXd5bGRyNjZtd3lsZHIxNTk1MDQwNDgybXd5bGRyNjg=
base64:type253:MW13eWxkcjYwbXd5bGRyNjFtd3lsZHIxNTk1MDQwNDk4bXd5bGRyNjg=,base64:type253:MW13eWxkcjYwbXd5bGRyNjFtd3lsZHIxNTk1MDQwNDk4bXd5bGRyNjg=,base64:type253:MW13eWxkcjYwbXd5bGRyNjFtd3lsZHIxNTk1MDQwNDk4bXd5bGRyNjg=,base64:type253:MW13eWxkcjYwbXd5bGRyNjFtd3lsZHIxNTk1MDQwNDk4bXd5bGRyNjg=,base64:type253:MW13eWxkcjYwbXd5bGRyNjFtd3lsZHIxNTk1MDQwNDk4bXd5bGRyNjg=
base64:type253:MW13eWxkcjYxbXd5bGRyNjJtd3lsZHIxNTk1MDQwNDk4bXd5bGRyNjg=,base64:type253:MW13eWxkcjYxbXd5bGRyNjJtd3lsZHIxNTk1MDQwNDk4bXd5bGRyNjg=,base64:type253:MW13eWxkcjYxbXd5bGRyNjJtd3lsZHIxNTk1MDQwNDk4bXd5bGRyNjg=,base64:type253:MW13eWxkcjYxbXd5bGRyNjJtd3lsZHIxNTk1MDQwNDk4bXd5bGRyNjg=,base64:type253:MW13eWxkcjYxbXd5bGRyNjJtd3lsZHIxNTk1MDQwNDk4bXd5bGRyNjg=
base64:type253:MW13eWxkcjYybXd5bGRyNjNtd3lsZHIxNTk1MDQwNDk4bXd5bGRyNjg=,base64:type253:MW13eWxkcjYybXd5bGRyNjNtd3lsZHIxNTk1MDQwNDk4bXd5bGRyNjg=,base64:type253:MW13eWxkcjYybXd5bGRyNjNtd3lsZHIxNTk1MDQwNDk4bXd5bGRyNjg=,base64:type253:MW13eWxkcjYybXd5bGRyNjNtd3lsZHIxNTk1MDQwNDk4bXd5bGRyNjg=,base64:type253:MW13eWxkcjYybXd5bGRyNjNtd3lsZHIxNTk1MDQwNDk4bXd5bGRyNjg=
base64:type253:MW13eWxkcjYzbXd5bGRyNThtd3lsZHIxNTk1MDQxMzQ4bXd5bGRyOTI=,base64:type253:MW13eWxkcjYzbXd5bGRyNThtd3lsZHIxNTk1MDQxMzQ4bXd5bGRyOTI=,base64:type253:MW13eWxkcjYzbXd5bGRyNThtd3lsZHIxNTk1MDQxMzQ4bXd5bGRyOTI=,base64:type253:MW13eWxkcjYzbXd5bGRyNThtd3lsZHIxNTk1MDQxMzQ4bXd5bGRyOTI=,base64:type253:MW13eWxkcjYzbXd5bGRyNThtd3lsZHIxNTk1MDQxMzQ4bXd5bGRyOTI=
base64:type253:MW13eWxkcjY0bXd5bGRyNjdtd3lsZHIxNTk1MDQxODIybXd5bGRyMjc=,base64:type253:MW13eWxkcjY0bXd5bGRyNjdtd3lsZHIxNTk1MDQxODIybXd5bGRyMjc=,base64:type253:MW13eWxkcjY0bXd5bGRyNjdtd3lsZHIxNTk1MDQxODIybXd5bGRyMjc=,base64:type253:MW13eWxkcjY0bXd5bGRyNjdtd3lsZHIxNTk1MDQxODIybXd5bGRyMjc=,base64:type253:MW13eWxkcjY0bXd5bGRyNjdtd3lsZHIxNTk1MDQxODIybXd5bGRyMjc=
base64:type253:MW13eWxkcjY1bXd5bGRyNjhtd3lsZHIxNTk1MDQ1Njc2bXd5bGRyNjc=,base64:type253:MW13eWxkcjY1bXd5bGRyNjhtd3lsZHIxNTk1MDQ1Njc2bXd5bGRyNjc=,base64:type253:MW13eWxkcjY1bXd5bGRyNjhtd3lsZHIxNTk1MDQ1Njc2bXd5bGRyNjc=,base64:type253:MW13eWxkcjY1bXd5bGRyNjhtd3lsZHIxNTk1MDQ1Njc2bXd5bGRyNjc=,base64:type253:MW13eWxkcjY1bXd5bGRyNjhtd3lsZHIxNTk1MDQ1Njc2bXd5bGRyNjc=
base64:type253:MW13eWxkcjY2bXd5bGRyNjltd3lsZHIxNTk1MDQ1Njc2bXd5bGRyNjc=,base64:type253:MW13eWxkcjY2bXd5bGRyNjltd3lsZHIxNTk1MDQ1Njc2bXd5bGRyNjc=,base64:type253:MW13eWxkcjY2bXd5bGRyNjltd3lsZHIxNTk1MDQ1Njc2bXd5bGRyNjc=,base64:type253:MW13eWxkcjY2bXd5bGRyNjltd3lsZHIxNTk1MDQ1Njc2bXd5bGRyNjc=,base64:type253:MW13eWxkcjY2bXd5bGRyNjltd3lsZHIxNTk1MDQ1Njc2bXd5bGRyNjc=
base64:type253:MW13eWxkcjY3bXd5bGRyNzBtd3lsZHIxNTk1MDQ1Njc2bXd5bGRyNjc=,base64:type253:MW13eWxkcjY3bXd5bGRyNzBtd3lsZHIxNTk1MDQ1Njc2bXd5bGRyNjc=,base64:type253:MW13eWxkcjY3bXd5bGRyNzBtd3lsZHIxNTk1MDQ1Njc2bXd5bGRyNjc=,base64:type253:MW13eWxkcjY3bXd5bGRyNzBtd3lsZHIxNTk1MDQ1Njc2bXd5bGRyNjc=,base64:type253:MW13eWxkcjY3bXd5bGRyNzBtd3lsZHIxNTk1MDQ1Njc2bXd5bGRyNjc=
base64:type253:MW13eWxkcjY4bXd5bGRyNzFtd3lsZHIxNTk1MDQ1Njc2bXd5bGRyNjc=,base64:type253:MW13eWxkcjY4bXd5bGRyNzFtd3lsZHIxNTk1MDQ1Njc2bXd5bGRyNjc=,base64:type253:MW13eWxkcjY4bXd5bGRyNzFtd3lsZHIxNTk1MDQ1Njc2bXd5bGRyNjc=,base64:type253:MW13eWxkcjY4bXd5bGRyNzFtd3lsZHIxNTk1MDQ1Njc2bXd5bGRyNjc=,base64:type253:MW13eWxkcjY4bXd5bGRyNzFtd3lsZHIxNTk1MDQ1Njc2bXd5bGRyNjc=
base64:type253:MW13eWxkcjY5bXd5bGRyNzJtd3lsZHIxNTk1MDQ1Njc2bXd5bGRyNjc=,base64:type253:MW13eWxkcjY5bXd5bGRyNzJtd3lsZHIxNTk1MDQ1Njc2bXd5bGRyNjc=,base64:type253:MW13eWxkcjY5bXd5bGRyNzJtd3lsZHIxNTk1MDQ1Njc2bXd5bGRyNjc=,base64:type253:MW13eWxkcjY5bXd5bGRyNzJtd3lsZHIxNTk1MDQ1Njc2bXd5bGRyNjc=,base64:type253:MW13eWxkcjY5bXd5bGRyNzJtd3lsZHIxNTk1MDQ1Njc2bXd5bGRyNjc=
base64:type253:MW13eWxkcjcwbXd5bGRyNzNtd3lsZHIxNTk1MDQ1OTE0bXd5bGRyOTI=,base64:type253:MW13eWxkcjcwbXd5bGRyNzNtd3lsZHIxNTk1MDQ1OTE0bXd5bGRyOTI=,base64:type253:MW13eWxkcjcwbXd5bGRyNzNtd3lsZHIxNTk1MDQ1OTE0bXd5bGRyOTI=,base64:type253:MW13eWxkcjcwbXd5bGRyNzNtd3lsZHIxNTk1MDQ1OTE0bXd5bGRyOTI=,base64:type253:MW13eWxkcjcwbXd5bGRyNzNtd3lsZHIxNTk1MDQ1OTE0bXd5bGRyOTI=
base64:type253:MW13eWxkcjcxbXd5bGRyNzRtd3lsZHIxNTk1MDQ1OTE0bXd5bGRyOTI=,base64:type253:MW13eWxkcjcxbXd5bGRyNzRtd3lsZHIxNTk1MDQ1OTE0bXd5bGRyOTI=,base64:type253:MW13eWxkcjcxbXd5bGRyNzRtd3lsZHIxNTk1MDQ1OTE0bXd5bGRyOTI=,base64:type253:MW13eWxkcjcxbXd5bGRyNzRtd3lsZHIxNTk1MDQ1OTE0bXd5bGRyOTI=,base64:type253:MW13eWxkcjcxbXd5bGRyNzRtd3lsZHIxNTk1MDQ1OTE0bXd5bGRyOTI=
base64:type253:MW13eWxkcjcybXd5bGRyNzZtd3lsZHIxNTk1MTg5MjQzbXd5bGRyOTI=,base64:type253:MW13eWxkcjcybXd5bGRyNzZtd3lsZHIxNTk1MTg5MjQzbXd5bGRyOTI=,base64:type253:MW13eWxkcjcybXd5bGRyNzZtd3lsZHIxNTk1MTg5MjQzbXd5bGRyOTI=,base64:type253:MW13eWxkcjcybXd5bGRyNzZtd3lsZHIxNTk1MTg5MjQzbXd5bGRyOTI=,base64:type253:MW13eWxkcjcybXd5bGRyNzZtd3lsZHIxNTk1MTg5MjQzbXd5bGRyOTI=
base64:type253:MW13eWxkcjczbXd5bGRyNzdtd3lsZHIxNTk1MTg5MjQzbXd5bGRyOTI=,base64:type253:MW13eWxkcjczbXd5bGRyNzdtd3lsZHIxNTk1MTg5MjQzbXd5bGRyOTI=,base64:type253:MW13eWxkcjczbXd5bGRyNzdtd3lsZHIxNTk1MTg5MjQzbXd5bGRyOTI=,base64:type253:MW13eWxkcjczbXd5bGRyNzdtd3lsZHIxNTk1MTg5MjQzbXd5bGRyOTI=,base64:type253:MW13eWxkcjczbXd5bGRyNzdtd3lsZHIxNTk1MTg5MjQzbXd5bGRyOTI=
base64:type253:MW13eWxkcjc0bXd5bGRyNzhtd3lsZHIxNTk1MTg5MjQzbXd5bGRyOTI=,base64:type253:MW13eWxkcjc0bXd5bGRyNzhtd3lsZHIxNTk1MTg5MjQzbXd5bGRyOTI=,base64:type253:MW13eWxkcjc0bXd5bGRyNzhtd3lsZHIxNTk1MTg5MjQzbXd5bGRyOTI=,base64:type253:MW13eWxkcjc0bXd5bGRyNzhtd3lsZHIxNTk1MTg5MjQzbXd5bGRyOTI=,base64:type253:MW13eWxkcjc0bXd5bGRyNzhtd3lsZHIxNTk1MTg5MjQzbXd5bGRyOTI=
base64:type253:MW13eWxkcjc1bXd5bGRyNzltd3lsZHIxNTk1MjUzNDY1bXd5bGRyODY=,base64:type253:MW13eWxkcjc1bXd5bGRyNzltd3lsZHIxNTk1MjUzNDY1bXd5bGRyODY=,base64:type253:MW13eWxkcjc1bXd5bGRyNzltd3lsZHIxNTk1MjUzNDY1bXd5bGRyODY=,base64:type253:MW13eWxkcjc1bXd5bGRyNzltd3lsZHIxNTk1MjUzNDY1bXd5bGRyODY=,base64:type253:MW13eWxkcjc1bXd5bGRyNzltd3lsZHIxNTk1MjUzNDY1bXd5bGRyODY=
base64:type253:MW13eWxkcjc2bXd5bGRyODBtd3lsZHIxNTk1MjUzNDY1bXd5bGRyODY=,base64:type253:MW13eWxkcjc2bXd5bGRyODBtd3lsZHIxNTk1MjUzNDY1bXd5bGRyODY=,base64:type253:MW13eWxkcjc2bXd5bGRyODBtd3lsZHIxNTk1MjUzNDY1bXd5bGRyODY=,base64:type253:MW13eWxkcjc2bXd5bGRyODBtd3lsZHIxNTk1MjUzNDY1bXd5bGRyODY=,base64:type253:MW13eWxkcjc2bXd5bGRyODBtd3lsZHIxNTk1MjUzNDY1bXd5bGRyODY=
base64:type253:MW13eWxkcjc3bXd5bGRyNzVtd3lsZHIxNTk1MjU3MjEybXd5bGRyNTI=,base64:type253:MW13eWxkcjc3bXd5bGRyNzVtd3lsZHIxNTk1MjU3MjEybXd5bGRyNTI=,base64:type253:MW13eWxkcjc3bXd5bGRyNzVtd3lsZHIxNTk1MjU3MjEybXd5bGRyNTI=,base64:type253:MW13eWxkcjc3bXd5bGRyNzVtd3lsZHIxNTk1MjU3MjEybXd5bGRyNTI=,base64:type253:MW13eWxkcjc3bXd5bGRyNzVtd3lsZHIxNTk1MjU3MjEybXd5bGRyNTI=
base64:type253:MW13eWxkcjc4bXd5bGRyODFtd3lsZHIxNTk1MjY5NzkzbXd5bGRyNDg=,base64:type253:MW13eWxkcjc4bXd5bGRyODFtd3lsZHIxNTk1MjY5NzkzbXd5bGRyNDg=,base64:type253:MW13eWxkcjc4bXd5bGRyODFtd3lsZHIxNTk1MjY5NzkzbXd5bGRyNDg=,base64:type253:MW13eWxkcjc4bXd5bGRyODFtd3lsZHIxNTk1MjY5NzkzbXd5bGRyNDg=,base64:type253:MW13eWxkcjc4bXd5bGRyODFtd3lsZHIxNTk1MjY5NzkzbXd5bGRyNDg=
base64:type253:MW13eWxkcjc5bXd5bGRyODJtd3lsZHIxNTk1MjcyMDIxbXd5bGRyNTI=,base64:type253:MW13eWxkcjc5bXd5bGRyODJtd3lsZHIxNTk1MjcyMDIxbXd5bGRyNTI=,base64:type253:MW13eWxkcjc5bXd5bGRyODJtd3lsZHIxNTk1MjcyMDIxbXd5bGRyNTI=,base64:type253:MW13eWxkcjc5bXd5bGRyODJtd3lsZHIxNTk1MjcyMDIxbXd5bGRyNTI=,base64:type253:MW13eWxkcjc5bXd5bGRyODJtd3lsZHIxNTk1MjcyMDIxbXd5bGRyNTI=
base64:type253:MW13eWxkcjgwbXd5bGRyODNtd3lsZHIxNTk1MjcyMDIybXd5bGRyNTI=,base64:type253:MW13eWxkcjgwbXd5bGRyODNtd3lsZHIxNTk1MjcyMDIybXd5bGRyNTI=,base64:type253:MW13eWxkcjgwbXd5bGRyODNtd3lsZHIxNTk1MjcyMDIybXd5bGRyNTI=,base64:type253:MW13eWxkcjgwbXd5bGRyODNtd3lsZHIxNTk1MjcyMDIybXd5bGRyNTI=,base64:type253:MW13eWxkcjgwbXd5bGRyODNtd3lsZHIxNTk1MjcyMDIybXd5bGRyNTI=
base64:type253:MW13eWxkcjgxbXd5bGRyODVtd3lsZHIxNTk1NjI4MTE0bXd5bGRyOTI=,base64:type253:MW13eWxkcjgxbXd5bGRyODVtd3lsZHIxNTk1NjI4MTE0bXd5bGRyOTI=,base64:type253:MW13eWxkcjgxbXd5bGRyODVtd3lsZHIxNTk1NjI4MTE0bXd5bGRyOTI=,base64:type253:MW13eWxkcjgxbXd5bGRyODVtd3lsZHIxNTk1NjI4MTE0bXd5bGRyOTI=,base64:type253:MW13eWxkcjgxbXd5bGRyODVtd3lsZHIxNTk1NjI4MTE0bXd5bGRyOTI=
base64:type253:MW13eWxkcjgybXd5bGRyODltd3lsZHIxNTk1ODY2MDU5bXd5bGRyMw==,base64:type253:MW13eWxkcjgybXd5bGRyODltd3lsZHIxNTk1ODY2MDU5bXd5bGRyMw==,base64:type253:MW13eWxkcjgybXd5bGRyODltd3lsZHIxNTk1ODY2MDU5bXd5bGRyMw==,base64:type253:MW13eWxkcjgybXd5bGRyODltd3lsZHIxNTk1ODY2MDU5bXd5bGRyMw==,base64:type253:MW13eWxkcjgybXd5bGRyODltd3lsZHIxNTk1ODY2MDU5bXd5bGRyMw==
base64:type253:MW13eWxkcjgzbXd5bGRyODZtd3lsZHIxNTk1ODcxMjM5bXd5bGRyODY=,base64:type253:MW13eWxkcjgzbXd5bGRyODZtd3lsZHIxNTk1ODcxMjM5bXd5bGRyODY=,base64:type253:MW13eWxkcjgzbXd5bGRyODZtd3lsZHIxNTk1ODcxMjM5bXd5bGRyODY=,base64:type253:MW13eWxkcjgzbXd5bGRyODZtd3lsZHIxNTk1ODcxMjM5bXd5bGRyODY=,base64:type253:MW13eWxkcjgzbXd5bGRyODZtd3lsZHIxNTk1ODcxMjM5bXd5bGRyODY=
base64:type253:MW13eWxkcjg0bXd5bGRyODdtd3lsZHIxNTk1ODcxMjQwbXd5bGRyODY=,base64:type253:MW13eWxkcjg0bXd5bGRyODdtd3lsZHIxNTk1ODcxMjQwbXd5bGRyODY=,base64:type253:MW13eWxkcjg0bXd5bGRyODdtd3lsZHIxNTk1ODcxMjQwbXd5bGRyODY=,base64:type253:MW13eWxkcjg0bXd5bGRyODdtd3lsZHIxNTk1ODcxMjQwbXd5bGRyODY=,base64:type253:MW13eWxkcjg0bXd5bGRyODdtd3lsZHIxNTk1ODcxMjQwbXd5bGRyODY=
base64:type253:MW13eWxkcjg1bXd5bGRyODhtd3lsZHIxNTk1ODcxMjQwbXd5bGRyODY=,base64:type253:MW13eWxkcjg1bXd5bGRyODhtd3lsZHIxNTk1ODcxMjQwbXd5bGRyODY=,base64:type253:MW13eWxkcjg1bXd5bGRyODhtd3lsZHIxNTk1ODcxMjQwbXd5bGRyODY=,base64:type253:MW13eWxkcjg1bXd5bGRyODhtd3lsZHIxNTk1ODcxMjQwbXd5bGRyODY=,base64:type253:MW13eWxkcjg1bXd5bGRyODhtd3lsZHIxNTk1ODcxMjQwbXd5bGRyODY=
base64:type253:Mm13eWxkcjg2bXd5bGRyOTBtd3lsZHIxNTk1ODc0NDY1bXd5bGRyODY=,base64:type253:Mm13eWxkcjg2bXd5bGRyOTBtd3lsZHIxNTk1ODc0NDY1bXd5bGRyODY=,base64:type253:Mm13eWxkcjg2bXd5bGRyOTBtd3lsZHIxNTk1ODc0NDY1bXd5bGRyODY=,base64:type253:Mm13eWxkcjg2bXd5bGRyOTBtd3lsZHIxNTk1ODc0NDY1bXd5bGRyODY=,base64:type253:Mm13eWxkcjg2bXd5bGRyOTBtd3lsZHIxNTk1ODc0NDY1bXd5bGRyODY=
base64:type253:Mm13eWxkcjg3bXd5bGRyOTFtd3lsZHIxNTk1ODc0NDgybXd5bGRyODY=,base64:type253:Mm13eWxkcjg3bXd5bGRyOTFtd3lsZHIxNTk1ODc0NDgybXd5bGRyODY=,base64:type253:Mm13eWxkcjg3bXd5bGRyOTFtd3lsZHIxNTk1ODc0NDgybXd5bGRyODY=,base64:type253:Mm13eWxkcjg3bXd5bGRyOTFtd3lsZHIxNTk1ODc0NDgybXd5bGRyODY=,base64:type253:Mm13eWxkcjg3bXd5bGRyOTFtd3lsZHIxNTk1ODc0NDgybXd5bGRyODY=
base64:type253:MW13eWxkcjg4bXd5bGRyOTBtd3lsZHIxNTk1ODgwMjI4bXd5bGRyOTI=,base64:type253:MW13eWxkcjg4bXd5bGRyOTBtd3lsZHIxNTk1ODgwMjI4bXd5bGRyOTI=,base64:type253:MW13eWxkcjg4bXd5bGRyOTBtd3lsZHIxNTk1ODgwMjI4bXd5bGRyOTI=,base64:type253:MW13eWxkcjg4bXd5bGRyOTBtd3lsZHIxNTk1ODgwMjI4bXd5bGRyOTI=,base64:type253:MW13eWxkcjg4bXd5bGRyOTBtd3lsZHIxNTk1ODgwMjI4bXd5bGRyOTI=
base64:type253:MW13eWxkcjg5bXd5bGRyOTFtd3lsZHIxNTk1ODgwMjI4bXd5bGRyOTI=,base64:type253:MW13eWxkcjg5bXd5bGRyOTFtd3lsZHIxNTk1ODgwMjI4bXd5bGRyOTI=,base64:type253:MW13eWxkcjg5bXd5bGRyOTFtd3lsZHIxNTk1ODgwMjI4bXd5bGRyOTI=,base64:type253:MW13eWxkcjg5bXd5bGRyOTFtd3lsZHIxNTk1ODgwMjI4bXd5bGRyOTI=,base64:type253:MW13eWxkcjg5bXd5bGRyOTFtd3lsZHIxNTk1ODgwMjI4bXd5bGRyOTI=
base64:type253:MW13eWxkcjkwbXd5bGRyOTJtd3lsZHIxNTk1ODgwMjI4bXd5bGRyOTI=,base64:type253:MW13eWxkcjkwbXd5bGRyOTJtd3lsZHIxNTk1ODgwMjI4bXd5bGRyOTI=,base64:type253:MW13eWxkcjkwbXd5bGRyOTJtd3lsZHIxNTk1ODgwMjI4bXd5bGRyOTI=,base64:type253:MW13eWxkcjkwbXd5bGRyOTJtd3lsZHIxNTk1ODgwMjI4bXd5bGRyOTI=,base64:type253:MW13eWxkcjkwbXd5bGRyOTJtd3lsZHIxNTk1ODgwMjI4bXd5bGRyOTI=
base64:type253:MW13eWxkcjkxbXd5bGRyOTNtd3lsZHIxNTk1ODg0NDAwbXd5bGRyODY=,base64:type253:MW13eWxkcjkxbXd5bGRyOTNtd3lsZHIxNTk1ODg0NDAwbXd5bGRyODY=,base64:type253:MW13eWxkcjkxbXd5bGRyOTNtd3lsZHIxNTk1ODg0NDAwbXd5bGRyODY=,base64:type253:MW13eWxkcjkxbXd5bGRyOTNtd3lsZHIxNTk1ODg0NDAwbXd5bGRyODY=,base64:type253:MW13eWxkcjkxbXd5bGRyOTNtd3lsZHIxNTk1ODg0NDAwbXd5bGRyODY=
base64:type253:MW13eWxkcjkybXd5bGRyOTRtd3lsZHIxNTk1ODg0NDAwbXd5bGRyODY=,base64:type253:MW13eWxkcjkybXd5bGRyOTRtd3lsZHIxNTk1ODg0NDAwbXd5bGRyODY=,base64:type253:MW13eWxkcjkybXd5bGRyOTRtd3lsZHIxNTk1ODg0NDAwbXd5bGRyODY=,base64:type253:MW13eWxkcjkybXd5bGRyOTRtd3lsZHIxNTk1ODg0NDAwbXd5bGRyODY=,base64:type253:MW13eWxkcjkybXd5bGRyOTRtd3lsZHIxNTk1ODg0NDAwbXd5bGRyODY=
base64:type253:MW13eWxkcjkzbXd5bGRyOTVtd3lsZHIxNTk1ODg0NDAwbXd5bGRyODY=,base64:type253:MW13eWxkcjkzbXd5bGRyOTVtd3lsZHIxNTk1ODg0NDAwbXd5bGRyODY=,base64:type253:MW13eWxkcjkzbXd5bGRyOTVtd3lsZHIxNTk1ODg0NDAwbXd5bGRyODY=,base64:type253:MW13eWxkcjkzbXd5bGRyOTVtd3lsZHIxNTk1ODg0NDAwbXd5bGRyODY=,base64:type253:MW13eWxkcjkzbXd5bGRyOTVtd3lsZHIxNTk1ODg0NDAwbXd5bGRyODY=
base64:type253:MW13eWxkcjk0bXd5bGRyOTZtd3lsZHIxNTk1ODg0NDAwbXd5bGRyODY=,base64:type253:MW13eWxkcjk0bXd5bGRyOTZtd3lsZHIxNTk1ODg0NDAwbXd5bGRyODY=,base64:type253:MW13eWxkcjk0bXd5bGRyOTZtd3lsZHIxNTk1ODg0NDAwbXd5bGRyODY=,base64:type253:MW13eWxkcjk0bXd5bGRyOTZtd3lsZHIxNTk1ODg0NDAwbXd5bGRyODY=,base64:type253:MW13eWxkcjk0bXd5bGRyOTZtd3lsZHIxNTk1ODg0NDAwbXd5bGRyODY=
base64:type253:MW13eWxkcjk1bXd5bGRyOTdtd3lsZHIxNTk1ODg0NTE0bXd5bGRyOTI=,base64:type253:MW13eWxkcjk1bXd5bGRyOTdtd3lsZHIxNTk1ODg0NTE0bXd5bGRyOTI=,base64:type253:MW13eWxkcjk1bXd5bGRyOTdtd3lsZHIxNTk1ODg0NTE0bXd5bGRyOTI=,base64:type253:MW13eWxkcjk1bXd5bGRyOTdtd3lsZHIxNTk1ODg0NTE0bXd5bGRyOTI=,base64:type253:MW13eWxkcjk1bXd5bGRyOTdtd3lsZHIxNTk1ODg0NTE0bXd5bGRyOTI=
base64:type253:MW13eWxkcjk2bXd5bGRyODRtd3lsZHIxNTk1OTgyNTM2bXd5bGRyNDg=,base64:type253:MW13eWxkcjk2bXd5bGRyODRtd3lsZHIxNTk1OTgyNTM2bXd5bGRyNDg=,base64:type253:MW13eWxkcjk2bXd5bGRyODRtd3lsZHIxNTk1OTgyNTM2bXd5bGRyNDg=,base64:type253:MW13eWxkcjk2bXd5bGRyODRtd3lsZHIxNTk1OTgyNTM2bXd5bGRyNDg=,base64:type253:MW13eWxkcjk2bXd5bGRyODRtd3lsZHIxNTk1OTgyNTM2bXd5bGRyNDg=
base64:type253:MW13eWxkcjk3bXd5bGRyMTA0bXd5bGRyMTYwMzE0MTc2NG13eWxkcjY5,base64:type253:MW13eWxkcjk3bXd5bGRyMTA0bXd5bGRyMTYwMzE0MTc2NG13eWxkcjY5,base64:type253:MW13eWxkcjk3bXd5bGRyMTA0bXd5bGRyMTYwMzE0MTc2NG13eWxkcjY5,base64:type253:MW13eWxkcjk3bXd5bGRyMTA0bXd5bGRyMTYwMzE0MTc2NG13eWxkcjY5,base64:type253:MW13eWxkcjk3bXd5bGRyMTA0bXd5bGRyMTYwMzE0MTc2NG13eWxkcjY5
base64:type253:MW13eWxkcjk4bXd5bGRyMTA1bXd5bGRyMTYwMzE0MTc2NG13eWxkcjY5,base64:type253:MW13eWxkcjk4bXd5bGRyMTA1bXd5bGRyMTYwMzE0MTc2NG13eWxkcjY5,base64:type253:MW13eWxkcjk4bXd5bGRyMTA1bXd5bGRyMTYwMzE0MTc2NG13eWxkcjY5,base64:type253:MW13eWxkcjk4bXd5bGRyMTA1bXd5bGRyMTYwMzE0MTc2NG13eWxkcjY5,base64:type253:MW13eWxkcjk4bXd5bGRyMTA1bXd5bGRyMTYwMzE0MTc2NG13eWxkcjY5
base64:type253:MW13eWxkcjk5bXd5bGRyMTEwbXd5bGRyMTYwMzQ5MTU5NW13eWxkcjEwMw==,base64:type253:MW13eWxkcjk5bXd5bGRyMTEwbXd5bGRyMTYwMzQ5MTU5NW13eWxkcjEwMw==,base64:type253:MW13eWxkcjk5bXd5bGRyMTEwbXd5bGRyMTYwMzQ5MTU5NW13eWxkcjEwMw==,base64:type253:MW13eWxkcjk5bXd5bGRyMTEwbXd5bGRyMTYwMzQ5MTU5NW13eWxkcjEwMw==,base64:type253:MW13eWxkcjk5bXd5bGRyMTEwbXd5bGRyMTYwMzQ5MTU5NW13eWxkcjEwMw==
base64:type253:MW13eWxkcjEwMG13eWxkcjExMW13eWxkcjE2MDM0OTE1OTVtd3lsZHIxMDM=,base64:type253:MW13eWxkcjEwMG13eWxkcjExMW13eWxkcjE2MDM0OTE1OTVtd3lsZHIxMDM=,base64:type253:MW13eWxkcjEwMG13eWxkcjExMW13eWxkcjE2MDM0OTE1OTVtd3lsZHIxMDM=,base64:type253:MW13eWxkcjEwMG13eWxkcjExMW13eWxkcjE2MDM0OTE1OTVtd3lsZHIxMDM=,base64:type253:MW13eWxkcjEwMG13eWxkcjExMW13eWxkcjE2MDM0OTE1OTVtd3lsZHIxMDM=
base64:type253:MW13eWxkcjEwMW13eWxkcjExMm13eWxkcjE2MDM0OTE1OTVtd3lsZHIxMDM=,base64:type253:MW13eWxkcjEwMW13eWxkcjExMm13eWxkcjE2MDM0OTE1OTVtd3lsZHIxMDM=,base64:type253:MW13eWxkcjEwMW13eWxkcjExMm13eWxkcjE2MDM0OTE1OTVtd3lsZHIxMDM=,base64:type253:MW13eWxkcjEwMW13eWxkcjExMm13eWxkcjE2MDM0OTE1OTVtd3lsZHIxMDM=,base64:type253:MW13eWxkcjEwMW13eWxkcjExMm13eWxkcjE2MDM0OTE1OTVtd3lsZHIxMDM=
base64:type253:MW13eWxkcjEwMm13eWxkcjExM213eWxkcjE2MDM0OTE3OTVtd3lsZHIy,base64:type253:MW13eWxkcjEwMm13eWxkcjExM213eWxkcjE2MDM0OTE3OTVtd3lsZHIy,base64:type253:MW13eWxkcjEwMm13eWxkcjExM213eWxkcjE2MDM0OTE3OTVtd3lsZHIy,base64:type253:MW13eWxkcjEwMm13eWxkcjExM213eWxkcjE2MDM0OTE3OTVtd3lsZHIy,base64:type253:MW13eWxkcjEwMm13eWxkcjExM213eWxkcjE2MDM0OTE3OTVtd3lsZHIy
base64:type253:MW13eWxkcjEwM213eWxkcjExOW13eWxkcjE2MDM0OTE4NDJtd3lsZHIxMDY=,base64:type253:MW13eWxkcjEwM213eWxkcjExOW13eWxkcjE2MDM0OTE4NDJtd3lsZHIxMDY=,base64:type253:MW13eWxkcjEwM213eWxkcjExOW13eWxkcjE2MDM0OTE4NDJtd3lsZHIxMDY=,base64:type253:MW13eWxkcjEwM213eWxkcjExOW13eWxkcjE2MDM0OTE4NDJtd3lsZHIxMDY=,base64:type253:MW13eWxkcjEwM213eWxkcjExOW13eWxkcjE2MDM0OTE4NDJtd3lsZHIxMDY=
base64:type253:MW13eWxkcjEwNG13eWxkcjEyMG13eWxkcjE2MDM0OTE4NDJtd3lsZHIxMDY=,base64:type253:MW13eWxkcjEwNG13eWxkcjEyMG13eWxkcjE2MDM0OTE4NDJtd3lsZHIxMDY=,base64:type253:MW13eWxkcjEwNG13eWxkcjEyMG13eWxkcjE2MDM0OTE4NDJtd3lsZHIxMDY=,base64:type253:MW13eWxkcjEwNG13eWxkcjEyMG13eWxkcjE2MDM0OTE4NDJtd3lsZHIxMDY=,base64:type253:MW13eWxkcjEwNG13eWxkcjEyMG13eWxkcjE2MDM0OTE4NDJtd3lsZHIxMDY=
base64:type253:MW13eWxkcjEwNW13eWxkcjEyMW13eWxkcjE2MDM0OTE4NTNtd3lsZHIxMDY=,base64:type253:MW13eWxkcjEwNW13eWxkcjEyMW13eWxkcjE2MDM0OTE4NTNtd3lsZHIxMDY=,base64:type253:MW13eWxkcjEwNW13eWxkcjEyMW13eWxkcjE2MDM0OTE4NTNtd3lsZHIxMDY=,base64:type253:MW13eWxkcjEwNW13eWxkcjEyMW13eWxkcjE2MDM0OTE4NTNtd3lsZHIxMDY=,base64:type253:MW13eWxkcjEwNW13eWxkcjEyMW13eWxkcjE2MDM0OTE4NTNtd3lsZHIxMDY=
base64:type253:MW13eWxkcjEwNm13eWxkcjEyMm13eWxkcjE2MDM0OTE4ODFtd3lsZHIxMDY=,base64:type253:MW13eWxkcjEwNm13eWxkcjEyMm13eWxkcjE2MDM0OTE4ODFtd3lsZHIxMDY=,base64:type253:MW13eWxkcjEwNm13eWxkcjEyMm13eWxkcjE2MDM0OTE4ODFtd3lsZHIxMDY=,base64:type253:MW13eWxkcjEwNm13eWxkcjEyMm13eWxkcjE2MDM0OTE4ODFtd3lsZHIxMDY=,base64:type253:MW13eWxkcjEwNm13eWxkcjEyMm13eWxkcjE2MDM0OTE4ODFtd3lsZHIxMDY=
base64:type253:MW13eWxkcjEwN213eWxkcjEyNG13eWxkcjE2MDM0OTIwMDdtd3lsZHIy,base64:type253:MW13eWxkcjEwN213eWxkcjEyNG13eWxkcjE2MDM0OTIwMDdtd3lsZHIy,base64:type253:MW13eWxkcjEwN213eWxkcjEyNG13eWxkcjE2MDM0OTIwMDdtd3lsZHIy,base64:type253:MW13eWxkcjEwN213eWxkcjEyNG13eWxkcjE2MDM0OTIwMDdtd3lsZHIy,base64:type253:MW13eWxkcjEwN213eWxkcjEyNG13eWxkcjE2MDM0OTIwMDdtd3lsZHIy
base64:type253:MW13eWxkcjEwOG13eWxkcjEyNW13eWxkcjE2MDM0OTIwMDdtd3lsZHIy,base64:type253:MW13eWxkcjEwOG13eWxkcjEyNW13eWxkcjE2MDM0OTIwMDdtd3lsZHIy,base64:type253:MW13eWxkcjEwOG13eWxkcjEyNW13eWxkcjE2MDM0OTIwMDdtd3lsZHIy,base64:type253:MW13eWxkcjEwOG13eWxkcjEyNW13eWxkcjE2MDM0OTIwMDdtd3lsZHIy,base64:type253:MW13eWxkcjEwOG13eWxkcjEyNW13eWxkcjE2MDM0OTIwMDdtd3lsZHIy
base64:type253:MW13eWxkcjEwOW13eWxkcjEyNm13eWxkcjE2MDM0OTIwNDJtd3lsZHIy,base64:type253:MW13eWxkcjEwOW13eWxkcjEyNm13eWxkcjE2MDM0OTIwNDJtd3lsZHIy,base64:type253:MW13eWxkcjEwOW13eWxkcjEyNm13eWxkcjE2MDM0OTIwNDJtd3lsZHIy,base64:type253:MW13eWxkcjEwOW13eWxkcjEyNm13eWxkcjE2MDM0OTIwNDJtd3lsZHIy,base64:type253:MW13eWxkcjEwOW13eWxkcjEyNm13eWxkcjE2MDM0OTIwNDJtd3lsZHIy
base64:type253:MW13eWxkcjExMG13eWxkcjEyN213eWxkcjE2MDM0OTIzNThtd3lsZHIxMDY=,base64:type253:MW13eWxkcjExMG13eWxkcjEyN213eWxkcjE2MDM0OTIzNThtd3lsZHIxMDY=,base64:type253:MW13eWxkcjExMG13eWxkcjEyN213eWxkcjE2MDM0OTIzNThtd3lsZHIxMDY=,base64:type253:MW13eWxkcjExMG13eWxkcjEyN213eWxkcjE2MDM0OTIzNThtd3lsZHIxMDY=,base64:type253:MW13eWxkcjExMG13eWxkcjEyN213eWxkcjE2MDM0OTIzNThtd3lsZHIxMDY=
base64:type253:MW13eWxkcjExMW13eWxkcjEyOG13eWxkcjE2MDM0OTIzNThtd3lsZHIxMDY=,base64:type253:MW13eWxkcjExMW13eWxkcjEyOG13eWxkcjE2MDM0OTIzNThtd3lsZHIxMDY=,base64:type253:MW13eWxkcjExMW13eWxkcjEyOG13eWxkcjE2MDM0OTIzNThtd3lsZHIxMDY=,base64:type253:MW13eWxkcjExMW13eWxkcjEyOG13eWxkcjE2MDM0OTIzNThtd3lsZHIxMDY=,base64:type253:MW13eWxkcjExMW13eWxkcjEyOG13eWxkcjE2MDM0OTIzNThtd3lsZHIxMDY=
base64:type253:MW13eWxkcjExMm13eWxkcjEyOW13eWxkcjE2MDM0OTIzNThtd3lsZHIxMDY=,base64:type253:MW13eWxkcjExMm13eWxkcjEyOW13eWxkcjE2MDM0OTIzNThtd3lsZHIxMDY=,base64:type253:MW13eWxkcjExMm13eWxkcjEyOW13eWxkcjE2MDM0OTIzNThtd3lsZHIxMDY=,base64:type253:MW13eWxkcjExMm13eWxkcjEyOW13eWxkcjE2MDM0OTIzNThtd3lsZHIxMDY=,base64:type253:MW13eWxkcjExMm13eWxkcjEyOW13eWxkcjE2MDM0OTIzNThtd3lsZHIxMDY=
base64:type253:MW13eWxkcjExM213eWxkcjEzMG13eWxkcjE2MDM0OTI0MDVtd3lsZHIy,base64:type253:MW13eWxkcjExM213eWxkcjEzMG13eWxkcjE2MDM0OTI0MDVtd3lsZHIy,base64:type253:MW13eWxkcjExM213eWxkcjEzMG13eWxkcjE2MDM0OTI0MDVtd3lsZHIy,base64:type253:MW13eWxkcjExM213eWxkcjEzMG13eWxkcjE2MDM0OTI0MDVtd3lsZHIy,base64:type253:MW13eWxkcjExM213eWxkcjEzMG13eWxkcjE2MDM0OTI0MDVtd3lsZHIy
base64:type253:MW13eWxkcjExNG13eWxkcjEzMW13eWxkcjE2MDM0OTI0MDVtd3lsZHIy,base64:type253:MW13eWxkcjExNG13eWxkcjEzMW13eWxkcjE2MDM0OTI0MDVtd3lsZHIy,base64:type253:MW13eWxkcjExNG13eWxkcjEzMW13eWxkcjE2MDM0OTI0MDVtd3lsZHIy,base64:type253:MW13eWxkcjExNG13eWxkcjEzMW13eWxkcjE2MDM0OTI0MDVtd3lsZHIy,base64:type253:MW13eWxkcjExNG13eWxkcjEzMW13eWxkcjE2MDM0OTI0MDVtd3lsZHIy
base64:type253:MW13eWxkcjExNW13eWxkcjEzMm13eWxkcjE2MDM0OTI0MDVtd3lsZHIy,base64:type253:MW13eWxkcjExNW13eWxkcjEzMm13eWxkcjE2MDM0OTI0MDVtd3lsZHIy,base64:type253:MW13eWxkcjExNW13eWxkcjEzMm13eWxkcjE2MDM0OTI0MDVtd3lsZHIy,base64:type253:MW13eWxkcjExNW13eWxkcjEzMm13eWxkcjE2MDM0OTI0MDVtd3lsZHIy,base64:type253:MW13eWxkcjExNW13eWxkcjEzMm13eWxkcjE2MDM0OTI0MDVtd3lsZHIy
base64:type253:MW13eWxkcjExNm13eWxkcjExNG13eWxkcjE2MDM0OTI0NzZtd3lsZHIxMTE=,base64:type253:MW13eWxkcjExNm13eWxkcjExNG13eWxkcjE2MDM0OTI0NzZtd3lsZHIxMTE=,base64:type253:MW13eWxkcjExNm13eWxkcjExNG13eWxkcjE2MDM0OTI0NzZtd3lsZHIxMTE=,base64:type253:MW13eWxkcjExNm13eWxkcjExNG13eWxkcjE2MDM0OTI0NzZtd3lsZHIxMTE=,base64:type253:MW13eWxkcjExNm13eWxkcjExNG13eWxkcjE2MDM0OTI0NzZtd3lsZHIxMTE=
base64:type253:MW13eWxkcjExN213eWxkcjExNW13eWxkcjE2MDM0OTI0NzZtd3lsZHIxMTE=,base64:type253:MW13eWxkcjExN213eWxkcjExNW13eWxkcjE2MDM0OTI0NzZtd3lsZHIxMTE=,base64:type253:MW13eWxkcjExN213eWxkcjExNW13eWxkcjE2MDM0OTI0NzZtd3lsZHIxMTE=,base64:type253:MW13eWxkcjExN213eWxkcjExNW13eWxkcjE2MDM0OTI0NzZtd3lsZHIxMTE=,base64:type253:MW13eWxkcjExN213eWxkcjExNW13eWxkcjE2MDM0OTI0NzZtd3lsZHIxMTE=
base64:type253:MW13eWxkcjExOG13eWxkcjExN213eWxkcjE2MDM0OTI2MjBtd3lsZHIxMjA=,base64:type253:MW13eWxkcjExOG13eWxkcjExN213eWxkcjE2MDM0OTI2MjBtd3lsZHIxMjA=,base64:type253:MW13eWxkcjExOG13eWxkcjExN213eWxkcjE2MDM0OTI2MjBtd3lsZHIxMjA=,base64:type253:MW13eWxkcjExOG13eWxkcjExN213eWxkcjE2MDM0OTI2MjBtd3lsZHIxMjA=,base64:type253:MW13eWxkcjExOG13eWxkcjExN213eWxkcjE2MDM0OTI2MjBtd3lsZHIxMjA=
base64:type253:MW13eWxkcjExOW13eWxkcjExOG13eWxkcjE2MDM0OTI2MjBtd3lsZHIxMjA=,base64:type253:MW13eWxkcjExOW13eWxkcjExOG13eWxkcjE2MDM0OTI2MjBtd3lsZHIxMjA=,base64:type253:MW13eWxkcjExOW13eWxkcjExOG13eWxkcjE2MDM0OTI2MjBtd3lsZHIxMjA=,base64:type253:MW13eWxkcjExOW13eWxkcjExOG13eWxkcjE2MDM0OTI2MjBtd3lsZHIxMjA=,base64:type253:MW13eWxkcjExOW13eWxkcjExOG13eWxkcjE2MDM0OTI2MjBtd3lsZHIxMjA=
base64:type253:MW13eWxkcjEyMG13eWxkcjEzM213eWxkcjE2MDM0OTI2NDZtd3lsZHIxMjA=,base64:type253:MW13eWxkcjEyMG13eWxkcjEzM213eWxkcjE2MDM0OTI2NDZtd3lsZHIxMjA=,base64:type253:MW13eWxkcjEyMG13eWxkcjEzM213eWxkcjE2MDM0OTI2NDZtd3lsZHIxMjA=,base64:type253:MW13eWxkcjEyMG13eWxkcjEzM213eWxkcjE2MDM0OTI2NDZtd3lsZHIxMjA=,base64:type253:MW13eWxkcjEyMG13eWxkcjEzM213eWxkcjE2MDM0OTI2NDZtd3lsZHIxMjA=
base64:type253:MW13eWxkcjEyMW13eWxkcjEzNW13eWxkcjE2MDM0OTI2NjBtd3lsZHIy,base64:type253:MW13eWxkcjEyMW13eWxkcjEzNW13eWxkcjE2MDM0OTI2NjBtd3lsZHIy,base64:type253:MW13eWxkcjEyMW13eWxkcjEzNW13eWxkcjE2MDM0OTI2NjBtd3lsZHIy,base64:type253:MW13eWxkcjEyMW13eWxkcjEzNW13eWxkcjE2MDM0OTI2NjBtd3lsZHIy,base64:type253:MW13eWxkcjEyMW13eWxkcjEzNW13eWxkcjE2MDM0OTI2NjBtd3lsZHIy
base64:type253:MW13eWxkcjEyMm13eWxkcjEzNm13eWxkcjE2MDM0OTI2NzNtd3lsZHIxMTE=,base64:type253:MW13eWxkcjEyMm13eWxkcjEzNm13eWxkcjE2MDM0OTI2NzNtd3lsZHIxMTE=,base64:type253:MW13eWxkcjEyMm13eWxkcjEzNm13eWxkcjE2MDM0OTI2NzNtd3lsZHIxMTE=,base64:type253:MW13eWxkcjEyMm13eWxkcjEzNm13eWxkcjE2MDM0OTI2NzNtd3lsZHIxMTE=,base64:type253:MW13eWxkcjEyMm13eWxkcjEzNm13eWxkcjE2MDM0OTI2NzNtd3lsZHIxMTE=
base64:type253:MW13eWxkcjEyM213eWxkcjEzN213eWxkcjE2MDM0OTI2ODdtd3lsZHIy,base64:type253:MW13eWxkcjEyM213eWxkcjEzN213eWxkcjE2MDM0OTI2ODdtd3lsZHIy,base64:type253:MW13eWxkcjEyM213eWxkcjEzN213eWxkcjE2MDM0OTI2ODdtd3lsZHIy,base64:type253:MW13eWxkcjEyM213eWxkcjEzN213eWxkcjE2MDM0OTI2ODdtd3lsZHIy,base64:type253:MW13eWxkcjEyM213eWxkcjEzN213eWxkcjE2MDM0OTI2ODdtd3lsZHIy
base64:type253:MW13eWxkcjEyNG13eWxkcjEzOG13eWxkcjE2MDM0OTI3Mzdtd3lsZHIxMjA=,base64:type253:MW13eWxkcjEyNG13eWxkcjEzOG13eWxkcjE2MDM0OTI3Mzdtd3lsZHIxMjA=,base64:type253:MW13eWxkcjEyNG13eWxkcjEzOG13eWxkcjE2MDM0OTI3Mzdtd3lsZHIxMjA=,base64:type253:MW13eWxkcjEyNG13eWxkcjEzOG13eWxkcjE2MDM0OTI3Mzdtd3lsZHIxMjA=,base64:type253:MW13eWxkcjEyNG13eWxkcjEzOG13eWxkcjE2MDM0OTI3Mzdtd3lsZHIxMjA=
base64:type253:MW13eWxkcjEyNW13eWxkcjEzOW13eWxkcjE2MDM0OTI3NDdtd3lsZHIxMDY=,base64:type253:MW13eWxkcjEyNW13eWxkcjEzOW13eWxkcjE2MDM0OTI3NDdtd3lsZHIxMDY=,base64:type253:MW13eWxkcjEyNW13eWxkcjEzOW13eWxkcjE2MDM0OTI3NDdtd3lsZHIxMDY=,base64:type253:MW13eWxkcjEyNW13eWxkcjEzOW13eWxkcjE2MDM0OTI3NDdtd3lsZHIxMDY=,base64:type253:MW13eWxkcjEyNW13eWxkcjEzOW13eWxkcjE2MDM0OTI3NDdtd3lsZHIxMDY=
base64:type253:MW13eWxkcjEyNm13eWxkcjE0MG13eWxkcjE2MDM0OTI3NTFtd3lsZHIy,base64:type253:MW13eWxkcjEyNm13eWxkcjE0MG13eWxkcjE2MDM0OTI3NTFtd3lsZHIy,base64:type253:MW13eWxkcjEyNm13eWxkcjE0MG13eWxkcjE2MDM0OTI3NTFtd3lsZHIy,base64:type253:MW13eWxkcjEyNm13eWxkcjE0MG13eWxkcjE2MDM0OTI3NTFtd3lsZHIy,base64:type253:MW13eWxkcjEyNm13eWxkcjE0MG13eWxkcjE2MDM0OTI3NTFtd3lsZHIy
base64:type253:MW13eWxkcjEyN213eWxkcjEzNG13eWxkcjE2MDM0OTI4Mjdtd3lsZHIxMDM=,base64:type253:MW13eWxkcjEyN213eWxkcjEzNG13eWxkcjE2MDM0OTI4Mjdtd3lsZHIxMDM=,base64:type253:MW13eWxkcjEyN213eWxkcjEzNG13eWxkcjE2MDM0OTI4Mjdtd3lsZHIxMDM=,base64:type253:MW13eWxkcjEyN213eWxkcjEzNG13eWxkcjE2MDM0OTI4Mjdtd3lsZHIxMDM=,base64:type253:MW13eWxkcjEyN213eWxkcjEzNG13eWxkcjE2MDM0OTI4Mjdtd3lsZHIxMDM=
base64:type253:MW13eWxkcjEyOG13eWxkcjE0MW13eWxkcjE2MDM0OTI5NDNtd3lsZHIxMDY=,base64:type253:MW13eWxkcjEyOG13eWxkcjE0MW13eWxkcjE2MDM0OTI5NDNtd3lsZHIxMDY=,base64:type253:MW13eWxkcjEyOG13eWxkcjE0MW13eWxkcjE2MDM0OTI5NDNtd3lsZHIxMDY=,base64:type253:MW13eWxkcjEyOG13eWxkcjE0MW13eWxkcjE2MDM0OTI5NDNtd3lsZHIxMDY=,base64:type253:MW13eWxkcjEyOG13eWxkcjE0MW13eWxkcjE2MDM0OTI5NDNtd3lsZHIxMDY=
base64:type253:MW13eWxkcjEyOW13eWxkcjE0Mm13eWxkcjE2MDM0OTI5NDNtd3lsZHIxMDY=,base64:type253:MW13eWxkcjEyOW13eWxkcjE0Mm13eWxkcjE2MDM0OTI5NDNtd3lsZHIxMDY=,base64:type253:MW13eWxkcjEyOW13eWxkcjE0Mm13eWxkcjE2MDM0OTI5NDNtd3lsZHIxMDY=,base64:type253:MW13eWxkcjEyOW13eWxkcjE0Mm13eWxkcjE2MDM0OTI5NDNtd3lsZHIxMDY=,base64:type253:MW13eWxkcjEyOW13eWxkcjE0Mm13eWxkcjE2MDM0OTI5NDNtd3lsZHIxMDY=
base64:type253:MW13eWxkcjEzMG13eWxkcjE0M213eWxkcjE2MDM0OTI5NDNtd3lsZHIxMDY=,base64:type253:MW13eWxkcjEzMG13eWxkcjE0M213eWxkcjE2MDM0OTI5NDNtd3lsZHIxMDY=,base64:type253:MW13eWxkcjEzMG13eWxkcjE0M213eWxkcjE2MDM0OTI5NDNtd3lsZHIxMDY=,base64:type253:MW13eWxkcjEzMG13eWxkcjE0M213eWxkcjE2MDM0OTI5NDNtd3lsZHIxMDY=,base64:type253:MW13eWxkcjEzMG13eWxkcjE0M213eWxkcjE2MDM0OTI5NDNtd3lsZHIxMDY=
base64:type253:MW13eWxkcjEzMW13eWxkcjE0Nm13eWxkcjE2MDM0OTI5NDNtd3lsZHIxMDY=,base64:type253:MW13eWxkcjEzMW13eWxkcjE0Nm13eWxkcjE2MDM0OTI5NDNtd3lsZHIxMDY=,base64:type253:MW13eWxkcjEzMW13eWxkcjE0Nm13eWxkcjE2MDM0OTI5NDNtd3lsZHIxMDY=,base64:type253:MW13eWxkcjEzMW13eWxkcjE0Nm13eWxkcjE2MDM0OTI5NDNtd3lsZHIxMDY=,base64:type253:MW13eWxkcjEzMW13eWxkcjE0Nm13eWxkcjE2MDM0OTI5NDNtd3lsZHIxMDY=
base64:type253:MW13eWxkcjEzMm13eWxkcjE0N213eWxkcjE2MDM0OTI5NDNtd3lsZHIxMDY=,base64:type253:MW13eWxkcjEzMm13eWxkcjE0N213eWxkcjE2MDM0OTI5NDNtd3lsZHIxMDY=,base64:type253:MW13eWxkcjEzMm13eWxkcjE0N213eWxkcjE2MDM0OTI5NDNtd3lsZHIxMDY=,base64:type253:MW13eWxkcjEzMm13eWxkcjE0N213eWxkcjE2MDM0OTI5NDNtd3lsZHIxMDY=,base64:type253:MW13eWxkcjEzMm13eWxkcjE0N213eWxkcjE2MDM0OTI5NDNtd3lsZHIxMDY=
base64:type253:MW13eWxkcjEzM213eWxkcjE0OG13eWxkcjE2MDM0OTMwMDhtd3lsZHIy,base64:type253:MW13eWxkcjEzM213eWxkcjE0OG13eWxkcjE2MDM0OTMwMDhtd3lsZHIy,base64:type253:MW13eWxkcjEzM213eWxkcjE0OG13eWxkcjE2MDM0OTMwMDhtd3lsZHIy,base64:type253:MW13eWxkcjEzM213eWxkcjE0OG13eWxkcjE2MDM0OTMwMDhtd3lsZHIy,base64:type253:MW13eWxkcjEzM213eWxkcjE0OG13eWxkcjE2MDM0OTMwMDhtd3lsZHIy
base64:type253:MW13eWxkcjEzNG13eWxkcjE0OW13eWxkcjE2MDM0OTMwMDhtd3lsZHIy,base64:type253:MW13eWxkcjEzNG13eWxkcjE0OW13eWxkcjE2MDM0OTMwMDhtd3lsZHIy,base64:type253:MW13eWxkcjEzNG13eWxkcjE0OW13eWxkcjE2MDM0OTMwMDhtd3lsZHIy,base64:type253:MW13eWxkcjEzNG13eWxkcjE0OW13eWxkcjE2MDM0OTMwMDhtd3lsZHIy,base64:type253:MW13eWxkcjEzNG13eWxkcjE0OW13eWxkcjE2MDM0OTMwMDhtd3lsZHIy
base64:type253:MW13eWxkcjEzNW13eWxkcjE1MG13eWxkcjE2MDM0OTMwMDhtd3lsZHIy,base64:type253:MW13eWxkcjEzNW13eWxkcjE1MG13eWxkcjE2MDM0OTMwMDhtd3lsZHIy,base64:type253:MW13eWxkcjEzNW13eWxkcjE1MG13eWxkcjE2MDM0OTMwMDhtd3lsZHIy,base64:type253:MW13eWxkcjEzNW13eWxkcjE1MG13eWxkcjE2MDM0OTMwMDhtd3lsZHIy,base64:type253:MW13eWxkcjEzNW13eWxkcjE1MG13eWxkcjE2MDM0OTMwMDhtd3lsZHIy
base64:type253:MW13eWxkcjEzNm13eWxkcjE1MW13eWxkcjE2MDM0OTMwMTZtd3lsZHIy,base64:type253:MW13eWxkcjEzNm13eWxkcjE1MW13eWxkcjE2MDM0OTMwMTZtd3lsZHIy,base64:type253:MW13eWxkcjEzNm13eWxkcjE1MW13eWxkcjE2MDM0OTMwMTZtd3lsZHIy,base64:type253:MW13eWxkcjEzNm13eWxkcjE1MW13eWxkcjE2MDM0OTMwMTZtd3lsZHIy,base64:type253:MW13eWxkcjEzNm13eWxkcjE1MW13eWxkcjE2MDM0OTMwMTZtd3lsZHIy
base64:type253:MW13eWxkcjEzN213eWxkcjE1Mm13eWxkcjE2MDM0OTMwMjhtd3lsZHIy,base64:type253:MW13eWxkcjEzN213eWxkcjE1Mm13eWxkcjE2MDM0OTMwMjhtd3lsZHIy,base64:type253:MW13eWxkcjEzN213eWxkcjE1Mm13eWxkcjE2MDM0OTMwMjhtd3lsZHIy,base64:type253:MW13eWxkcjEzN213eWxkcjE1Mm13eWxkcjE2MDM0OTMwMjhtd3lsZHIy,base64:type253:MW13eWxkcjEzN213eWxkcjE1Mm13eWxkcjE2MDM0OTMwMjhtd3lsZHIy
base64:type253:MW13eWxkcjEzOG13eWxkcjE1M213eWxkcjE2MDM0OTMwNDBtd3lsZHIxMDY=,base64:type253:MW13eWxkcjEzOG13eWxkcjE1M213eWxkcjE2MDM0OTMwNDBtd3lsZHIxMDY=,base64:type253:MW13eWxkcjEzOG13eWxkcjE1M213eWxkcjE2MDM0OTMwNDBtd3lsZHIxMDY=,base64:type253:MW13eWxkcjEzOG13eWxkcjE1M213eWxkcjE2MDM0OTMwNDBtd3lsZHIxMDY=,base64:type253:MW13eWxkcjEzOG13eWxkcjE1M213eWxkcjE2MDM0OTMwNDBtd3lsZHIxMDY=
base64:type253:MW13eWxkcjEzOW13eWxkcjE0NG13eWxkcjE2MDM0OTMwNzNtd3lsZHIxMjA=,base64:type253:MW13eWxkcjEzOW13eWxkcjE0NG13eWxkcjE2MDM0OTMwNzNtd3lsZHIxMjA=,base64:type253:MW13eWxkcjEzOW13eWxkcjE0NG13eWxkcjE2MDM0OTMwNzNtd3lsZHIxMjA=,base64:type253:MW13eWxkcjEzOW13eWxkcjE0NG13eWxkcjE2MDM0OTMwNzNtd3lsZHIxMjA=,base64:type253:MW13eWxkcjEzOW13eWxkcjE0NG13eWxkcjE2MDM0OTMwNzNtd3lsZHIxMjA=
base64:type253:MW13eWxkcjE0MG13eWxkcjE0NW13eWxkcjE2MDM0OTMwNzNtd3lsZHIxMjA=,base64:type253:MW13eWxkcjE0MG13eWxkcjE0NW13eWxkcjE2MDM0OTMwNzNtd3lsZHIxMjA=,base64:type253:MW13eWxkcjE0MG13eWxkcjE0NW13eWxkcjE2MDM0OTMwNzNtd3lsZHIxMjA=,base64:type253:MW13eWxkcjE0MG13eWxkcjE0NW13eWxkcjE2MDM0OTMwNzNtd3lsZHIxMjA=,base64:type253:MW13eWxkcjE0MG13eWxkcjE0NW13eWxkcjE2MDM0OTMwNzNtd3lsZHIxMjA=
base64:type253:MW13eWxkcjE0MW13eWxkcjE1NG13eWxkcjE2MDM0OTMxNTFtd3lsZHIy,base64:type253:MW13eWxkcjE0MW13eWxkcjE1NG13eWxkcjE2MDM0OTMxNTFtd3lsZHIy,base64:type253:MW13eWxkcjE0MW13eWxkcjE1NG13eWxkcjE2MDM0OTMxNTFtd3lsZHIy,base64:type253:MW13eWxkcjE0MW13eWxkcjE1NG13eWxkcjE2MDM0OTMxNTFtd3lsZHIy,base64:type253:MW13eWxkcjE0MW13eWxkcjE1NG13eWxkcjE2MDM0OTMxNTFtd3lsZHIy
base64:type253:MW13eWxkcjE0Mm13eWxkcjE1NW13eWxkcjE2MDM0OTMxNzhtd3lsZHIxMDY=,base64:type253:MW13eWxkcjE0Mm13eWxkcjE1NW13eWxkcjE2MDM0OTMxNzhtd3lsZHIxMDY=,base64:type253:MW13eWxkcjE0Mm13eWxkcjE1NW13eWxkcjE2MDM0OTMxNzhtd3lsZHIxMDY=,base64:type253:MW13eWxkcjE0Mm13eWxkcjE1NW13eWxkcjE2MDM0OTMxNzhtd3lsZHIxMDY=,base64:type253:MW13eWxkcjE0Mm13eWxkcjE1NW13eWxkcjE2MDM0OTMxNzhtd3lsZHIxMDY=
base64:type253:MW13eWxkcjE0M213eWxkcjE1Nm13eWxkcjE2MDM0OTMxNzhtd3lsZHIxMDY=,base64:type253:MW13eWxkcjE0M213eWxkcjE1Nm13eWxkcjE2MDM0OTMxNzhtd3lsZHIxMDY=,base64:type253:MW13eWxkcjE0M213eWxkcjE1Nm13eWxkcjE2MDM0OTMxNzhtd3lsZHIxMDY=,base64:type253:MW13eWxkcjE0M213eWxkcjE1Nm13eWxkcjE2MDM0OTMxNzhtd3lsZHIxMDY=,base64:type253:MW13eWxkcjE0M213eWxkcjE1Nm13eWxkcjE2MDM0OTMxNzhtd3lsZHIxMDY=
base64:type253:MW13eWxkcjE0NG13eWxkcjE1N213eWxkcjE2MDM0OTMxODltd3lsZHIxMDY=,base64:type253:MW13eWxkcjE0NG13eWxkcjE1N213eWxkcjE2MDM0OTMxODltd3lsZHIxMDY=,base64:type253:MW13eWxkcjE0NG13eWxkcjE1N213eWxkcjE2MDM0OTMxODltd3lsZHIxMDY=,base64:type253:MW13eWxkcjE0NG13eWxkcjE1N213eWxkcjE2MDM0OTMxODltd3lsZHIxMDY=,base64:type253:MW13eWxkcjE0NG13eWxkcjE1N213eWxkcjE2MDM0OTMxODltd3lsZHIxMDY=
base64:type253:MW13eWxkcjE0NW13eWxkcjE1OG13eWxkcjE2MDM0OTMxOTltd3lsZHIy,base64:type253:MW13eWxkcjE0NW13eWxkcjE1OG13eWxkcjE2MDM0OTMxOTltd3lsZHIy,base64:type253:MW13eWxkcjE0NW13eWxkcjE1OG13eWxkcjE2MDM0OTMxOTltd3lsZHIy,base64:type253:MW13eWxkcjE0NW13eWxkcjE1OG13eWxkcjE2MDM0OTMxOTltd3lsZHIy,base64:type253:MW13eWxkcjE0NW13eWxkcjE1OG13eWxkcjE2MDM0OTMxOTltd3lsZHIy
base64:type253:MW13eWxkcjE0Nm13eWxkcjE1OW13eWxkcjE2MDM0OTMyMzRtd3lsZHIy,base64:type253:MW13eWxkcjE0Nm13eWxkcjE1OW13eWxkcjE2MDM0OTMyMzRtd3lsZHIy,base64:type253:MW13eWxkcjE0Nm13eWxkcjE1OW13eWxkcjE2MDM0OTMyMzRtd3lsZHIy,base64:type253:MW13eWxkcjE0Nm13eWxkcjE1OW13eWxkcjE2MDM0OTMyMzRtd3lsZHIy,base64:type253:MW13eWxkcjE0Nm13eWxkcjE1OW13eWxkcjE2MDM0OTMyMzRtd3lsZHIy
base64:type253:MW13eWxkcjE0N213eWxkcjE2MG13eWxkcjE2MDM0OTMyNTltd3lsZHIy,base64:type253:MW13eWxkcjE0N213eWxkcjE2MG13eWxkcjE2MDM0OTMyNTltd3lsZHIy,base64:type253:MW13eWxkcjE0N213eWxkcjE2MG13eWxkcjE2MDM0OTMyNTltd3lsZHIy,base64:type253:MW13eWxkcjE0N213eWxkcjE2MG13eWxkcjE2MDM0OTMyNTltd3lsZHIy,base64:type253:MW13eWxkcjE0N213eWxkcjE2MG13eWxkcjE2MDM0OTMyNTltd3lsZHIy
base64:type253:MW13eWxkcjE0OG13eWxkcjE2MW13eWxkcjE2MDM0OTMzMTJtd3lsZHIy,base64:type253:MW13eWxkcjE0OG13eWxkcjE2MW13eWxkcjE2MDM0OTMzMTJtd3lsZHIy,base64:type253:MW13eWxkcjE0OG13eWxkcjE2MW13eWxkcjE2MDM0OTMzMTJtd3lsZHIy,base64:type253:MW13eWxkcjE0OG13eWxkcjE2MW13eWxkcjE2MDM0OTMzMTJtd3lsZHIy,base64:type253:MW13eWxkcjE0OG13eWxkcjE2MW13eWxkcjE2MDM0OTMzMTJtd3lsZHIy
base64:type253:MW13eWxkcjE0OW13eWxkcjEwNm13eWxkcjE2MDM0OTM5Nzdtd3lsZHIxMDQ=,base64:type253:MW13eWxkcjE0OW13eWxkcjEwNm13eWxkcjE2MDM0OTM5Nzdtd3lsZHIxMDQ=,base64:type253:MW13eWxkcjE0OW13eWxkcjEwNm13eWxkcjE2MDM0OTM5Nzdtd3lsZHIxMDQ=,base64:type253:MW13eWxkcjE0OW13eWxkcjEwNm13eWxkcjE2MDM0OTM5Nzdtd3lsZHIxMDQ=,base64:type253:MW13eWxkcjE0OW13eWxkcjEwNm13eWxkcjE2MDM0OTM5Nzdtd3lsZHIxMDQ=
base64:type253:MW13eWxkcjE1MG13eWxkcjEwN213eWxkcjE2MDM0OTM5Nzdtd3lsZHIxMDQ=,base64:type253:MW13eWxkcjE1MG13eWxkcjEwN213eWxkcjE2MDM0OTM5Nzdtd3lsZHIxMDQ=,base64:type253:MW13eWxkcjE1MG13eWxkcjEwN213eWxkcjE2MDM0OTM5Nzdtd3lsZHIxMDQ=,base64:type253:MW13eWxkcjE1MG13eWxkcjEwN213eWxkcjE2MDM0OTM5Nzdtd3lsZHIxMDQ=,base64:type253:MW13eWxkcjE1MG13eWxkcjEwN213eWxkcjE2MDM0OTM5Nzdtd3lsZHIxMDQ=
base64:type253:MW13eWxkcjE1MW13eWxkcjEwOG13eWxkcjE2MDM0OTM5Nzdtd3lsZHIxMDQ=,base64:type253:MW13eWxkcjE1MW13eWxkcjEwOG13eWxkcjE2MDM0OTM5Nzdtd3lsZHIxMDQ=,base64:type253:MW13eWxkcjE1MW13eWxkcjEwOG13eWxkcjE2MDM0OTM5Nzdtd3lsZHIxMDQ=,base64:type253:MW13eWxkcjE1MW13eWxkcjEwOG13eWxkcjE2MDM0OTM5Nzdtd3lsZHIxMDQ=,base64:type253:MW13eWxkcjE1MW13eWxkcjEwOG13eWxkcjE2MDM0OTM5Nzdtd3lsZHIxMDQ=
base64:type253:MW13eWxkcjE1Mm13eWxkcjEwOW13eWxkcjE2MDM0OTM5Nzdtd3lsZHIxMDQ=,base64:type253:MW13eWxkcjE1Mm13eWxkcjEwOW13eWxkcjE2MDM0OTM5Nzdtd3lsZHIxMDQ=,base64:type253:MW13eWxkcjE1Mm13eWxkcjEwOW13eWxkcjE2MDM0OTM5Nzdtd3lsZHIxMDQ=,base64:type253:MW13eWxkcjE1Mm13eWxkcjEwOW13eWxkcjE2MDM0OTM5Nzdtd3lsZHIxMDQ=,base64:type253:MW13eWxkcjE1Mm13eWxkcjEwOW13eWxkcjE2MDM0OTM5Nzdtd3lsZHIxMDQ=
base64:type253:MW13eWxkcjE1M213eWxkcjExNm13eWxkcjE2MDM2NTcyNDVtd3lsZHI2OQ==,base64:type253:MW13eWxkcjE1M213eWxkcjExNm13eWxkcjE2MDM2NTcyNDVtd3lsZHI2OQ==,base64:type253:MW13eWxkcjE1M213eWxkcjExNm13eWxkcjE2MDM2NTcyNDVtd3lsZHI2OQ==,base64:type253:MW13eWxkcjE1M213eWxkcjExNm13eWxkcjE2MDM2NTcyNDVtd3lsZHI2OQ==,base64:type253:MW13eWxkcjE1M213eWxkcjExNm13eWxkcjE2MDM2NTcyNDVtd3lsZHI2OQ==
base64:type253:MW13eWxkcjE1NG13eWxkcjEyM213eWxkcjE2MDM2NTcyNjZtd3lsZHI2OQ==,base64:type253:MW13eWxkcjE1NG13eWxkcjEyM213eWxkcjE2MDM2NTcyNjZtd3lsZHI2OQ==,base64:type253:MW13eWxkcjE1NG13eWxkcjEyM213eWxkcjE2MDM2NTcyNjZtd3lsZHI2OQ==,base64:type253:MW13eWxkcjE1NG13eWxkcjEyM213eWxkcjE2MDM2NTcyNjZtd3lsZHI2OQ==,base64:type253:MW13eWxkcjE1NG13eWxkcjEyM213eWxkcjE2MDM2NTcyNjZtd3lsZHI2OQ==
base64:type253:MW13eWxkcjE1NW13eWxkcjE2Mm13eWxkcjE2MDM2NzMyNTJtd3lsZHIxMDY=,base64:type253:MW13eWxkcjE1NW13eWxkcjE2Mm13eWxkcjE2MDM2NzMyNTJtd3lsZHIxMDY=,base64:type253:MW13eWxkcjE1NW13eWxkcjE2Mm13eWxkcjE2MDM2NzMyNTJtd3lsZHIxMDY=,base64:type253:MW13eWxkcjE1NW13eWxkcjE2Mm13eWxkcjE2MDM2NzMyNTJtd3lsZHIxMDY=,base64:type253:MW13eWxkcjE1NW13eWxkcjE2Mm13eWxkcjE2MDM2NzMyNTJtd3lsZHIxMDY=
base64:type253:MW13eWxkcjE1Nm13eWxkcjE2Nm13eWxkcjE2MDY0NTUyMjZtd3lsZHI2OQ==,base64:type253:MW13eWxkcjE1Nm13eWxkcjE2Nm13eWxkcjE2MDY0NTUyMjZtd3lsZHI2OQ==,base64:type253:MW13eWxkcjE1Nm13eWxkcjE2Nm13eWxkcjE2MDY0NTUyMjZtd3lsZHI2OQ==,base64:type253:MW13eWxkcjE1Nm13eWxkcjE2Nm13eWxkcjE2MDY0NTUyMjZtd3lsZHI2OQ==,base64:type253:MW13eWxkcjE1Nm13eWxkcjE2Nm13eWxkcjE2MDY0NTUyMjZtd3lsZHI2OQ==
base64:type253:MW13eWxkcjE1N213eWxkcjE2N213eWxkcjE2MDY0NTUyMjZtd3lsZHI2OQ==,base64:type253:MW13eWxkcjE1N213eWxkcjE2N213eWxkcjE2MDY0NTUyMjZtd3lsZHI2OQ==,base64:type253:MW13eWxkcjE1N213eWxkcjE2N213eWxkcjE2MDY0NTUyMjZtd3lsZHI2OQ==,base64:type253:MW13eWxkcjE1N213eWxkcjE2N213eWxkcjE2MDY0NTUyMjZtd3lsZHI2OQ==,base64:type253:MW13eWxkcjE1N213eWxkcjE2N213eWxkcjE2MDY0NTUyMjZtd3lsZHI2OQ==

