id,name,services,classname,classpath,methodname,component,capabilities
confirm_user,core_auth_confirm_user,<blank>,core_auth_external,1,<blank>,moodle,<blank>
request_password_reset,core_auth_request_password_reset,<blank>,core_auth_external,2,<blank>,moodle,<blank>
is_minor,core_auth_is_minor,<blank>,core_auth_external,3,<blank>,moodle,<blank>
is_age_digital_consent_verification_enabled,core_auth_is_age_digital_consent_verification_enabled,<blank>,core_auth_external,4,<blank>,moodle,<blank>
resend_confirmation_email,core_auth_resend_confirmation_email,<blank>,core_auth_external,5,<blank>,moodle,<blank>
6,core_backup_get_async_backup_progress,<blank>,core_backup_external,backup/externallib.php,get_async_backup_progress,moodle,<blank>
7,core_backup_get_async_backup_links_backup,<blank>,core_backup_external,backup/externallib.php,get_async_backup_links_backup,moodle,<blank>
8,core_backup_get_async_backup_links_restore,<blank>,core_backup_external,backup/externallib.php,get_async_backup_links_restore,moodle,<blank>
get_user_badges,core_badges_get_user_badges,<blank>,core_badges_external,9,moodle_mobile_app,moodle,moodle/badges:viewotherbadges
get_entries,core_blog_get_entries,<blank>,core_blog\\external,10,moodle_mobile_app,moodle,<blank>
view_entries,core_blog_view_entries,<blank>,core_blog\\external,11,moodle_mobile_app,moodle,<blank>
12,core_calendar_get_calendar_monthly_view,moodle_mobile_app,core_calendar_external,calendar/externallib.php,get_calendar_monthly_view,moodle,<blank>
13,core_calendar_get_calendar_day_view,moodle_mobile_app,core_calendar_external,calendar/externallib.php,get_calendar_day_view,moodle,<blank>
14,core_calendar_get_calendar_upcoming_view,moodle_mobile_app,core_calendar_external,calendar/externallib.php,get_calendar_upcoming_view,moodle,<blank>
15,core_calendar_update_event_start_day,moodle_mobile_app,core_calendar_external,calendar/externallib.php,update_event_start_day,moodle,"moodle/calendar:manageentries, moodle/calendar:manageownentries, moodle/calendar:managegroupentries"
16,core_calendar_create_calendar_events,moodle_mobile_app,core_calendar_external,calendar/externallib.php,create_calendar_events,moodle,"moodle/calendar:manageentries, moodle/calendar:manageownentries, moodle/calendar:managegroupentries"
17,core_calendar_delete_calendar_events,moodle_mobile_app,core_calendar_external,calendar/externallib.php,delete_calendar_events,moodle,"moodle/calendar:manageentries, moodle/calendar:manageownentries, moodle/calendar:managegroupentries"
18,core_calendar_get_calendar_events,moodle_mobile_app,core_calendar_external,calendar/externallib.php,get_calendar_events,moodle,"moodle/calendar:manageentries, moodle/calendar:manageownentries, moodle/calendar:managegroupentries"
19,core_calendar_get_action_events_by_timesort,moodle_mobile_app,core_calendar_external,calendar/externallib.php,get_calendar_action_events_by_timesort,moodle,"moodle/calendar:manageentries, moodle/calendar:manageownentries, moodle/calendar:managegroupentries"
20,core_calendar_get_action_events_by_course,moodle_mobile_app,core_calendar_external,calendar/externallib.php,get_calendar_action_events_by_course,moodle,"moodle/calendar:manageentries, moodle/calendar:manageownentries, moodle/calendar:managegroupentries"
21,core_calendar_get_action_events_by_courses,moodle_mobile_app,core_calendar_external,calendar/externallib.php,get_calendar_action_events_by_courses,moodle,"moodle/calendar:manageentries, moodle/calendar:manageownentries, moodle/calendar:managegroupentries"
22,core_calendar_get_calendar_event_by_id,moodle_mobile_app,core_calendar_external,calendar/externallib.php,get_calendar_event_by_id,moodle,"moodle/calendar:manageentries, moodle/calendar:manageownentries, moodle/calendar:managegroupentries"
23,core_calendar_submit_create_update_form,moodle_mobile_app,core_calendar_external,calendar/externallib.php,submit_create_update_form,moodle,"moodle/calendar:manageentries, moodle/calendar:manageownentries, moodle/calendar:managegroupentries"
24,core_calendar_get_calendar_access_information,moodle_mobile_app,core_calendar_external,calendar/externallib.php,get_calendar_access_information,moodle,<blank>
25,core_calendar_get_allowed_event_types,moodle_mobile_app,core_calendar_external,calendar/externallib.php,get_allowed_event_types,moodle,<blank>
26,core_calendar_get_timestamps,<blank>,core_calendar_external,calendar/externallib.php,get_timestamps,moodle,<blank>
27,core_cohort_add_cohort_members,<blank>,core_cohort_external,cohort/externallib.php,add_cohort_members,moodle,moodle/cohort:assign
28,core_cohort_create_cohorts,<blank>,core_cohort_external,cohort/externallib.php,create_cohorts,moodle,moodle/cohort:manage
29,core_cohort_delete_cohort_members,<blank>,core_cohort_external,cohort/externallib.php,delete_cohort_members,moodle,moodle/cohort:assign
30,core_cohort_delete_cohorts,<blank>,core_cohort_external,cohort/externallib.php,delete_cohorts,moodle,moodle/cohort:manage
31,core_cohort_get_cohort_members,<blank>,core_cohort_external,cohort/externallib.php,get_cohort_members,moodle,moodle/cohort:view
32,core_cohort_search_cohorts,<blank>,core_cohort_external,cohort/externallib.php,search_cohorts,moodle,moodle/cohort:view
33,core_cohort_get_cohorts,<blank>,core_cohort_external,cohort/externallib.php,get_cohorts,moodle,moodle/cohort:view
34,core_cohort_update_cohorts,<blank>,core_cohort_external,cohort/externallib.php,update_cohorts,moodle,moodle/cohort:manage
get_comments,core_comment_get_comments,<blank>,core_comment_external,35,moodle_mobile_app,moodle,moodle/comment:view
add_comments,core_comment_add_comments,<blank>,core_comment_external,36,moodle_mobile_app,moodle,<blank>
delete_comments,core_comment_delete_comments,<blank>,core_comment_external,37,moodle_mobile_app,moodle,<blank>
get_activities_completion_status,core_completion_get_activities_completion_status,<blank>,core_completion_external,38,moodle_mobile_app,moodle,<blank>
get_course_completion_status,core_completion_get_course_completion_status,<blank>,core_completion_external,39,moodle_mobile_app,moodle,report/completion:view
mark_course_self_completed,core_completion_mark_course_self_completed,<blank>,core_completion_external,40,moodle_mobile_app,moodle,<blank>
update_activity_completion_status_manually,core_completion_update_activity_completion_status_manually,<blank>,core_completion_external,41,moodle_mobile_app,moodle,<blank>
override_activity_completion_status,core_completion_override_activity_completion_status,<blank>,core_completion_external,42,<blank>,moodle,moodle/course:overridecompletion
43,core_course_create_categories,<blank>,core_course_external,course/externallib.php,create_categories,moodle,moodle/category:manage
44,core_course_create_courses,<blank>,core_course_external,course/externallib.php,create_courses,moodle,"moodle/course:create, moodle/course:visibility"
45,core_course_delete_categories,<blank>,core_course_external,course/externallib.php,delete_categories,moodle,moodle/category:manage
46,core_course_delete_courses,<blank>,core_course_external,course/externallib.php,delete_courses,moodle,moodle/course:delete
47,core_course_delete_modules,<blank>,core_course_external,course/externallib.php,delete_modules,moodle,moodle/course:manageactivities
48,core_course_duplicate_course,<blank>,core_course_external,course/externallib.php,duplicate_course,moodle,"moodle/backup:backupcourse, moodle/restore:restorecourse, moodle/course:create"
49,core_course_get_categories,moodle_mobile_app,core_course_external,course/externallib.php,get_categories,moodle,moodle/category:viewhiddencategories
50,core_course_get_contents,moodle_mobile_app,core_course_external,course/externallib.php,get_course_contents,moodle,"moodle/course:update, moodle/course:viewhiddencourses"
51,core_course_get_course_module,moodle_mobile_app,core_course_external,course/externallib.php,get_course_module,moodle,<blank>
52,core_course_get_course_module_by_instance,moodle_mobile_app,core_course_external,course/externallib.php,get_course_module_by_instance,moodle,<blank>
53,core_course_get_module,<blank>,core_course_external,course/externallib.php,get_module,moodle,<blank>
54,core_course_edit_module,<blank>,core_course_external,course/externallib.php,edit_module,moodle,<blank>
55,core_course_edit_section,<blank>,core_course_external,course/externallib.php,edit_section,moodle,<blank>
56,core_course_get_courses,moodle_mobile_app,core_course_external,course/externallib.php,get_courses,moodle,"moodle/course:view, moodle/course:update, moodle/course:viewhiddencourses"
57,core_course_import_course,<blank>,core_course_external,course/externallib.php,import_course,moodle,"moodle/backup:backuptargetimport, moodle/restore:restoretargetimport"
58,core_course_search_courses,moodle_mobile_app,core_course_external,course/externallib.php,search_courses,moodle,<blank>
59,core_course_update_categories,<blank>,core_course_external,course/externallib.php,update_categories,moodle,moodle/category:manage
60,core_course_update_courses,<blank>,core_course_external,course/externallib.php,update_courses,moodle,"moodle/course:update, moodle/course:changecategory, moodle/course:changefullname, moodle/course:changeshortname, moodle/course:changeidnumber, moodle/course:changesummary, moodle/course:visibility"
61,core_course_view_course,moodle_mobile_app,core_course_external,course/externallib.php,view_course,moodle,<blank>
62,core_course_get_user_navigation_options,moodle_mobile_app,core_course_external,course/externallib.php,get_user_navigation_options,moodle,<blank>
63,core_course_get_user_administration_options,moodle_mobile_app,core_course_external,course/externallib.php,get_user_administration_options,moodle,<blank>
64,core_course_get_courses_by_field,moodle_mobile_app,core_course_external,course/externallib.php,get_courses_by_field,moodle,<blank>
65,core_course_check_updates,moodle_mobile_app,core_course_external,course/externallib.php,check_updates,moodle,<blank>
66,core_course_get_updates_since,moodle_mobile_app,core_course_external,course/externallib.php,get_updates_since,moodle,<blank>
67,core_course_get_enrolled_courses_by_timeline_classification,moodle_mobile_app,core_course_external,course/externallib.php,get_enrolled_courses_by_timeline_classification,moodle,<blank>
68,core_course_get_recent_courses,moodle_mobile_app,core_course_external,course/externallib.php,get_recent_courses,moodle,<blank>
69,core_course_set_favourite_courses,moodle_mobile_app,core_course_external,course/externallib.php,set_favourite_courses,moodle,<blank>
70,core_course_get_enrolled_users_by_cmid,<blank>,core_course_external,course/externallib.php,get_enrolled_users_by_cmid,moodle,<blank>
71,core_course_add_content_item_to_user_favourites,<blank>,core_course_external,course/externallib.php,add_content_item_to_user_favourites,moodle,<blank>
72,core_course_remove_content_item_from_user_favourites,<blank>,core_course_external,course/externallib.php,remove_content_item_from_user_favourites,moodle,<blank>
73,core_course_get_course_content_items,<blank>,core_course_external,course/externallib.php,get_course_content_items,moodle,<blank>
74,core_course_toggle_activity_recommendation,<blank>,core_course_external,course/externallib.php,toggle_activity_recommendation,moodle,<blank>
75,core_enrol_get_course_enrolment_methods,moodle_mobile_app,core_enrol_external,enrol/externallib.php,get_course_enrolment_methods,moodle,<blank>
76,core_enrol_get_enrolled_users,moodle_mobile_app,core_enrol_external,enrol/externallib.php,get_enrolled_users,moodle,"moodle/user:viewdetails, moodle/user:viewhiddendetails, moodle/course:useremail, moodle/user:update, moodle/site:accessallgroups"
77,core_enrol_get_enrolled_users_with_capability,<blank>,core_enrol_external,enrol/externallib.php,get_enrolled_users_with_capability,moodle,<blank>
78,core_enrol_get_potential_users,<blank>,core_enrol_external,enrol/externallib.php,get_potential_users,moodle,moodle/course:enrolreview
79,core_enrol_search_users,moodle_mobile_app,core_enrol_external,enrol/externallib.php,search_users,moodle,moodle/course:viewparticipants
80,core_enrol_get_users_courses,moodle_mobile_app,core_enrol_external,enrol/externallib.php,get_users_courses,moodle,moodle/course:viewparticipants
81,core_enrol_edit_user_enrolment,<blank>,core_enrol_external,enrol/externallib.php,edit_user_enrolment,moodle,<blank>
82,core_enrol_submit_user_enrolment_form,<blank>,core_enrol_external,enrol/externallib.php,submit_user_enrolment_form,moodle,<blank>
83,core_enrol_unenrol_user_enrolment,<blank>,core_enrol_external,enrol/externallib.php,unenrol_user_enrolment,moodle,<blank>
84,core_fetch_notifications,<blank>,core_external,lib/external/externallib.php,fetch_notifications,moodle,<blank>
touch_session,core_session_touch,<blank>,core\\session\\external,85,<blank>,moodle,<blank>
time_remaining,core_session_time_remaining,<blank>,core\\session\\external,86,<blank>,moodle,<blank>
87,core_files_get_files,moodle_mobile_app,core_files_external,files/externallib.php,get_files,moodle,<blank>
88,core_files_upload,<blank>,core_files_external,files/externallib.php,upload,moodle,<blank>
get_filetypes_browser_data,core_form_get_filetypes_browser_data,<blank>,core_form\\external,89,<blank>,moodle,<blank>
90,core_get_component_strings,moodle_mobile_app,core_external,lib/external/externallib.php,get_component_strings,moodle,<blank>
91,core_get_fragment,<blank>,core_external,lib/external/externallib.php,get_fragment,moodle,<blank>
92,core_get_string,<blank>,core_external,lib/external/externallib.php,get_string,moodle,<blank>
93,core_get_strings,<blank>,core_external,lib/external/externallib.php,get_strings,moodle,<blank>
94,core_get_user_dates,<blank>,core_external,lib/external/externallib.php,get_user_dates,moodle,<blank>
get_grades,core_grades_get_grades,<blank>,core_grades_external,95,<blank>,moodle,"moodle/grade:view, moodle/grade:viewall, moodle/grade:viewhidden"
update_grades,core_grades_update_grades,<blank>,core_grades_external,96,<blank>,moodle,<blank>
execute,core_grades_grader_gradingpanel_point_fetch,<blank>,core_grades\\grades\\grader\\gradingpanel\\point\\external\\fetch,97,moodle_mobile_app,moodle,<blank>
execute,core_grades_grader_gradingpanel_point_store,<blank>,core_grades\\grades\\grader\\gradingpanel\\point\\external\\store,98,moodle_mobile_app,moodle,<blank>
execute,core_grades_grader_gradingpanel_scale_fetch,<blank>,core_grades\\grades\\grader\\gradingpanel\\scale\\external\\fetch,99,moodle_mobile_app,moodle,<blank>
execute,core_grades_grader_gradingpanel_scale_store,<blank>,core_grades\\grades\\grader\\gradingpanel\\scale\\external\\store,100,moodle_mobile_app,moodle,<blank>
get_definitions,core_grading_get_definitions,<blank>,core_grading_external,101,<blank>,moodle,<blank>
get_gradingform_instances,core_grading_get_gradingform_instances,<blank>,core_grading_external,102,<blank>,moodle,<blank>
save_definitions,core_grading_save_definitions,<blank>,core_grading_external,103,<blank>,moodle,<blank>
104,core_group_add_group_members,<blank>,core_group_external,group/externallib.php,add_group_members,moodle,moodle/course:managegroups
105,core_group_assign_grouping,<blank>,core_group_external,group/externallib.php,assign_grouping,moodle,<blank>
106,core_group_create_groupings,<blank>,core_group_external,group/externallib.php,create_groupings,moodle,<blank>
107,core_group_create_groups,<blank>,core_group_external,group/externallib.php,create_groups,moodle,moodle/course:managegroups
108,core_group_delete_group_members,<blank>,core_group_external,group/externallib.php,delete_group_members,moodle,moodle/course:managegroups
109,core_group_delete_groupings,<blank>,core_group_external,group/externallib.php,delete_groupings,moodle,<blank>
110,core_group_delete_groups,<blank>,core_group_external,group/externallib.php,delete_groups,moodle,moodle/course:managegroups
111,core_group_get_activity_allowed_groups,moodle_mobile_app,core_group_external,group/externallib.php,get_activity_allowed_groups,moodle,<blank>
112,core_group_get_activity_groupmode,moodle_mobile_app,core_group_external,group/externallib.php,get_activity_groupmode,moodle,<blank>
113,core_group_get_course_groupings,moodle_mobile_app,core_group_external,group/externallib.php,get_course_groupings,moodle,<blank>
114,core_group_get_course_groups,moodle_mobile_app,core_group_external,group/externallib.php,get_course_groups,moodle,moodle/course:managegroups
115,core_group_get_course_user_groups,moodle_mobile_app,core_group_external,group/externallib.php,get_course_user_groups,moodle,moodle/course:managegroups
116,core_group_get_group_members,<blank>,core_group_external,group/externallib.php,get_group_members,moodle,moodle/course:managegroups
117,core_group_get_groupings,<blank>,core_group_external,group/externallib.php,get_groupings,moodle,<blank>
118,core_group_get_groups,<blank>,core_group_external,group/externallib.php,get_groups,moodle,moodle/course:managegroups
119,core_group_unassign_grouping,<blank>,core_group_external,group/externallib.php,unassign_grouping,moodle,<blank>
120,core_group_update_groupings,<blank>,core_group_external,group/externallib.php,update_groupings,moodle,<blank>
121,core_group_update_groups,<blank>,core_group_external,group/externallib.php,update_groups,moodle,moodle/course:managegroups
122,core_message_mute_conversations,moodle_mobile_app,core_message_external,message/externallib.php,mute_conversations,moodle,<blank>
123,core_message_unmute_conversations,moodle_mobile_app,core_message_external,message/externallib.php,unmute_conversations,moodle,<blank>
124,core_message_block_user,moodle_mobile_app,core_message_external,message/externallib.php,block_user,moodle,<blank>
125,core_message_block_contacts,moodle_mobile_app,core_message_external,message/externallib.php,block_contacts,moodle,<blank>
126,core_message_create_contacts,moodle_mobile_app,core_message_external,message/externallib.php,create_contacts,moodle,<blank>
127,core_message_get_contact_requests,moodle_mobile_app,core_message_external,message/externallib.php,get_contact_requests,moodle,<blank>
128,core_message_create_contact_request,moodle_mobile_app,core_message_external,message/externallib.php,create_contact_request,moodle,<blank>
129,core_message_confirm_contact_request,moodle_mobile_app,core_message_external,message/externallib.php,confirm_contact_request,moodle,<blank>
130,core_message_decline_contact_request,moodle_mobile_app,core_message_external,message/externallib.php,decline_contact_request,moodle,<blank>
131,core_message_get_received_contact_requests_count,moodle_mobile_app,core_message_external,message/externallib.php,get_received_contact_requests_count,moodle,<blank>
132,core_message_delete_contacts,moodle_mobile_app,core_message_external,message/externallib.php,delete_contacts,moodle,<blank>
133,core_message_delete_conversation,moodle_mobile_app,core_message_external,message/externallib.php,delete_conversation,moodle,moodle/site:deleteownmessage
134,core_message_delete_conversations_by_id,moodle_mobile_app,core_message_external,message/externallib.php,delete_conversations_by_id,moodle,moodle/site:deleteownmessage
135,core_message_delete_message,moodle_mobile_app,core_message_external,message/externallib.php,delete_message,moodle,moodle/site:deleteownmessage
136,core_message_get_blocked_users,moodle_mobile_app,core_message_external,message/externallib.php,get_blocked_users,moodle,<blank>
137,core_message_data_for_messagearea_search_messages,moodle_mobile_app,core_message_external,message/externallib.php,data_for_messagearea_search_messages,moodle,<blank>
138,core_message_data_for_messagearea_search_users,<blank>,core_message_external,message/externallib.php,data_for_messagearea_search_users,moodle,<blank>
139,core_message_data_for_messagearea_search_users_in_course,<blank>,core_message_external,message/externallib.php,data_for_messagearea_search_users_in_course,moodle,<blank>
140,core_message_message_search_users,moodle_mobile_app,core_message_external,message/externallib.php,message_search_users,moodle,<blank>
141,core_message_data_for_messagearea_conversations,moodle_mobile_app,core_message_external,message/externallib.php,data_for_messagearea_conversations,moodle,<blank>
142,core_message_data_for_messagearea_contacts,moodle_mobile_app,core_message_external,message/externallib.php,data_for_messagearea_contacts,moodle,<blank>
143,core_message_data_for_messagearea_messages,moodle_mobile_app,core_message_external,message/externallib.php,data_for_messagearea_messages,moodle,<blank>
144,core_message_data_for_messagearea_get_most_recent_message,<blank>,core_message_external,message/externallib.php,data_for_messagearea_get_most_recent_message,moodle,<blank>
145,core_message_data_for_messagearea_get_profile,<blank>,core_message_external,message/externallib.php,data_for_messagearea_get_profile,moodle,<blank>
146,core_message_get_contacts,moodle_mobile_app,core_message_external,message/externallib.php,get_contacts,moodle,<blank>
147,core_message_get_user_contacts,moodle_mobile_app,core_message_external,message/externallib.php,get_user_contacts,moodle,<blank>
148,core_message_get_conversations,moodle_mobile_app,core_message_external,message/externallib.php,get_conversations,moodle,<blank>
149,core_message_get_conversation,moodle_mobile_app,core_message_external,message/externallib.php,get_conversation,moodle,<blank>
150,core_message_get_conversation_between_users,moodle_mobile_app,core_message_external,message/externallib.php,get_conversation_between_users,moodle,<blank>
151,core_message_get_self_conversation,moodle_mobile_app,core_message_external,message/externallib.php,get_self_conversation,moodle,<blank>
152,core_message_get_messages,moodle_mobile_app,core_message_external,message/externallib.php,get_messages,moodle,<blank>
153,core_message_get_conversation_counts,moodle_mobile_app,core_message_external,message/externallib.php,get_conversation_counts,moodle,<blank>
154,core_message_get_unread_conversation_counts,moodle_mobile_app,core_message_external,message/externallib.php,get_unread_conversation_counts,moodle,<blank>
155,core_message_get_conversation_members,moodle_mobile_app,core_message_external,message/externallib.php,get_conversation_members,moodle,<blank>
156,core_message_get_member_info,moodle_mobile_app,core_message_external,message/externallib.php,get_member_info,moodle,<blank>
157,core_message_get_unread_conversations_count,moodle_mobile_app,core_message_external,message/externallib.php,get_unread_conversations_count,moodle,<blank>
158,core_message_mark_all_notifications_as_read,moodle_mobile_app,core_message_external,message/externallib.php,mark_all_notifications_as_read,moodle,<blank>
159,core_message_mark_all_messages_as_read,moodle_mobile_app,core_message_external,message/externallib.php,mark_all_messages_as_read,moodle,<blank>
160,core_message_mark_all_conversation_messages_as_read,moodle_mobile_app,core_message_external,message/externallib.php,mark_all_conversation_messages_as_read,moodle,<blank>
161,core_message_mark_message_read,moodle_mobile_app,core_message_external,message/externallib.php,mark_message_read,moodle,<blank>
162,core_message_mark_notification_read,moodle_mobile_app,core_message_external,message/externallib.php,mark_notification_read,moodle,<blank>
163,core_message_message_processor_config_form,moodle_mobile_app,core_message_external,message/externallib.php,message_processor_config_form,moodle,<blank>
164,core_message_get_message_processor,<blank>,core_message_external,message/externallib.php,get_message_processor,moodle,<blank>
165,core_message_search_contacts,moodle_mobile_app,core_message_external,message/externallib.php,search_contacts,moodle,<blank>
166,core_message_send_instant_messages,moodle_mobile_app,core_message_external,message/externallib.php,send_instant_messages,moodle,moodle/site:sendmessage
167,core_message_send_messages_to_conversation,moodle_mobile_app,core_message_external,message/externallib.php,send_messages_to_conversation,moodle,moodle/site:sendmessage
168,core_message_get_conversation_messages,moodle_mobile_app,core_message_external,message/externallib.php,get_conversation_messages,moodle,<blank>
169,core_message_unblock_user,moodle_mobile_app,core_message_external,message/externallib.php,unblock_user,moodle,<blank>
170,core_message_unblock_contacts,moodle_mobile_app,core_message_external,message/externallib.php,unblock_contacts,moodle,<blank>
171,core_message_get_user_notification_preferences,moodle_mobile_app,core_message_external,message/externallib.php,get_user_notification_preferences,moodle,moodle/user:editownmessageprofile
172,core_message_get_user_message_preferences,moodle_mobile_app,core_message_external,message/externallib.php,get_user_message_preferences,moodle,moodle/user:editownmessageprofile
173,core_message_set_favourite_conversations,moodle_mobile_app,core_message_external,message/externallib.php,set_favourite_conversations,moodle,<blank>
174,core_message_unset_favourite_conversations,moodle_mobile_app,core_message_external,message/externallib.php,unset_favourite_conversations,moodle,<blank>
175,core_message_delete_message_for_all_users,moodle_mobile_app,core_message_external,message/externallib.php,delete_message_for_all_users,moodle,moodle/site:deleteanymessage
176,core_notes_create_notes,moodle_mobile_app,core_notes_external,notes/externallib.php,create_notes,moodle,moodle/notes:manage
177,core_notes_delete_notes,moodle_mobile_app,core_notes_external,notes/externallib.php,delete_notes,moodle,moodle/notes:manage
178,core_notes_get_course_notes,moodle_mobile_app,core_notes_external,notes/externallib.php,get_course_notes,moodle,moodle/notes:view
179,core_notes_get_notes,<blank>,core_notes_external,notes/externallib.php,get_notes,moodle,moodle/notes:view
180,core_notes_update_notes,<blank>,core_notes_external,notes/externallib.php,update_notes,moodle,moodle/notes:manage
181,core_notes_view_notes,moodle_mobile_app,core_notes_external,notes/externallib.php,view_notes,moodle,moodle/notes:view
load_template,core_output_load_template,<blank>,core\\output\\external,182,<blank>,moodle,<blank>
load_template_with_dependencies,core_output_load_template_with_dependencies,<blank>,core\\output\\external,183,<blank>,moodle,<blank>
load_fontawesome_icon_map,core_output_load_fontawesome_icon_map,<blank>,core\\output\\external,184,<blank>,moodle,<blank>
update_flag,core_question_update_flag,<blank>,core_question_external,185,moodle_mobile_app,moodle,moodle/question:flag
submit_tags_form,core_question_submit_tags_form,<blank>,core_question_external,186,<blank>,moodle,<blank>
get_random_question_summaries,core_question_get_random_question_summaries,<blank>,core_question_external,187,<blank>,moodle,<blank>
get_item_ratings,core_rating_get_item_ratings,<blank>,core_rating_external,188,moodle_mobile_app,moodle,moodle/rating:view
add_rating,core_rating_add_rating,<blank>,core_rating_external,189,moodle_mobile_app,moodle,moodle/rating:rate
190,core_role_assign_roles,<blank>,core_role_external,enrol/externallib.php,assign_roles,moodle,moodle/role:assign
191,core_role_unassign_roles,<blank>,core_role_external,enrol/externallib.php,unassign_roles,moodle,moodle/role:assign
get_relevant_users,core_search_get_relevant_users,<blank>,\\core_search\\external,192,<blank>,moodle,<blank>
get_tagindex,core_tag_get_tagindex,<blank>,core_tag_external,193,moodle_mobile_app,moodle,<blank>
get_tags,core_tag_get_tags,<blank>,core_tag_external,194,<blank>,moodle,<blank>
update_tags,core_tag_update_tags,<blank>,core_tag_external,195,<blank>,moodle,<blank>
get_tagindex_per_area,core_tag_get_tagindex_per_area,<blank>,core_tag_external,196,moodle_mobile_app,moodle,<blank>
get_tag_areas,core_tag_get_tag_areas,<blank>,core_tag_external,197,moodle_mobile_app,moodle,<blank>
get_tag_collections,core_tag_get_tag_collections,<blank>,core_tag_external,198,moodle_mobile_app,moodle,<blank>
get_tag_cloud,core_tag_get_tag_cloud,<blank>,core_tag_external,199,moodle_mobile_app,moodle,<blank>
200,core_update_inplace_editable,<blank>,core_external,lib/external/externallib.php,update_inplace_editable,moodle,<blank>
201,core_user_add_user_device,moodle_mobile_app,core_user_external,user/externallib.php,add_user_device,moodle,<blank>
202,core_user_add_user_private_files,moodle_mobile_app,core_user_external,user/externallib.php,add_user_private_files,moodle,moodle/user:manageownfiles
203,core_user_create_users,<blank>,core_user_external,user/externallib.php,create_users,moodle,moodle/user:create
204,core_user_delete_users,<blank>,core_user_external,user/externallib.php,delete_users,moodle,moodle/user:delete
205,core_user_get_course_user_profiles,moodle_mobile_app,core_user_external,user/externallib.php,get_course_user_profiles,moodle,"moodle/user:viewdetails, moodle/user:viewhiddendetails, moodle/course:useremail, moodle/user:update, moodle/site:accessallgroups"
206,core_user_get_users,<blank>,core_user_external,user/externallib.php,get_users,moodle,"moodle/user:viewdetails, moodle/user:viewhiddendetails, moodle/course:useremail, moodle/user:update"
207,core_user_get_users_by_field,moodle_mobile_app,core_user_external,user/externallib.php,get_users_by_field,moodle,"moodle/user:viewdetails, moodle/user:viewhiddendetails, moodle/course:useremail, moodle/user:update"
208,core_user_remove_user_device,moodle_mobile_app,core_user_external,user/externallib.php,remove_user_device,moodle,<blank>
209,core_user_update_users,<blank>,core_user_external,user/externallib.php,update_users,moodle,moodle/user:update
210,core_user_update_user_preferences,moodle_mobile_app,core_user_external,user/externallib.php,update_user_preferences,moodle,"moodle/user:editownmessageprofile, moodle/user:editmessageprofile"
211,core_user_view_user_list,moodle_mobile_app,core_user_external,user/externallib.php,view_user_list,moodle,moodle/course:viewparticipants
212,core_user_view_user_profile,moodle_mobile_app,core_user_external,user/externallib.php,view_user_profile,moodle,moodle/user:viewdetails
213,core_user_get_user_preferences,moodle_mobile_app,core_user_external,user/externallib.php,get_user_preferences,moodle,<blank>
214,core_user_update_picture,moodle_mobile_app,core_user_external,user/externallib.php,update_picture,moodle,"moodle/user:editownprofile, moodle/user:editprofile"
215,core_user_set_user_preferences,moodle_mobile_app,core_user_external,user/externallib.php,set_user_preferences,moodle,moodle/site:config
216,core_user_agree_site_policy,moodle_mobile_app,core_user_external,user/externallib.php,agree_site_policy,moodle,<blank>
217,core_user_get_private_files_info,moodle_mobile_app,core_user_external,user/externallib.php,get_private_files_info,moodle,moodle/user:manageownfiles
create_competency_framework,core_competency_create_competency_framework,<blank>,core_competency\\external,218,<blank>,moodle,moodle/competency:competencymanage
read_competency_framework,core_competency_read_competency_framework,<blank>,core_competency\\external,219,<blank>,moodle,moodle/competency:competencyview
duplicate_competency_framework,core_competency_duplicate_competency_framework,<blank>,core_competency\\external,220,<blank>,moodle,moodle/competency:competencymanage
delete_competency_framework,core_competency_delete_competency_framework,<blank>,core_competency\\external,221,<blank>,moodle,moodle/competency:competencymanage
update_competency_framework,core_competency_update_competency_framework,<blank>,core_competency\\external,222,<blank>,moodle,moodle/competency:competencymanage
list_competency_frameworks,core_competency_list_competency_frameworks,<blank>,core_competency\\external,223,<blank>,moodle,moodle/competency:competencyview
count_competency_frameworks,core_competency_count_competency_frameworks,<blank>,core_competency\\external,224,<blank>,moodle,moodle/competency:competencyview
competency_framework_viewed,core_competency_competency_framework_viewed,<blank>,core_competency\\external,225,<blank>,moodle,moodle/competency:competencyview
create_competency,core_competency_create_competency,<blank>,core_competency\\external,226,<blank>,moodle,moodle/competency:competencymanage
read_competency,core_competency_read_competency,<blank>,core_competency\\external,227,<blank>,moodle,moodle/competency:competencyview
competency_viewed,core_competency_competency_viewed,<blank>,core_competency\\external,228,moodle_mobile_app,moodle,moodle/competency:competencyview
delete_competency,core_competency_delete_competency,<blank>,core_competency\\external,229,<blank>,moodle,moodle/competency:competencymanage
update_competency,core_competency_update_competency,<blank>,core_competency\\external,230,<blank>,moodle,moodle/competency:competencymanage
list_competencies,core_competency_list_competencies,<blank>,core_competency\\external,231,<blank>,moodle,moodle/competency:competencyview
list_competencies_in_template,core_competency_list_competencies_in_template,<blank>,core_competency\\external,232,<blank>,moodle,moodle/competency:competencyview
count_competencies,core_competency_count_competencies,<blank>,core_competency\\external,233,<blank>,moodle,moodle/competency:competencyview
count_competencies_in_template,core_competency_count_competencies_in_template,<blank>,core_competency\\external,234,<blank>,moodle,moodle/competency:competencyview
search_competencies,core_competency_search_competencies,<blank>,core_competency\\external,235,<blank>,moodle,moodle/competency:competencyview
set_parent_competency,core_competency_set_parent_competency,<blank>,core_competency\\external,236,<blank>,moodle,moodle/competency:competencymanage
move_up_competency,core_competency_move_up_competency,<blank>,core_competency\\external,237,<blank>,moodle,moodle/competency:competencymanage
move_down_competency,core_competency_move_down_competency,<blank>,core_competency\\external,238,<blank>,moodle,moodle/competency:competencymanage
list_course_module_competencies,core_competency_list_course_module_competencies,<blank>,core_competency\\external,239,<blank>,moodle,moodle/competency:coursecompetencyview
count_course_module_competencies,core_competency_count_course_module_competencies,<blank>,core_competency\\external,240,<blank>,moodle,moodle/competency:coursecompetencyview
list_course_competencies,core_competency_list_course_competencies,<blank>,core_competency\\external,241,moodle_mobile_app,moodle,moodle/competency:coursecompetencyview
count_competencies_in_course,core_competency_count_competencies_in_course,<blank>,core_competency\\external,242,<blank>,moodle,moodle/competency:coursecompetencyview
count_courses_using_competency,core_competency_count_courses_using_competency,<blank>,core_competency\\external,243,<blank>,moodle,moodle/competency:coursecompetencyview
add_competency_to_course,core_competency_add_competency_to_course,<blank>,core_competency\\external,244,<blank>,moodle,moodle/competency:coursecompetencymanage
add_competency_to_template,core_competency_add_competency_to_template,<blank>,core_competency\\external,245,<blank>,moodle,moodle/competency:templatemanage
remove_competency_from_course,core_competency_remove_competency_from_course,<blank>,core_competency\\external,246,<blank>,moodle,moodle/competency:coursecompetencymanage
set_course_competency_ruleoutcome,core_competency_set_course_competency_ruleoutcome,<blank>,core_competency\\external,247,<blank>,moodle,moodle/competency:coursecompetencymanage
remove_competency_from_template,core_competency_remove_competency_from_template,<blank>,core_competency\\external,248,<blank>,moodle,moodle/competency:templatemanage
reorder_course_competency,core_competency_reorder_course_competency,<blank>,core_competency\\external,249,<blank>,moodle,moodle/competency:coursecompetencymanage
reorder_template_competency,core_competency_reorder_template_competency,<blank>,core_competency\\external,250,<blank>,moodle,moodle/competency:templatemanage
create_template,core_competency_create_template,<blank>,core_competency\\external,251,<blank>,moodle,moodle/competency:templatemanage
duplicate_template,core_competency_duplicate_template,<blank>,core_competency\\external,252,<blank>,moodle,moodle/competency:templatemanage
read_template,core_competency_read_template,<blank>,core_competency\\external,253,<blank>,moodle,moodle/competency:templateview
delete_template,core_competency_delete_template,<blank>,core_competency\\external,254,<blank>,moodle,moodle/competency:templatemanage
update_template,core_competency_update_template,<blank>,core_competency\\external,255,<blank>,moodle,moodle/competency:templatemanage
list_templates,core_competency_list_templates,<blank>,core_competency\\external,256,<blank>,moodle,moodle/competency:templateview
list_templates_using_competency,core_competency_list_templates_using_competency,<blank>,core_competency\\external,257,<blank>,moodle,moodle/competency:templateview
count_templates,core_competency_count_templates,<blank>,core_competency\\external,258,<blank>,moodle,moodle/competency:templateview
count_templates_using_competency,core_competency_count_templates_using_competency,<blank>,core_competency\\external,259,<blank>,moodle,moodle/competency:templateview
create_plan,core_competency_create_plan,<blank>,core_competency\\external,260,<blank>,moodle,moodle/competency:planmanage
update_plan,core_competency_update_plan,<blank>,core_competency\\external,261,<blank>,moodle,moodle/competency:planmanage
complete_plan,core_competency_complete_plan,<blank>,core_competency\\external,262,<blank>,moodle,moodle/competency:planmanage
reopen_plan,core_competency_reopen_plan,<blank>,core_competency\\external,263,<blank>,moodle,moodle/competency:planmanage
read_plan,core_competency_read_plan,<blank>,core_competency\\external,264,<blank>,moodle,moodle/competency:planviewown
delete_plan,core_competency_delete_plan,<blank>,core_competency\\external,265,<blank>,moodle,moodle/competency:planmanage
list_user_plans,core_competency_list_user_plans,<blank>,core_competency\\external,266,<blank>,moodle,moodle/competency:planviewown
list_plan_competencies,core_competency_list_plan_competencies,<blank>,core_competency\\external,267,<blank>,moodle,moodle/competency:planviewown
add_competency_to_plan,core_competency_add_competency_to_plan,<blank>,core_competency\\external,268,<blank>,moodle,moodle/competency:planmanage
remove_competency_from_plan,core_competency_remove_competency_from_plan,<blank>,core_competency\\external,269,<blank>,moodle,moodle/competency:planmanage
reorder_plan_competency,core_competency_reorder_plan_competency,<blank>,core_competency\\external,270,<blank>,moodle,moodle/competency:planmanage
plan_request_review,core_competency_plan_request_review,<blank>,core_competency\\external,271,<blank>,moodle,moodle/competency:planmanagedraft
plan_start_review,core_competency_plan_start_review,<blank>,core_competency\\external,272,<blank>,moodle,moodle/competency:planmanage
plan_stop_review,core_competency_plan_stop_review,<blank>,core_competency\\external,273,<blank>,moodle,moodle/competency:planmanage
plan_cancel_review_request,core_competency_plan_cancel_review_request,<blank>,core_competency\\external,274,<blank>,moodle,moodle/competency:planmanagedraft
approve_plan,core_competency_approve_plan,<blank>,core_competency\\external,275,<blank>,moodle,moodle/competency:planmanage
unapprove_plan,core_competency_unapprove_plan,<blank>,core_competency\\external,276,<blank>,moodle,moodle/competency:planmanage
template_has_related_data,core_competency_template_has_related_data,<blank>,core_competency\\external,277,<blank>,moodle,moodle/competency:templateview
get_scale_values,core_competency_get_scale_values,<blank>,core_competency\\external,278,moodle_mobile_app,moodle,moodle/competency:competencymanage
add_related_competency,core_competency_add_related_competency,<blank>,core_competency\\external,279,<blank>,moodle,moodle/competency:competencymanage
remove_related_competency,core_competency_remove_related_competency,<blank>,core_competency\\external,280,<blank>,moodle,moodle/competency:competencymanage
read_user_evidence,core_competency_read_user_evidence,<blank>,core_competency\\external,281,<blank>,moodle,moodle/competency:userevidenceview
delete_user_evidence,core_competency_delete_user_evidence,<blank>,core_competency\\external,282,<blank>,moodle,moodle/competency:userevidencemanageown
create_user_evidence_competency,core_competency_create_user_evidence_competency,<blank>,core_competency\\external,283,<blank>,moodle,"moodle/competency:userevidencemanageown, moodle/competency:competencyview"
delete_user_evidence_competency,core_competency_delete_user_evidence_competency,<blank>,core_competency\\external,284,<blank>,moodle,moodle/competency:userevidencemanageown
user_competency_cancel_review_request,core_competency_user_competency_cancel_review_request,<blank>,core_competency\\external,285,<blank>,moodle,moodle/competency:userevidencemanageown
user_competency_request_review,core_competency_user_competency_request_review,<blank>,core_competency\\external,286,<blank>,moodle,moodle/competency:userevidencemanageown
user_competency_start_review,core_competency_user_competency_start_review,<blank>,core_competency\\external,287,<blank>,moodle,moodle/competency:competencygrade
user_competency_stop_review,core_competency_user_competency_stop_review,<blank>,core_competency\\external,288,<blank>,moodle,moodle/competency:competencygrade
user_competency_viewed,core_competency_user_competency_viewed,<blank>,core_competency\\external,289,moodle_mobile_app,moodle,moodle/competency:usercompetencyview
user_competency_viewed_in_plan,core_competency_user_competency_viewed_in_plan,<blank>,core_competency\\external,290,moodle_mobile_app,moodle,moodle/competency:usercompetencyview
user_competency_viewed_in_course,core_competency_user_competency_viewed_in_course,<blank>,core_competency\\external,291,moodle_mobile_app,moodle,moodle/competency:usercompetencyview
user_competency_plan_viewed,core_competency_user_competency_plan_viewed,<blank>,core_competency\\external,292,moodle_mobile_app,moodle,moodle/competency:usercompetencyview
grade_competency,core_competency_grade_competency,<blank>,core_competency\\external,293,<blank>,moodle,moodle/competency:competencygrade
grade_competency_in_plan,core_competency_grade_competency_in_plan,<blank>,core_competency\\external,294,<blank>,moodle,moodle/competency:competencygrade
grade_competency_in_course,core_competency_grade_competency_in_course,<blank>,core_competency\\external,295,moodle_mobile_app,moodle,moodle/competency:competencygrade
unlink_plan_from_template,core_competency_unlink_plan_from_template,<blank>,core_competency\\external,296,<blank>,moodle,moodle/competency:planmanage
template_viewed,core_competency_template_viewed,<blank>,core_competency\\external,297,<blank>,moodle,moodle/competency:templateview
request_review_of_user_evidence_linked_competencies,core_competency_request_review_of_user_evidence_linked_competencies,<blank>,core_competency\\external,298,<blank>,moodle,moodle/competency:userevidencemanageown
update_course_competency_settings,core_competency_update_course_competency_settings,<blank>,core_competency\\external,299,<blank>,moodle,moodle/competency:coursecompetencyconfigure
delete_evidence,core_competency_delete_evidence,<blank>,core_competency\\external,300,moodle_mobile_app,moodle,moodle/competency:evidencedelete
301,core_webservice_get_site_info,moodle_mobile_app,core_webservice_external,webservice/externallib.php,get_site_info,moodle,<blank>
get_course_blocks,core_block_get_course_blocks,<blank>,core_block_external,302,moodle_mobile_app,moodle,<blank>
get_dashboard_blocks,core_block_get_dashboard_blocks,<blank>,core_block_external,303,moodle_mobile_app,moodle,<blank>
get_available_in_context,core_filters_get_available_in_context,<blank>,core_filters\\external,304,moodle_mobile_app,moodle,<blank>
305,core_customfield_delete_field,<blank>,core_customfield_external,customfield/externallib.php,delete_field,moodle,<blank>
306,core_customfield_reload_template,<blank>,core_customfield_external,customfield/externallib.php,reload_template,moodle,<blank>
307,core_customfield_create_category,<blank>,core_customfield_external,customfield/externallib.php,create_category,moodle,<blank>
308,core_customfield_delete_category,<blank>,core_customfield_external,customfield/externallib.php,delete_category,moodle,<blank>
309,core_customfield_move_field,<blank>,core_customfield_external,customfield/externallib.php,move_field,moodle,<blank>
310,core_customfield_move_category,<blank>,core_customfield_external,customfield/externallib.php,move_category,moodle,<blank>
get_trusted_h5p_file,core_h5p_get_trusted_h5p_file,<blank>,core_h5p\\external,311,moodle_mobile_app,moodle,<blank>
execute,core_table_dynamic_fetch,<blank>,core_table\\external\\dynamic\\fetch,312,moodle_mobile_app,moodle,<blank>
execute,core_xapi_statement_post,<blank>,core_xapi\\external\\post_statement,313,moodle_mobile_app,moodle,<blank>
execute,core_contentbank_delete_content,<blank>,core_contentbank\\external\\delete_content,314,<blank>,moodle,moodle/contentbank:deleteanycontent
execute,core_contentbank_rename_content,<blank>,core_contentbank\\external\\rename_content,315,<blank>,moodle,moodle/contentbank:manageowncontent
316,mod_assign_copy_previous_attempt,<blank>,mod_assign_external,mod/assign/externallib.php,copy_previous_attempt,mod_assign,"mod/assign:view, mod/assign:submit"
317,mod_assign_get_grades,moodle_mobile_app,mod_assign_external,mod/assign/externallib.php,get_grades,mod_assign,<blank>
318,mod_assign_get_assignments,moodle_mobile_app,mod_assign_external,mod/assign/externallib.php,get_assignments,mod_assign,<blank>
319,mod_assign_get_submissions,moodle_mobile_app,mod_assign_external,mod/assign/externallib.php,get_submissions,mod_assign,<blank>
320,mod_assign_get_user_flags,moodle_mobile_app,mod_assign_external,mod/assign/externallib.php,get_user_flags,mod_assign,<blank>
321,mod_assign_set_user_flags,moodle_mobile_app,mod_assign_external,mod/assign/externallib.php,set_user_flags,mod_assign,mod/assign:grade
322,mod_assign_get_user_mappings,moodle_mobile_app,mod_assign_external,mod/assign/externallib.php,get_user_mappings,mod_assign,<blank>
323,mod_assign_revert_submissions_to_draft,moodle_mobile_app,mod_assign_external,mod/assign/externallib.php,revert_submissions_to_draft,mod_assign,<blank>
324,mod_assign_lock_submissions,moodle_mobile_app,mod_assign_external,mod/assign/externallib.php,lock_submissions,mod_assign,<blank>
325,mod_assign_unlock_submissions,moodle_mobile_app,mod_assign_external,mod/assign/externallib.php,unlock_submissions,mod_assign,<blank>
326,mod_assign_save_submission,moodle_mobile_app,mod_assign_external,mod/assign/externallib.php,save_submission,mod_assign,<blank>
327,mod_assign_submit_for_grading,moodle_mobile_app,mod_assign_external,mod/assign/externallib.php,submit_for_grading,mod_assign,<blank>
328,mod_assign_save_grade,moodle_mobile_app,mod_assign_external,mod/assign/externallib.php,save_grade,mod_assign,<blank>
329,mod_assign_save_grades,moodle_mobile_app,mod_assign_external,mod/assign/externallib.php,save_grades,mod_assign,<blank>
330,mod_assign_save_user_extensions,moodle_mobile_app,mod_assign_external,mod/assign/externallib.php,save_user_extensions,mod_assign,<blank>
331,mod_assign_reveal_identities,moodle_mobile_app,mod_assign_external,mod/assign/externallib.php,reveal_identities,mod_assign,<blank>
332,mod_assign_view_grading_table,moodle_mobile_app,mod_assign_external,mod/assign/externallib.php,view_grading_table,mod_assign,"mod/assign:view, mod/assign:viewgrades"
333,mod_assign_view_submission_status,moodle_mobile_app,mod_assign_external,mod/assign/externallib.php,view_submission_status,mod_assign,mod/assign:view
334,mod_assign_get_submission_status,moodle_mobile_app,mod_assign_external,mod/assign/externallib.php,get_submission_status,mod_assign,mod/assign:view
335,mod_assign_list_participants,moodle_mobile_app,mod_assign_external,mod/assign/externallib.php,list_participants,mod_assign,"mod/assign:view, mod/assign:viewgrades"
336,mod_assign_submit_grading_form,moodle_mobile_app,mod_assign_external,mod/assign/externallib.php,submit_grading_form,mod_assign,mod/assign:grade
337,mod_assign_get_participant,moodle_mobile_app,mod_assign_external,mod/assign/externallib.php,get_participant,mod_assign,"mod/assign:view, mod/assign:viewgrades"
338,mod_assign_view_assign,moodle_mobile_app,mod_assign_external,mod/assign/externallib.php,view_assign,mod_assign,mod/assign:view
view_book,mod_book_view_book,<blank>,mod_book_external,339,moodle_mobile_app,mod_book,mod/book:read
get_books_by_courses,mod_book_get_books_by_courses,<blank>,mod_book_external,340,moodle_mobile_app,mod_book,<blank>
login_user,mod_chat_login_user,<blank>,mod_chat_external,341,moodle_mobile_app,mod_chat,mod/chat:chat
get_chat_users,mod_chat_get_chat_users,<blank>,mod_chat_external,342,moodle_mobile_app,mod_chat,mod/chat:chat
send_chat_message,mod_chat_send_chat_message,<blank>,mod_chat_external,343,moodle_mobile_app,mod_chat,mod/chat:chat
get_chat_latest_messages,mod_chat_get_chat_latest_messages,<blank>,mod_chat_external,344,moodle_mobile_app,mod_chat,mod/chat:chat
view_chat,mod_chat_view_chat,<blank>,mod_chat_external,345,moodle_mobile_app,mod_chat,mod/chat:chat
get_chats_by_courses,mod_chat_get_chats_by_courses,<blank>,mod_chat_external,346,moodle_mobile_app,mod_chat,<blank>
get_sessions,mod_chat_get_sessions,<blank>,mod_chat_external,347,moodle_mobile_app,mod_chat,<blank>
get_session_messages,mod_chat_get_session_messages,<blank>,mod_chat_external,348,moodle_mobile_app,mod_chat,<blank>
get_choice_results,mod_choice_get_choice_results,<blank>,mod_choice_external,349,moodle_mobile_app,mod_choice,<blank>
get_choice_options,mod_choice_get_choice_options,<blank>,mod_choice_external,350,moodle_mobile_app,mod_choice,mod/choice:choose
submit_choice_response,mod_choice_submit_choice_response,<blank>,mod_choice_external,351,moodle_mobile_app,mod_choice,mod/choice:choose
view_choice,mod_choice_view_choice,<blank>,mod_choice_external,352,moodle_mobile_app,mod_choice,<blank>
get_choices_by_courses,mod_choice_get_choices_by_courses,<blank>,mod_choice_external,353,moodle_mobile_app,mod_choice,<blank>
delete_choice_responses,mod_choice_delete_choice_responses,<blank>,mod_choice_external,354,moodle_mobile_app,mod_choice,mod/choice:choose
get_databases_by_courses,mod_data_get_databases_by_courses,<blank>,mod_data_external,355,moodle_mobile_app,mod_data,mod/data:viewentry
view_database,mod_data_view_database,<blank>,mod_data_external,356,moodle_mobile_app,mod_data,mod/data:viewentry
get_data_access_information,mod_data_get_data_access_information,<blank>,mod_data_external,357,moodle_mobile_app,mod_data,mod/data:viewentry
get_entries,mod_data_get_entries,<blank>,mod_data_external,358,moodle_mobile_app,mod_data,mod/data:viewentry
get_entry,mod_data_get_entry,<blank>,mod_data_external,359,moodle_mobile_app,mod_data,mod/data:viewentry
get_fields,mod_data_get_fields,<blank>,mod_data_external,360,moodle_mobile_app,mod_data,mod/data:viewentry
search_entries,mod_data_search_entries,<blank>,mod_data_external,361,moodle_mobile_app,mod_data,mod/data:viewentry
approve_entry,mod_data_approve_entry,<blank>,mod_data_external,362,moodle_mobile_app,mod_data,mod/data:approve
delete_entry,mod_data_delete_entry,<blank>,mod_data_external,363,moodle_mobile_app,mod_data,mod/data:manageentries
add_entry,mod_data_add_entry,<blank>,mod_data_external,364,moodle_mobile_app,mod_data,mod/data:writeentry
update_entry,mod_data_update_entry,<blank>,mod_data_external,365,moodle_mobile_app,mod_data,mod/data:writeentry
get_feedbacks_by_courses,mod_feedback_get_feedbacks_by_courses,<blank>,mod_feedback_external,366,moodle_mobile_app,mod_feedback,mod/feedback:view
get_feedback_access_information,mod_feedback_get_feedback_access_information,<blank>,mod_feedback_external,367,moodle_mobile_app,mod_feedback,mod/feedback:view
view_feedback,mod_feedback_view_feedback,<blank>,mod_feedback_external,368,moodle_mobile_app,mod_feedback,mod/feedback:view
get_current_completed_tmp,mod_feedback_get_current_completed_tmp,<blank>,mod_feedback_external,369,moodle_mobile_app,mod_feedback,mod/feedback:view
get_items,mod_feedback_get_items,<blank>,mod_feedback_external,370,moodle_mobile_app,mod_feedback,mod/feedback:view
launch_feedback,mod_feedback_launch_feedback,<blank>,mod_feedback_external,371,moodle_mobile_app,mod_feedback,mod/feedback:complete
get_page_items,mod_feedback_get_page_items,<blank>,mod_feedback_external,372,moodle_mobile_app,mod_feedback,mod/feedback:complete
process_page,mod_feedback_process_page,<blank>,mod_feedback_external,373,moodle_mobile_app,mod_feedback,mod/feedback:complete
get_analysis,mod_feedback_get_analysis,<blank>,mod_feedback_external,374,moodle_mobile_app,mod_feedback,mod/feedback:viewanalysepage
get_unfinished_responses,mod_feedback_get_unfinished_responses,<blank>,mod_feedback_external,375,moodle_mobile_app,mod_feedback,mod/feedback:view
get_finished_responses,mod_feedback_get_finished_responses,<blank>,mod_feedback_external,376,moodle_mobile_app,mod_feedback,mod/feedback:view
get_non_respondents,mod_feedback_get_non_respondents,<blank>,mod_feedback_external,377,moodle_mobile_app,mod_feedback,mod/feedback:viewreports
get_responses_analysis,mod_feedback_get_responses_analysis,<blank>,mod_feedback_external,378,moodle_mobile_app,mod_feedback,mod/feedback:viewreports
get_last_completed,mod_feedback_get_last_completed,<blank>,mod_feedback_external,379,moodle_mobile_app,mod_feedback,mod/feedback:view
view_folder,mod_folder_view_folder,<blank>,mod_folder_external,380,moodle_mobile_app,mod_folder,mod/folder:view
get_folders_by_courses,mod_folder_get_folders_by_courses,<blank>,mod_folder_external,381,moodle_mobile_app,mod_folder,mod/folder:view
382,mod_forum_get_forums_by_courses,moodle_mobile_app,mod_forum_external,mod/forum/externallib.php,get_forums_by_courses,mod_forum,mod/forum:viewdiscussion
383,mod_forum_get_discussion_posts,moodle_mobile_app,mod_forum_external,mod/forum/externallib.php,get_discussion_posts,mod_forum,"mod/forum:viewdiscussion, mod/forum:viewqandawithoutposting"
384,mod_forum_get_forum_discussion_posts,moodle_mobile_app,mod_forum_external,mod/forum/externallib.php,get_forum_discussion_posts,mod_forum,"mod/forum:viewdiscussion, mod/forum:viewqandawithoutposting"
385,mod_forum_get_forum_discussions_paginated,moodle_mobile_app,mod_forum_external,mod/forum/externallib.php,get_forum_discussions_paginated,mod_forum,"mod/forum:viewdiscussion, mod/forum:viewqandawithoutposting"
386,mod_forum_get_forum_discussions,moodle_mobile_app,mod_forum_external,mod/forum/externallib.php,get_forum_discussions,mod_forum,"mod/forum:viewdiscussion, mod/forum:viewqandawithoutposting"
387,mod_forum_view_forum,moodle_mobile_app,mod_forum_external,mod/forum/externallib.php,view_forum,mod_forum,mod/forum:viewdiscussion
388,mod_forum_view_forum_discussion,moodle_mobile_app,mod_forum_external,mod/forum/externallib.php,view_forum_discussion,mod_forum,mod/forum:viewdiscussion
389,mod_forum_add_discussion_post,moodle_mobile_app,mod_forum_external,mod/forum/externallib.php,add_discussion_post,mod_forum,mod/forum:replypost
390,mod_forum_add_discussion,moodle_mobile_app,mod_forum_external,mod/forum/externallib.php,add_discussion,mod_forum,mod/forum:startdiscussion
391,mod_forum_can_add_discussion,moodle_mobile_app,mod_forum_external,mod/forum/externallib.php,can_add_discussion,mod_forum,<blank>
get_forum_access_information,mod_forum_get_forum_access_information,<blank>,mod_forum_external,392,moodle_mobile_app,mod_forum,<blank>
393,mod_forum_set_subscription_state,moodle_mobile_app,mod_forum_external,mod/forum/externallib.php,set_subscription_state,mod_forum,<blank>
394,mod_forum_set_lock_state,moodle_mobile_app,mod_forum_external,mod/forum/externallib.php,set_lock_state,mod_forum,moodle/course:manageactivities
395,mod_forum_toggle_favourite_state,moodle_mobile_app,mod_forum_external,mod/forum/externallib.php,toggle_favourite_state,mod_forum,<blank>
396,mod_forum_set_pin_state,moodle_mobile_app,mod_forum_external,mod/forum/externallib.php,set_pin_state,mod_forum,<blank>
397,mod_forum_delete_post,moodle_mobile_app,mod_forum_external,mod/forum/externallib.php,delete_post,mod_forum,<blank>
398,mod_forum_get_discussion_posts_by_userid,<blank>,mod_forum_external,mod/forum/externallib.php,get_discussion_posts_by_userid,mod_forum,"mod/forum:viewdiscussion, mod/forum:viewqandawithoutposting"
399,mod_forum_get_discussion_post,moodle_mobile_app,mod_forum_external,mod/forum/externallib.php,get_discussion_post,mod_forum,<blank>
400,mod_forum_prepare_draft_area_for_post,moodle_mobile_app,mod_forum_external,mod/forum/externallib.php,prepare_draft_area_for_post,mod_forum,<blank>
401,mod_forum_update_discussion_post,moodle_mobile_app,mod_forum_external,mod/forum/externallib.php,update_discussion_post,mod_forum,<blank>
get_glossaries_by_courses,mod_glossary_get_glossaries_by_courses,<blank>,mod_glossary_external,402,moodle_mobile_app,mod_glossary,mod/glossary:view
view_glossary,mod_glossary_view_glossary,<blank>,mod_glossary_external,403,moodle_mobile_app,mod_glossary,mod/glossary:view
view_entry,mod_glossary_view_entry,<blank>,mod_glossary_external,404,moodle_mobile_app,mod_glossary,mod/glossary:view
get_entries_by_letter,mod_glossary_get_entries_by_letter,<blank>,mod_glossary_external,405,moodle_mobile_app,mod_glossary,mod/glossary:view
get_entries_by_date,mod_glossary_get_entries_by_date,<blank>,mod_glossary_external,406,moodle_mobile_app,mod_glossary,mod/glossary:view
get_categories,mod_glossary_get_categories,<blank>,mod_glossary_external,407,moodle_mobile_app,mod_glossary,mod/glossary:view
get_entries_by_category,mod_glossary_get_entries_by_category,<blank>,mod_glossary_external,408,moodle_mobile_app,mod_glossary,mod/glossary:view
get_authors,mod_glossary_get_authors,<blank>,mod_glossary_external,409,moodle_mobile_app,mod_glossary,mod/glossary:view
get_entries_by_author,mod_glossary_get_entries_by_author,<blank>,mod_glossary_external,410,moodle_mobile_app,mod_glossary,mod/glossary:view
get_entries_by_author_id,mod_glossary_get_entries_by_author_id,<blank>,mod_glossary_external,411,moodle_mobile_app,mod_glossary,mod/glossary:view
get_entries_by_search,mod_glossary_get_entries_by_search,<blank>,mod_glossary_external,412,moodle_mobile_app,mod_glossary,mod/glossary:view
get_entries_by_term,mod_glossary_get_entries_by_term,<blank>,mod_glossary_external,413,moodle_mobile_app,mod_glossary,mod/glossary:view
get_entries_to_approve,mod_glossary_get_entries_to_approve,<blank>,mod_glossary_external,414,moodle_mobile_app,mod_glossary,mod/glossary:approve
get_entry_by_id,mod_glossary_get_entry_by_id,<blank>,mod_glossary_external,415,moodle_mobile_app,mod_glossary,mod/glossary:view
add_entry,mod_glossary_add_entry,<blank>,mod_glossary_external,416,moodle_mobile_app,mod_glossary,mod/glossary:write
view_imscp,mod_imscp_view_imscp,<blank>,mod_imscp_external,417,moodle_mobile_app,mod_imscp,mod/imscp:view
get_imscps_by_courses,mod_imscp_get_imscps_by_courses,<blank>,mod_imscp_external,418,moodle_mobile_app,mod_imscp,mod/imscp:view
get_labels_by_courses,mod_label_get_labels_by_courses,<blank>,mod_label_external,419,moodle_mobile_app,mod_label,mod/label:view
get_lessons_by_courses,mod_lesson_get_lessons_by_courses,<blank>,mod_lesson_external,420,moodle_mobile_app,mod_lesson,mod/lesson:view
get_lesson_access_information,mod_lesson_get_lesson_access_information,<blank>,mod_lesson_external,421,moodle_mobile_app,mod_lesson,mod/lesson:view
view_lesson,mod_lesson_view_lesson,<blank>,mod_lesson_external,422,moodle_mobile_app,mod_lesson,mod/lesson:view
get_questions_attempts,mod_lesson_get_questions_attempts,<blank>,mod_lesson_external,423,moodle_mobile_app,mod_lesson,mod/lesson:view
get_user_grade,mod_lesson_get_user_grade,<blank>,mod_lesson_external,424,moodle_mobile_app,mod_lesson,mod/lesson:view
get_user_attempt_grade,mod_lesson_get_user_attempt_grade,<blank>,mod_lesson_external,425,moodle_mobile_app,mod_lesson,mod/lesson:view
get_content_pages_viewed,mod_lesson_get_content_pages_viewed,<blank>,mod_lesson_external,426,moodle_mobile_app,mod_lesson,mod/lesson:view
get_user_timers,mod_lesson_get_user_timers,<blank>,mod_lesson_external,427,moodle_mobile_app,mod_lesson,mod/lesson:view
get_pages,mod_lesson_get_pages,<blank>,mod_lesson_external,428,moodle_mobile_app,mod_lesson,mod/lesson:view
launch_attempt,mod_lesson_launch_attempt,<blank>,mod_lesson_external,429,moodle_mobile_app,mod_lesson,mod/lesson:view
get_page_data,mod_lesson_get_page_data,<blank>,mod_lesson_external,430,moodle_mobile_app,mod_lesson,mod/lesson:view
process_page,mod_lesson_process_page,<blank>,mod_lesson_external,431,moodle_mobile_app,mod_lesson,mod/lesson:view
finish_attempt,mod_lesson_finish_attempt,<blank>,mod_lesson_external,432,moodle_mobile_app,mod_lesson,mod/lesson:view
get_attempts_overview,mod_lesson_get_attempts_overview,<blank>,mod_lesson_external,433,moodle_mobile_app,mod_lesson,mod/lesson:viewreports
get_user_attempt,mod_lesson_get_user_attempt,<blank>,mod_lesson_external,434,moodle_mobile_app,mod_lesson,mod/lesson:viewreports
get_pages_possible_jumps,mod_lesson_get_pages_possible_jumps,<blank>,mod_lesson_external,435,moodle_mobile_app,mod_lesson,mod/lesson:view
get_lesson,mod_lesson_get_lesson,<blank>,mod_lesson_external,436,moodle_mobile_app,mod_lesson,mod/lesson:view
get_tool_launch_data,mod_lti_get_tool_launch_data,<blank>,mod_lti_external,437,moodle_mobile_app,mod_lti,mod/lti:view
get_ltis_by_courses,mod_lti_get_ltis_by_courses,<blank>,mod_lti_external,438,moodle_mobile_app,mod_lti,mod/lti:view
view_lti,mod_lti_view_lti,<blank>,mod_lti_external,439,moodle_mobile_app,mod_lti,mod/lti:view
get_tool_proxies,mod_lti_get_tool_proxies,<blank>,mod_lti_external,440,<blank>,mod_lti,moodle/site:config
create_tool_proxy,mod_lti_create_tool_proxy,<blank>,mod_lti_external,441,<blank>,mod_lti,moodle/site:config
delete_tool_proxy,mod_lti_delete_tool_proxy,<blank>,mod_lti_external,442,<blank>,mod_lti,moodle/site:config
get_tool_proxy_registration_request,mod_lti_get_tool_proxy_registration_request,<blank>,mod_lti_external,443,<blank>,mod_lti,moodle/site:config
get_tool_types,mod_lti_get_tool_types,<blank>,mod_lti_external,444,<blank>,mod_lti,moodle/site:config
create_tool_type,mod_lti_create_tool_type,<blank>,mod_lti_external,445,<blank>,mod_lti,moodle/site:config
update_tool_type,mod_lti_update_tool_type,<blank>,mod_lti_external,446,<blank>,mod_lti,moodle/site:config
delete_tool_type,mod_lti_delete_tool_type,<blank>,mod_lti_external,447,<blank>,mod_lti,moodle/site:config
is_cartridge,mod_lti_is_cartridge,<blank>,mod_lti_external,448,<blank>,mod_lti,moodle/site:config
view_page,mod_page_view_page,<blank>,mod_page_external,449,moodle_mobile_app,mod_page,mod/page:view
get_pages_by_courses,mod_page_get_pages_by_courses,<blank>,mod_page_external,450,moodle_mobile_app,mod_page,mod/page:view
get_quizzes_by_courses,mod_quiz_get_quizzes_by_courses,<blank>,mod_quiz_external,451,moodle_mobile_app,mod_quiz,mod/quiz:view
view_quiz,mod_quiz_view_quiz,<blank>,mod_quiz_external,452,moodle_mobile_app,mod_quiz,mod/quiz:view
get_user_attempts,mod_quiz_get_user_attempts,<blank>,mod_quiz_external,453,moodle_mobile_app,mod_quiz,mod/quiz:view
get_user_best_grade,mod_quiz_get_user_best_grade,<blank>,mod_quiz_external,454,moodle_mobile_app,mod_quiz,mod/quiz:view
get_combined_review_options,mod_quiz_get_combined_review_options,<blank>,mod_quiz_external,455,moodle_mobile_app,mod_quiz,mod/quiz:view
start_attempt,mod_quiz_start_attempt,<blank>,mod_quiz_external,456,moodle_mobile_app,mod_quiz,mod/quiz:attempt
get_attempt_data,mod_quiz_get_attempt_data,<blank>,mod_quiz_external,457,moodle_mobile_app,mod_quiz,mod/quiz:attempt
get_attempt_summary,mod_quiz_get_attempt_summary,<blank>,mod_quiz_external,458,moodle_mobile_app,mod_quiz,mod/quiz:attempt
save_attempt,mod_quiz_save_attempt,<blank>,mod_quiz_external,459,moodle_mobile_app,mod_quiz,mod/quiz:attempt
process_attempt,mod_quiz_process_attempt,<blank>,mod_quiz_external,460,moodle_mobile_app,mod_quiz,mod/quiz:attempt
get_attempt_review,mod_quiz_get_attempt_review,<blank>,mod_quiz_external,461,moodle_mobile_app,mod_quiz,mod/quiz:reviewmyattempts
view_attempt,mod_quiz_view_attempt,<blank>,mod_quiz_external,462,moodle_mobile_app,mod_quiz,mod/quiz:attempt
view_attempt_summary,mod_quiz_view_attempt_summary,<blank>,mod_quiz_external,463,moodle_mobile_app,mod_quiz,mod/quiz:attempt
view_attempt_review,mod_quiz_view_attempt_review,<blank>,mod_quiz_external,464,moodle_mobile_app,mod_quiz,mod/quiz:reviewmyattempts
get_quiz_feedback_for_grade,mod_quiz_get_quiz_feedback_for_grade,<blank>,mod_quiz_external,465,moodle_mobile_app,mod_quiz,mod/quiz:view
get_quiz_access_information,mod_quiz_get_quiz_access_information,<blank>,mod_quiz_external,466,moodle_mobile_app,mod_quiz,mod/quiz:view
get_attempt_access_information,mod_quiz_get_attempt_access_information,<blank>,mod_quiz_external,467,moodle_mobile_app,mod_quiz,mod/quiz:view
get_quiz_required_qtypes,mod_quiz_get_quiz_required_qtypes,<blank>,mod_quiz_external,468,moodle_mobile_app,mod_quiz,mod/quiz:view
view_resource,mod_resource_view_resource,<blank>,mod_resource_external,469,moodle_mobile_app,mod_resource,mod/resource:view
get_resources_by_courses,mod_resource_get_resources_by_courses,<blank>,mod_resource_external,470,moodle_mobile_app,mod_resource,mod/resource:view
view_scorm,mod_scorm_view_scorm,<blank>,mod_scorm_external,471,moodle_mobile_app,mod_scorm,<blank>
get_scorm_attempt_count,mod_scorm_get_scorm_attempt_count,<blank>,mod_scorm_external,472,moodle_mobile_app,mod_scorm,<blank>
get_scorm_scoes,mod_scorm_get_scorm_scoes,<blank>,mod_scorm_external,473,moodle_mobile_app,mod_scorm,<blank>
get_scorm_user_data,mod_scorm_get_scorm_user_data,<blank>,mod_scorm_external,474,moodle_mobile_app,mod_scorm,<blank>
insert_scorm_tracks,mod_scorm_insert_scorm_tracks,<blank>,mod_scorm_external,475,moodle_mobile_app,mod_scorm,mod/scorm:savetrack
get_scorm_sco_tracks,mod_scorm_get_scorm_sco_tracks,<blank>,mod_scorm_external,476,moodle_mobile_app,mod_scorm,<blank>
get_scorms_by_courses,mod_scorm_get_scorms_by_courses,<blank>,mod_scorm_external,477,moodle_mobile_app,mod_scorm,<blank>
launch_sco,mod_scorm_launch_sco,<blank>,mod_scorm_external,478,moodle_mobile_app,mod_scorm,<blank>
get_scorm_access_information,mod_scorm_get_scorm_access_information,<blank>,mod_scorm_external,479,moodle_mobile_app,mod_scorm,<blank>
get_surveys_by_courses,mod_survey_get_surveys_by_courses,<blank>,mod_survey_external,480,moodle_mobile_app,mod_survey,<blank>
view_survey,mod_survey_view_survey,<blank>,mod_survey_external,481,moodle_mobile_app,mod_survey,mod/survey:participate
get_questions,mod_survey_get_questions,<blank>,mod_survey_external,482,moodle_mobile_app,mod_survey,mod/survey:participate
submit_answers,mod_survey_submit_answers,<blank>,mod_survey_external,483,moodle_mobile_app,mod_survey,mod/survey:participate
view_url,mod_url_view_url,<blank>,mod_url_external,484,moodle_mobile_app,mod_url,mod/url:view
get_urls_by_courses,mod_url_get_urls_by_courses,<blank>,mod_url_external,485,moodle_mobile_app,mod_url,mod/url:view
get_wikis_by_courses,mod_wiki_get_wikis_by_courses,<blank>,mod_wiki_external,486,moodle_mobile_app,mod_wiki,mod/wiki:viewpage
view_wiki,mod_wiki_view_wiki,<blank>,mod_wiki_external,487,moodle_mobile_app,mod_wiki,mod/wiki:viewpage
view_page,mod_wiki_view_page,<blank>,mod_wiki_external,488,moodle_mobile_app,mod_wiki,mod/wiki:viewpage
get_subwikis,mod_wiki_get_subwikis,<blank>,mod_wiki_external,489,moodle_mobile_app,mod_wiki,mod/wiki:viewpage
get_subwiki_pages,mod_wiki_get_subwiki_pages,<blank>,mod_wiki_external,490,moodle_mobile_app,mod_wiki,mod/wiki:viewpage
get_subwiki_files,mod_wiki_get_subwiki_files,<blank>,mod_wiki_external,491,moodle_mobile_app,mod_wiki,mod/wiki:viewpage
get_page_contents,mod_wiki_get_page_contents,<blank>,mod_wiki_external,492,moodle_mobile_app,mod_wiki,mod/wiki:viewpage
get_page_for_editing,mod_wiki_get_page_for_editing,<blank>,mod_wiki_external,493,moodle_mobile_app,mod_wiki,mod/wiki:editpage
new_page,mod_wiki_new_page,<blank>,mod_wiki_external,494,moodle_mobile_app,mod_wiki,mod/wiki:editpage
edit_page,mod_wiki_edit_page,<blank>,mod_wiki_external,495,moodle_mobile_app,mod_wiki,mod/wiki:editpage
get_workshops_by_courses,mod_workshop_get_workshops_by_courses,<blank>,mod_workshop_external,496,moodle_mobile_app,mod_workshop,mod/workshop:view
get_workshop_access_information,mod_workshop_get_workshop_access_information,<blank>,mod_workshop_external,497,moodle_mobile_app,mod_workshop,mod/workshop:view
get_user_plan,mod_workshop_get_user_plan,<blank>,mod_workshop_external,498,moodle_mobile_app,mod_workshop,mod/workshop:view
view_workshop,mod_workshop_view_workshop,<blank>,mod_workshop_external,499,moodle_mobile_app,mod_workshop,mod/workshop:view
add_submission,mod_workshop_add_submission,<blank>,mod_workshop_external,500,moodle_mobile_app,mod_workshop,mod/workshop:submit
update_submission,mod_workshop_update_submission,<blank>,mod_workshop_external,501,moodle_mobile_app,mod_workshop,mod/workshop:submit
delete_submission,mod_workshop_delete_submission,<blank>,mod_workshop_external,502,moodle_mobile_app,mod_workshop,mod/workshop:submit
get_submissions,mod_workshop_get_submissions,<blank>,mod_workshop_external,503,moodle_mobile_app,mod_workshop,<blank>
get_submission,mod_workshop_get_submission,<blank>,mod_workshop_external,504,moodle_mobile_app,mod_workshop,<blank>
get_submission_assessments,mod_workshop_get_submission_assessments,<blank>,mod_workshop_external,505,moodle_mobile_app,mod_workshop,<blank>
get_assessment,mod_workshop_get_assessment,<blank>,mod_workshop_external,506,moodle_mobile_app,mod_workshop,<blank>
get_assessment_form_definition,mod_workshop_get_assessment_form_definition,<blank>,mod_workshop_external,507,moodle_mobile_app,mod_workshop,<blank>
get_reviewer_assessments,mod_workshop_get_reviewer_assessments,<blank>,mod_workshop_external,508,moodle_mobile_app,mod_workshop,<blank>
update_assessment,mod_workshop_update_assessment,<blank>,mod_workshop_external,509,moodle_mobile_app,mod_workshop,<blank>
get_grades,mod_workshop_get_grades,<blank>,mod_workshop_external,510,moodle_mobile_app,mod_workshop,<blank>
evaluate_assessment,mod_workshop_evaluate_assessment,<blank>,mod_workshop_external,511,moodle_mobile_app,mod_workshop,<blank>
get_grades_report,mod_workshop_get_grades_report,<blank>,mod_workshop_external,512,moodle_mobile_app,mod_workshop,<blank>
view_submission,mod_workshop_view_submission,<blank>,mod_workshop_external,513,moodle_mobile_app,mod_workshop,mod/workshop:view
evaluate_submission,mod_workshop_evaluate_submission,<blank>,mod_workshop_external,514,moodle_mobile_app,mod_workshop,<blank>
get_signup_settings,auth_email_get_signup_settings,<blank>,auth_email_external,515,<blank>,auth_email,<blank>
signup_user,auth_email_signup_user,<blank>,auth_email_external,516,<blank>,auth_email,<blank>
get_instance_info,enrol_guest_get_instance_info,<blank>,enrol_guest_external,517,moodle_mobile_app,enrol_guest,<blank>
518,enrol_manual_enrol_users,<blank>,enrol_manual_external,enrol/manual/externallib.php,enrol_users,enrol_manual,enrol/manual:enrol
519,enrol_manual_unenrol_users,<blank>,enrol_manual_external,enrol/manual/externallib.php,unenrol_users,enrol_manual,enrol/manual:unenrol
520,enrol_self_get_instance_info,moodle_mobile_app,enrol_self_external,enrol/self/externallib.php,get_instance_info,enrol_self,<blank>
521,enrol_self_enrol_user,moodle_mobile_app,enrol_self_external,enrol/self/externallib.php,enrol_user,enrol_self,<blank>
522,message_airnotifier_is_system_configured,moodle_mobile_app,message_airnotifier_external,message/output/airnotifier/externallib.php,is_system_configured,message_airnotifier,<blank>
523,message_airnotifier_are_notification_preferences_configured,moodle_mobile_app,message_airnotifier_external,message/output/airnotifier/externallib.php,are_notification_preferences_configured,message_airnotifier,<blank>
524,message_airnotifier_get_user_devices,moodle_mobile_app,message_airnotifier_external,message/output/airnotifier/externallib.php,get_user_devices,message_airnotifier,<blank>
525,message_airnotifier_enable_device,moodle_mobile_app,message_airnotifier_external,message/output/airnotifier/externallib.php,enable_device,message_airnotifier,message/airnotifier:managedevice
526,message_popup_get_popup_notifications,moodle_mobile_app,message_popup_external,message/output/popup/externallib.php,get_popup_notifications,message_popup,<blank>
527,message_popup_get_unread_popup_notification_count,moodle_mobile_app,message_popup_external,message/output/popup/externallib.php,get_unread_popup_notification_count,message_popup,<blank>
get_recent_items,block_recentlyaccesseditems_get_recent_items,<blank>,block_recentlyaccesseditems\\external,528,moodle_mobile_app,block_recentlyaccesseditems,<blank>
529,block_starredcourses_get_starred_courses,moodle_mobile_app,block_starredcourses_external,block/starredcourses/classes/external.php,get_starred_courses,block_starredcourses,<blank>
data_for_report,report_competency_data_for_report,<blank>,report_competency\\external,530,<blank>,report_competency,moodle/competency:coursecompetencyview
set_notuseful_prediction,report_insights_set_notuseful_prediction,<blank>,report_insights\\external,531,moodle_mobile_app,report_insights,<blank>
set_fixed_prediction,report_insights_set_fixed_prediction,<blank>,report_insights\\external,532,moodle_mobile_app,report_insights,<blank>
action_executed,report_insights_action_executed,<blank>,report_insights\\external,533,moodle_mobile_app,report_insights,<blank>
get_course_grades,gradereport_overview_get_course_grades,<blank>,gradereport_overview_external,534,moodle_mobile_app,gradereport_overview,<blank>
view_grade_report,gradereport_overview_view_grade_report,<blank>,gradereport_overview_external,535,moodle_mobile_app,gradereport_overview,gradereport/overview:view
536,gradereport_user_get_grades_table,moodle_mobile_app,gradereport_user_external,grade/report/user/externallib.php,get_grades_table,gradereport_user,gradereport/user:view
537,gradereport_user_view_grade_report,moodle_mobile_app,gradereport_user_external,grade/report/user/externallib.php,view_grade_report,gradereport_user,gradereport/user:view
538,gradereport_user_get_grade_items,moodle_mobile_app,gradereport_user_external,grade/report/user/externallib.php,get_grade_items,gradereport_user,gradereport/user:view
execute,gradingform_guide_grader_gradingpanel_fetch,<blank>,gradingform_guide\\grades\\grader\\gradingpanel\\external\\fetch,539,<blank>,gradingform_guide,<blank>
execute,gradingform_guide_grader_gradingpanel_store,<blank>,gradingform_guide\\grades\\grader\\gradingpanel\\external\\store,540,<blank>,gradingform_guide,<blank>
execute,gradingform_rubric_grader_gradingpanel_fetch,<blank>,gradingform_rubric\\grades\\grader\\gradingpanel\\external\\fetch,541,<blank>,gradingform_rubric,<blank>
execute,gradingform_rubric_grader_gradingpanel_store,<blank>,gradingform_rubric\\grades\\grader\\gradingpanel\\external\\store,542,<blank>,gradingform_rubric,<blank>
potential_contexts,tool_analytics_potential_contexts,<blank>,tool_analytics\\external,543,moodle_mobile_app,tool_analytics,<blank>
cancel_data_request,tool_dataprivacy_cancel_data_request,<blank>,tool_dataprivacy\\external,544,<blank>,tool_dataprivacy,<blank>
contact_dpo,tool_dataprivacy_contact_dpo,<blank>,tool_dataprivacy\\external,545,<blank>,tool_dataprivacy,<blank>
mark_complete,tool_dataprivacy_mark_complete,<blank>,tool_dataprivacy\\external,546,<blank>,tool_dataprivacy,tool/dataprivacy:managedatarequests
get_data_request,tool_dataprivacy_get_data_request,<blank>,tool_dataprivacy\\external,547,<blank>,tool_dataprivacy,tool/dataprivacy:managedatarequests
approve_data_request,tool_dataprivacy_approve_data_request,<blank>,tool_dataprivacy\\external,548,<blank>,tool_dataprivacy,tool/dataprivacy:managedatarequests
bulk_approve_data_requests,tool_dataprivacy_bulk_approve_data_requests,<blank>,tool_dataprivacy\\external,549,<blank>,tool_dataprivacy,tool/dataprivacy:managedatarequests
deny_data_request,tool_dataprivacy_deny_data_request,<blank>,tool_dataprivacy\\external,550,<blank>,tool_dataprivacy,tool/dataprivacy:managedatarequests
bulk_deny_data_requests,tool_dataprivacy_bulk_deny_data_requests,<blank>,tool_dataprivacy\\external,551,<blank>,tool_dataprivacy,tool/dataprivacy:managedatarequests
get_users,tool_dataprivacy_get_users,<blank>,tool_dataprivacy\\external,552,<blank>,tool_dataprivacy,tool/dataprivacy:managedatarequests
create_purpose_form,tool_dataprivacy_create_purpose_form,<blank>,tool_dataprivacy\\external,553,<blank>,tool_dataprivacy,<blank>
create_category_form,tool_dataprivacy_create_category_form,<blank>,tool_dataprivacy\\external,554,<blank>,tool_dataprivacy,<blank>
delete_purpose,tool_dataprivacy_delete_purpose,<blank>,tool_dataprivacy\\external,555,<blank>,tool_dataprivacy,<blank>
delete_category,tool_dataprivacy_delete_category,<blank>,tool_dataprivacy\\external,556,<blank>,tool_dataprivacy,<blank>
set_contextlevel_form,tool_dataprivacy_set_contextlevel_form,<blank>,tool_dataprivacy\\external,557,<blank>,tool_dataprivacy,<blank>
set_context_form,tool_dataprivacy_set_context_form,<blank>,tool_dataprivacy\\external,558,<blank>,tool_dataprivacy,<blank>
tree_extra_branches,tool_dataprivacy_tree_extra_branches,<blank>,tool_dataprivacy\\external,559,<blank>,tool_dataprivacy,<blank>
confirm_contexts_for_deletion,tool_dataprivacy_confirm_contexts_for_deletion,<blank>,tool_dataprivacy\\external,560,<blank>,tool_dataprivacy,<blank>
set_context_defaults,tool_dataprivacy_set_context_defaults,<blank>,tool_dataprivacy\\external,561,<blank>,tool_dataprivacy,tool/dataprivacy:managedataregistry
get_category_options,tool_dataprivacy_get_category_options,<blank>,tool_dataprivacy\\external,562,<blank>,tool_dataprivacy,tool/dataprivacy:managedataregistry
get_purpose_options,tool_dataprivacy_get_purpose_options,<blank>,tool_dataprivacy\\external,563,<blank>,tool_dataprivacy,tool/dataprivacy:managedataregistry
get_activity_options,tool_dataprivacy_get_activity_options,<blank>,tool_dataprivacy\\external,564,<blank>,tool_dataprivacy,tool/dataprivacy:managedataregistry
data_for_competency_frameworks_manage_page,tool_lp_data_for_competency_frameworks_manage_page,<blank>,tool_lp\\external,565,<blank>,tool_lp,moodle/competency:competencyview
data_for_competency_summary,tool_lp_data_for_competency_summary,<blank>,tool_lp\\external,566,<blank>,tool_lp,moodle/competency:competencyview
data_for_competencies_manage_page,tool_lp_data_for_competencies_manage_page,<blank>,tool_lp\\external,567,<blank>,tool_lp,moodle/competency:competencyview
list_courses_using_competency,tool_lp_list_courses_using_competency,<blank>,tool_lp\\external,568,<blank>,tool_lp,moodle/competency:coursecompetencyview
data_for_course_competencies_page,tool_lp_data_for_course_competencies_page,<blank>,tool_lp\\external,569,moodle_mobile_app,tool_lp,moodle/competency:coursecompetencyview
data_for_template_competencies_page,tool_lp_data_for_template_competencies_page,<blank>,tool_lp\\external,570,<blank>,tool_lp,moodle/competency:templateview
data_for_templates_manage_page,tool_lp_data_for_templates_manage_page,<blank>,tool_lp\\external,571,<blank>,tool_lp,moodle/competency:templateview
data_for_plans_page,tool_lp_data_for_plans_page,<blank>,tool_lp\\external,572,moodle_mobile_app,tool_lp,moodle/competency:planviewown
data_for_plan_page,tool_lp_data_for_plan_page,<blank>,tool_lp\\external,573,moodle_mobile_app,tool_lp,moodle/competency:planview
data_for_related_competencies_section,tool_lp_data_for_related_competencies_section,<blank>,tool_lp\\external,574,<blank>,tool_lp,moodle/competency:competencyview
search_users,tool_lp_search_users,<blank>,tool_lp\\external,575,<blank>,tool_lp,<blank>
576,tool_lp_search_cohorts,<blank>,core_cohort_external,cohort/externallib.php,search_cohorts,tool_lp,moodle/cohort:view
data_for_user_evidence_list_page,tool_lp_data_for_user_evidence_list_page,<blank>,tool_lp\\external,577,moodle_mobile_app,tool_lp,moodle/competency:userevidenceview
data_for_user_evidence_page,tool_lp_data_for_user_evidence_page,<blank>,tool_lp\\external,578,moodle_mobile_app,tool_lp,moodle/competency:userevidenceview
data_for_user_competency_summary,tool_lp_data_for_user_competency_summary,<blank>,tool_lp\\external,579,moodle_mobile_app,tool_lp,moodle/competency:planview
data_for_user_competency_summary_in_plan,tool_lp_data_for_user_competency_summary_in_plan,<blank>,tool_lp\\external,580,moodle_mobile_app,tool_lp,moodle/competency:planview
data_for_user_competency_summary_in_course,tool_lp_data_for_user_competency_summary_in_course,<blank>,tool_lp\\external,581,moodle_mobile_app,tool_lp,moodle/competency:coursecompetencyview
get_plugins_supporting_mobile,tool_mobile_get_plugins_supporting_mobile,<blank>,tool_mobile\\external,582,moodle_mobile_app,tool_mobile,<blank>
get_public_config,tool_mobile_get_public_config,<blank>,tool_mobile\\external,583,moodle_mobile_app,tool_mobile,<blank>
get_config,tool_mobile_get_config,<blank>,tool_mobile\\external,584,moodle_mobile_app,tool_mobile,<blank>
get_autologin_key,tool_mobile_get_autologin_key,<blank>,tool_mobile\\external,585,moodle_mobile_app,tool_mobile,<blank>
get_content,tool_mobile_get_content,<blank>,tool_mobile\\external,586,moodle_mobile_app,tool_mobile,<blank>
call_external_functions,tool_mobile_call_external_functions,<blank>,tool_mobile\\external,587,moodle_mobile_app,tool_mobile,<blank>
get_policy_version,tool_policy_get_policy_version,<blank>,tool_policy\\external,588,<blank>,tool_policy,<blank>
submit_accept_on_behalf,tool_policy_submit_accept_on_behalf,<blank>,tool_policy\\external,589,<blank>,tool_policy,<blank>
list_templates,tool_templatelibrary_list_templates,<blank>,tool_templatelibrary\\external,590,<blank>,tool_templatelibrary,<blank>
load_canonical_template,tool_templatelibrary_load_canonical_template,<blank>,tool_templatelibrary\\external,591,<blank>,tool_templatelibrary,<blank>
fetch_and_start_tour,tool_usertours_fetch_and_start_tour,<blank>,tool_usertours\\external\\tour,592,<blank>,tool_usertours,<blank>
step_shown,tool_usertours_step_shown,<blank>,tool_usertours\\external\\tour,593,<blank>,tool_usertours,<blank>
complete_tour,tool_usertours_complete_tour,<blank>,tool_usertours\\external\\tour,594,<blank>,tool_usertours,<blank>
reset_tour,tool_usertours_reset_tour,<blank>,tool_usertours\\external\\tour,595,<blank>,tool_usertours,<blank>
invoke_move_action,tool_xmldb_invoke_move_action,<blank>,tool_xmldb_external,596,<blank>,tool_xmldb,<blank>

