id,name,target,enabled,trained,version,contextids,indicators,timecreated,timemodified,usermodified,timesplitting,predictionsprocessor
\\core_course\\analytics\\target\\course_dropout,1589217127,0,"[""\\\\core\\\\analytics\\\\indicator\\\\any_access_after_end"",""\\\\core\\\\analytics\\\\indicator\\\\any_access_before_start"",""\\\\core\\\\analytics\\\\indicator\\\\any_write_action_in_course"",""\\\\core\\\\analytics\\\\indicator\\\\read_actions"",""\\\\core_course\\\\analytics\\\\indicator\\\\completion_enabled"",""\\\\core_course\\\\analytics\\\\indicator\\\\potential_cognitive_depth"",""\\\\core_course\\\\analytics\\\\indicator\\\\potential_social_breadth"",""\\\\mod_assign\\\\analytics\\\\indicator\\\\cognitive_depth"",""\\\\mod_assign\\\\analytics\\\\indicator\\\\social_breadth"",""\\\\mod_book\\\\analytics\\\\indicator\\\\cognitive_depth"",""\\\\mod_book\\\\analytics\\\\indicator\\\\social_breadth"",""\\\\mod_chat\\\\analytics\\\\indicator\\\\cognitive_depth"",""\\\\mod_chat\\\\analytics\\\\indicator\\\\social_breadth"",""\\\\mod_choice\\\\analytics\\\\indicator\\\\cognitive_depth"",""\\\\mod_choice\\\\analytics\\\\indicator\\\\social_breadth"",""\\\\mod_data\\\\analytics\\\\indicator\\\\cognitive_depth"",""\\\\mod_data\\\\analytics\\\\indicator\\\\social_breadth"",""\\\\mod_feedback\\\\analytics\\\\indicator\\\\cognitive_depth"",""\\\\mod_feedback\\\\analytics\\\\indicator\\\\social_breadth"",""\\\\mod_folder\\\\analytics\\\\indicator\\\\cognitive_depth"",""\\\\mod_folder\\\\analytics\\\\indicator\\\\social_breadth"",""\\\\mod_forum\\\\analytics\\\\indicator\\\\cognitive_depth"",""\\\\mod_forum\\\\analytics\\\\indicator\\\\social_breadth"",""\\\\mod_glossary\\\\analytics\\\\indicator\\\\cognitive_depth"",""\\\\mod_glossary\\\\analytics\\\\indicator\\\\social_breadth"",""\\\\mod_imscp\\\\analytics\\\\indicator\\\\cognitive_depth"",""\\\\mod_imscp\\\\analytics\\\\indicator\\\\social_breadth"",""\\\\mod_label\\\\analytics\\\\indicator\\\\cognitive_depth"",""\\\\mod_label\\\\analytics\\\\indicator\\\\social_breadth"",""\\\\mod_lesson\\\\analytics\\\\indicator\\\\cognitive_depth"",""\\\\mod_lesson\\\\analytics\\\\indicator\\\\social_breadth"",""\\\\mod_lti\\\\analytics\\\\indicator\\\\cognitive_depth"",""\\\\mod_lti\\\\analytics\\\\indicator\\\\social_breadth"",""\\\\mod_page\\\\analytics\\\\indicator\\\\cognitive_depth"",""\\\\mod_page\\\\analytics\\\\indicator\\\\social_breadth"",""\\\\mod_quiz\\\\analytics\\\\indicator\\\\cognitive_depth"",""\\\\mod_quiz\\\\analytics\\\\indicator\\\\social_breadth"",""\\\\mod_resource\\\\analytics\\\\indicator\\\\cognitive_depth"",""\\\\mod_resource\\\\analytics\\\\indicator\\\\social_breadth"",""\\\\mod_scorm\\\\analytics\\\\indicator\\\\cognitive_depth"",""\\\\mod_scorm\\\\analytics\\\\indicator\\\\social_breadth"",""\\\\mod_survey\\\\analytics\\\\indicator\\\\cognitive_depth"",""\\\\mod_survey\\\\analytics\\\\indicator\\\\social_breadth"",""\\\\mod_url\\\\analytics\\\\indicator\\\\cognitive_depth"",""\\\\mod_url\\\\analytics\\\\indicator\\\\social_breadth"",""\\\\mod_wiki\\\\analytics\\\\indicator\\\\cognitive_depth"",""\\\\mod_wiki\\\\analytics\\\\indicator\\\\social_breadth"",""\\\\mod_workshop\\\\analytics\\\\indicator\\\\cognitive_depth"",""\\\\mod_workshop\\\\analytics\\\\indicator\\\\social_breadth""]",<blank>,0,1,1589217127,0,<blank>,<blank>,<blank>,1589217127
\\core_course\\analytics\\target\\no_teaching,1589217127,\\core\\analytics\\time_splitting\\single_range,"[""\\\\core_course\\\\analytics\\\\indicator\\\\no_teacher"",""\\\\core_course\\\\analytics\\\\indicator\\\\no_student""]",<blank>,1,2,1589217127,1,0,<blank>,<blank>,1589217127
\\core_user\\analytics\\target\\upcoming_activities_due,1589217127,\\core\\analytics\\time_splitting\\upcoming_week,"[""\\\\core_course\\\\analytics\\\\indicator\\\\activities_due""]",<blank>,1,3,1589217127,1,0,<blank>,<blank>,1589217127
\\core_course\\analytics\\target\\no_access_since_course_start,1589217127,\\core\\analytics\\time_splitting\\one_month_after_start,"[""\\\\core\\\\analytics\\\\indicator\\\\any_course_access""]",<blank>,1,4,1589217127,1,0,<blank>,<blank>,1589217127
\\core_course\\analytics\\target\\no_recent_accesses,1589217127,\\core\\analytics\\time_splitting\\past_month,"[""\\\\core\\\\analytics\\\\indicator\\\\any_course_access""]",<blank>,1,5,1589217127,1,0,<blank>,<blank>,1589217127

