id,question,trueanswer,falseanswer
base64:type253:Mm13eWxkcjFtd3lsZHIxbXd5bGRyMQ==,base64:type253:Mm13eWxkcjFtd3lsZHIxbXd5bGRyMQ==,base64:type253:Mm13eWxkcjFtd3lsZHIxbXd5bGRyMQ==,base64:type253:Mm13eWxkcjFtd3lsZHIxbXd5bGRyMQ==
base64:type253:NG13eWxkcjJtd3lsZHIybXd5bGRyMw==,base64:type253:NG13eWxkcjJtd3lsZHIybXd5bGRyMw==,base64:type253:NG13eWxkcjJtd3lsZHIybXd5bGRyMw==,base64:type253:NG13eWxkcjJtd3lsZHIybXd5bGRyMw==
base64:type253:Nm13eWxkcjNtd3lsZHIzbXd5bGRyNQ==,base64:type253:Nm13eWxkcjNtd3lsZHIzbXd5bGRyNQ==,base64:type253:Nm13eWxkcjNtd3lsZHIzbXd5bGRyNQ==,base64:type253:Nm13eWxkcjNtd3lsZHIzbXd5bGRyNQ==
base64:type253:OG13eWxkcjRtd3lsZHI0bXd5bGRyNw==,base64:type253:OG13eWxkcjRtd3lsZHI0bXd5bGRyNw==,base64:type253:OG13eWxkcjRtd3lsZHI0bXd5bGRyNw==,base64:type253:OG13eWxkcjRtd3lsZHI0bXd5bGRyNw==
base64:type253:MTBtd3lsZHI1bXd5bGRyNW13eWxkcjk=,base64:type253:MTBtd3lsZHI1bXd5bGRyNW13eWxkcjk=,base64:type253:MTBtd3lsZHI1bXd5bGRyNW13eWxkcjk=,base64:type253:MTBtd3lsZHI1bXd5bGRyNW13eWxkcjk=
base64:type253:MTJtd3lsZHI2bXd5bGRyNm13eWxkcjEx,base64:type253:MTJtd3lsZHI2bXd5bGRyNm13eWxkcjEx,base64:type253:MTJtd3lsZHI2bXd5bGRyNm13eWxkcjEx,base64:type253:MTJtd3lsZHI2bXd5bGRyNm13eWxkcjEx
base64:type253:MTRtd3lsZHI3bXd5bGRyN213eWxkcjEz,base64:type253:MTRtd3lsZHI3bXd5bGRyN213eWxkcjEz,base64:type253:MTRtd3lsZHI3bXd5bGRyN213eWxkcjEz,base64:type253:MTRtd3lsZHI3bXd5bGRyN213eWxkcjEz
base64:type253:MTZtd3lsZHI4bXd5bGRyOG13eWxkcjE1,base64:type253:MTZtd3lsZHI4bXd5bGRyOG13eWxkcjE1,base64:type253:MTZtd3lsZHI4bXd5bGRyOG13eWxkcjE1,base64:type253:MTZtd3lsZHI4bXd5bGRyOG13eWxkcjE1
base64:type253:MThtd3lsZHI5bXd5bGRyOW13eWxkcjE3,base64:type253:MThtd3lsZHI5bXd5bGRyOW13eWxkcjE3,base64:type253:MThtd3lsZHI5bXd5bGRyOW13eWxkcjE3,base64:type253:MThtd3lsZHI5bXd5bGRyOW13eWxkcjE3
base64:type253:MjBtd3lsZHIxMG13eWxkcjEwbXd5bGRyMTk=,base64:type253:MjBtd3lsZHIxMG13eWxkcjEwbXd5bGRyMTk=,base64:type253:MjBtd3lsZHIxMG13eWxkcjEwbXd5bGRyMTk=,base64:type253:MjBtd3lsZHIxMG13eWxkcjEwbXd5bGRyMTk=
base64:type253:MjJtd3lsZHIxMW13eWxkcjExbXd5bGRyMjE=,base64:type253:MjJtd3lsZHIxMW13eWxkcjExbXd5bGRyMjE=,base64:type253:MjJtd3lsZHIxMW13eWxkcjExbXd5bGRyMjE=,base64:type253:MjJtd3lsZHIxMW13eWxkcjExbXd5bGRyMjE=
base64:type253:MjRtd3lsZHIxMm13eWxkcjEybXd5bGRyMjM=,base64:type253:MjRtd3lsZHIxMm13eWxkcjEybXd5bGRyMjM=,base64:type253:MjRtd3lsZHIxMm13eWxkcjEybXd5bGRyMjM=,base64:type253:MjRtd3lsZHIxMm13eWxkcjEybXd5bGRyMjM=
base64:type253:MjZtd3lsZHIxM213eWxkcjEzbXd5bGRyMjU=,base64:type253:MjZtd3lsZHIxM213eWxkcjEzbXd5bGRyMjU=,base64:type253:MjZtd3lsZHIxM213eWxkcjEzbXd5bGRyMjU=,base64:type253:MjZtd3lsZHIxM213eWxkcjEzbXd5bGRyMjU=
base64:type253:Mjhtd3lsZHIxNG13eWxkcjE0bXd5bGRyMjc=,base64:type253:Mjhtd3lsZHIxNG13eWxkcjE0bXd5bGRyMjc=,base64:type253:Mjhtd3lsZHIxNG13eWxkcjE0bXd5bGRyMjc=,base64:type253:Mjhtd3lsZHIxNG13eWxkcjE0bXd5bGRyMjc=
base64:type253:MzBtd3lsZHIxNW13eWxkcjE1bXd5bGRyMjk=,base64:type253:MzBtd3lsZHIxNW13eWxkcjE1bXd5bGRyMjk=,base64:type253:MzBtd3lsZHIxNW13eWxkcjE1bXd5bGRyMjk=,base64:type253:MzBtd3lsZHIxNW13eWxkcjE1bXd5bGRyMjk=

