id,name,sortkey,showtabs,visible,showgroup,sortorder,defaulthook,defaultmode,popupformatname
1,continuous,<blank>,"standard,category,date",1,1,<blank>,<blank>,<blank>,continuous
2,dictionary,<blank>,standard,1,1,<blank>,<blank>,<blank>,dictionary
3,encyclopedia,<blank>,"standard,category,date,author",1,1,<blank>,<blank>,<blank>,encyclopedia
4,entrylist,<blank>,"standard,category,date,author",1,1,<blank>,<blank>,<blank>,entrylist
5,faq,<blank>,"standard,category,date,author",1,1,<blank>,<blank>,<blank>,faq
6,fullwithauthor,<blank>,"standard,category,date,author",1,1,<blank>,<blank>,<blank>,fullwithauthor
7,fullwithoutauthor,<blank>,"standard,category,date",1,1,<blank>,<blank>,<blank>,fullwithoutauthor

