id,cron,name,search,lastcron,visible
1,0,assign,<blank>,0,1
2,60,assignment,<blank>,0,0
3,0,book,<blank>,0,1
4,0,chat,<blank>,0,1
5,0,choice,<blank>,0,1
6,0,data,<blank>,0,1
7,0,feedback,<blank>,0,1
8,0,folder,<blank>,0,1
9,0,forum,<blank>,0,1
10,0,glossary,<blank>,0,1
11,0,h5pactivity,<blank>,0,1
12,0,imscp,<blank>,0,1
13,0,label,<blank>,0,1
14,0,lesson,<blank>,0,1
15,0,lti,<blank>,0,1
16,0,page,<blank>,0,1
17,0,quiz,<blank>,0,1
18,0,resource,<blank>,0,1
19,0,scorm,<blank>,0,1
20,0,survey,<blank>,0,1
21,0,url,<blank>,0,1
22,0,wiki,<blank>,0,1
23,0,workshop,<blank>,0,1

