id,roleid,contextlevel
base64:type253:MTBtd3lsZHIxbXd5bGRyMQ==,base64:type253:MTBtd3lsZHIxbXd5bGRyMQ==,base64:type253:MTBtd3lsZHIxbXd5bGRyMQ==
base64:type253:MTBtd3lsZHI0bXd5bGRyMg==,base64:type253:MTBtd3lsZHI0bXd5bGRyMg==,base64:type253:MTBtd3lsZHI0bXd5bGRyMg==
base64:type253:NDBtd3lsZHIybXd5bGRyMQ==,base64:type253:NDBtd3lsZHIybXd5bGRyMQ==,base64:type253:NDBtd3lsZHIybXd5bGRyMQ==
base64:type253:NDBtd3lsZHI1bXd5bGRyMg==,base64:type253:NDBtd3lsZHI1bXd5bGRyMg==,base64:type253:NDBtd3lsZHI1bXd5bGRyMg==
base64:type253:NTBtd3lsZHIzbXd5bGRyMQ==,base64:type253:NTBtd3lsZHIzbXd5bGRyMQ==,base64:type253:NTBtd3lsZHIzbXd5bGRyMQ==
base64:type253:NTBtd3lsZHI2bXd5bGRyMw==,base64:type253:NTBtd3lsZHI2bXd5bGRyMw==,base64:type253:NTBtd3lsZHI2bXd5bGRyMw==
base64:type253:NTBtd3lsZHI4bXd5bGRyNA==,base64:type253:NTBtd3lsZHI4bXd5bGRyNA==,base64:type253:NTBtd3lsZHI4bXd5bGRyNA==
base64:type253:NTBtd3lsZHIxMG13eWxkcjU=,base64:type253:NTBtd3lsZHIxMG13eWxkcjU=,base64:type253:NTBtd3lsZHIxMG13eWxkcjU=
base64:type253:NzBtd3lsZHI3bXd5bGRyMw==,base64:type253:NzBtd3lsZHI3bXd5bGRyMw==,base64:type253:NzBtd3lsZHI3bXd5bGRyMw==
base64:type253:NzBtd3lsZHI5bXd5bGRyNA==,base64:type253:NzBtd3lsZHI5bXd5bGRyNA==,base64:type253:NzBtd3lsZHI5bXd5bGRyNA==
base64:type253:NzBtd3lsZHIxMW13eWxkcjU=,base64:type253:NzBtd3lsZHIxMW13eWxkcjU=,base64:type253:NzBtd3lsZHIxMW13eWxkcjU=

