id,conversationid,subject,customdata,useridfrom,fullmessage,timecreated,smallmessage,fullmessagehtml,fullmessagetrust,fullmessageformat
1,18,Mensaje nuevo de (David Escobedo Mel\xe9ndez),"{""notificationiconurl"":""https:\\/\\/www.certificaciones.comudeguadalajara.gob.mx\\/theme\\/image.php\\/boost\\/core\\/1592866899\\/u\\/f1"",""actionbuttons"":{""send"":""Enviar""},""placeholders"":{""send"":""Escribir un mensaje...""},""courseid"":1}",86,Hola buenas tardes,1593648639,Hola buenas tardes,<blank>,0,0
2,18,NULL,"{""actionbuttons"":{""send"":""Enviar""},""placeholders"":{""send"":""Escribir un mensaje...""},""notificationiconurl"":""https:\\/\\/www.certificaciones.comudeguadalajara.gob.mx\\/theme\\/image.php\\/boost\\/core\\/1592866899\\/u\\/f1"",""courseid"":1}",86,Ya tiene equipo?,1593648649,Ya tiene equipo?,<blank>,0,0
3,19,Mensaje nuevo de (David Escobedo Mel\xe9ndez),"{""notificationiconurl"":""https:\\/\\/www.certificaciones.comudeguadalajara.gob.mx\\/theme\\/image.php\\/boost\\/core\\/1592866899\\/u\\/f1"",""actionbuttons"":{""send"":""Enviar""},""placeholders"":{""send"":""Escribir un mensaje...""},""courseid"":1}",86,Hola Buenas tardes,1593648680,Hola Buenas tardes,<blank>,0,0
4,19,NULL,"{""actionbuttons"":{""send"":""Enviar""},""placeholders"":{""send"":""Escribir un mensaje...""},""notificationiconurl"":""https:\\/\\/www.certificaciones.comudeguadalajara.gob.mx\\/theme\\/image.php\\/boost\\/core\\/1592866899\\/u\\/f1"",""courseid"":1}",86,Ya tiene equipo?,1593648691,Ya tiene equipo?,<blank>,0,0
5,19,NULL,"{""actionbuttons"":{""send"":""Enviar""},""placeholders"":{""send"":""Escribir un mensaje...""},""notificationiconurl"":""https:\\/\\/www.certificaciones.comudeguadalajara.gob.mx\\/theme\\/image.php\\/boost\\/core\\/1592866899\\/u\\/f1"",""courseid"":1}",19,Hola,1593650001,Hola,<blank>,0,0
6,19,NULL,"{""actionbuttons"":{""send"":""Enviar""},""placeholders"":{""send"":""Escribir un mensaje...""},""notificationiconurl"":""https:\\/\\/www.certificaciones.comudeguadalajara.gob.mx\\/theme\\/image.php\\/boost\\/core\\/1592866899\\/u\\/f1"",""courseid"":1}",19,buenas tardes,1593650009,buenas tardes,<blank>,0,0
7,19,NULL,"{""actionbuttons"":{""send"":""Enviar""},""placeholders"":{""send"":""Escribir un mensaje...""},""notificationiconurl"":""https:\\/\\/www.certificaciones.comudeguadalajara.gob.mx\\/theme\\/image.php\\/boost\\/core\\/1592866899\\/u\\/f1"",""courseid"":1}",19,no sabia que pod\xedamos formar equipo,1593650032,no sabia que pod\xedamos formar equipo,<blank>,0,0
8,19,NULL,"{""actionbuttons"":{""send"":""Enviar""},""placeholders"":{""send"":""Escribir un mensaje...""},""notificationiconurl"":""https:\\/\\/www.certificaciones.comudeguadalajara.gob.mx\\/pluginfile.php\\/831\\/user\\/icon\\/boost\\/f1?rev=578"",""courseid"":1}",86,si eso indica en la pesta\xf1a de General. pero mejor preguntamos al coordinador para que nos ayude con eta din\xe0mica,1593657388,si eso indica en la pesta\xf1a de General. pero mejor preguntamos al coordinador para que nos ayude con eta din\xe0mica,<blank>,0,0
9,19,NULL,"{""actionbuttons"":{""send"":""Enviar""},""placeholders"":{""send"":""Escribir un mensaje...""},""notificationiconurl"":""https:\\/\\/www.certificaciones.comudeguadalajara.gob.mx\\/pluginfile.php\\/831\\/user\\/icon\\/boost\\/f1?rev=578"",""courseid"":1}",86,gracias por contestar el mensaje,1593657397,gracias por contestar el mensaje,<blank>,0,0
10,23,Mensaje nuevo de (Elva Georgina Rodriguez Arrollo),"{""notificationiconurl"":""https:\\/\\/www.certificaciones.comudeguadalajara.gob.mx\\/theme\\/image.php\\/boost\\/core\\/1592866899\\/u\\/f1"",""actionbuttons"":{""send"":""Enviar""},""placeholders"":{""send"":""Escribir un mensaje...""},""courseid"":1}",74,Hola,1593665220,Hola,<blank>,0,0
11,23,NULL,"{""actionbuttons"":{""send"":""Enviar""},""placeholders"":{""send"":""Escribir un mensaje...""},""notificationiconurl"":""https:\\/\\/www.certificaciones.comudeguadalajara.gob.mx\\/theme\\/image.php\\/boost\\/core\\/1592866899\\/u\\/f1"",""courseid"":1}",74,"Marco, me puedes por favor cambiar mi apellido de Arrollo con Y .  Se escribe Arroyo    Muchas gracias",1593665295,"Marco, me puedes por favor cambiar mi apellido de Arrollo con Y .  Se escribe Arroyo    Muchas gracias",<blank>,0,0
12,23,NULL,"{""actionbuttons"":{""send"":""Enviar""},""placeholders"":{""send"":""Escribir un mensaje...""},""notificationiconurl"":""https:\\/\\/www.certificaciones.comudeguadalajara.gob.mx\\/theme\\/image.php\\/boost\\/core\\/1592866899\\/u\\/f1"",""courseid"":1}",74,??,1593665319,??,<blank>,0,0
13,23,NULL,"{""actionbuttons"":{""send"":""Enviar""},""placeholders"":{""send"":""Escribir un mensaje...""},""notificationiconurl"":""https:\\/\\/www.certificaciones.comudeguadalajara.gob.mx\\/pluginfile.php\\/5\\/user\\/icon\\/boost\\/f1?rev=111"",""courseid"":1}",2,"Por supuesto, ahorita le paso la modificaci\xf3n a las chicas",1593709280,"Por supuesto, ahorita le paso la modificaci\xf3n a las chicas",<blank>,0,0
14,19,NULL,"{""actionbuttons"":{""send"":""Enviar""},""placeholders"":{""send"":""Escribir un mensaje...""},""notificationiconurl"":""https:\\/\\/www.certificaciones.comudeguadalajara.gob.mx\\/theme\\/image.php\\/boost\\/core\\/1592866899\\/u\\/f1"",""courseid"":1}",19,OK,1593711340,OK,<blank>,0,0
15,23,NULL,"{""actionbuttons"":{""send"":""Enviar""},""placeholders"":{""send"":""Escribir un mensaje...""},""notificationiconurl"":""https:\\/\\/www.certificaciones.comudeguadalajara.gob.mx\\/pluginfile.php\\/5\\/user\\/icon\\/boost\\/f1?rev=111"",""courseid"":1}",2,Listo,1593712709,Listo,<blank>,0,0
16,23,NULL,"{""actionbuttons"":{""send"":""Enviar""},""placeholders"":{""send"":""Escribir un mensaje...""},""notificationiconurl"":""https:\\/\\/www.certificaciones.comudeguadalajara.gob.mx\\/theme\\/image.php\\/boost\\/core\\/1592866899\\/u\\/f1"",""courseid"":1}",74,Gracias,1593726080,Gracias,<blank>,0,0
17,32,Mensaje nuevo de (Silvia Rodriguez),"{""notificationiconurl"":""https:\\/\\/www.certificaciones.comudeguadalajara.gob.mx\\/theme\\/image.php\\/boost\\/core\\/1592866899\\/u\\/f1"",""actionbuttons"":{""send"":""Enviar""},""placeholders"":{""send"":""Escribir un mensaje...""},""courseid"":1}",36,Hola...queria  preguntarle en cuanto tiempo califican una actividad pues ya tiene dias que mande y no tengo aun calidicacion ni retroalimentacion,1594260992,Hola...queria  preguntarle en cuanto tiempo califican una actividad pues ya tiene dias que mande y no tengo aun calidicacion ni retroalimentacion,<blank>,0,0
18,32,NULL,"{""actionbuttons"":{""send"":""Enviar""},""placeholders"":{""send"":""Escribir un mensaje...""},""notificationiconurl"":""https:\\/\\/www.certificaciones.comudeguadalajara.gob.mx\\/pluginfile.php\\/909\\/user\\/icon\\/boost\\/f1?rev=601"",""courseid"":1}",92,"Hola, buena noche.",1594261346,"Hola, buena noche.",<blank>,0,0
19,32,NULL,"{""actionbuttons"":{""send"":""Enviar""},""placeholders"":{""send"":""Escribir un mensaje...""},""notificationiconurl"":""https:\\/\\/www.certificaciones.comudeguadalajara.gob.mx\\/pluginfile.php\\/909\\/user\\/icon\\/boost\\/f1?rev=601"",""courseid"":1}",92,"El calificar a todos es un tarea un poco tediosa, por lo que les pedimos que tengan paciencia. Ya se esta trabajando en calificarlos y hacer las retroalimentaciones para su mayor aprendizaje.",1594261549,"El calificar a todos es un tarea un poco tediosa, por lo que les pedimos que tengan paciencia. Ya se esta trabajando en calificarlos y hacer las retroalimentaciones para su mayor aprendizaje.",<blank>,0,0
20,34,Mensaje nuevo de (Sofia Zerme\xf1o),"{""notificationiconurl"":""https:\\/\\/www.certificaciones.comudeguadalajara.gob.mx\\/tokenpluginfile.php\\/9f887bae23f07d3962788c0ab26aff70\\/909\\/user\\/icon\\/boost\\/f1?rev=601"",""actionbuttons"":{""send"":""Enviar""},""placeholders"":{""send"":""Escribir un mensaje...""},""courseid"":1}",92,"Buena noche Diana. Conteste a tu comentario, disculpa la tardanza.",1594264115,"Buena noche Diana. Conteste a tu comentario, disculpa la tardanza.",<blank>,0,0
21,34,NULL,"{""actionbuttons"":{""send"":""Enviar""},""placeholders"":{""send"":""Escribir un mensaje...""},""notificationiconurl"":""https:\\/\\/www.certificaciones.comudeguadalajara.gob.mx\\/pluginfile.php\\/909\\/user\\/icon\\/boost\\/f1?rev=601"",""courseid"":1}",92,"Quiero comentarte que gracias a tu envi\xf3 de la actividad a tiempo, podemos hacer comentarios antes de calificar la misma. Fue por eso que en los primeros trabajos estuve haciendo comentarios para enriquecer sus trabajos.",1594264259,"Quiero comentarte que gracias a tu envi\xf3 de la actividad a tiempo, podemos hacer comentarios antes de calificar la misma. Fue por eso que en los primeros trabajos estuve haciendo comentarios para enriquecer sus trabajos.",<blank>,0,0
22,32,NULL,"{""actionbuttons"":{""send"":""Enviar""},""placeholders"":{""send"":""Escribir un mensaje...""},""notificationiconurl"":""https:\\/\\/www.certificaciones.comudeguadalajara.gob.mx\\/theme\\/image.php\\/boost\\/core\\/1592866899\\/u\\/f1"",""courseid"":1}",36,Gracias..tendre paciencia.??,1594265801,Gracias..tendre paciencia.??,<blank>,0,0
23,18,NULL,"{""actionbuttons"":{""send"":""Enviar""},""placeholders"":{""send"":""Escribir un mensaje...""},""notificationiconurl"":""https:\\/\\/www.certificaciones.comudeguadalajara.gob.mx\\/theme\\/image.php\\/boost\\/core\\/1592866899\\/u\\/f1"",""courseid"":1}",36,Estoy viendo cin una compa\xf1era de comude zapopan...pero aun no nos ponemos.bien de acuerdo,1594265997,Estoy viendo cin una compa\xf1era de comude zapopan...pero aun no nos ponemos.bien de acuerdo,<blank>,0,0
24,34,NULL,"{""actionbuttons"":{""send"":""Enviar""},""placeholders"":{""send"":""Escribir un mensaje...""},""notificationiconurl"":""https:\\/\\/www.certificaciones.comudeguadalajara.gob.mx\\/theme\\/image.php\\/boost\\/core\\/1592866899\\/u\\/f1"",""courseid"":1}",67,"Gracias, si me quedo claro lo que no se si yo pude ser clara en como explique mi teor\xeda?,",1594272480,"Gracias, si me quedo claro lo que no se si yo pude ser clara en como explique mi teor\xeda?,",<blank>,0,0
25,34,NULL,"{""actionbuttons"":{""send"":""Enviar""},""placeholders"":{""send"":""Escribir un mensaje...""},""notificationiconurl"":""https:\\/\\/www.certificaciones.comudeguadalajara.gob.mx\\/theme\\/image.php\\/boost\\/core\\/1592866899\\/u\\/f1"",""courseid"":1}",67,gracias por t\xfa tiempo,1594272498,gracias por t\xfa tiempo,<blank>,0,0
26,34,NULL,"{""actionbuttons"":{""send"":""Enviar""},""placeholders"":{""send"":""Escribir un mensaje...""},""notificationiconurl"":""https:\\/\\/www.certificaciones.comudeguadalajara.gob.mx\\/pluginfile.php\\/909\\/user\\/icon\\/boost\\/f1?rev=601"",""courseid"":1}",92,No hay ning\xfan problema. Es un trabajo ciertamente cualitativo. Y como tal se tomara en cuenta y se calificara.,1594328761,No hay ning\xfan problema. Es un trabajo ciertamente cualitativo. Y como tal se tomara en cuenta y se calificara.,<blank>,0,0
27,18,NULL,"{""actionbuttons"":{""send"":""Enviar""},""placeholders"":{""send"":""Escribir un mensaje...""},""notificationiconurl"":""https:\\/\\/www.certificaciones.comudeguadalajara.gob.mx\\/pluginfile.php\\/831\\/user\\/icon\\/boost\\/f1?rev=578"",""courseid"":1}",86,ok me avisan y me uno,1594331747,ok me avisan y me uno,<blank>,0,0
28,18,NULL,"{""actionbuttons"":{""send"":""Enviar""},""placeholders"":{""send"":""Escribir un mensaje...""},""notificationiconurl"":""https:\\/\\/www.certificaciones.comudeguadalajara.gob.mx\\/pluginfile.php\\/831\\/user\\/icon\\/boost\\/f1?rev=578"",""courseid"":1}",86,gracias,1594331751,gracias,<blank>,0,0
29,18,NULL,"{""actionbuttons"":{""send"":""Enviar""},""placeholders"":{""send"":""Escribir un mensaje...""},""notificationiconurl"":""https:\\/\\/www.certificaciones.comudeguadalajara.gob.mx\\/theme\\/image.php\\/boost\\/core\\/1592866899\\/u\\/f1"",""courseid"":1}",36,ok...,1594338754,ok...,<blank>,0,0
30,37,Mensaje nuevo de (Silvia Moreno Mendez),"{""notificationiconurl"":""https:\\/\\/www.certificaciones.comudeguadalajara.gob.mx\\/theme\\/image.php\\/boost\\/core\\/1592866899\\/u\\/f1"",""actionbuttons"":{""send"":""Enviar""},""placeholders"":{""send"":""Escribir un mensaje...""},""courseid"":1}",72,"hola, buenas noches, me solicita ,poner bibliografia en mi tarea 1.1.",1594339618,"hola, buenas noches, me solicita ,poner bibliografia en mi tarea 1.1.",<blank>,0,0
31,37,NULL,"{""actionbuttons"":{""send"":""Enviar""},""placeholders"":{""send"":""Escribir un mensaje...""},""notificationiconurl"":""https:\\/\\/www.certificaciones.comudeguadalajara.gob.mx\\/theme\\/image.php\\/boost\\/core\\/1592866899\\/u\\/f1"",""courseid"":1}",72,es undocumento redactado con mis propias palabras,1594339639,es undocumento redactado con mis propias palabras,<blank>,0,0
32,37,NULL,"{""actionbuttons"":{""send"":""Enviar""},""placeholders"":{""send"":""Escribir un mensaje...""},""notificationiconurl"":""https:\\/\\/www.certificaciones.comudeguadalajara.gob.mx\\/theme\\/image.php\\/boost\\/core\\/1592866899\\/u\\/f1"",""courseid"":1}",72,agradezco su atencion,1594339648,agradezco su atencion,<blank>,0,0
33,37,NULL,"{""actionbuttons"":{""send"":""Enviar""},""placeholders"":{""send"":""Escribir un mensaje...""},""notificationiconurl"":""https:\\/\\/www.certificaciones.comudeguadalajara.gob.mx\\/pluginfile.php\\/909\\/user\\/icon\\/boost\\/f1?rev=601"",""courseid"":1}",92,"Hola buena tarde. Si entiendo que es un documento redactado con sus propias palabras sin embargo, fue basado en bibliograf\xeda consultada como ejemplo, los v\xeddeos y el documento agregado a la actividad.",1594340698,"Hola buena tarde. Si entiendo que es un documento redactado con sus propias palabras sin embargo, fue basado en bibliograf\xeda consultada como ejemplo, los v\xeddeos y el documento agregado a la actividad.",<blank>,0,0
34,37,NULL,"{""actionbuttons"":{""send"":""Enviar""},""placeholders"":{""send"":""Escribir un mensaje...""},""notificationiconurl"":""https:\\/\\/www.certificaciones.comudeguadalajara.gob.mx\\/pluginfile.php\\/909\\/user\\/icon\\/boost\\/f1?rev=601"",""courseid"":1}",92,Esto es solo como sugerencia para tus siguientes actividades.,1594340790,Esto es solo como sugerencia para tus siguientes actividades.,<blank>,0,0
35,37,NULL,"{""actionbuttons"":{""send"":""Enviar""},""placeholders"":{""send"":""Escribir un mensaje...""},""notificationiconurl"":""https:\\/\\/www.certificaciones.comudeguadalajara.gob.mx\\/theme\\/image.php\\/boost\\/core\\/1592866899\\/u\\/f1"",""courseid"":1}",72,"Muy bien, agradezco su retroalimetacion.",1594417321,"Muy bien, agradezco su retroalimetacion.",<blank>,0,0
36,37,NULL,"{""actionbuttons"":{""send"":""Enviar""},""placeholders"":{""send"":""Escribir un mensaje...""},""notificationiconurl"":""https:\\/\\/www.certificaciones.comudeguadalajara.gob.mx\\/theme\\/image.php\\/boost\\/core\\/1592866899\\/u\\/f1"",""courseid"":1}",72,"Buenas tardes maestra, si me alcanza el tiempo, es posible que me de la oportunidad de corregir la actividad 1.3?",1594422240,"Buenas tardes maestra, si me alcanza el tiempo, es posible que me de la oportunidad de corregir la actividad 1.3?",<blank>,0,0
37,37,NULL,"{""actionbuttons"":{""send"":""Enviar""},""placeholders"":{""send"":""Escribir un mensaje...""},""notificationiconurl"":""https:\\/\\/www.certificaciones.comudeguadalajara.gob.mx\\/pluginfile.php\\/909\\/user\\/icon\\/boost\\/f1?rev=601"",""courseid"":1}",92,"Buena tarde. Si, no hay problema.",1594424863,"Buena tarde. Si, no hay problema.",<blank>,0,0
38,37,NULL,"{""actionbuttons"":{""send"":""Enviar""},""placeholders"":{""send"":""Escribir un mensaje...""},""notificationiconurl"":""https:\\/\\/www.certificaciones.comudeguadalajara.gob.mx\\/pluginfile.php\\/909\\/user\\/icon\\/boost\\/f1?rev=601"",""courseid"":1}",92,solo le pido que por este medio me avise cuando haya adjuntado la correcci\xf3n para modificar la calificaci\xf3n.,1594424910,solo le pido que por este medio me avise cuando haya adjuntado la correcci\xf3n para modificar la calificaci\xf3n.,<blank>,0,0
39,37,NULL,"{""actionbuttons"":{""send"":""Enviar""},""placeholders"":{""send"":""Escribir un mensaje...""},""notificationiconurl"":""https:\\/\\/www.certificaciones.comudeguadalajara.gob.mx\\/pluginfile.php\\/909\\/user\\/icon\\/boost\\/f1?rev=601"",""courseid"":1}",92,"Y lo haga lo mas pronto posible, para yo tener tiempo de revisarla.",1594425036,"Y lo haga lo mas pronto posible, para yo tener tiempo de revisarla.",<blank>,0,0
40,37,NULL,"{""actionbuttons"":{""send"":""Enviar""},""placeholders"":{""send"":""Escribir un mensaje...""},""notificationiconurl"":""https:\\/\\/www.certificaciones.comudeguadalajara.gob.mx\\/pluginfile.php\\/909\\/user\\/icon\\/boost\\/f1?rev=601"",""courseid"":1}",92,Gracias,1594425038,Gracias,<blank>,0,0
41,37,NULL,"{""actionbuttons"":{""send"":""Enviar""},""placeholders"":{""send"":""Escribir un mensaje...""},""notificationiconurl"":""https:\\/\\/www.certificaciones.comudeguadalajara.gob.mx\\/theme\\/image.php\\/boost\\/core\\/1592866899\\/u\\/f1"",""courseid"":1}",72,gracias a usted,1594481539,gracias a usted,<blank>,0,0
42,30,NULL,"{""actionbuttons"":{""send"":""Enviar""},""placeholders"":{""send"":""Escribir un mensaje...""},""courseid"":1}",48,buenas tardes  no me aparece la opcion de enviar mi actividad 3.1 de flexibilidad como pudo hacer,1594678288,buenas tardes  no me aparece la opcion de enviar mi actividad 3.1 de flexibilidad como pudo hacer,<blank>,0,0
43,42,Mensaje nuevo de (Erika Rodriguez Villase\xf1or),"{""notificationiconurl"":""https:\\/\\/www.certificaciones.comudeguadalajara.gob.mx\\/theme\\/image.php\\/boost\\/core\\/1592866899\\/u\\/f1"",""actionbuttons"":{""send"":""Enviar""},""placeholders"":{""send"":""Escribir un mensaje...""},""courseid"":1}",66,Maestra:,1594692808,Maestra:,<blank>,0,0
44,42,NULL,"{""actionbuttons"":{""send"":""Enviar""},""placeholders"":{""send"":""Escribir un mensaje...""},""notificationiconurl"":""https:\\/\\/www.certificaciones.comudeguadalajara.gob.mx\\/theme\\/image.php\\/boost\\/core\\/1592866899\\/u\\/f1"",""courseid"":1}",66,Mil disculpas por el retraso y la mala calidad de mis tareas. No me justific\xf3 s\xf3lo  queria que supiera que se son de mal calidad y que de milagro las saque por problemitas pero de hoy en adelante seran completas y mejores. Muchas gracias . Maestra que tenga bonita noche?,1594693004,Mil disculpas por el retraso y la mala calidad de mis tareas. No me justific\xf3 s\xf3lo  queria que supiera que se son de mal calidad y que de milagro las saque por problemitas pero de hoy en adelante seran completas y mejores. Muchas gracias . Maestra que tenga bonita noche?,<blank>,0,0
45,44,Mensaje nuevo de (Arminda Araceli Gonzalez Garcia),"{""notificationiconurl"":""https:\\/\\/www.certificaciones.comudeguadalajara.gob.mx\\/theme\\/image.php\\/boost\\/core\\/1592866899\\/u\\/f1"",""actionbuttons"":{""send"":""Enviar""},""placeholders"":{""send"":""Escribir un mensaje...""},""courseid"":1}",68,"BUENAS NOCHES MI NOMBRE ES ARACELI GONZALEZ, UNA DISCULPA CON RESPECTO A LO DE MI TAREA ME CONFUNDI ENTENDI QUE LAS DOS TAREAS QUE SUBI ERAN LAS QUE SE TENIAN QUE ENTREGAR A MAS TARDAR EL DIA DE HOY Y ES QUE TUVE DOS SEMANAS MUY PESADAS Y PUES A ULTIMA HORA ENTREGUE LAS DOS TAREAS, CREE QUE PUEDA EL DIA DE MA\xd1ANA TODAVIA SUBIR MIS TAREAS QUE ME HACEN FALTA GRACIAS BUNEAS NOCHES Y UNA DISCULPA.",1594697165,"BUENAS NOCHES MI NOMBRE ES ARACELI GONZALEZ, UNA DISCULPA CON RESPECTO A LO DE MI TAREA ME CONFUNDI ENTENDI QUE LAS DOS TAREAS QUE SUBI ERAN LAS QUE SE TENIAN QUE ENTREGAR A MAS TARDAR EL DIA DE HOY Y ES QUE TUVE DOS SEMANAS MUY PESADAS Y PUES A ULTIMA HORA ENTREGUE LAS DOS TAREAS, CREE QUE PUEDA EL DIA DE MA\xd1ANA TODAVIA SUBIR MIS TAREAS QUE ME HACEN FALTA GRACIAS BUNEAS NOCHES Y UNA DISCULPA.",<blank>,0,0
46,19,NULL,"{""actionbuttons"":{""send"":""Enviar""},""placeholders"":{""send"":""Escribir un mensaje...""},""notificationiconurl"":""https:\\/\\/www.certificaciones.comudeguadalajara.gob.mx\\/theme\\/image.php\\/boost\\/core\\/1592866899\\/u\\/f1"",""courseid"":1}",19,Hola,1594697976,Hola,<blank>,0,0
47,19,NULL,"{""actionbuttons"":{""send"":""Enviar""},""placeholders"":{""send"":""Escribir un mensaje...""},""notificationiconurl"":""https:\\/\\/www.certificaciones.comudeguadalajara.gob.mx\\/theme\\/image.php\\/boost\\/core\\/1592866899\\/u\\/f1"",""courseid"":1}",19,"es el momento de formar los grupos para este modulo III, COMO VEZ?",1594698011,"es el momento de formar los grupos para este modulo III, COMO VEZ?",<blank>,0,0
48,19,NULL,"{""actionbuttons"":{""send"":""Enviar""},""placeholders"":{""send"":""Escribir un mensaje...""},""notificationiconurl"":""https:\\/\\/www.certificaciones.comudeguadalajara.gob.mx\\/pluginfile.php\\/831\\/user\\/icon\\/boost\\/f1?rev=578"",""courseid"":1}",86,Hola Irma,1594741127,Hola Irma,<blank>,0,0
49,19,NULL,"{""actionbuttons"":{""send"":""Enviar""},""placeholders"":{""send"":""Escribir un mensaje...""},""notificationiconurl"":""https:\\/\\/www.certificaciones.comudeguadalajara.gob.mx\\/pluginfile.php\\/831\\/user\\/icon\\/boost\\/f1?rev=578"",""courseid"":1}",86,Me apunto.. este es mi cel,1594741138,Me apunto.. este es mi cel,<blank>,0,0
50,19,NULL,"{""actionbuttons"":{""send"":""Enviar""},""placeholders"":{""send"":""Escribir un mensaje...""},""notificationiconurl"":""https:\\/\\/www.certificaciones.comudeguadalajara.gob.mx\\/pluginfile.php\\/831\\/user\\/icon\\/boost\\/f1?rev=578"",""courseid"":1}",86,3312512261,1594741140,3312512261,<blank>,0,0
51,19,NULL,"{""actionbuttons"":{""send"":""Enviar""},""placeholders"":{""send"":""Escribir un mensaje...""},""notificationiconurl"":""https:\\/\\/www.certificaciones.comudeguadalajara.gob.mx\\/pluginfile.php\\/831\\/user\\/icon\\/boost\\/f1?rev=578"",""courseid"":1}",86,"Irma quedo en espera me confime, ya tengo otro compa\xf1ero se llama Daniel Gonzalez",1594774043,"Irma quedo en espera me confime, ya tengo otro compa\xf1ero se llama Daniel Gonzalez",<blank>,0,0
52,19,NULL,"{""actionbuttons"":{""send"":""Enviar""},""placeholders"":{""send"":""Escribir un mensaje...""},""notificationiconurl"":""https:\\/\\/www.certificaciones.comudeguadalajara.gob.mx\\/theme\\/image.php\\/boost\\/core\\/1592866899\\/u\\/f1"",""courseid"":1}",19,hola,1594779869,hola,<blank>,0,0
53,19,NULL,"{""actionbuttons"":{""send"":""Enviar""},""placeholders"":{""send"":""Escribir un mensaje...""},""notificationiconurl"":""https:\\/\\/www.certificaciones.comudeguadalajara.gob.mx\\/theme\\/image.php\\/boost\\/core\\/1592866899\\/u\\/f1"",""courseid"":1}",19,Le escribo en whats  para realizar la reunion por zoom como vez ?,1594779909,Le escribo en whats  para realizar la reunion por zoom como vez ?,<blank>,0,0
54,42,NULL,"{""actionbuttons"":{""send"":""Enviar""},""placeholders"":{""send"":""Escribir un mensaje...""},""notificationiconurl"":""https:\\/\\/www.certificaciones.comudeguadalajara.gob.mx\\/pluginfile.php\\/909\\/user\\/icon\\/boost\\/f1?rev=601"",""courseid"":1}",92,"Buenas tardes. No tienes porque disculparse, lo m\xe1s importante es que ustedes al hacer las actividades y pasar los m\xf3dulos enriquezcan sus conocimientos. Estoy segura que as\xed sera.",1594845803,"Buenas tardes. No tienes porque disculparse, lo m\xe1s importante es que ustedes al hacer las actividades y pasar los m\xf3dulos enriquezcan sus conocimientos. Estoy segura que as\xed sera.",<blank>,0,0
55,42,NULL,"{""actionbuttons"":{""send"":""Enviar""},""placeholders"":{""send"":""Escribir un mensaje...""},""notificationiconurl"":""https:\\/\\/www.certificaciones.comudeguadalajara.gob.mx\\/pluginfile.php\\/909\\/user\\/icon\\/boost\\/f1?rev=601"",""courseid"":1}",92,Saludos.,1594845923,Saludos.,<blank>,0,0
56,47,Mensaje nuevo de (Elena Montes Castillo),"{""notificationiconurl"":""https:\\/\\/www.certificaciones.comudeguadalajara.gob.mx\\/theme\\/image.php\\/boost\\/core\\/1592866899\\/u\\/f1"",""actionbuttons"":{""send"":""Enviar""},""placeholders"":{""send"":""Escribir un mensaje...""},""courseid"":1}",89,hoLA,1594937184,hoLA,<blank>,0,0
57,47,NULL,"{""actionbuttons"":{""send"":""Enviar""},""placeholders"":{""send"":""Escribir un mensaje...""},""notificationiconurl"":""https:\\/\\/www.certificaciones.comudeguadalajara.gob.mx\\/theme\\/image.php\\/boost\\/core\\/1592866899\\/u\\/f1"",""courseid"":1}",89,Crayola,1594937194,Crayola,<blank>,0,0
58,34,NULL,"{""actionbuttons"":{""send"":""Enviar""},""placeholders"":{""send"":""Escribir un mensaje...""},""notificationiconurl"":""https:\\/\\/www.certificaciones.comudeguadalajara.gob.mx\\/theme\\/image.php\\/boost\\/core\\/1592866899\\/u\\/f1"",""courseid"":1}",67,"Buen d\xeda Sof\xeda, solo para comentar que el motivo por el cual no inclu\xed bibliograf\xeda en el cuestionario de la actividad 3.1  es por qu\xe9 en las indicaciones menciona que cuestionarios y crucigrama no es necesario poner bibliograf\xeda, podr\xedas acostarme ese aspecto por favor",1595035682,"Buen d\xeda Sof\xeda, solo para comentar que el motivo por el cual no inclu\xed bibliograf\xeda en el cuestionario de la actividad 3.1  es por qu\xe9 en las indicaciones menciona que cuestionarios y crucigrama no es necesario poner bibliograf\xeda, podr\xedas acostarme ese aspecto por favor",<blank>,0,0
59,48,Mensaje nuevo de (Arminda Araceli Gonzalez Garcia),"{""notificationiconurl"":""https:\\/\\/www.certificaciones.comudeguadalajara.gob.mx\\/theme\\/image.php\\/boost\\/core\\/1592866899\\/u\\/f1"",""actionbuttons"":{""send"":""Enviar""},""placeholders"":{""send"":""Escribir un mensaje...""},""courseid"":1}",68,"HOLA DIANA SOY ARACELI DEL GRUPO OYE VI QUE ESTAS EN LINEA, UNA PREGUNTA ESTOY BIEN TRAUMADA CON EL CRUCIGRAMA YA LO CONTESTASTE NO SE DE DONDE SACAR LAS RESPUESTAS ?",1595036134,"HOLA DIANA SOY ARACELI DEL GRUPO OYE VI QUE ESTAS EN LINEA, UNA PREGUNTA ESTOY BIEN TRAUMADA CON EL CRUCIGRAMA YA LO CONTESTASTE NO SE DE DONDE SACAR LAS RESPUESTAS ?",<blank>,0,0
60,49,Mensaje nuevo de (Arminda Araceli Gonzalez Garcia),"{""notificationiconurl"":""https:\\/\\/www.certificaciones.comudeguadalajara.gob.mx\\/theme\\/image.php\\/boost\\/core\\/1592866899\\/u\\/f1"",""actionbuttons"":{""send"":""Enviar""},""placeholders"":{""send"":""Escribir un mensaje...""},""courseid"":1}",68,"HOLA EVELIN BUENAS NOCHES, SOY ARACELI DE GRUPO OYE DESDE AYER ESTOY TRABAJANDO EN LO DEL CRUCIGRAMA NO SE DE DONDE SACAR LAS RESPUESTAS YA LO CONTESTASTE GRACIAS.?",1595036300,"HOLA EVELIN BUENAS NOCHES, SOY ARACELI DE GRUPO OYE DESDE AYER ESTOY TRABAJANDO EN LO DEL CRUCIGRAMA NO SE DE DONDE SACAR LAS RESPUESTAS YA LO CONTESTASTE GRACIAS.?",<blank>,0,0
61,49,NULL,"{""actionbuttons"":{""send"":""Enviar""},""placeholders"":{""send"":""Escribir un mensaje...""},""notificationiconurl"":""https:\\/\\/www.certificaciones.comudeguadalajara.gob.mx\\/theme\\/image.php\\/boost\\/core\\/1592866899\\/u\\/f1"",""courseid"":1}",27,"Hola! De hecho no la he realizado, ahora mismo estoy realizando la primera del m\xf3dulo, pero seg\xfan el t\xedtulo y las instrucciones de la 3.2 (la del crucigrama) me parece que las respuestas se sacan del documento adjunto de la actividad 3.1 ?",1595036567,"Hola! De hecho no la he realizado, ahora mismo estoy realizando la primera del m\xf3dulo, pero seg\xfan el t\xedtulo y las instrucciones de la 3.2 (la del crucigrama) me parece que las respuestas se sacan del documento adjunto de la actividad 3.1 ?",<blank>,0,0
62,49,NULL,"{""actionbuttons"":{""send"":""Enviar""},""placeholders"":{""send"":""Escribir un mensaje...""},""notificationiconurl"":""https:\\/\\/www.certificaciones.comudeguadalajara.gob.mx\\/theme\\/image.php\\/boost\\/core\\/1592866899\\/u\\/f1"",""courseid"":1}",27,Ch\xe9cale y me dices!,1595036598,Ch\xe9cale y me dices!,<blank>,0,0
63,49,NULL,"{""actionbuttons"":{""send"":""Enviar""},""placeholders"":{""send"":""Escribir un mensaje...""},""notificationiconurl"":""https:\\/\\/www.certificaciones.comudeguadalajara.gob.mx\\/theme\\/image.php\\/boost\\/core\\/1592866899\\/u\\/f1"",""courseid"":1}",27,Espero haber ayudado,1595036622,Espero haber ayudado,<blank>,0,0
64,48,NULL,"{""actionbuttons"":{""send"":""Enviar""},""placeholders"":{""send"":""Escribir un mensaje...""},""notificationiconurl"":""https:\\/\\/www.certificaciones.comudeguadalajara.gob.mx\\/theme\\/image.php\\/boost\\/core\\/1592866899\\/u\\/f1"",""courseid"":1}",67,"Jajajaj,",1595037234,"Jajajaj,",<blank>,0,0
65,48,NULL,"{""actionbuttons"":{""send"":""Enviar""},""placeholders"":{""send"":""Escribir un mensaje...""},""notificationiconurl"":""https:\\/\\/www.certificaciones.comudeguadalajara.gob.mx\\/theme\\/image.php\\/boost\\/core\\/1592866899\\/u\\/f1"",""courseid"":1}",67,"Perd\xf3n, 3312738176",1595037635,"Perd\xf3n, 3312738176",<blank>,0,0
66,48,NULL,"{""actionbuttons"":{""send"":""Enviar""},""placeholders"":{""send"":""Escribir un mensaje...""},""notificationiconurl"":""https:\\/\\/www.certificaciones.comudeguadalajara.gob.mx\\/theme\\/image.php\\/boost\\/core\\/1592866899\\/u\\/f1"",""courseid"":1}",67,whatsapp,1595037673,whatsapp,<blank>,0,0
67,49,NULL,"{""actionbuttons"":{""send"":""Enviar""},""placeholders"":{""send"":""Escribir un mensaje...""},""notificationiconurl"":""https:\\/\\/www.certificaciones.comudeguadalajara.gob.mx\\/theme\\/image.php\\/boost\\/core\\/1592866899\\/u\\/f1"",""courseid"":1}",68,A ok  gracias deja lo checo y te aviso,1595040555,A ok  gracias deja lo checo y te aviso,<blank>,0,0
68,34,NULL,"{""actionbuttons"":{""send"":""Enviar""},""placeholders"":{""send"":""Escribir un mensaje...""},""notificationiconurl"":""https:\\/\\/www.certificaciones.comudeguadalajara.gob.mx\\/pluginfile.php\\/909\\/user\\/icon\\/boost\\/f1?rev=601"",""courseid"":1}",92,Hola que tal.,1595041419,Hola que tal.,<blank>,0,0
69,34,NULL,"{""actionbuttons"":{""send"":""Enviar""},""placeholders"":{""send"":""Escribir un mensaje...""},""notificationiconurl"":""https:\\/\\/www.certificaciones.comudeguadalajara.gob.mx\\/pluginfile.php\\/909\\/user\\/icon\\/boost\\/f1?rev=601"",""courseid"":1}",92,Eso de no agregar bibliogr\xe1fica esta descrito como tal  en la actividad?,1595041705,Eso de no agregar bibliogr\xe1fica esta descrito como tal  en la actividad?,<blank>,0,0
70,34,NULL,"{""actionbuttons"":{""send"":""Enviar""},""placeholders"":{""send"":""Escribir un mensaje...""},""notificationiconurl"":""https:\\/\\/www.certificaciones.comudeguadalajara.gob.mx\\/pluginfile.php\\/909\\/user\\/icon\\/boost\\/f1?rev=601"",""courseid"":1}",92,Las recomendaciones que se les dan son para mejorar sus trabajos en todos los aspectos.,1595041802,Las recomendaciones que se les dan son para mejorar sus trabajos en todos los aspectos.,<blank>,0,0
71,34,NULL,"{""actionbuttons"":{""send"":""Enviar""},""placeholders"":{""send"":""Escribir un mensaje...""},""notificationiconurl"":""https:\\/\\/www.certificaciones.comudeguadalajara.gob.mx\\/pluginfile.php\\/909\\/user\\/icon\\/boost\\/f1?rev=601"",""courseid"":1}",92,"Comprendo que sea una actividad con sus propias palabras, sin embargo, el mencionar de donde se basa para hacer ese comentario da m\xe1s profesionalismo a sus trabajos.",1595041986,"Comprendo que sea una actividad con sus propias palabras, sin embargo, el mencionar de donde se basa para hacer ese comentario da m\xe1s profesionalismo a sus trabajos.",<blank>,0,0
72,34,NULL,"{""actionbuttons"":{""send"":""Enviar""},""placeholders"":{""send"":""Escribir un mensaje...""},""notificationiconurl"":""https:\\/\\/www.certificaciones.comudeguadalajara.gob.mx\\/pluginfile.php\\/909\\/user\\/icon\\/boost\\/f1?rev=601"",""courseid"":1}",92,"Pero si eso se le menciono, hay que respetarlo. Vuelvo a revisar su trabajo para hacer la modificaci\xf3n.",1595042102,"Pero si eso se le menciono, hay que respetarlo. Vuelvo a revisar su trabajo para hacer la modificaci\xf3n.",<blank>,0,0
73,34,NULL,"{""actionbuttons"":{""send"":""Enviar""},""placeholders"":{""send"":""Escribir un mensaje...""},""notificationiconurl"":""https:\\/\\/www.certificaciones.comudeguadalajara.gob.mx\\/theme\\/image.php\\/boost\\/core\\/1592866899\\/u\\/f1"",""courseid"":1}",67,"Gracias, pero igual en el siguiente trabajo de cuestionario agregar\xe9 la bibliograf\xeda, aunque me base en el PDF que nos proporcionaron.",1595045879,"Gracias, pero igual en el siguiente trabajo de cuestionario agregar\xe9 la bibliograf\xeda, aunque me base en el PDF que nos proporcionaron.",<blank>,0,0
74,34,NULL,"{""actionbuttons"":{""send"":""Enviar""},""placeholders"":{""send"":""Escribir un mensaje...""},""notificationiconurl"":""https:\\/\\/www.certificaciones.comudeguadalajara.gob.mx\\/theme\\/image.php\\/boost\\/core\\/1592866899\\/u\\/f1"",""courseid"":1}",67,Gracias por la observaci\xf3n,1595045903,Gracias por la observaci\xf3n,<blank>,0,0
75,51,Mensaje nuevo de (Yajaira Concepcion Gonzalez Moscoso),"{""notificationiconurl"":""https:\\/\\/www.certificaciones.comudeguadalajara.gob.mx\\/theme\\/image.php\\/boost\\/core\\/1592866899\\/u\\/f1"",""actionbuttons"":{""send"":""Enviar""},""placeholders"":{""send"":""Escribir un mensaje...""},""courseid"":1}",48,Hola de casualidad a usted le sale cual es la actividad 3.3 ya le\xed el art\xedculo en pdf pero no encuentro cu\xe1l es la actividad,1595176011,Hola de casualidad a usted le sale cual es la actividad 3.3 ya le\xed el art\xedculo en pdf pero no encuentro cu\xe1l es la actividad,<blank>,0,0
76,52,Mensaje nuevo de (David Escobedo Mel\xe9ndez),"{""notificationiconurl"":""https:\\/\\/www.certificaciones.comudeguadalajara.gob.mx\\/tokenpluginfile.php\\/c77e9408f63937e699aa7f362f6ccbb7\\/831\\/user\\/icon\\/boost\\/f1?rev=578"",""actionbuttons"":{""send"":""Enviar""},""placeholders"":{""send"":""Escribir un mensaje...""},""courseid"":1}",86,Mestra Sof\xeca buenas tardes,1595188880,Mestra Sof\xeca buenas tardes,<blank>,0,0
77,52,NULL,"{""actionbuttons"":{""send"":""Enviar""},""placeholders"":{""send"":""Escribir un mensaje...""},""notificationiconurl"":""https:\\/\\/www.certificaciones.comudeguadalajara.gob.mx\\/pluginfile.php\\/831\\/user\\/icon\\/boost\\/f1?rev=578"",""courseid"":1}",86,He enviado el audio del trabajo de la actividad 3.2,1595188935,He enviado el audio del trabajo de la actividad 3.2,<blank>,0,0
78,52,NULL,"{""actionbuttons"":{""send"":""Enviar""},""placeholders"":{""send"":""Escribir un mensaje...""},""notificationiconurl"":""https:\\/\\/www.certificaciones.comudeguadalajara.gob.mx\\/pluginfile.php\\/831\\/user\\/icon\\/boost\\/f1?rev=578"",""courseid"":1}",86,gracias,1595188938,gracias,<blank>,0,0
79,52,NULL,"{""actionbuttons"":{""send"":""Enviar""},""placeholders"":{""send"":""Escribir un mensaje...""},""notificationiconurl"":""https:\\/\\/www.certificaciones.comudeguadalajara.gob.mx\\/pluginfile.php\\/909\\/user\\/icon\\/boost\\/f1?rev=601"",""courseid"":1}",92,"Hola que tal. Ahorita lo reviso, muchas gracias.",1595189287,"Hola que tal. Ahorita lo reviso, muchas gracias.",<blank>,0,0
80,52,NULL,"{""actionbuttons"":{""send"":""Enviar""},""placeholders"":{""send"":""Escribir un mensaje...""},""notificationiconurl"":""https:\\/\\/www.certificaciones.comudeguadalajara.gob.mx\\/pluginfile.php\\/909\\/user\\/icon\\/boost\\/f1?rev=601"",""courseid"":1}",92,Saludos,1595189291,Saludos,<blank>,0,0
81,51,NULL,"{""actionbuttons"":{""send"":""Enviar""},""placeholders"":{""send"":""Escribir un mensaje...""},""notificationiconurl"":""https:\\/\\/www.certificaciones.comudeguadalajara.gob.mx\\/theme\\/image.php\\/boost\\/core\\/1592866899\\/u\\/f1"",""courseid"":1}",52,"perdon hasa hora leo tu mensaje buenos dias yajaira, la catividad 3.3. unicamente es la lectura del documento de acondicionamiento fisico de ahi te vas al esxamen es rapido no telleva mas de media hora",1595257388,"perdon hasa hora leo tu mensaje buenos dias yajaira, la catividad 3.3. unicamente es la lectura del documento de acondicionamiento fisico de ahi te vas al esxamen es rapido no telleva mas de media hora",<blank>,0,0
82,51,NULL,"{""actionbuttons"":{""send"":""Enviar""},""placeholders"":{""send"":""Escribir un mensaje...""},""notificationiconurl"":""https:\\/\\/www.certificaciones.comudeguadalajara.gob.mx\\/theme\\/image.php\\/boost\\/core\\/1592866899\\/u\\/f1"",""courseid"":1}",48,Si much\xedsimas gracias ya la hice ?,1595269839,Si much\xedsimas gracias ya la hice ?,Si much\xedsimas gracias ya la hice ?,0,1
83,51,NULL,"{""actionbuttons"":{""send"":""Enviar""},""placeholders"":{""send"":""Escribir un mensaje...""},""notificationiconurl"":""https:\\/\\/www.certificaciones.comudeguadalajara.gob.mx\\/theme\\/image.php\\/boost\\/core\\/1592866899\\/u\\/f1"",""courseid"":1}",48,Bonita tarde,1595269843,Bonita tarde,Bonita tarde,0,1
84,51,NULL,"{""actionbuttons"":{""send"":""Enviar""},""placeholders"":{""send"":""Escribir un mensaje...""},""notificationiconurl"":""https:\\/\\/www.certificaciones.comudeguadalajara.gob.mx\\/theme\\/image.php\\/boost\\/core\\/1592866899\\/u\\/f1"",""courseid"":1}",52,"ok gracias, gracias, gracias",1595272067,"ok gracias, gracias, gracias",<blank>,0,0
85,52,NULL,"{""actionbuttons"":{""send"":""Enviar""},""placeholders"":{""send"":""Escribir un mensaje...""},""notificationiconurl"":""https:\\/\\/www.certificaciones.comudeguadalajara.gob.mx\\/pluginfile.php\\/831\\/user\\/icon\\/boost\\/f1?rev=578"",""courseid"":1}",86,"Maestra Sofia buenas tardes.\nPara infomrarle que he estado haciendo las correcciones de los trabajos de los m\xf3dulos anteriores  con base a los comentarios que me ha se\xf1alado. S\xe9 que ya no tendra validez por ser un trabajo calidficado, pero me gustaria haceerlo llegar a usted para que pueda comprobar que trabaj\xe9 en las correcciones.\nquedo atento a sus comentarios.\n\nGracias",1595619485,"Maestra Sofia buenas tardes.\nPara infomrarle que he estado haciendo las correcciones de los trabajos de los m\xf3dulos anteriores  con base a los comentarios que me ha se\xf1alado. S\xe9 que ya no tendra validez por ser un trabajo calidficado, pero me gustaria haceerlo llegar a usted para que pueda comprobar que trabaj\xe9 en las correcciones.\nquedo atento a sus comentarios.\n\nGracias",<blank>,0,0
86,52,NULL,"{""actionbuttons"":{""send"":""Enviar""},""placeholders"":{""send"":""Escribir un mensaje...""},""notificationiconurl"":""https:\\/\\/www.certificaciones.comudeguadalajara.gob.mx\\/pluginfile.php\\/909\\/user\\/icon\\/boost\\/f1?rev=601"",""courseid"":1}",92,"Buenas tardes! Me toco ver en un trabajo que lo actualizaste con las correcciones, y eso me da mucho gusto que tomes en cuenta las correciones y los mejores cada vez m\xe1s",1595628293,"Buenas tardes! Me toco ver en un trabajo que lo actualizaste con las correcciones, y eso me da mucho gusto que tomes en cuenta las correciones y los mejores cada vez m\xe1s",<blank>,0,0
87,52,NULL,"{""actionbuttons"":{""send"":""Enviar""},""placeholders"":{""send"":""Escribir un mensaje...""},""notificationiconurl"":""https:\\/\\/www.certificaciones.comudeguadalajara.gob.mx\\/pluginfile.php\\/909\\/user\\/icon\\/boost\\/f1?rev=601"",""courseid"":1}",92,"Asi como lo mencionas algunos trabajos ya est\xe1n calificados, por lo mismo no modifico calificaci\xf3n.  Pero si quiero hacerte saber mi satisfacci\xf3n por tu labor y empe\xf1o.",1595628427,"Asi como lo mencionas algunos trabajos ya est\xe1n calificados, por lo mismo no modifico calificaci\xf3n.  Pero si quiero hacerte saber mi satisfacci\xf3n por tu labor y empe\xf1o.",<blank>,0,0
88,52,NULL,"{""actionbuttons"":{""send"":""Enviar""},""placeholders"":{""send"":""Escribir un mensaje...""},""notificationiconurl"":""https:\\/\\/www.certificaciones.comudeguadalajara.gob.mx\\/pluginfile.php\\/909\\/user\\/icon\\/boost\\/f1?rev=601"",""courseid"":1}",92,Gracias por coment\xe1rmelo.  Saludos,1595628518,Gracias por coment\xe1rmelo.  Saludos,<blank>,0,0
89,57,Mensaje nuevo de (Maricarmen Gardu\xf1o Vazquez),"{""notificationiconurl"":""https:\\/\\/www.certificaciones.comudeguadalajara.gob.mx\\/tokenpluginfile.php\\/51ef451c704aa7b5b12db7d25133d8d2\\/180\\/user\\/icon\\/boost\\/f1?rev=547"",""actionbuttons"":{""send"":""Enviar""},""placeholders"":{""send"":""Escribir un mensaje...""},""courseid"":1}",20,"Buenos d\xedas, profesor. Le mand\xe9 un mensaje al correo que tiene publicado (maestrosoltero@gmail.com) agradecer\xe9 si me confirma de recibido",1595861978,"Buenos d\xedas, profesor. Le mand\xe9 un mensaje al correo que tiene publicado (maestrosoltero@gmail.com) agradecer\xe9 si me confirma de recibido",<blank>,0,0
90,52,NULL,"{""actionbuttons"":{""send"":""Enviar""},""placeholders"":{""send"":""Escribir un mensaje...""},""notificationiconurl"":""https:\\/\\/www.certificaciones.comudeguadalajara.gob.mx\\/pluginfile.php\\/831\\/user\\/icon\\/boost\\/f1?rev=578"",""courseid"":1}",86,Maestra Sofia buenas trades. he adjuntado en cada modulo los trabajos corregidos. Sobre todo mi intenci\xf3n era volver a realizar el trabajo de las patologias del Modulo 1 ya que el Maestro Cesar hizo observaciones al respecto.,1595874449,Maestra Sofia buenas trades. he adjuntado en cada modulo los trabajos corregidos. Sobre todo mi intenci\xf3n era volver a realizar el trabajo de las patologias del Modulo 1 ya que el Maestro Cesar hizo observaciones al respecto.,<blank>,0,0
91,52,NULL,"{""actionbuttons"":{""send"":""Enviar""},""placeholders"":{""send"":""Escribir un mensaje...""},""notificationiconurl"":""https:\\/\\/www.certificaciones.comudeguadalajara.gob.mx\\/pluginfile.php\\/831\\/user\\/icon\\/boost\\/f1?rev=578"",""courseid"":1}",86,Mestra Sofia buenas tardes,1595874476,Mestra Sofia buenas tardes,<blank>,0,0
92,52,NULL,"{""actionbuttons"":{""send"":""Enviar""},""placeholders"":{""send"":""Escribir un mensaje...""},""notificationiconurl"":""https:\\/\\/www.certificaciones.comudeguadalajara.gob.mx\\/pluginfile.php\\/831\\/user\\/icon\\/boost\\/f1?rev=578"",""courseid"":1}",86,Maestra Sofia buenas tardes.\n\nHe enviado en cada m\xf3dulo las tareas con las correcciones que me se\xf1alaron\nMi mayor preocupaci\xf3n era el trabajo de las patolog\xedas (Modulo 1) esto por las observaciones que nos hizo llegar el Maestro Cesar \n\nGracias,1595874598,Maestra Sofia buenas tardes.\n\nHe enviado en cada m\xf3dulo las tareas con las correcciones que me se\xf1alaron\nMi mayor preocupaci\xf3n era el trabajo de las patolog\xedas (Modulo 1) esto por las observaciones que nos hizo llegar el Maestro Cesar \n\nGracias,<blank>,0,0
93,52,NULL,"{""actionbuttons"":{""send"":""Enviar""},""placeholders"":{""send"":""Escribir un mensaje...""},""notificationiconurl"":""https:\\/\\/www.certificaciones.comudeguadalajara.gob.mx\\/pluginfile.php\\/909\\/user\\/icon\\/boost\\/f1?rev=601"",""courseid"":1}",92,Buenas tardes. Reconozco tus esfuerzos y tu compromiso a corregir tus trabajos y te felicito por ello.,1595880381,Buenas tardes. Reconozco tus esfuerzos y tu compromiso a corregir tus trabajos y te felicito por ello.,<blank>,0,0
94,52,NULL,"{""actionbuttons"":{""send"":""Enviar""},""placeholders"":{""send"":""Escribir un mensaje...""},""notificationiconurl"":""https:\\/\\/www.certificaciones.comudeguadalajara.gob.mx\\/pluginfile.php\\/909\\/user\\/icon\\/boost\\/f1?rev=601"",""courseid"":1}",92,"Nosotros sabes y hemos estado observando su crecimiento, al pasa de cada m\xf3dulo, es por eso que te pido que no te preocupes,  has cumplido satisfactoriamente con tus trabajos y se reflejara en todos tus conocimientos.",1595880589,"Nosotros sabes y hemos estado observando su crecimiento, al pasa de cada m\xf3dulo, es por eso que te pido que no te preocupes,  has cumplido satisfactoriamente con tus trabajos y se reflejara en todos tus conocimientos.",<blank>,0,0
95,52,NULL,"{""actionbuttons"":{""send"":""Enviar""},""placeholders"":{""send"":""Escribir un mensaje...""},""notificationiconurl"":""https:\\/\\/www.certificaciones.comudeguadalajara.gob.mx\\/pluginfile.php\\/909\\/user\\/icon\\/boost\\/f1?rev=601"",""courseid"":1}",92,*Sabemos,1595880601,*Sabemos,<blank>,0,0
96,52,NULL,"{""actionbuttons"":{""send"":""Enviar""},""placeholders"":{""send"":""Escribir un mensaje...""},""notificationiconurl"":""https:\\/\\/www.certificaciones.comudeguadalajara.gob.mx\\/pluginfile.php\\/909\\/user\\/icon\\/boost\\/f1?rev=601"",""courseid"":1}",92,De igual manera le dar\xe9 una revisada a ese trabajo que mencionas.,1595880657,De igual manera le dar\xe9 una revisada a ese trabajo que mencionas.,<blank>,0,0
97,52,NULL,"{""actionbuttons"":{""send"":""Enviar""},""placeholders"":{""send"":""Escribir un mensaje...""},""notificationiconurl"":""https:\\/\\/www.certificaciones.comudeguadalajara.gob.mx\\/pluginfile.php\\/831\\/user\\/icon\\/boost\\/f1?rev=578"",""courseid"":1}",86,Muchas gracias Maestra,1595884413,Muchas gracias Maestra,<blank>,0,0
98,42,NULL,"{""actionbuttons"":{""send"":""Enviar""},""placeholders"":{""send"":""Escribir un mensaje...""},""notificationiconurl"":""https:\\/\\/www.certificaciones.comudeguadalajara.gob.mx\\/pluginfile.php\\/909\\/user\\/icon\\/boost\\/f1?rev=601"",""courseid"":1}",92,"Que tal. Me parece tu trabajo enviado, pero me aparece alg\xfan documento adjunto o el enlace. Podrias a\xf1adirlo aqu\xed por un comentario por favor",1597207451,"Que tal. Me parece tu trabajo enviado, pero me aparece alg\xfan documento adjunto o el enlace. Podrias a\xf1adirlo aqu\xed por un comentario por favor",<blank>,0,0
99,42,NULL,"{""actionbuttons"":{""send"":""Enviar""},""placeholders"":{""send"":""Escribir un mensaje...""},""notificationiconurl"":""https:\\/\\/www.certificaciones.comudeguadalajara.gob.mx\\/pluginfile.php\\/909\\/user\\/icon\\/boost\\/f1?rev=601"",""courseid"":1}",92,Esto rrspecto a la,1597207468,Esto rrspecto a la,<blank>,0,0
100,42,NULL,"{""actionbuttons"":{""send"":""Enviar""},""placeholders"":{""send"":""Escribir un mensaje...""},""notificationiconurl"":""https:\\/\\/www.certificaciones.comudeguadalajara.gob.mx\\/pluginfile.php\\/909\\/user\\/icon\\/boost\\/f1?rev=601"",""courseid"":1}",92,Actividad integradora,1597207485,Actividad integradora,<blank>,0,0
101,65,NULL,"{""actionbuttons"":{""send"":""Enviar""},""placeholders"":{""send"":""Escribir un mensaje...""},""courseid"":1}",106,Hola buenas tardes. Aun no han enviado el enlace para zoom de estatarde vd? lo necesito porque voy a salir de mi casa y no puedo llevar mi laptop...,1602275746,Hola buenas tardes. Aun no han enviado el enlace para zoom de estatarde vd? lo necesito porque voy a salir de mi casa y no puedo llevar mi laptop...,<blank>,0,0
102,65,NULL,"{""actionbuttons"":{""send"":""Enviar""},""placeholders"":{""send"":""Escribir un mensaje...""},""courseid"":1}",106,me conectare con el celular,1602275753,me conectare con el celular,<blank>,0,0
103,65,NULL,"{""actionbuttons"":{""send"":""Enviar""},""placeholders"":{""send"":""Escribir un mensaje...""},""courseid"":1}",106,veo que aun no abren el grupo de whatsapp... ahi podria tomar el enlace,1602275782,veo que aun no abren el grupo de whatsapp... ahi podria tomar el enlace,<blank>,0,0
104,73,Mensaje nuevo de (Sofia Nataly Zerme\xf1o Arenas),"{""notificationiconurl"":""https:\\/\\/www.certificaciones.comudeguadalajara.gob.mx\\/theme\\/image.php\\/boost\\/core\\/1592866899\\/u\\/f1"",""actionbuttons"":{""send"":""Enviar""},""placeholders"":{""send"":""Escribir un mensaje...""},""courseid"":1}",7,"Hola maestra buenas tardes, solo para comunicar que mi actividad 2.1 no la pude enviar como tarea, ya que me dec\xeda que el servidor no funcionba. por esto mismo la a\xf1adi el link en los comentarios par que puedan acceder a mi video. Si hay algun problema por favor hagamelo saber. Gracias",1603067854,"Hola maestra buenas tardes, solo para comunicar que mi actividad 2.1 no la pude enviar como tarea, ya que me dec\xeda que el servidor no funcionba. por esto mismo la a\xf1adi el link en los comentarios par que puedan acceder a mi video. Si hay algun problema por favor hagamelo saber. Gracias",<blank>,0,0
105,73,NULL,"{""actionbuttons"":{""send"":""Enviar""},""placeholders"":{""send"":""Escribir un mensaje...""},""notificationiconurl"":""https:\\/\\/www.certificaciones.comudeguadalajara.gob.mx\\/theme\\/image.php\\/boost\\/core\\/1592866899\\/u\\/f1"",""courseid"":1}",7,https://youtu.be/uYaP7TgGk3c,1603067858,https://youtu.be/uYaP7TgGk3c,<blank>,0,0
106,74,Mensaje nuevo de (Carmina Torres Torres),"{""notificationiconurl"":""https:\\/\\/www.certificaciones.comudeguadalajara.gob.mx\\/theme\\/image.php\\/boost\\/core\\/1592866899\\/u\\/f1"",""actionbuttons"":{""send"":""Enviar""},""placeholders"":{""send"":""Escribir un mensaje...""},""courseid"":1}",106,hola. ya pasaron el enlace de zoom?,1603490606,hola. ya pasaron el enlace de zoom?,<blank>,0,0
107,74,NULL,"{""actionbuttons"":{""send"":""Enviar""},""placeholders"":{""send"":""Escribir un mensaje...""},""notificationiconurl"":""https:\\/\\/www.certificaciones.comudeguadalajara.gob.mx\\/theme\\/image.php\\/boost\\/core\\/1592866899\\/u\\/f1"",""courseid"":1}",106,dice que en avisospero aun nada vd?,1603490627,dice que en avisospero aun nada vd?,<blank>,0,0
108,74,NULL,"{""actionbuttons"":{""send"":""Enviar""},""placeholders"":{""send"":""Escribir un mensaje...""},""notificationiconurl"":""https:\\/\\/www.certificaciones.comudeguadalajara.gob.mx\\/theme\\/image.php\\/boost\\/core\\/1592866899\\/u\\/f1"",""courseid"":1}",106,"Hola , si estas en el zoom",1603491114,"Hola , si estas en el zoom",<blank>,0,0
109,74,NULL,"{""actionbuttons"":{""send"":""Enviar""},""placeholders"":{""send"":""Escribir un mensaje...""},""notificationiconurl"":""https:\\/\\/www.certificaciones.comudeguadalajara.gob.mx\\/theme\\/image.php\\/boost\\/core\\/1592866899\\/u\\/f1"",""courseid"":1}",106,"les puedes decir que me acepten, ya intente dos veces y no me dejan entrar",1603491133,"les puedes decir que me acepten, ya intente dos veces y no me dejan entrar",<blank>,0,0
110,75,Mensaje nuevo de (Florencia Crystel Rivera Morales),"{""notificationiconurl"":""https:\\/\\/www.certificaciones.comudeguadalajara.gob.mx\\/theme\\/image.php\\/boost\\/core\\/1592866899\\/u\\/f1"",""actionbuttons"":{""send"":""Enviar""},""placeholders"":{""send"":""Escribir un mensaje...""},""courseid"":1}",120,Hola,1603491450,Hola,<blank>,0,0
111,75,NULL,"{""actionbuttons"":{""send"":""Enviar""},""placeholders"":{""send"":""Escribir un mensaje...""},""notificationiconurl"":""https:\\/\\/www.certificaciones.comudeguadalajara.gob.mx\\/theme\\/image.php\\/boost\\/core\\/1592866899\\/u\\/f1"",""courseid"":1}",120,Disculpa,1603491456,Disculpa,<blank>,0,0
112,75,NULL,"{""actionbuttons"":{""send"":""Enviar""},""placeholders"":{""send"":""Escribir un mensaje...""},""notificationiconurl"":""https:\\/\\/www.certificaciones.comudeguadalajara.gob.mx\\/theme\\/image.php\\/boost\\/core\\/1592866899\\/u\\/f1"",""courseid"":1}",120,estas conecatada al zoom?,1603491464,estas conecatada al zoom?,<blank>,0,0
113,76,Mensaje nuevo de (Carmina Torres Torres),"{""notificationiconurl"":""https:\\/\\/www.certificaciones.comudeguadalajara.gob.mx\\/theme\\/image.php\\/boost\\/core\\/1592866899\\/u\\/f1"",""actionbuttons"":{""send"":""Enviar""},""placeholders"":{""send"":""Escribir un mensaje...""},""courseid"":1}",106,Hola ya intente entrar varias veces a la reunion zoom de hoy y nada... solo se queda esperando,1603491489,Hola ya intente entrar varias veces a la reunion zoom de hoy y nada... solo se queda esperando,<blank>,0,0
114,77,Mensaje nuevo de (Florencia Crystel Rivera Morales),"{""notificationiconurl"":""https:\\/\\/www.certificaciones.comudeguadalajara.gob.mx\\/theme\\/image.php\\/boost\\/core\\/1592866899\\/u\\/f1"",""actionbuttons"":{""send"":""Enviar""},""placeholders"":{""send"":""Escribir un mensaje...""},""courseid"":1}",120,Hola buenas tardes,1603491552,Hola buenas tardes,<blank>,0,0
115,77,NULL,"{""actionbuttons"":{""send"":""Enviar""},""placeholders"":{""send"":""Escribir un mensaje...""},""notificationiconurl"":""https:\\/\\/www.certificaciones.comudeguadalajara.gob.mx\\/theme\\/image.php\\/boost\\/core\\/1592866899\\/u\\/f1"",""courseid"":1}",120,"Disculpe, esta conectado en la sesi\xf3n de zoom?",1603491563,"Disculpe, esta conectado en la sesi\xf3n de zoom?",<blank>,0,0
116,78,Mensaje nuevo de (Carmina Torres Torres),"{""notificationiconurl"":""https:\\/\\/www.certificaciones.comudeguadalajara.gob.mx\\/theme\\/image.php\\/boost\\/core\\/1592866899\\/u\\/f1"",""actionbuttons"":{""send"":""Enviar""},""placeholders"":{""send"":""Escribir un mensaje...""},""courseid"":1}",106,he intentado varias veces entrar a la reunion de hoy 23 de oct y solo se queda esperando...,1603491566,he intentado varias veces entrar a la reunion de hoy 23 de oct y solo se queda esperando...,<blank>,0,0
117,75,NULL,"{""actionbuttons"":{""send"":""Enviar""},""placeholders"":{""send"":""Escribir un mensaje...""},""notificationiconurl"":""https:\\/\\/www.certificaciones.comudeguadalajara.gob.mx\\/theme\\/image.php\\/boost\\/core\\/1592866899\\/u\\/f1"",""courseid"":1}",103,Hola . acabo de notar que cambiaron la fecha y fue el 21 de octubre;(,1603491626,Hola . acabo de notar que cambiaron la fecha y fue el 21 de octubre;(,<blank>,0,0
118,75,NULL,"{""actionbuttons"":{""send"":""Enviar""},""placeholders"":{""send"":""Escribir un mensaje...""},""notificationiconurl"":""https:\\/\\/www.certificaciones.comudeguadalajara.gob.mx\\/theme\\/image.php\\/boost\\/core\\/1592866899\\/u\\/f1"",""courseid"":1}",103,"Es que acced\xed, pero me aparecia que el anfitrion tendria que dar el acceso",1603491673,"Es que acced\xed, pero me aparecia que el anfitrion tendria que dar el acceso",<blank>,0,0
119,76,NULL,"{""actionbuttons"":{""send"":""Enviar""},""placeholders"":{""send"":""Escribir un mensaje...""},""notificationiconurl"":""https:\\/\\/www.certificaciones.comudeguadalajara.gob.mx\\/pluginfile.php\\/5\\/user\\/icon\\/boost\\/f1?rev=111"",""courseid"":1}",2,"Buenas tardes, podr\xedas intentar desde el siguiente invitaci\xf3n:",1603491805,"Buenas tardes, podr\xedas intentar desde el siguiente invitaci\xf3n:",<blank>,0,0
120,76,NULL,"{""actionbuttons"":{""send"":""Enviar""},""placeholders"":{""send"":""Escribir un mensaje...""},""notificationiconurl"":""https:\\/\\/www.certificaciones.comudeguadalajara.gob.mx\\/pluginfile.php\\/5\\/user\\/icon\\/boost\\/f1?rev=111"",""courseid"":1}",2,"Marcos Hernandez le est\xe1 invitando a una reuni\xf3n de Zoom programada.\n\nTema: Certificaci\xf3n Lengua de Se\xf1as Mexicano en el \xc1mbito Deportivo M\xf3dulo III\nHora: 23 oct 2020 05:00 PM Ciudad de M\xe9xico\n\nUnirse a la reuni\xf3n Zoom\nhttps://zoom.us/j/92452786679?pwd=cFZUdUNLU3NGenBZWGtvQndkczBzUT09\n\nID de reuni\xf3n: 924 5278 6679\nC\xf3digo de acceso: 069510\nM\xf3vil con un toque\n+13017158592,,92452786679#,,,,,,0#,,069510# Estados Unidos de Am\xe9rica (Germantown)\n+13126266799,,92452786679#,,,,,,0#,,069510# Estados Unidos de Am\xe9rica (Chicago)\n\nMarcar seg\xfan su ubicaci\xf3n\n        +1 301 715 8592 Estados Unidos de Am\xe9rica (Germantown)\n        +1 312 626 6799 Estados Unidos de Am\xe9rica (Chicago)\n        +1 346 248 7799 Estados Unidos de Am\xe9rica (Houston)\n        +1 646 558 8656 Estados Unidos de Am\xe9rica (New York)\n        +1 669 900 9128 Estados Unidos de Am\xe9rica (San Jose)\n        +1 253 215 8782 Estados Unidos de Am\xe9rica (Tacoma)\nID de reuni\xf3n: 924 5278 6679\nC\xf3digo de acceso: 069510\nEncuentre su n\xfamero local: https://zoom.us/u/a9r6oxvsf",1603491806,"Marcos Hernandez le est\xe1 invitando a una reuni\xf3n de Zoom programada.\n\nTema: Certificaci\xf3n Lengua de Se\xf1as Mexicano en el \xc1mbito Deportivo M\xf3dulo III\nHora: 23 oct 2020 05:00 PM Ciudad de M\xe9xico\n\nUnirse a la reuni\xf3n Zoom\nhttps://zoom.us/j/92452786679?pwd=cFZUdUNLU3NGenBZWGtvQndkczBzUT09\n\nID de reuni\xf3n: 924 5278 6679\nC\xf3digo de acceso: 069510\nM\xf3vil con un toque\n+13017158592,,92452786679#,,,,,,0#,,069510# Estados Unidos de Am\xe9rica (Germantown)\n+13126266799,,92452786679#,,,,,,0#,,069510# Estados Unidos de Am\xe9rica (Chicago)\n\nMarcar seg\xfan su ubicaci\xf3n\n        +1 301 715 8592 Estados Unidos de Am\xe9rica (Germantown)\n        +1 312 626 6799 Estados Unidos de Am\xe9rica (Chicago)\n        +1 346 248 7799 Estados Unidos de Am\xe9rica (Houston)\n        +1 646 558 8656 Estados Unidos de Am\xe9rica (New York)\n        +1 669 900 9128 Estados Unidos de Am\xe9rica (San Jose)\n        +1 253 215 8782 Estados Unidos de Am\xe9rica (Tacoma)\nID de reuni\xf3n: 924 5278 6679\nC\xf3digo de acceso: 069510\nEncuentre su n\xfamero local: https://zoom.us/u/a9r6oxvsf",<blank>,0,0
121,76,NULL,"{""actionbuttons"":{""send"":""Enviar""},""placeholders"":{""send"":""Escribir un mensaje...""},""notificationiconurl"":""https:\\/\\/www.certificaciones.comudeguadalajara.gob.mx\\/pluginfile.php\\/5\\/user\\/icon\\/boost\\/f1?rev=111"",""courseid"":1}",2,Esta es la URL https://zoom.us/j/92452786679?pwd=cFZUdUNLU3NGenBZWGtvQndkczBzUT09,1603491843,Esta es la URL https://zoom.us/j/92452786679?pwd=cFZUdUNLU3NGenBZWGtvQndkczBzUT09,<blank>,0,0
122,76,NULL,"{""actionbuttons"":{""send"":""Enviar""},""placeholders"":{""send"":""Escribir un mensaje...""},""notificationiconurl"":""https:\\/\\/www.certificaciones.comudeguadalajara.gob.mx\\/pluginfile.php\\/5\\/user\\/icon\\/boost\\/f1?rev=111"",""courseid"":1}",2,"Puedes copiar y pegar directamente en tu navegador, en la barra de direcciones",1603491858,"Puedes copiar y pegar directamente en tu navegador, en la barra de direcciones",<blank>,0,0
123,80,Mensaje nuevo de (Yolo Xochilt Cabrera Zu\xf1iga),"{""notificationiconurl"":""https:\\/\\/www.certificaciones.comudeguadalajara.gob.mx\\/theme\\/image.php\\/boost\\/core\\/1592866899\\/u\\/f1"",""actionbuttons"":{""send"":""Enviar""},""placeholders"":{""send"":""Escribir un mensaje...""},""courseid"":1}",103,Hola Lula. se cambio la sesi\xf3n de Zoom verdad?,1603491891,Hola Lula. se cambio la sesi\xf3n de Zoom verdad?,<blank>,0,0
124,76,NULL,"{""actionbuttons"":{""send"":""Enviar""},""placeholders"":{""send"":""Escribir un mensaje...""},""notificationiconurl"":""https:\\/\\/www.certificaciones.comudeguadalajara.gob.mx\\/theme\\/image.php\\/boost\\/core\\/1592866899\\/u\\/f1"",""courseid"":1}",106,ya y lo mismo... estoy en un cyber,1603491975,ya y lo mismo... estoy en un cyber,<blank>,0,0
125,76,NULL,"{""actionbuttons"":{""send"":""Enviar""},""placeholders"":{""send"":""Escribir un mensaje...""},""notificationiconurl"":""https:\\/\\/www.certificaciones.comudeguadalajara.gob.mx\\/theme\\/image.php\\/boost\\/core\\/1592866899\\/u\\/f1"",""courseid"":1}",106,tal vez sea por eso?,1603491982,tal vez sea por eso?,<blank>,0,0
126,76,NULL,"{""actionbuttons"":{""send"":""Enviar""},""placeholders"":{""send"":""Escribir un mensaje...""},""notificationiconurl"":""https:\\/\\/www.certificaciones.comudeguadalajara.gob.mx\\/theme\\/image.php\\/boost\\/core\\/1592866899\\/u\\/f1"",""courseid"":1}",106,por favor espere el anfition le perimitira ingresar.. ahi me deja,1603492018,por favor espere el anfition le perimitira ingresar.. ahi me deja,<blank>,0,0
127,76,NULL,"{""actionbuttons"":{""send"":""Enviar""},""placeholders"":{""send"":""Escribir un mensaje...""},""notificationiconurl"":""https:\\/\\/www.certificaciones.comudeguadalajara.gob.mx\\/pluginfile.php\\/5\\/user\\/icon\\/boost\\/f1?rev=111"",""courseid"":1}",2,No debe tener nada que ver,1603492259,No debe tener nada que ver,<blank>,0,0
128,76,NULL,"{""actionbuttons"":{""send"":""Enviar""},""placeholders"":{""send"":""Escribir un mensaje...""},""notificationiconurl"":""https:\\/\\/www.certificaciones.comudeguadalajara.gob.mx\\/pluginfile.php\\/5\\/user\\/icon\\/boost\\/f1?rev=111"",""courseid"":1}",2,Entonces ah\xed debes esperar,1603492341,Entonces ah\xed debes esperar,<blank>,0,0
129,76,NULL,"{""actionbuttons"":{""send"":""Enviar""},""placeholders"":{""send"":""Escribir un mensaje...""},""notificationiconurl"":""https:\\/\\/www.certificaciones.comudeguadalajara.gob.mx\\/pluginfile.php\\/5\\/user\\/icon\\/boost\\/f1?rev=111"",""courseid"":1}",2,A que el anfitri\xf3n te de acceso,1603492356,A que el anfitri\xf3n te de acceso,<blank>,0,0
130,76,NULL,"{""actionbuttons"":{""send"":""Enviar""},""placeholders"":{""send"":""Escribir un mensaje...""},""notificationiconurl"":""https:\\/\\/www.certificaciones.comudeguadalajara.gob.mx\\/theme\\/image.php\\/boost\\/core\\/1592866899\\/u\\/f1"",""courseid"":1}",106,ya intente desde mi cel y lo mismo...,1603492370,ya intente desde mi cel y lo mismo...,<blank>,0,0
131,76,NULL,"{""actionbuttons"":{""send"":""Enviar""},""placeholders"":{""send"":""Escribir un mensaje...""},""notificationiconurl"":""https:\\/\\/www.certificaciones.comudeguadalajara.gob.mx\\/theme\\/image.php\\/boost\\/core\\/1592866899\\/u\\/f1"",""courseid"":1}",106,"asi que si, es de la reunion...",1603492379,"asi que si, es de la reunion...",<blank>,0,0
132,76,NULL,"{""actionbuttons"":{""send"":""Enviar""},""placeholders"":{""send"":""Escribir un mensaje...""},""notificationiconurl"":""https:\\/\\/www.certificaciones.comudeguadalajara.gob.mx\\/theme\\/image.php\\/boost\\/core\\/1592866899\\/u\\/f1"",""courseid"":1}",106,ok,1603492383,ok,<blank>,0,0
133,77,NULL,"{""actionbuttons"":{""send"":""Enviar""},""placeholders"":{""send"":""Escribir un mensaje...""},""notificationiconurl"":""https:\\/\\/www.certificaciones.comudeguadalajara.gob.mx\\/theme\\/image.php\\/boost\\/core\\/1592866899\\/u\\/f1"",""courseid"":1}",111,hola! no me dan acceso desde hace rato..,1603492536,hola! no me dan acceso desde hace rato..,<blank>,0,0
134,75,NULL,"{""actionbuttons"":{""send"":""Enviar""},""placeholders"":{""send"":""Escribir un mensaje...""},""notificationiconurl"":""https:\\/\\/www.certificaciones.comudeguadalajara.gob.mx\\/theme\\/image.php\\/boost\\/core\\/1592866899\\/u\\/f1"",""courseid"":1}",120,"estoy igual, pues que le hacemos",1603492631,"estoy igual, pues que le hacemos",<blank>,0,0
135,76,NULL,"{""actionbuttons"":{""send"":""Enviar""},""placeholders"":{""send"":""Escribir un mensaje...""},""notificationiconurl"":""https:\\/\\/www.certificaciones.comudeguadalajara.gob.mx\\/theme\\/image.php\\/boost\\/core\\/1592866899\\/u\\/f1"",""courseid"":1}",106,espere y espere un tiempo bastante razonable... estoy aqui desde las 5 pm y ya pasan de las 5.30,1603492658,espere y espere un tiempo bastante razonable... estoy aqui desde las 5 pm y ya pasan de las 5.30,<blank>,0,0
136,77,NULL,"{""actionbuttons"":{""send"":""Enviar""},""placeholders"":{""send"":""Escribir un mensaje...""},""notificationiconurl"":""https:\\/\\/www.certificaciones.comudeguadalajara.gob.mx\\/theme\\/image.php\\/boost\\/core\\/1592866899\\/u\\/f1"",""courseid"":1}",120,"Estoy igual, pues que le hacemos, saludos!",1603492667,"Estoy igual, pues que le hacemos, saludos!",<blank>,0,0
137,76,NULL,"{""actionbuttons"":{""send"":""Enviar""},""placeholders"":{""send"":""Escribir un mensaje...""},""notificationiconurl"":""https:\\/\\/www.certificaciones.comudeguadalajara.gob.mx\\/theme\\/image.php\\/boost\\/core\\/1592866899\\/u\\/f1"",""courseid"":1}",106,alguien mas me puede dar razon de esto?,1603492682,alguien mas me puede dar razon de esto?,<blank>,0,0
138,77,NULL,"{""actionbuttons"":{""send"":""Enviar""},""placeholders"":{""send"":""Escribir un mensaje...""},""notificationiconurl"":""https:\\/\\/www.certificaciones.comudeguadalajara.gob.mx\\/theme\\/image.php\\/boost\\/core\\/1592866899\\/u\\/f1"",""courseid"":1}",111,ya le envie un mensaje a lula,1603492716,ya le envie un mensaje a lula,<blank>,0,0
139,76,NULL,"{""actionbuttons"":{""send"":""Enviar""},""placeholders"":{""send"":""Escribir un mensaje...""},""notificationiconurl"":""https:\\/\\/www.certificaciones.comudeguadalajara.gob.mx\\/pluginfile.php\\/5\\/user\\/icon\\/boost\\/f1?rev=111"",""courseid"":1}",2,Ya le inform\xe9 a la persona que est\xe1 llevando la reuni\xf3n,1603492741,Ya le inform\xe9 a la persona que est\xe1 llevando la reuni\xf3n,<blank>,0,0
140,76,NULL,"{""actionbuttons"":{""send"":""Enviar""},""placeholders"":{""send"":""Escribir un mensaje...""},""notificationiconurl"":""https:\\/\\/www.certificaciones.comudeguadalajara.gob.mx\\/theme\\/image.php\\/boost\\/core\\/1592866899\\/u\\/f1"",""courseid"":1}",106,aun no hacen o no estoy en el grupo de whatsapp.. por ese medio seria mas facill comunicarme con la maestra... porque no esta en la plataforma,1603492746,aun no hacen o no estoy en el grupo de whatsapp.. por ese medio seria mas facill comunicarme con la maestra... porque no esta en la plataforma,<blank>,0,0
141,76,NULL,"{""actionbuttons"":{""send"":""Enviar""},""placeholders"":{""send"":""Escribir un mensaje...""},""notificationiconurl"":""https:\\/\\/www.certificaciones.comudeguadalajara.gob.mx\\/pluginfile.php\\/5\\/user\\/icon\\/boost\\/f1?rev=111"",""courseid"":1}",2,desafortunadamente creo que est\xe1 muy concentrada en ella y no me hace mucho caso,1603492758,desafortunadamente creo que est\xe1 muy concentrada en ella y no me hace mucho caso,<blank>,0,0
142,76,NULL,"{""actionbuttons"":{""send"":""Enviar""},""placeholders"":{""send"":""Escribir un mensaje...""},""notificationiconurl"":""https:\\/\\/www.certificaciones.comudeguadalajara.gob.mx\\/pluginfile.php\\/5\\/user\\/icon\\/boost\\/f1?rev=111"",""courseid"":1}",2,"De cualquier manera, la reuni\xf3n se subir\xe1 en l\xednea al m\xf3dulo III para su consulta",1603492783,"De cualquier manera, la reuni\xf3n se subir\xe1 en l\xednea al m\xf3dulo III para su consulta",<blank>,0,0
143,76,NULL,"{""actionbuttons"":{""send"":""Enviar""},""placeholders"":{""send"":""Escribir un mensaje...""},""notificationiconurl"":""https:\\/\\/www.certificaciones.comudeguadalajara.gob.mx\\/pluginfile.php\\/5\\/user\\/icon\\/boost\\/f1?rev=111"",""courseid"":1}",2,como las dos anteriores,1603492788,como las dos anteriores,<blank>,0,0
144,75,NULL,"{""actionbuttons"":{""send"":""Enviar""},""placeholders"":{""send"":""Escribir un mensaje...""},""notificationiconurl"":""https:\\/\\/www.certificaciones.comudeguadalajara.gob.mx\\/theme\\/image.php\\/boost\\/core\\/1592866899\\/u\\/f1"",""courseid"":1}",103,"Ya se, ya pudiste hacer el video?",1603492849,"Ya se, ya pudiste hacer el video?",<blank>,0,0
145,75,NULL,"{""actionbuttons"":{""send"":""Enviar""},""placeholders"":{""send"":""Escribir un mensaje...""},""notificationiconurl"":""https:\\/\\/www.certificaciones.comudeguadalajara.gob.mx\\/theme\\/image.php\\/boost\\/core\\/1592866899\\/u\\/f1"",""courseid"":1}",103,Ojala que suban hoy para la retroalimentaci\xf3n y de que trato y as\xed.,1603492874,Ojala que suban hoy para la retroalimentaci\xf3n y de que trato y as\xed.,<blank>,0,0
146,76,NULL,"{""actionbuttons"":{""send"":""Enviar""},""placeholders"":{""send"":""Escribir un mensaje...""},""notificationiconurl"":""https:\\/\\/www.certificaciones.comudeguadalajara.gob.mx\\/pluginfile.php\\/5\\/user\\/icon\\/boost\\/f1?rev=111"",""courseid"":1}",2,Sobre el grupo de WhatsApp,1603492898,Sobre el grupo de WhatsApp,<blank>,0,0
147,76,NULL,"{""actionbuttons"":{""send"":""Enviar""},""placeholders"":{""send"":""Escribir un mensaje...""},""notificationiconurl"":""https:\\/\\/www.certificaciones.comudeguadalajara.gob.mx\\/pluginfile.php\\/5\\/user\\/icon\\/boost\\/f1?rev=111"",""courseid"":1}",2,en un momento pido que te den de alta,1603492905,en un momento pido que te den de alta,<blank>,0,0
148,76,NULL,"{""actionbuttons"":{""send"":""Enviar""},""placeholders"":{""send"":""Escribir un mensaje...""},""notificationiconurl"":""https:\\/\\/www.certificaciones.comudeguadalajara.gob.mx\\/theme\\/image.php\\/boost\\/core\\/1592866899\\/u\\/f1"",""courseid"":1}",106,si pero queria preguntar algo,1603492964,si pero queria preguntar algo,<blank>,0,0
149,76,NULL,"{""actionbuttons"":{""send"":""Enviar""},""placeholders"":{""send"":""Escribir un mensaje...""},""notificationiconurl"":""https:\\/\\/www.certificaciones.comudeguadalajara.gob.mx\\/theme\\/image.php\\/boost\\/core\\/1592866899\\/u\\/f1"",""courseid"":1}",106,del grupo whatsapp mande hace uuuuu mi numero,1603492981,del grupo whatsapp mande hace uuuuu mi numero,<blank>,0,0
150,76,NULL,"{""actionbuttons"":{""send"":""Enviar""},""placeholders"":{""send"":""Escribir un mensaje...""},""notificationiconurl"":""https:\\/\\/www.certificaciones.comudeguadalajara.gob.mx\\/theme\\/image.php\\/boost\\/core\\/1592866899\\/u\\/f1"",""courseid"":1}",106,gracias,1603492993,gracias,<blank>,0,0
151,76,NULL,"{""actionbuttons"":{""send"":""Enviar""},""placeholders"":{""send"":""Escribir un mensaje...""},""notificationiconurl"":""https:\\/\\/www.certificaciones.comudeguadalajara.gob.mx\\/theme\\/image.php\\/boost\\/core\\/1592866899\\/u\\/f1"",""courseid"":1}",106,no me dejo entrar desde las 5pm,1603493014,no me dejo entrar desde las 5pm,<blank>,0,0
152,76,NULL,"{""actionbuttons"":{""send"":""Enviar""},""placeholders"":{""send"":""Escribir un mensaje...""},""notificationiconurl"":""https:\\/\\/www.certificaciones.comudeguadalajara.gob.mx\\/theme\\/image.php\\/boost\\/core\\/1592866899\\/u\\/f1"",""courseid"":1}",106,no es que yo haya llegado tarde,1603493025,no es que yo haya llegado tarde,<blank>,0,0
153,76,NULL,"{""actionbuttons"":{""send"":""Enviar""},""placeholders"":{""send"":""Escribir un mensaje...""},""notificationiconurl"":""https:\\/\\/www.certificaciones.comudeguadalajara.gob.mx\\/pluginfile.php\\/5\\/user\\/icon\\/boost\\/f1?rev=111"",""courseid"":1}",2,Ya lo report\xe9,1603493029,Ya lo report\xe9,<blank>,0,0
154,76,NULL,"{""actionbuttons"":{""send"":""Enviar""},""placeholders"":{""send"":""Escribir un mensaje...""},""notificationiconurl"":""https:\\/\\/www.certificaciones.comudeguadalajara.gob.mx\\/theme\\/image.php\\/boost\\/core\\/1592866899\\/u\\/f1"",""courseid"":1}",106,hay manera de que me atiendan dudas fuera de la videoconferencia?,1603493143,hay manera de que me atiendan dudas fuera de la videoconferencia?,<blank>,0,0
155,76,NULL,"{""actionbuttons"":{""send"":""Enviar""},""placeholders"":{""send"":""Escribir un mensaje...""},""notificationiconurl"":""https:\\/\\/www.certificaciones.comudeguadalajara.gob.mx\\/pluginfile.php\\/5\\/user\\/icon\\/boost\\/f1?rev=111"",""courseid"":1}",2,"Por supuesto, en el grupo de WhatsApp, usted puede preguntar a la maestra",1603493167,"Por supuesto, en el grupo de WhatsApp, usted puede preguntar a la maestra",<blank>,0,0
156,76,NULL,"{""actionbuttons"":{""send"":""Enviar""},""placeholders"":{""send"":""Escribir un mensaje...""},""notificationiconurl"":""https:\\/\\/www.certificaciones.comudeguadalajara.gob.mx\\/pluginfile.php\\/5\\/user\\/icon\\/boost\\/f1?rev=111"",""courseid"":1}",2,"todas sus inquietudes,",1603493171,"todas sus inquietudes,",<blank>,0,0
157,76,NULL,"{""actionbuttons"":{""send"":""Enviar""},""placeholders"":{""send"":""Escribir un mensaje...""},""notificationiconurl"":""https:\\/\\/www.certificaciones.comudeguadalajara.gob.mx\\/pluginfile.php\\/5\\/user\\/icon\\/boost\\/f1?rev=111"",""courseid"":1}",2,"ese es el Fin, en un momento la agregan al grupo",1603493180,"ese es el Fin, en un momento la agregan al grupo",<blank>,0,0
158,76,NULL,"{""actionbuttons"":{""send"":""Enviar""},""placeholders"":{""send"":""Escribir un mensaje...""},""notificationiconurl"":""https:\\/\\/www.certificaciones.comudeguadalajara.gob.mx\\/theme\\/image.php\\/boost\\/core\\/1592866899\\/u\\/f1"",""courseid"":1}",106,solo falta que me agreguen por favor,1603493198,solo falta que me agreguen por favor,<blank>,0,0
159,76,NULL,"{""actionbuttons"":{""send"":""Enviar""},""placeholders"":{""send"":""Escribir un mensaje...""},""notificationiconurl"":""https:\\/\\/www.certificaciones.comudeguadalajara.gob.mx\\/theme\\/image.php\\/boost\\/core\\/1592866899\\/u\\/f1"",""courseid"":1}",106,que frustrante que no pude entrar a la reunion....,1603493228,que frustrante que no pude entrar a la reunion....,<blank>,0,0
160,76,NULL,"{""actionbuttons"":{""send"":""Enviar""},""placeholders"":{""send"":""Escribir un mensaje...""},""notificationiconurl"":""https:\\/\\/www.certificaciones.comudeguadalajara.gob.mx\\/theme\\/image.php\\/boost\\/core\\/1592866899\\/u\\/f1"",""courseid"":1}",106,la vez pasada no servia el internet. ora sirve y no me dejan entrar,1603493248,la vez pasada no servia el internet. ora sirve y no me dejan entrar,<blank>,0,0
161,76,NULL,"{""actionbuttons"":{""send"":""Enviar""},""placeholders"":{""send"":""Escribir un mensaje...""},""notificationiconurl"":""https:\\/\\/www.certificaciones.comudeguadalajara.gob.mx\\/theme\\/image.php\\/boost\\/core\\/1592866899\\/u\\/f1"",""courseid"":1}",106,"gracias ya complete la hora de cyber, mucho gusto, buen fin de semana",1603493292,"gracias ya complete la hora de cyber, mucho gusto, buen fin de semana",<blank>,0,0
162,74,NULL,"{""actionbuttons"":{""send"":""Enviar""},""placeholders"":{""send"":""Escribir un mensaje...""},""notificationiconurl"":""https:\\/\\/www.certificaciones.comudeguadalajara.gob.mx\\/theme\\/image.php\\/boost\\/core\\/1592866899\\/u\\/f1"",""courseid"":1}",104,lo siento hasta ahorita vi los mensajes,1603494184,lo siento hasta ahorita vi los mensajes,<blank>,0,0
163,84,Mensaje nuevo de (Elba Patricia Rodr\xedguez Maciel),"{""notificationiconurl"":""https:\\/\\/www.certificaciones.comudeguadalajara.gob.mx\\/theme\\/image.php\\/boost\\/core\\/1603999363\\/u\\/f1"",""actionbuttons"":{""send"":""Enviar""},""placeholders"":{""send"":""Escribir un mensaje...""},""courseid"":1}",121,"Hola maestro mi nombre es Elba Patricia Rodr\xedguez Maciel, estoy inscrita a la certificaci\xf3n de actividad f\xedsica en adultos mayores, por causas q se me salieron de control por salud m\xeda y de mis padres, no pude entregar en tiempo y forma las actividades requeridas, por q le pido amablemente una prologa para su entrega, le pido si puedo entregarme al grupo de waths app",1604185010,"Hola maestro mi nombre es Elba Patricia Rodr\xedguez Maciel, estoy inscrita a la certificaci\xf3n de actividad f\xedsica en adultos mayores, por causas q se me salieron de control por salud m\xeda y de mis padres, no pude entregar en tiempo y forma las actividades requeridas, por q le pido amablemente una prologa para su entrega, le pido si puedo entregarme al grupo de waths app",<blank>,0,0
164,84,NULL,"{""actionbuttons"":{""send"":""Enviar""},""placeholders"":{""send"":""Escribir un mensaje...""},""notificationiconurl"":""https:\\/\\/www.certificaciones.comudeguadalajara.gob.mx\\/theme\\/image.php\\/boost\\/core\\/1603999363\\/u\\/f1"",""courseid"":1}",121,Mi n\xfamero es 3318466368,1604185026,Mi n\xfamero es 3318466368,<blank>,0,0
165,84,NULL,"{""actionbuttons"":{""send"":""Enviar""},""placeholders"":{""send"":""Escribir un mensaje...""},""notificationiconurl"":""https:\\/\\/www.certificaciones.comudeguadalajara.gob.mx\\/theme\\/image.php\\/boost\\/core\\/1603999363\\/u\\/f1"",""courseid"":1}",121,Perd\xf3n 3317466368,1604185040,Perd\xf3n 3317466368,<blank>,0,0
166,78,NULL,"{""actionbuttons"":{""send"":""Enviar""},""placeholders"":{""send"":""Escribir un mensaje...""},""notificationiconurl"":""https:\\/\\/www.certificaciones.comudeguadalajara.gob.mx\\/theme\\/image.php\\/boost\\/core\\/1603999363\\/u\\/f1"",""courseid"":1}",106,"Buenos d\xedas Lula.. veo que aun no me revisan la act- 4.3 Resumen ""El tiempo es oro""",1606223635,"Buenos d\xedas Lula.. veo que aun no me revisan la act- 4.3 Resumen ""El tiempo es oro""",<blank>,0,0
167,78,NULL,"{""actionbuttons"":{""send"":""Enviar""},""placeholders"":{""send"":""Escribir un mensaje...""},""notificationiconurl"":""https:\\/\\/www.certificaciones.comudeguadalajara.gob.mx\\/theme\\/image.php\\/boost\\/core\\/1603999363\\/u\\/f1"",""courseid"":1}",106,"y si aun me falta la ultima act pero no se si podre presentarla... deje pasar mucho tiempo, he tenido enfermos en casa y bue... no valen pretextos :(",1606223678,"y si aun me falta la ultima act pero no se si podre presentarla... deje pasar mucho tiempo, he tenido enfermos en casa y bue... no valen pretextos :(",<blank>,0,0
168,78,NULL,"{""actionbuttons"":{""send"":""Enviar""},""placeholders"":{""send"":""Escribir un mensaje...""},""notificationiconurl"":""https:\\/\\/www.certificaciones.comudeguadalajara.gob.mx\\/theme\\/image.php\\/boost\\/core\\/1603999363\\/u\\/f1"",""courseid"":1}",106,"buenos d\xedas Lula, yo pague 400 pesos por el curso.. me dar\xe1n alguna constancia?",1606924359,"buenos d\xedas Lula, yo pague 400 pesos por el curso.. me dar\xe1n alguna constancia?",<blank>,0,0

