id,enabled,pluginname,plugintype,xmlrpcpath,functionname
1,1,mnet,auth,auth/mnet/auth.php/user_authorise,user_authorise
2,1,mnet,auth,auth/mnet/auth.php/keepalive_server,keepalive_server
3,1,mnet,auth,auth/mnet/auth.php/kill_children,kill_children
4,1,mnet,auth,auth/mnet/auth.php/refresh_log,refresh_log
5,1,mnet,auth,auth/mnet/auth.php/fetch_user_image,fetch_user_image
6,1,mnet,auth,auth/mnet/auth.php/fetch_theme_info,fetch_theme_info
7,1,mnet,auth,auth/mnet/auth.php/update_enrolments,update_enrolments
8,1,mnet,auth,auth/mnet/auth.php/keepalive_client,keepalive_client
9,1,mnet,auth,auth/mnet/auth.php/kill_child,kill_child
10,1,mnet,enrol,enrol/mnet/enrol.php/available_courses,available_courses
11,1,mnet,enrol,enrol/mnet/enrol.php/user_enrolments,user_enrolments
12,1,mnet,enrol,enrol/mnet/enrol.php/enrol_user,enrol_user
13,1,mnet,enrol,enrol/mnet/enrol.php/unenrol_user,unenrol_user
14,1,mnet,enrol,enrol/mnet/enrol.php/course_enrolments,course_enrolments
15,1,mahara,portfolio,portfolio/mahara/lib.php/send_content_intent,send_content_intent
16,1,mahara,portfolio,portfolio/mahara/lib.php/send_content_ready,send_content_ready

