id,assignment,onlinetext,submission,onlineformat
80,9,"<p dir=""ltr"" style=""text-align:left;"">Se debe verificar los rangos de movilidad y motricidad de todo el cuerpo del alumno as\xed como ver qu\xe9 patolog\xedas tiene y ver su cheque\xf3 m\xe9dico para ver qu\xe9 ejercicios ser\xedan los adecuados.</p>",1475,1
81,9,"<p dir=""ltr"" style=""text-align: left;""><p><b><span lang=""ES"">\xbf</span></b><b><span lang=""ES"">Qu\xe9 procesos se requieren realizar antes\r\nde comenzar con el ejercicio f\xedsico y entrenamiento de fuerza en el adulto\r\nmayor?</span></b></p>\r\n\r\n<p><b><span lang=""ES"">\xa0</span></b></p>\r\n\r\n<p><b><span lang=""ES"">Hacer\r\nuna entrevista previa para preguntar al adulto mayor si tiene alguna enfermedad\r\ncr\xf3nica degenerativa o padece alguna patolog\xeda.</span></b></p>\r\n\r\n<p><b><span lang=""ES"">Checar\r\nel rango de movimiento que tiene, antes de incrementar el aumento de cualquier\r\ncarga.</span></b></p>\r\n\r\n<p><b><span lang=""ES"">Y\r\nchecar la motricidad: como tiene su marcha, su movimiento y lateralidad.</span></b></p><br></p>",1523,1
82,9,"<p dir=""ltr"" style=""text-align: left;"">\xbf Que proceso se requiere antes de empezar con el ejercisio fisico y entrenamiento del Adulto mayor?\xa0</p><p dir=""ltr"" style=""text-align: left;"">R= hacer una entrevista previa, analisis de rasgo de movimiento, motrizidad de movimiento (marcha y lateralidades) checar q tipo de patologia tienen y hacer un expediente.\xa0</p>",1529,1

