id,field,mtable,action,module,component
1,"CONCAT(firstname, ' ', lastname)",user,user report,course,moodle
2,fullname,course,view,course,moodle
3,name,course_sections,view section,course,moodle
4,fullname,course,update,course,moodle
5,fullname,course,hide,course,moodle
6,fullname,course,show,course,moodle
7,fullname,course,move,course,moodle
8,fullname,course,enrol,course,moodle
9,fullname,course,unenrol,course,moodle
10,fullname,course,report log,course,moodle
11,fullname,course,report live,course,moodle
12,fullname,course,report outline,course,moodle
13,fullname,course,report participation,course,moodle
14,fullname,course,report stats,course,moodle
15,name,course_categories,add,category,moodle
16,name,course_categories,hide,category,moodle
17,name,course_categories,move,category,moodle
18,name,course_categories,show,category,moodle
19,name,course_categories,update,category,moodle
20,"CONCAT(firstname, ' ', lastname)",user,write,message,moodle
21,"CONCAT(firstname, ' ', lastname)",user,read,message,moodle
22,"CONCAT(firstname, ' ', lastname)",user,add contact,message,moodle
23,"CONCAT(firstname, ' ', lastname)",user,remove contact,message,moodle
24,"CONCAT(firstname, ' ', lastname)",user,block contact,message,moodle
25,"CONCAT(firstname, ' ', lastname)",user,unblock contact,message,moodle
26,name,groups,view,group,moodle
27,name,tag,update,tag,moodle
28,name,tag,flag,tag,moodle
29,"CONCAT(firstname, ' ', lastname)",user,view,user,moodle
30,name,assign,add,assign,mod_assign
31,name,assign,delete mod,assign,mod_assign
32,name,assign,download all submissions,assign,mod_assign
33,name,assign,grade submission,assign,mod_assign
34,name,assign,lock submission,assign,mod_assign
35,name,assign,reveal identities,assign,mod_assign
36,name,assign,revert submission to draft,assign,mod_assign
37,name,assign,set marking workflow state,assign,mod_assign
38,name,assign,submission statement accepted,assign,mod_assign
39,name,assign,submit,assign,mod_assign
40,name,assign,submit for grading,assign,mod_assign
41,name,assign,unlock submission,assign,mod_assign
42,name,assign,update,assign,mod_assign
43,name,assign,upload,assign,mod_assign
44,name,assign,view,assign,mod_assign
45,fullname,course,view all,assign,mod_assign
46,name,assign,view confirm submit assignment form,assign,mod_assign
47,name,assign,view grading form,assign,mod_assign
48,name,assign,view submission,assign,mod_assign
49,name,assign,view submission grading table,assign,mod_assign
50,name,assign,view submit assignment form,assign,mod_assign
51,name,assign,view feedback,assign,mod_assign
52,name,assign,view batch set marking workflow state,assign,mod_assign
53,name,assignment,view,assignment,mod_assignment
54,name,assignment,add,assignment,mod_assignment
55,name,assignment,update,assignment,mod_assignment
56,name,assignment,view submission,assignment,mod_assignment
57,name,assignment,upload,assignment,mod_assignment
58,name,book,add,book,mod_book
59,name,book,update,book,mod_book
60,name,book,view,book,mod_book
61,title,book_chapters,add chapter,book,mod_book
62,title,book_chapters,update chapter,book,mod_book
63,title,book_chapters,view chapter,book,mod_book
64,name,chat,view,chat,mod_chat
65,name,chat,add,chat,mod_chat
66,name,chat,update,chat,mod_chat
67,name,chat,report,chat,mod_chat
68,name,chat,talk,chat,mod_chat
69,name,choice,view,choice,mod_choice
70,name,choice,update,choice,mod_choice
71,name,choice,add,choice,mod_choice
72,name,choice,report,choice,mod_choice
73,name,choice,choose,choice,mod_choice
74,name,choice,choose again,choice,mod_choice
75,name,data,view,data,mod_data
76,name,data,add,data,mod_data
77,name,data,update,data,mod_data
78,name,data,record delete,data,mod_data
79,name,data_fields,fields add,data,mod_data
80,name,data_fields,fields update,data,mod_data
81,name,data,templates saved,data,mod_data
82,name,data,templates def,data,mod_data
83,name,feedback,startcomplete,feedback,mod_feedback
84,name,feedback,submit,feedback,mod_feedback
85,name,feedback,delete,feedback,mod_feedback
86,name,feedback,view,feedback,mod_feedback
87,shortname,course,view all,feedback,mod_feedback
88,name,folder,view,folder,mod_folder
89,name,folder,view all,folder,mod_folder
90,name,folder,update,folder,mod_folder
91,name,folder,add,folder,mod_folder
92,name,forum,add,forum,mod_forum
93,name,forum,update,forum,mod_forum
94,name,forum_discussions,add discussion,forum,mod_forum
95,subject,forum_posts,add post,forum,mod_forum
96,subject,forum_posts,update post,forum,mod_forum
97,"CONCAT(firstname, ' ', lastname)",user,user report,forum,mod_forum
98,name,forum_discussions,move discussion,forum,mod_forum
99,name,forum,view subscribers,forum,mod_forum
100,name,forum_discussions,view discussion,forum,mod_forum
101,name,forum,view forum,forum,mod_forum
102,name,forum,subscribe,forum,mod_forum
103,name,forum,unsubscribe,forum,mod_forum
104,name,forum_discussions,pin discussion,forum,mod_forum
105,name,forum_discussions,unpin discussion,forum,mod_forum
106,name,glossary,add,glossary,mod_glossary
107,name,glossary,update,glossary,mod_glossary
108,name,glossary,view,glossary,mod_glossary
109,name,glossary,view all,glossary,mod_glossary
110,name,glossary,add entry,glossary,mod_glossary
111,name,glossary,update entry,glossary,mod_glossary
112,name,glossary,add category,glossary,mod_glossary
113,name,glossary,update category,glossary,mod_glossary
114,name,glossary,delete category,glossary,mod_glossary
115,name,glossary,approve entry,glossary,mod_glossary
116,name,glossary,disapprove entry,glossary,mod_glossary
117,concept,glossary_entries,view entry,glossary,mod_glossary
118,name,imscp,view,imscp,mod_imscp
119,name,imscp,view all,imscp,mod_imscp
120,name,imscp,update,imscp,mod_imscp
121,name,imscp,add,imscp,mod_imscp
122,name,label,add,label,mod_label
123,name,label,update,label,mod_label
124,name,lesson,start,lesson,mod_lesson
125,name,lesson,end,lesson,mod_lesson
126,title,lesson_pages,view,lesson,mod_lesson
127,name,lti,view,lti,mod_lti
128,name,lti,launch,lti,mod_lti
129,name,lti,view all,lti,mod_lti
130,name,page,view,page,mod_page
131,name,page,view all,page,mod_page
132,name,page,update,page,mod_page
133,name,page,add,page,mod_page
134,name,quiz,add,quiz,mod_quiz
135,name,quiz,update,quiz,mod_quiz
136,name,quiz,view,quiz,mod_quiz
137,name,quiz,report,quiz,mod_quiz
138,name,quiz,attempt,quiz,mod_quiz
139,name,quiz,submit,quiz,mod_quiz
140,name,quiz,review,quiz,mod_quiz
141,name,quiz,editquestions,quiz,mod_quiz
142,name,quiz,preview,quiz,mod_quiz
143,name,quiz,start attempt,quiz,mod_quiz
144,name,quiz,close attempt,quiz,mod_quiz
145,name,quiz,continue attempt,quiz,mod_quiz
146,name,quiz,edit override,quiz,mod_quiz
147,name,quiz,delete override,quiz,mod_quiz
148,name,quiz,view summary,quiz,mod_quiz
149,name,resource,view,resource,mod_resource
150,name,resource,view all,resource,mod_resource
151,name,resource,update,resource,mod_resource
152,name,resource,add,resource,mod_resource
153,name,scorm,view,scorm,mod_scorm
154,name,scorm,review,scorm,mod_scorm
155,name,scorm,update,scorm,mod_scorm
156,name,scorm,add,scorm,mod_scorm
157,name,survey,add,survey,mod_survey
158,name,survey,update,survey,mod_survey
159,name,survey,download,survey,mod_survey
160,name,survey,view form,survey,mod_survey
161,name,survey,view graph,survey,mod_survey
162,name,survey,view report,survey,mod_survey
163,name,survey,submit,survey,mod_survey
164,name,url,view,url,mod_url
165,name,url,view all,url,mod_url
166,name,url,update,url,mod_url
167,name,url,add,url,mod_url
168,name,workshop,add,workshop,mod_workshop
169,name,workshop,update,workshop,mod_workshop
170,name,workshop,view,workshop,mod_workshop
171,name,workshop,view all,workshop,mod_workshop
172,title,workshop_submissions,add submission,workshop,mod_workshop
173,title,workshop_submissions,update submission,workshop,mod_workshop
174,title,workshop_submissions,view submission,workshop,mod_workshop
175,title,workshop_submissions,add assessment,workshop,mod_workshop
176,title,workshop_submissions,update assessment,workshop,mod_workshop
177,title,workshop_submissions,add example,workshop,mod_workshop
178,title,workshop_submissions,update example,workshop,mod_workshop
179,title,workshop_submissions,view example,workshop,mod_workshop
180,title,workshop_submissions,add reference assessment,workshop,mod_workshop
181,title,workshop_submissions,update reference assessment,workshop,mod_workshop
182,title,workshop_submissions,add example assessment,workshop,mod_workshop
183,title,workshop_submissions,update example assessment,workshop,mod_workshop
184,name,workshop,update aggregate grades,workshop,mod_workshop
185,name,workshop,update clear aggregated grades,workshop,mod_workshop
186,name,workshop,update clear assessments,workshop,mod_workshop
187,name,book,exportimscp,book,booktool_exportimscp
188,name,book,print,book,booktool_print
189,title,book_chapters,print chapter,book,booktool_print

