id,itemid,userid,contextid,content,format,component,commentarea,timecreated
2,61,36,29,Aun no lo revisan?,0,assignsubmission_comments,submission_comments,1593730243
3,215,36,30,me parecio un poco pesado hacer esta actividad.,0,assignsubmission_comments,submission_comments,1593830143
4,85,37,29,Hola muy buenos d\xedas acabo de checar la conferencia de zoom que tuvieron y estoy comenzando hacer las modificaciones que se\xf1alan en el v\xeddeo porque nunca me llego la invitaci\xf3n para la asistencia a la junta. Espero recibir respuesta de si esta bien as\xed o hay algo por modificar. Gracias ,0,assignsubmission_comments,submission_comments,1593959600
5,234,37,30,Hola buenos d\xedas quisiera saber si habr\xeda alguna modificaci\xf3n en mi tarea o algo mas por agregarle. \nDe antemano Gracias.,0,assignsubmission_comments,submission_comments,1593959892
6,259,18,29,Utilice esta p\xe1gina como referencia para citar estilo APA\nhttps://normasapa.in/,0,assignsubmission_comments,submission_comments,1593994699
7,77,92,29,"Buena tarde. \nGracias por el env\xedo temprano de tu trabajo, esto nos facilita m\xe1s la revisi\xf3n del mismo.  \nAntes de poner una calificaci\xf3n final, me gustar\xeda que revisaras los criterios que se les pidieron en los trabajos, los que se encuentran en avisos  y bienvenida. \nAsi como me gustaria que enriquecieras m\xe1s tu trabajo describiendo con tus propias palabras LA TEOR\xcdA DEL ENVEJECIMIENTO. \n\nEste es un medio por el que podemos interactuar para  y enriquecer tu trabajo. ",0,assignsubmission_comments,submission_comments,1594063580
9,145,92,29,"Buena tarde. \nGracias por el env\xedo temprano de tu trabajo, esto nos facilita m\xe1s la revisi\xf3n del mismo.  \nAntes de poner una calificaci\xf3n final, me gustar\xeda que a\xf1adieras a tu trabajo, una explicaci\xf3n sobre la TEOR\xcdA DEL ENVEJECIMIENTO, con tu propias palabras. \nEsto pata enriquecer tu trabajo. ",0,assignsubmission_comments,submission_comments,1594065430
10,98,92,29,"Buena tarde. \nGracias por el env\xedo temprano de tu trabajo, esto nos facilita m\xe1s la revisi\xf3n del mismo.  \nAntes de poner una calificaci\xf3n final, me gustar\xeda que revisaras los criterios que se les pidieron en los trabajos, los que se encuentran en avisos y bienvenida. \nAs\xed como me gustar\xeda que a\xf1adieras con tus propias palabras una breve explicaci\xf3n sobre la TEORIA DEL ENVEJECIMIENTO. \nEsto para enriquecer tu trabajo ",0,assignsubmission_comments,submission_comments,1594066232
11,258,92,29,"Buena tarde. \nGracias por el env\xedo temprano de tu trabajo, esto nos facilita m\xe1s la revisi\xf3n del mismo.  \nAntes de poner una calificaci\xf3n final, me gustar\xeda que revisaras los criterios que se les pidieron en los trabajos, los que se encuentran en avisos y bienvenida. \nPara enriquecer tu trabajo ",0,assignsubmission_comments,submission_comments,1594069398
12,216,92,29,"Buena tarde. \nGracias por el env\xedo temprano de tu trabajo, esto nos facilita m\xe1s la revisi\xf3n del mismo.  \nAntes de poner una calificaci\xf3n final, me gustar\xeda que revisaras los criterios que se les pidieron en los trabajos, los que se encuentran en avisos y bienvenida. \nAs\xed como a\xf1adir una breve explicaci\xf3n sobre la TEORIA DEL ENVEJECIMIENTO, con tus propias palabras. \nEsto para enriquecer tu trabajo ",0,assignsubmission_comments,submission_comments,1594069724
13,199,92,29,"Buena tarde. \nGracias por el env\xedo temprano de tu trabajo, esto nos facilita m\xe1s la revisi\xf3n del mismo.  \nAntes de poner una calificaci\xf3n final, me gustar\xeda que revisaras los criterios que se les pidieron en los trabajos, los que se encuentran en avisos y bienvenida. \nEsto para enriquecer tu trabajo ",0,assignsubmission_comments,submission_comments,1594069845
14,260,92,30,"Buena tarde. \nRevisar por favor el trabajo, ya que el cuestionario esta sin contestar ",0,assignsubmission_comments,submission_comments,1594077478
15,277,92,31,"Buena tarde. \nGracias por el env\xedo temprano de tu trabajo, esto nos facilita m\xe1s la revisi\xf3n del mismo.  \nAntes de poner una calificaci\xf3n final, me gustar\xeda que revisaras los criterios que se les pidieron en los trabajos, los que se encuentran en el apartado de avisos y bienvenida. \nEsto para enriquecer tu trabajo.  ",0,assignsubmission_comments,submission_comments,1594079678
16,188,92,29,"Buena tarde. \nAntes de poner una calificaci\xf3n final, me gustar\xeda que en tu trabajo  a\xf1adieras una explicaci\xf3n con tus propias palabras sobre la TEORIA DEL ENVEJECIMIENTO. \nPuedes ayudarte d\xe1ndote una idea con los v\xeddeos que se muestran en el M\xd3DULO 1",0,assignsubmission_comments,submission_comments,1594161446
18,145,67,29,"Buena tarde Sof\xeda, perd\xf3n, no me queda claro, quiere decir que lo que entregue, no corresponde a una explicaci\xf3n sobre la teor\xeda del envejecimiento? pues de lo que le\xed en conjunto con la revisi\xf3n de otras bibliografias ese es el concepto que yo redacte.\nTe agradecer\xeda si pudieras orientarme al respecto, para si tuviera que modificarlo hacerlo con tiempo.\nGracias, espero tu pronta respuesta\n",0,assignsubmission_comments,submission_comments,1594163737
19,217,92,31,"Buena tarde. \nAntes de poner una calificaci\xf3n final, me gustar\xeda que revisaras los criterios que se les pidieron en los trabajos, los que se encuentran en el apartado de avisos y bienvenida. Esto para enriquecer tu trabajo. ",0,assignsubmission_comments,submission_comments,1594165753
20,331,37,35,Hola buenas noches no me aparece la opci\xf3n para poder enviar mi actividad 2.1 como puedo resolver esto. \nAyuda...,0,assignsubmission_comments,submission_comments,1594180903
21,215,36,30,la reenvie en formato modificado,0,assignsubmission_comments,submission_comments,1594233408
22,26,3,29,"Qu\xe9 tal Fernando, gracias por enviar tu tarea con prontitud. perm\xedteme hacerte algunos comentario para resaltar tu contenido; me gustar\xeda mucho que lo que escribiste pudieses referenciarlo, poner el o los autores donde sacaste la idea. de esta forma estar\xe1 m\xe1s completo tu trabajo. gracias!\n",0,assignsubmission_comments,submission_comments,1594245908
23,11,3,29,"Hola Karla, es el primer trabajo, muy bien por ponerle portada. sin embargo, fue muy limitada la exposici\xf3n de tus ideas y no fundamentaste nada de lo poco que escribiste.\ngracias por ser de las primeras que manda la tarea. y por lo mismo te invito a que robustezcas m\xe1s la misma. gracias!\n",0,assignsubmission_comments,submission_comments,1594245946
24,122,3,29,"Te felicito, cumples a satisfacci\xf3n con lo solicitado. ",0,assignsubmission_comments,submission_comments,1594245955
25,100,3,29,Quedo satisfecho con tu tarea. muy bien.,0,assignsubmission_comments,submission_comments,1594246074
26,50,3,29,"Recuerda que la perspectiva individual puede llevarnos al empirismo, lo que mecesitamos es fundamentar las ideas con la teor\xeda de diversos autores que ya han escrito y realizado investigaciones del tema de adulto mayor. sin embargo, es bueno tu trabajo, aunque falt\xf3 referenciar los pensamientos que citaste.",0,assignsubmission_comments,submission_comments,1594246254
27,73,3,29,"Hay que buscar la forma de referenciar de acuerdo a APA, ya que como lo citaste no es lo requerido. sin embargo, reconozco el contenido de tu trabajo.",0,assignsubmission_comments,submission_comments,1594246419
28,86,3,29,"Excelente trabajo M\xf3nica, te felicito.",0,assignsubmission_comments,submission_comments,1594246530
29,259,3,29,"Muy bien, lo m\xe1s importante es tu contenido. buen trabajo.",0,assignsubmission_comments,submission_comments,1594247198
30,153,3,29,Excelente trabajo Irma,0,assignsubmission_comments,submission_comments,1594247415
31,59,3,29,"Qu\xe9 tal Maricarmen, gracias por enviar tu trabajo. trata en el futuro de no usar ""Copy-Paste"" o sea, copiar y pegar, pues no reflejar\xeda tu trabajo en s\xed. por lo mismo de donde lo copiaste la forma de referenciar no cumplen con las de APA, ya que hay editoriales que trabajan con otros formatos. El contenido es muy  bueno.",0,assignsubmission_comments,submission_comments,1594248238
32,128,3,29,"Muy bien Aline qu\xe9 guto ver a una colega tan preparada como t\xfa.\nte recomendar\xeda nada m\xe1s, leer los art\xedculos para darle respaldo con la referenciaci\xf3n en el estilo APA en futuros trabajos. pro estuvo muy bien tu contenido.",0,assignsubmission_comments,submission_comments,1594248467
34,27,3,29,"Excelente trabajo Juan Pablo, te felicito.",0,assignsubmission_comments,submission_comments,1594248792
35,68,3,29,"Muy buen trabajo \xc1ngel, te felicito.",0,assignsubmission_comments,submission_comments,1594249018
36,92,3,29,"Hola Karla, gracias por enviar tu trabajo a tiempo que me da la oportunidad de hacerte algunos comentarios. \nmira, te hace falta hacerle una portada a tu trabajo para darle mejor presentaci\xf3n, tambi\xe9n robustecer el contenido, pusiste poco an\xe1lisis. tienes tiempo a\xfan. Gracias!.",0,assignsubmission_comments,submission_comments,1594249502
37,45,3,29,"Hola Evelin, te felicito, muy buen trabajo.",0,assignsubmission_comments,submission_comments,1594249576
38,78,3,29,Muy buen contenido Ulises. gracias por enviarnos tu tarea a tiempo.,0,assignsubmission_comments,submission_comments,1594249901
39,85,3,29,"Qu\xe9 tal Miguel. revis\xe9 tus trabajos y vi las correcciones que hiciste. gracias por enviarnos tu trabajo con tiempo, nos da la oportunidad de hacerte comentarios para mejorarlos. Observ\xe9 que pusiste la portada, sin embargo, me gustar\xeda que aportaras m\xe1s al contenido, se vieron diversos autores y ser\xeda interesante que pusieras tu opini\xf3n al respecto m\xe1s espec\xedfica para robustecer tu contenido. as\xed mismo te dejamos bibliograf\xeda en la que te puedes apoyar para fortalecer y fundamentar la teor\xeda dando referencia de los autores.",0,assignsubmission_comments,submission_comments,1594250264
40,61,3,29,"Hola Silvia, gracias por enviarnos tu trabajo con anticipaci\xf3n que nos permite hacerte algunos comentarios para mejorar.\nTe falta hacerle una portada que es parte de los requisitos.\nas\xed mismo fortalecer tu contenido te\xf3rico referenciando autores, te adjuntamos algunos art\xedculos con los que est\xe1n fundamentados los v\xeddeos para esa acci\xf3n.\nGracias!.",0,assignsubmission_comments,submission_comments,1594250438
41,129,3,29,"Muy bien Abril, buen trabajo. S\xf3lo falt\xf3 fortalecerlo con la referenciaci\xf3n de autores para darle mayor respaldo te\xf3rico. Gracias!\n",0,assignsubmission_comments,submission_comments,1594250529
42,184,3,29,"Gracias por enviarnos tu trabajo a tiempo, nos sirve para hacerte algunos comentarios que te den la oportunidad de corregirlo.\n\nLe hace falta portada.\nNo cumple con los lineamientos de APA,.\n\nHace falta robustecer m\xe1s el contenido y darle referencia bibliogr\xe1fica con autores de los art\xedculos que adjuntamos.\ntienes tiempo, esperamos tus correcciones.",0,assignsubmission_comments,submission_comments,1594250784
43,123,3,29,"Excelente trabajo Jocelyn, te felicito!.",0,assignsubmission_comments,submission_comments,1594250898
44,190,3,29,"Muy buen trabajo, aunque habr\xeda que robustecer el contenido te\xf3rico. Gracias!!!",0,assignsubmission_comments,submission_comments,1594251036
45,186,3,29,"Ana Laura not\xe9 mucho ""copy-paste"" en tu trabajo, por lo que te pondr\xeda una baja calificaci\xf3n, de todo lo que se hace referencia, que adem\xe1s no est\xe1 en formato APA, no est\xe1 en tu bibliograf\xeda. te invito a que le hagas modificaciones, en cuanto que el contenido sea un an\xe1lisi tuyo con la referenciaci\xf3n de autores y que los externes en el documento. Gracias.",0,assignsubmission_comments,submission_comments,1594251416
47,44,3,29,"Te felicito Iv\xe1n, excelente trabajo. gracias!",0,assignsubmission_comments,submission_comments,1594251498
48,88,3,29,"Muy buen trabajo \xc1ngeles, s\xf3lo falta que te apegues un poco m\xe1s al formato APA, en cuanto al tama\xf1o de letra, la tipograf\xeda y a la referenciaci\xf3n de autores, en trabajos futuros.",0,assignsubmission_comments,submission_comments,1594251761
49,41,3,29,"Bien Jezabel. gracias por mandarnos tu tarea a tiempo. M\xe1s que una opini\xf3n personal, se busca en este trabajo un an\xe1lisis de la teor\xeda de los diversos autores expuestos y fundamentar los comentarios con las referencias bibliogr\xe1ficas para sustentar el trabajo te\xf3rico.\nte doy esa recomendaci\xf3n para los futuros trabajos.\nMuchas gracias por cumplir.",0,assignsubmission_comments,submission_comments,1594251968
50,145,92,29,"Buenas noches Diana. \nClaro, te explico. \nTu trabajo corresponde claramente a un concepto sobre envejecimiento y esta muy bien redactado.\nA lo que me refer\xeda con teor\xedas del envejecimiento, son de las que se hablan en los v\xeddeos correspondientes a la Actividad. \nEjemplo la teoria de Hayflick, que nos explica que el envejecimiento ocurre porque las c\xe9lulas llegan a un punto donde ya no se pueden replicar. \nEsto solo es un sugerencia, para enriquecer tu trabajo. \nEspero que haya contestado a tu duda. \n\n",0,assignsubmission_comments,submission_comments,1594260504
51,11,6,29,"ok, gracias por hacermelo saber enviare nuevamnete el documento",0,assignsubmission_comments,submission_comments,1594266277
52,145,67,29,"Gracias, me queda claro",0,assignsubmission_comments,submission_comments,1594269403
53,98,75,29,"hola buen d\xeda!!! \nModifique mi archivo haciendo la breve explicaci\xf3n, pero pr\xe1cticamente toda la redacci\xf3n del texto estoy utilizado mi punto de vista y el extracto con mis palabras de lo que le\xed.\nsaludos y muchas gracias por sus comentarios.",0,assignsubmission_comments,submission_comments,1594303707
54,11,3,29,Gracias a ti. Quedo en espera.,0,assignsubmission_comments,submission_comments,1594320226
55,183,3,29,"Muy buen trabajo Gema, te felicito.",0,assignsubmission_comments,submission_comments,1594320499
56,214,3,29,"Qu\xe9 tal, gracias por enviarnos tu trabajo con tiempo que nos permite hacerte algunos comentarios antes de calificarlo.\nLe falta portada. hay que robusteer el contenido ya que es muy poco, y hay qu esustentarlo con referencias en el formato que marca APA.\nGracias, quedo en espera.",0,assignsubmission_comments,submission_comments,1594320709
57,232,3,29,Buen trabajo Luis.,0,assignsubmission_comments,submission_comments,1594320793
58,12,3,30,Excelente.,0,assignsubmission_comments,submission_comments,1594321150
59,185,3,30,"Muy bien contestado, t e felicito M\xf3nica.",0,assignsubmission_comments,submission_comments,1594321277
60,253,3,30,"Muy bien Mar\xeda Luisa, felicidades!!",0,assignsubmission_comments,submission_comments,1594321489
61,51,3,30,Muy bien contestado Luis Manuel.,0,assignsubmission_comments,submission_comments,1594321583
62,104,3,30,"Qu\xe9 tal, evita el ""Copy-paste"", eso no va a enriquecer tu conocimiento.\n",0,assignsubmission_comments,submission_comments,1594322057
63,55,3,30,Bien contestado Fernando.,0,assignsubmission_comments,submission_comments,1594322409
64,124,3,30,Muchas felicidades Sof\xeda.,0,assignsubmission_comments,submission_comments,1594322487
65,46,3,30,"Muy bien contestado, felicidades.",0,assignsubmission_comments,submission_comments,1594322618
66,99,3,30,"Karla, evita usar el ""Copy-paste""",0,assignsubmission_comments,submission_comments,1594322858
67,69,3,30,Muy bien \xc1ngel.,0,assignsubmission_comments,submission_comments,1594323054
68,29,3,30,Excelente Juan Pablo.,0,assignsubmission_comments,submission_comments,1594323168
69,152,3,30,"Qu\xe9 tal Aline. Evita el ""Copy-paste"" unifica el color del texto, ap\xe9gate a los lineamientos de APA en cuanto al n\xfamero de letra y tipograf\xeda.",0,assignsubmission_comments,submission_comments,1594323409
70,60,3,30,"Evita el ""Copy-paste"" pues no enriquecer\xe1 tu documento, s\xf3lo realizas plagio.",0,assignsubmission_comments,submission_comments,1594323555
71,154,3,30,Muy bien Irma.,0,assignsubmission_comments,submission_comments,1594323700
72,234,3,30,"Miguel \xc1ngel, el contenido es adecuado, s\xf3lo en tus futuros trabajos recuerda agregar la portada.",0,assignsubmission_comments,submission_comments,1594323903
73,215,3,30,"Lo hiciste muy bien  Silvia, te felicito, lo pesado se valora m\xe1s.",0,assignsubmission_comments,submission_comments,1594324027
74,151,3,30,Muy bien Abril.,0,assignsubmission_comments,submission_comments,1594324240
75,326,3,30,Bien contestado Ulises.,0,assignsubmission_comments,submission_comments,1594324357
76,292,3,30,"Muy bien Miriam, s\xf3lo te falt\xf3 la portada y las referencias.",0,assignsubmission_comments,submission_comments,1594331927
77,234,37,30,Hola profesor en mi documento si no ser\xe1 la portada. Es el documento que aparece en horario de las 9:53 ,0,assignsubmission_comments,submission_comments,1594332049
78,85,3,29,"Muy bien, buena tarea. en lo futuro hay que robustecer a\xfan m\xe1s el contenido y referenciar autores para fortalecer el contenido te\xf3rico.",0,assignsubmission_comments,submission_comments,1594334357
79,282,3,30,Muy bien Ana Laura.,0,assignsubmission_comments,submission_comments,1594334494
80,206,3,30,Muy bien Iv\xe1n.,0,assignsubmission_comments,submission_comments,1594334645
81,275,3,30,"Las respuestas fueron correctas, pero cuida mucho el copia y pega, eso es plagio. Lee y transforma.",0,assignsubmission_comments,submission_comments,1594334734
82,54,3,30,"Muy bien Jezabel, s\xf3lo te falt\xf3 la portada, pero las respuestas estuvieron adecuadas. Te felicito.",0,assignsubmission_comments,submission_comments,1594334826
83,52,3,31,Excelente trabajo.,0,assignsubmission_comments,submission_comments,1594335242
84,107,3,31,"Trata de no usar el copiar y pegar, adem\xe1s de que es un plagio, el aprendizaje mayor te lo llevar\xe1s cuando t\xfa lo desarrolles la escritura.",0,assignsubmission_comments,submission_comments,1594335390
85,115,3,31,Excelente Fernando.,0,assignsubmission_comments,submission_comments,1594335504
86,125,3,31,Ecelente trabajo Sofia.,0,assignsubmission_comments,submission_comments,1594335575
87,13,3,31,"Muy bien Karla, felicidades",0,assignsubmission_comments,submission_comments,1594335836
88,352,3,31,"Muy bien Karla, s\xf3lo te falt\xf3 la portada y referenciar tu contenido te\xf3rico.",0,assignsubmission_comments,submission_comments,1594335966
89,30,3,31,Excelente trabajo Juan Pablo.,0,assignsubmission_comments,submission_comments,1594336262
90,87,3,31,"Para futuros trabajo, trata de no usar el copiar y pegar, pues pierde validez a que sea un trabajo propio.",0,assignsubmission_comments,submission_comments,1594336398
91,156,3,31,"Para futuros trabajos trata de no copiar y pegar,pues pierde validez tu trabajo",0,assignsubmission_comments,submission_comments,1594336545
92,300,3,31,Buen trabajo!.,0,assignsubmission_comments,submission_comments,1594336662
93,247,3,31,"Muy bien Silvia, s\xf3lo te falt\xf3 la portada.",0,assignsubmission_comments,submission_comments,1594336780
94,327,3,31,Excelente Ulises. Vas muy bien.,0,assignsubmission_comments,submission_comments,1594336846
95,56,3,31,"Muy bien Jezabel, s\xf3lo te falt\xf3 la portada. vas muy bien.",0,assignsubmission_comments,submission_comments,1594336935
96,68,25,29,"Muchas gracias maestro, un saludo!",0,assignsubmission_comments,submission_comments,1594337971
97,108,3,35,Excelente trabajo!!.,0,assignsubmission_comments,submission_comments,1594338001
98,69,25,30,Gracias Maestro!,0,assignsubmission_comments,submission_comments,1594338043
99,266,3,35,Excelente trabajo!!!.,0,assignsubmission_comments,submission_comments,1594338067
100,31,3,35,No veo tu mapa conceptual.,0,assignsubmission_comments,submission_comments,1594338163
101,305,3,35,Excelente trabajo!!.,0,assignsubmission_comments,submission_comments,1594338235
102,157,3,35,Bien hecho!.,0,assignsubmission_comments,submission_comments,1594338350
103,331,3,35,"Excelnte trabajo, felicidades!.",0,assignsubmission_comments,submission_comments,1594338483
104,207,3,35,Excelente trabajo. Felicidades!.,0,assignsubmission_comments,submission_comments,1594338562
105,215,36,30,gracias...es que hacia mucho que no interactuaba mucho en lo cibernetico...estoy tratando de hacerlo lo mejor que puedo,0,assignsubmission_comments,submission_comments,1594339003
106,247,36,31,me puede explicar en que consiste la portada?,0,assignsubmission_comments,submission_comments,1594339151
107,247,36,31,y veo si lo puedo reenviar,0,assignsubmission_comments,submission_comments,1594339196
108,276,3,36,tuviste algunas mal;\nen el inciso I la respuesta debe ser D.\nen el K debi\xf3 ser E.\nen el G debi\xf3 ser la I.\n \nen el inciso D \nla L.\n y en la B debi\xf3 ser la N ,0,assignsubmission_comments,submission_comments,1594339286
109,61,36,29,ok... gracias.. tratare de mejorarlo... este fue el primero que envie y no sabia muy bien como hecrlo...,0,assignsubmission_comments,submission_comments,1594339433
110,61,36,29,tratare de mejorarlo,0,assignsubmission_comments,submission_comments,1594339516
111,367,3,36,"Qu\xe9 tal, \nlas respuestas correctas van en el siguiente orden \nO\nN\nM\nL\nK\nJ\nI\nH\nG\nF\nE\nD\n\nC\nB\nA\ntuviste un total de 6 aciertos.",0,assignsubmission_comments,submission_comments,1594339671
112,32,3,36,Perfectamente bien contestado.,0,assignsubmission_comments,submission_comments,1594339954
113,158,3,36,Perfectamente bien contestado.,0,assignsubmission_comments,submission_comments,1594340022
114,261,3,36,Perfectamente bien contestado!.,0,assignsubmission_comments,submission_comments,1594340104
115,308,3,36,"Hola Yolanda, f\xedjate que no pude abrir tu archivo, no s\xe9 si me lo puedas volver a enviar. no s\xe9 si sea el formato o algo que haya pasado mal.\nGracias!.",0,assignsubmission_comments,submission_comments,1594340207
116,188,90,29,hola! y la agrego al archivo word ? se puede enviar de nuevo?,0,assignsubmission_comments,submission_comments,1594347982
117,182,13,29,"Hola, espero haber entendido correctamente el formato de envio y las caracteristicas basicas de las tareas, espero comentarios y observaciones, muchas Gracias! \n\nSaludos. ",0,assignsubmission_comments,submission_comments,1594348547
118,344,36,35,"ESPERO QUE ESTE TRABAJO TENGA UNA MEJOR PRESENTACI\xd3N QUE LOS ANTERIORES, ESTOY TRATANDO DE HACER UN MEJOR TRABAJO.",0,assignsubmission_comments,submission_comments,1594355677
119,215,36,30,Buen dia profesor ...anexe portada.,0,assignsubmission_comments,submission_comments,1594388763
120,247,36,31,BUEN DIA... ANEXE PORTADA... GRACIAS,0,assignsubmission_comments,submission_comments,1594390058
121,59,20,29,"Muchas gracias por los comentarios en las primeras actividades. Como todos, estamos de regreso a la experiencia educativa y tambi\xe9n la entrega de trabajos es parte del aprendizaje.\nTomo la retroalimentaci\xf3n sobre evitar el plagio (he intentado citar correctamente todas las fuentes consultadas y no hacer pasar por m\xedas las palabras de otros) y lo corregir\xe9 en el futuro.",0,assignsubmission_comments,submission_comments,1594390095
122,50,15,29,"Entendido maestro, muchas gracias.\n",0,assignsubmission_comments,submission_comments,1594390551
123,51,15,30,Muchas gracias Maestro Cesar.,0,assignsubmission_comments,submission_comments,1594390610
124,85,37,29,Entendido muchas gracias profesor \nDe igual manera pido que se especifique De mejor manera las actividades por la raz\xf3n de que solo se pide una explicaci\xf3n sobre la teor\xeda del envejecimiento nunca menciona de cada autor por l\xf3gica como dice con tus palabras uno realiza su explicaci\xf3n generalizando todo el contendo y sobre citando el texto que se nos comparti\xf3 de antemano Gracias excelente d\xeda. ,0,assignsubmission_comments,submission_comments,1594397703
125,300,37,31,Muchas Gracias. ,0,assignsubmission_comments,submission_comments,1594397852
126,331,37,35,Muchas Gracias Maestro Cesar ?,0,assignsubmission_comments,submission_comments,1594397924
127,153,19,29,Gracias.\nMaestro  :) Saludos\n,0,assignsubmission_comments,submission_comments,1594399256
128,154,19,30,Gracias :),0,assignsubmission_comments,submission_comments,1594399340
129,156,19,31,Ok. Gracias por su retroalimentacion :),0,assignsubmission_comments,submission_comments,1594399443
130,158,19,36,Le comparto que lo quer\xeda contestar en base a mis conocimientos previos sin antes leer el archivo pero solo respond\xed 3 y dos estaban correctas y una incorrecta. Posteriormente lee el documento y estaba muy interesante y ah\xed las respuestas correctas. Gracias por la informaci\xf3n :),0,assignsubmission_comments,submission_comments,1594399806
131,157,19,35,Gracias. saludos :),0,assignsubmission_comments,submission_comments,1594399840
132,184,33,29,"HOLA BUENOS DIAS, YA HICE LAS CORRECCIONES SOLICITADAS, ESPERO SEAN LAS CORRECTAS, ESTOY ATENTA A CUALQUIER COMENTARIO MUCHAS GRACIAS\n",0,assignsubmission_comments,submission_comments,1594402621
133,61,36,29,Reenvio modificado con portada y referencias...Gracias.,0,assignsubmission_comments,submission_comments,1594423684
134,31,22,35,Est\xe1 el link en el documento de word\nhttps://www.mindmeister.com/es/1558951210?t=aQCLvLnK8d\n,0,assignsubmission_comments,submission_comments,1594475001
135,104,14,30,"ok, agradezco su observaci\xf3n, mas , esa nota que significado en si tiene?, sin problema acato con lo que indique de acuerdo a sus estipulaciones",0,assignsubmission_comments,submission_comments,1594503924
136,107,14,31,"agradezco sus comentarios, seria un plagio cuando yo lo estuviese utilizando en una aspecto con figura juridica, mas no como consulta para un trabajo de tarea, sin problema seguire sus indicaciones, seria  mas explicito en si, de ser necesario cambiarlo ? ",0,assignsubmission_comments,submission_comments,1594504095
137,276,14,36,"agradezco su tiempo en revision de la actividad, es necesario que la cambie?",0,assignsubmission_comments,submission_comments,1594504232
138,276,14,36,"ya lo cambie, y reenvi\xe9, quite el anterior, desconozco si esta es la linea a seguir, en caso de no ser asi, favor de disculparme gracias",0,assignsubmission_comments,submission_comments,1594505192
139,262,18,30,"Estoy trabajando con word en internet por un problema con mi computadora, espero que no haya modificado mi formato, gracias, saludos.",0,assignsubmission_comments,submission_comments,1594514061
140,188,90,29,hola!listo gracias,0,assignsubmission_comments,submission_comments,1594514196
141,317,18,31,"En algunas enfermedades, no encontr\xe9 alguna bibliograf\xeda que hablara sobre alguna contraindicaci\xf3n de ejercicio, al contrario hablan sobre los beneficios se su pr\xe1ctica.",0,assignsubmission_comments,submission_comments,1594514350
142,484,31,35,"En este documento PDF est\xe1 el mapa conceptual, a simple vista no se ven las letras pero pueden hacerle zoom para poder ver su contenido. Saludos y muchas gracias.",0,assignsubmission_comments,submission_comments,1594523096
143,293,46,31,MUY INTERESANTE ACTIVIDAD SOBRE TODO  EN LA ULTIMA PREGUNTA COMO AFECTARLA.  ,0,assignsubmission_comments,submission_comments,1594557556
144,457,78,31,"buenas tardes, no sabia como hacer formato APA, solo una duda cuando envie trabajo y este incorrecto, puedo volverlo enviar antes de la fecha indicada, aunque ya este calificado? muchas gracias por la correcciones\n",0,assignsubmission_comments,submission_comments,1594593494
145,509,78,36,"buenas tardes, envie mi trabajo pero no me llego el correo de que si lo subi, quisiera saber si esta en la plataforma o no..",0,assignsubmission_comments,submission_comments,1594593598
146,509,78,36,porque aun no esta calificado jejeje gracias,0,assignsubmission_comments,submission_comments,1594593618
147,263,18,35,"En esta actividad tuve problemas con mi formato, utilice esta herramienta (https://mm.tt/1562734508?t=KEXsqBv6sb) pero no logre exportar el documento con formato de mapa conceptual, anexe las im\xe1genes del trabajo y la informaci\xf3n por si no se alcanzaba a ver en las im\xe1genes =(",0,assignsubmission_comments,submission_comments,1594598191
148,367,12,36,BUENAS TARDES YA ESTA CORREGIDO MI TRABAJO GRACIAS \n,0,assignsubmission_comments,submission_comments,1594603692
149,26,12,29,BUENAS TARDES YA ESTA CORREGIDO MI TRABAJO GRACIAS,0,assignsubmission_comments,submission_comments,1594603714
150,509,92,36,Tu trabajo esta enviado a tiempo. Y ya esta calificado.  Felicidades.,0,assignsubmission_comments,submission_comments,1594616652
151,182,3,29,Excelente tarea.,0,assignsubmission_comments,submission_comments,1594658052
152,379,82,35,"Hola buenas tardes, mi trabajo a\xfan no es revisado ",0,assignsubmission_comments,submission_comments,1594659177
153,12,6,30,Wowwwww.... Gracias ,0,assignsubmission_comments,submission_comments,1594664808
154,13,6,31,Gracias ,0,assignsubmission_comments,submission_comments,1594664925
155,301,92,36,Buena tarde. Tu documento tiene un problema y no me permite abrirlo para su revisi\xf3n.\nTe pido de favor que lo revises o lo adjuntes nuevamente. ,0,assignsubmission_comments,submission_comments,1594669783
156,301,86,36,Sof\xeda buenas tardes. L env\xede desde la aplicaci\xf3n del celular\nadjunto de nuevo envi\xe1ndola de una PC\n\n,0,assignsubmission_comments,submission_comments,1594674133
157,593,92,36,La actividad se mando fuera de tiempo y revis\xe1ndola pude darme cuanta que no corresponde a esta actividad. Hay un error. ,0,assignsubmission_comments,submission_comments,1594677633
158,162,3,29,La calificaci\xf3n fue afectada por no haber sido enviada en tiempo y forma.,0,assignsubmission_comments,submission_comments,1594678561
159,79,3,29,Falto la portada y hay que robustecer m\xe1s el contenido te\xf3rico.,0,assignsubmission_comments,submission_comments,1594678740
160,112,3,29,La calificaci\xf3n fue afectada por no haber cubierto el tiempo estipulado.,0,assignsubmission_comments,submission_comments,1594679385
161,172,3,29,"Falt\xf3 la portada, robustecer el contenido y referenciar la bibliograf\xeda.",0,assignsubmission_comments,submission_comments,1594679457
162,463,21,36,"buenas tardes.. reenvi\xe9 la activad 2.2.  ya que me acabo de percatar que no se guardaron las respuestas de dos incisos en el primer inciso la letra correspondiente es la ""E"" y en segundo espacio vaci\xf3 la letra ""a"" .. no me explico por que en el envi\xf3 no se guardo correctamente.. pido una disculpa por lo sucedido evitare que en las pr\xf3ximos env\xedos suceda esto ..",0,assignsubmission_comments,submission_comments,1594679457
163,203,3,29,Falt\xf3 la portada y las referencias ,0,assignsubmission_comments,submission_comments,1594679722
164,646,3,30,La calificaci\xf3n fue afectada por no haber sido entregada en el tiempo l\xedmite.,0,assignsubmission_comments,submission_comments,1594679998
165,126,3,30,La calificaci\xf3n fue afectada por no haber cumplido con el plazo establecido.,0,assignsubmission_comments,submission_comments,1594680345
166,407,3,30,La calificaci\xf3n fue afectada por no haber sido enviada en el tiempo establecido.,0,assignsubmission_comments,submission_comments,1594680641
167,411,3,31,La calificaci\xf3n fue afectada por no haber cumplido con el tiempo l\xedmite.,0,assignsubmission_comments,submission_comments,1594681404
168,606,3,31,La calificaci\xf3n fue afectada por no haber sido enviada en el tiempo l\xedmite.,0,assignsubmission_comments,submission_comments,1594681561
169,607,3,35,La calificaci\xf3n fue afectada por no haber sido entregada al tiempo estipulado.,0,assignsubmission_comments,submission_comments,1594682697
170,294,3,35,Admirables y objetivas tus tareas. Felicidades!,0,assignsubmission_comments,submission_comments,1594682948
171,492,3,35,La calificaci\xf3n fue afectada por no haber sido entregada en el tiempo conveniado.,0,assignsubmission_comments,submission_comments,1594683060
172,379,92,35,Hola. buenas tardes.\nTu trabajo ya esta revisado. ,0,assignsubmission_comments,submission_comments,1594683256
173,491,3,36,Las respuestas correctas van en el siguiente orden \no\nn\nm\nl\nk\nj\ni\nh\ng\nf\ne\nd\nc\nb\na\n,0,assignsubmission_comments,submission_comments,1594683527
174,15,3,36,Las respuestas correctas van en el siguiente orden \no\nn\nm\nl\nk\nj\ni\nh\ng\nf\ne\nd\nc\nb\na\n\n,0,assignsubmission_comments,submission_comments,1594683799
175,414,3,36,La tarea no corresponde con lo solicitado,0,assignsubmission_comments,submission_comments,1594683939
176,609,3,36,Las respuestas correctas van en el siguiente orden \no\nn\nm\nl\nk\nj\ni\nh\ng\nf\ne\nd\nc\nb\na\nLa calificaci\xf3n fue afectada por no haber sido entregada en el tiempo conveniado.,0,assignsubmission_comments,submission_comments,1594684119
177,463,3,36,Las respuestas correctas van en el siguiente orden \no\nn\nm\nl\nk\nj\ni\nh\ng\nf\ne\nd\nc\nb\na\na calificaci\xf3n fue afectaba por no haber sido enviada en el tiempo conveniado.,0,assignsubmission_comments,submission_comments,1594684233
178,301,92,36,Gracias. Tu trabajo ya esta calificado. ,0,assignsubmission_comments,submission_comments,1594684374
179,516,3,36,Las respuestas correctas van en el siguiente orden \no\nn\nm\nl\nk\nj\ni\nh\ng\nf\ne\nd\nc\nb\na\n,0,assignsubmission_comments,submission_comments,1594684434
180,141,3,36,Las respuestas correctas van en el siguiente orden \no\nn\nm\nl\nk\nj\ni\nh\ng\nf\ne\nd\nc\nb\na\n,0,assignsubmission_comments,submission_comments,1594684526
181,15,6,36,upss,0,assignsubmission_comments,submission_comments,1594684532
182,511,3,36,Las respuestas correctas van en el siguiente orden \no\nn\nm\nl\nk\nj\ni\nh\ng\nf\ne\nd\nc\nb\na\n,0,assignsubmission_comments,submission_comments,1594684634
183,590,3,36,Las respuestas correctas van en el siguiente orden \no\nn\nm\nl\nk\nj\ni\nh\ng\nf\ne\nd\nc\nb\na\n,0,assignsubmission_comments,submission_comments,1594684784
184,517,3,36,Las respuestas correctas van en el siguiente orden \no\nn\nm\nl\nk\nj\ni\nh\ng\nf\ne\nd\nc\nb\na\n,0,assignsubmission_comments,submission_comments,1594685186
185,16,6,38,sorry no me aparece el recuadro para subir el   documento correspondiente a la activiad,0,assignsubmission_comments,submission_comments,1594690864
186,521,57,35,Lo que pasa es que si lo sub\xed el d\xeda que era lo sub\xed el domingo en la noche a las 8 pero al estar revisando mis calificaciones de las otras actividades me di cuenta que el archivo se envi\xf3 mal con hojas debas y le puse en editar para quitar las hojas y darle mas presentaci\xf3n a la portada pero el trabajo lo sub\xed el domingo dentro de las horas que tenia de tiempo y como dec\xeda en esa actividad que lo hab\xeda subido antes de tiempo por eso lo corregi,0,assignsubmission_comments,submission_comments,1594694102
187,172,89,29,ok! gracias,0,assignsubmission_comments,submission_comments,1594744139
188,223,76,30,"Una disculpa por el tiempo de entrega pero he tenido problemas de salud, gracias.",0,assignsubmission_comments,submission_comments,1594779561
189,730,12,39,buenas noches donde podre sacar las respuestas del crucigrama ,0,assignsubmission_comments,submission_comments,1594785096
190,271,63,38,"Favor de enviar observaciones del documento para hacer las correcciones pertinentes, saludos.",0,assignsubmission_comments,submission_comments,1594793682
191,271,92,38,"Que tal. \nAl hacer la revisi\xf3n de las actividades ponemos \xe9nfasis en el contenido del mismo, y claro tambi\xe9n se revisa que se cumplan con los criterios que se les pidieron.  \nMe es grato decir que sus trabajos cumplen satisfactoriamente la mayor\xeda de las veces con esto.  Pero si hay observaciones que se tengan que hacer, las haremos para enriquecer mas sus actividades. \nSaludos.",0,assignsubmission_comments,submission_comments,1594853364
192,539,36,38,"buenas tardes, gracias por el apoyo.!",0,assignsubmission_comments,submission_comments,1594854403
193,393,14,39,"maestro, a la brevedad grabare mi video, y se le envio gracias saludos",0,assignsubmission_comments,submission_comments,1594854418
194,378,38,39,"Por favor me confirman si el video se recibi\xf3 satisfactoriamente, ya que yo no lo puedo reproducir con mis herramientas de trabajo. Muchas Gracias.",0,assignsubmission_comments,submission_comments,1594856347
195,224,76,31,Una enorme disculpa por la tardanza en la entrega. Gracias ,0,assignsubmission_comments,submission_comments,1594869087
196,420,3,36,No fue lo solicitado.,0,assignsubmission_comments,submission_comments,1594936841
197,16,3,38,"Estuvo muy bien, s\xf3lo le faltaron las referencias bibliogr\xe1ficas de donde sacaste la informaci\xf3n, y acentuar algunas palabras.",0,assignsubmission_comments,submission_comments,1594937191
198,711,3,38,"Muy buen trabajo, Luisa",0,assignsubmission_comments,submission_comments,1594937323
199,557,3,38,"Excelente trabajo, LuisManuel.",0,assignsubmission_comments,submission_comments,1594937523
200,392,3,38,"Buen trabajo, s\xf3lo te faltaron las refrencias bibliogr\xe1ficas de donde sacaste la informaci\xf3n.",0,assignsubmission_comments,submission_comments,1594937589
201,569,3,38,"Buen trabajo, pero te falt\xf3 la portada y las referencias bibliogr\xe1ficas de donde sacaste la informaci\xf3n.",0,assignsubmission_comments,submission_comments,1594937666
202,33,3,38,Excelente trabajo.,0,assignsubmission_comments,submission_comments,1594937704
203,542,3,38,"Buen trabajo, s\xf3lo te faltaron las referencias bibliogr\xe1ficas de donde sacaste la informaci\xf3n.",0,assignsubmission_comments,submission_comments,1594937763
204,450,3,38,Excelente trabajo!.,0,assignsubmission_comments,submission_comments,1594937807
205,159,3,38,"Buen trabajo, pero te falt\xf3 referenciar en cada respeuesta que diste. s\xf3lo vi una referencia.",0,assignsubmission_comments,submission_comments,1594937947
206,583,3,38,Excelente trabajo.,0,assignsubmission_comments,submission_comments,1594937999
207,617,3,38,Excelente trabajo!.,0,assignsubmission_comments,submission_comments,1594938048
208,539,3,38,"al contrario, gracias a ti, cada vez veo mucho mejor tus trabajos.",0,assignsubmission_comments,submission_comments,1594938125
209,536,3,38,"Buen trabajo, s\xf3lo le faltaron las referencias bibliogr\xe1ficas de donde sacaste la informaci\xf3n.",0,assignsubmission_comments,submission_comments,1594938190
210,709,3,38,Excelente trabajo!.,0,assignsubmission_comments,submission_comments,1594938222
211,523,3,38,"Buen trabajo, s\xf3lo le falt\xf3 la portada y las referencias bibliogr\xe1ficas de donde sacaste la informaci\xf3n.",0,assignsubmission_comments,submission_comments,1594938344
212,648,3,38,"Buen trabaj, s\xf3lo le faltaron las referencias bibliogr\xe1ficas de donde sacaste la informaci\xf3n.",0,assignsubmission_comments,submission_comments,1594938409
213,669,3,38,Excelente trabajo!.,0,assignsubmission_comments,submission_comments,1594938455
214,575,3,38,Excelente trabajo!.,0,assignsubmission_comments,submission_comments,1594938584
215,307,3,38,"Buen trabajo, recuerda hacerle una portada a tus tareas y poner las referencias biliogr\xe1ficas de donde sacaste la informaci\xf3n.",0,assignsubmission_comments,submission_comments,1594938672
216,558,15,39,"Buenas tardes maestro, mi compa\xf1ero Alan y yo decidimos por WhatsApp, que cada uno realizar\xeda 6 enunciados para posteriormente hacer la reuni\xf3n por zoom y corroborar que estuvi\xe9ramos en lo cierto.",0,assignsubmission_comments,submission_comments,1594938735
217,518,3,38,"Buen trabajo Margarita, pero recuerda ponerle portada a tus trabajos. As\xed mismo, s\xf3lo vi que referenciaste una rspuesta pero las dem\xe1s no, ",0,assignsubmission_comments,submission_comments,1594938784
218,423,3,38,"Asi es Daniel, es un buen trabajo pero carece de las ferencias bilbiogr\xe1ficas. siempre hay que pon\xe9rselas para reforzar el contenido te\xf3rico.",0,assignsubmission_comments,submission_comments,1594938886
220,558,3,39,"No te preocupes, fue un gran trabajo.",0,assignsubmission_comments,submission_comments,1594939107
221,17,3,39,"Excelente trabajo, felicidades a ambas.",0,assignsubmission_comments,submission_comments,1594939185
222,544,3,39,"Excelente trabajo, felicidades!.",0,assignsubmission_comments,submission_comments,1594939356
223,271,63,38,"Gracias Sofia por los comentarios de retroalimentaci\xf3n, y lo vuelvo a complementar?",0,assignsubmission_comments,submission_comments,1594945970
224,271,92,38,El completarlo deja terminado al 100% tu trabajo. Pero ya esta calificado y obtuviste la calfiicaci\xf3n m\xe1s alta. Puedes compelmentarlo pero ya esta calificado. ,0,assignsubmission_comments,submission_comments,1594949532
225,666,58,39,Hola buenas noches mande solo mi crucigrama.. El video es imposible enviarlo por esta v\xeda. Lo que hice fue subirlo a youtu.be y mando el link para su constancia https://youtu.be/9S0OolQetgI   quedo al pendiente de observaciones ,0,assignsubmission_comments,submission_comments,1594950387
226,666,58,39,De favor adicionarme al grupo de watts 3314064154,0,assignsubmission_comments,submission_comments,1594950414
227,159,19,38,Ok maestro. Gracias ,0,assignsubmission_comments,submission_comments,1594955119
228,750,92,39,Buenas noches. Revisar por favor el audio que no se escucha. ,0,assignsubmission_comments,submission_comments,1594955860
229,620,29,38,"Hola buen y bendecido d\xeda. las actividades 3.1 y 3.2 son enviadas en este documento con titulo de  archivo : MODULO III , 1.1. Una disculpa de antemano si esto le ocasiona mas trabajo. y por la forma en que lo hice  ,no tuve quien me asesorar en casa. gracias y quedo a sus ordenes.",0,assignsubmission_comments,submission_comments,1594996811
230,423,93,38,"De acuerdo C\xe9sar, muchas gracias.  Tomo en cuenta tu recomendaci\xf3n, recibe un saludo con mucho afecto!",0,assignsubmission_comments,submission_comments,1594999700
231,50,15,29,"Maestro buenos d\xedas, disculpe las molestias pero revisando mis trabajos realizados y mis calificaciones me di cuenta que tenia un 90 y usted me comento por este medio que me hacia falta referecniar, sin embargo en la especificaci\xf3n de la actividad dice que realicemos un documento con nuestras propias palabras explicando el Proceso del Envejecimiento. \nPor lo cual yo verifique lo que escrib\xed y esta redactada la informaci\xf3n con mis propias palabras claro con base en sus videos y los documentos que nos brindaron.  Igual si no cumple con los requisitos el trabajo, o no se puede modificar la calificaci\xf3n no importa, solo que me surgi\xf3 esa incertidumbre porque yo realice mi documento bas\xe1ndome en lo que se nos pidi\xf3 en las instrucciones, gracias y de antemano un saludo maestro.",0,assignsubmission_comments,submission_comments,1595003158
232,392,14,38,"gracias, si las puse al final el nombre del documento y su autor, mas no las referencie como tal. gracias",0,assignsubmission_comments,submission_comments,1595003185
233,271,63,38,Muy bien Sofia.\n\nY lo subo a la plataforma? o no es necesario,0,assignsubmission_comments,submission_comments,1595007696
234,750,86,39,"El trabajo lo realic\xe9 con Irma Thal\xeda Rojano.\nVoy a revisar con ella, gracias",0,assignsubmission_comments,submission_comments,1595020780
235,615,36,39,"Buen dia...solo quiero comentar que el video nos costo mucho trabajo..a Laura y a mi.Yo no tengo camara en la compu y ella no tiene compu.Entonces recurrimos al celular,y ni l zoom ni google meet  nos permitio grabar la sesion por cel.\n",0,assignsubmission_comments,submission_comments,1595026084
236,615,36,39,"luego bajamos dos aplicaciones para grabar pantalla, y poder grabar la sesion , y si grabo pero no permite grabar el audio...ayer y hoy estubimos intentando de un modo y otro..",0,assignsubmission_comments,submission_comments,1595026211
237,615,36,39,"asi que nuestro ultimo recurso, despues de tanto estresss... fue hacer el video asi,sencillo pero con la conciencia de haber tratado antes la otra forma.",0,assignsubmission_comments,submission_comments,1595026319
238,615,36,39,"me senti un poco frustrada...pero bueno lo importante fue el trabajo en equipo,, creo yo...gracias Profesor.",0,assignsubmission_comments,submission_comments,1595026478
239,693,67,39,"Buen d\xeda! por motivos personales me fue complicado realizar \xe9sta actividad en equipo, como le\xed en un comentario que no habr\xeda problema de presentarla en forma individual, as\xed la desarrolle.\nGracias!",0,assignsubmission_comments,submission_comments,1595028390
240,393,14,39,el video no lo anexare  me dijiste que no lo hiciera. soy sandy de comude gracias\n,0,assignsubmission_comments,submission_comments,1595033251
241,398,86,38,Gracias Maestra Sof\xeda por sus observaciones. Entonces todav\xeda estoy perdido en esto. Voy a indagar mas al respecto para corregir estas faltas\ngracias de nuevo ,0,assignsubmission_comments,submission_comments,1595093087
242,750,86,39,Maestra Sof\xeca agrego archivo de audio. \nQuedo pendiente a sus comentarios\n\nGracias,0,assignsubmission_comments,submission_comments,1595093997
243,573,69,39,trabajamos en equipo el prof. german garcia delgadillo y yo,0,assignsubmission_comments,submission_comments,1595129702
244,704,23,39,Opt\xe9 por entrega individual por dificultad de horario.\n,0,assignsubmission_comments,submission_comments,1595132833
245,750,92,39,Buena tarde. \nYa se escucho el audio y se califico el trabajo. \nSaludos. ,0,assignsubmission_comments,submission_comments,1595190911
246,738,58,41,Leido y comprendido,0,assignsubmission_comments,submission_comments,1595199356
247,785,13,41,"Excelente articulo, muchos aspectos que si bien ya sab\xedamos que se dan como beneficio de la realizaci\xf3n de un entrenamiento apto y bien dosificado, es muy satisfactorio poder ponerles n\xfameros y fundamentos mas amplios y concretos. \n\nSaludos !! ",0,assignsubmission_comments,submission_comments,1595200116
248,687,32,39,"el video fue muy pesado para poderlo subir de la manera normal, adjunto el link del video subido a youtube. https://youtu.be/zCAWZNVcj_E",0,assignsubmission_comments,submission_comments,1595200599
249,789,58,43,"\xbfQu\xe9 procesos se requieren realizar antes de comenzar con el ejercicio f\xedsico y entrenamiento de fuerza en el adulto mayor?\nAntes de comenzar un entrenamiento de fuerza debemos de revisar:\nle expediente con el historial m\xe9dico para tener conocimiento de las pat\xf3logias que el adulto mayor tenga y las podamos considerar a la hora de un ejercitamiento planeado.\ndebemos tambi\xe9n realizar una revisi\xf3n de sus rangos de movilidad, de su motrivcidad (marcha, movilidad, lateralidad) . lesiones previas\nUn an\xe1lisis de sus rangos de movilidad y hacer un plan de la dosificaci\xf3n de la carga progresiva en el gimnasio a fin de incrementar su fuerza y su masa muscular.",0,assignsubmission_comments,submission_comments,1595201392
250,570,3,38,"Impecables siempre tus tareas, un deleite leerte.",0,assignsubmission_comments,submission_comments,1595204769
251,381,3,38,Faltaron las referencias bibliogr\xe1ficas.,0,assignsubmission_comments,submission_comments,1595204867
252,471,3,38,Faltaron las referencias bibliogr\xe1ficas,0,assignsubmission_comments,submission_comments,1595204924
253,441,3,38,Faltaron las referencias bibliogr\xe1ficas.,0,assignsubmission_comments,submission_comments,1595204987
254,767,3,38,Faltaron las referencias bibliogr\xe1ficas.,0,assignsubmission_comments,submission_comments,1595205056
255,703,3,38,Falt\xf3 la portada y las referencias bibliogr\xe1ficas.,0,assignsubmission_comments,submission_comments,1595205129
256,527,3,38,Falt\xf3 la portada y las referencias bibliogr\xe1ficas.,0,assignsubmission_comments,submission_comments,1595205228
257,620,3,38,"No hay problema, gracias por la aclaraci\xf3n",0,assignsubmission_comments,submission_comments,1595205390
258,701,3,38,Faltaron las referencias bibliogr\xe1ficas-.,0,assignsubmission_comments,submission_comments,1595205585
259,225,3,38,"Ap\xe9gate al color y tama\xf1o que solicita APA, te faltaron las referencias bibliogr\xe1ficas.",0,assignsubmission_comments,submission_comments,1595205785
261,368,3,38,"Con portada, buen contenido y con referencias bibliogr\xe1ficas. Un deleite leer tus trabajos. Gracias!",0,assignsubmission_comments,submission_comments,1595205935
262,524,3,38,Falt\xf3 la portada y las referencias bibliogr\xe1ficas.,0,assignsubmission_comments,submission_comments,1595205996
263,768,3,38,Como siempre tus trabajos muy completos. Agradezco tu profesionalismo.,0,assignsubmission_comments,submission_comments,1595206065
264,689,3,38,"Buen trabajo, felicidades.",0,assignsubmission_comments,submission_comments,1595206145
265,395,3,38,"Hola Yolanda, te agradecer\xedaen futuros trabajos mandarlo en formato de Word o PDF.",0,assignsubmission_comments,submission_comments,1595206231
266,701,25,38,"Gracias por la observaci\xf3n maestro, se me pas\xf3 incluirlas. \nCuidar\xe9 este detalle para mis siguientes actividades, le agradezco mucho!",0,assignsubmission_comments,submission_comments,1595208225
267,669,41,38,"Gracias Maestro, por su comentario y por la retroalimentaci\xf3n que recibimos de su parte en los audios, me han motivado  dar m\xe1s. Gracias",0,assignsubmission_comments,submission_comments,1595209674
268,369,46,39,https://youtu.be/5miE0kunbtI  link del v\xeddeo . ,0,assignsubmission_comments,submission_comments,1595209954
269,617,37,38,Muchas Gracias. ,0,assignsubmission_comments,submission_comments,1595211885
270,225,32,38,"Gracias, en un momento lo corrijo y agrego las citas",0,assignsubmission_comments,submission_comments,1595216611
271,225,32,38,Ya quedo corregido,0,assignsubmission_comments,submission_comments,1595217385
272,750,86,39,muchas gracias Maestra ,0,assignsubmission_comments,submission_comments,1595252219
273,732,12,41,lectura le\xedda ,0,assignsubmission_comments,submission_comments,1595292148
274,128,21,29,"GRACIAS CESAR POR TUS COMENTARIOS QUE APENAS DESCUBRI.. EL GUSTO Y PLACER ES MIO , EL QUE NOS PUEDAS COMPARTIR DE TUS CONOCIMIENTOS ES UN ENRIQUECIMIENTO Y UN GRAN APRENDIZAJE PARA FORTALECER NUESTRO TRABAJO... GRACIAS POR TUS PALABRAS.\n",0,assignsubmission_comments,submission_comments,1595293105
278,705,20,43,Se realiz\xf3 una propuesta a modo de lista de chequeo (check listo) con la informaci\xf3n de esta actividad. Se incluye en la Actividad 4.2,0,assignsubmission_comments,submission_comments,1595451731
279,770,20,44,Se incluye anexo a Actividad 4.1,0,assignsubmission_comments,submission_comments,1595451790
280,808,86,43,Trat\xe9 de enviar el documento pero no puedo guardar los cambios,0,assignsubmission_comments,submission_comments,1595525388
281,808,86,43,"Esto es en la funci\xf3n gestionar archivo, no guarda los cambios \nGracias ",0,assignsubmission_comments,submission_comments,1595525763
282,946,51,44,Gracias por las retroalimentaciones que me han hecho.,0,assignsubmission_comments,submission_comments,1595539344
284,786,33,43,". Porias Cu\xe9llar H, Diez Garc\xeda MP, Lamm Wiechers L. Sarcopenia. Parte 1: Los aspectos fisiol\xf3gicos del m\xfasculo y la fisio-patolog\xeda de este s\xedndrome. Rev Metab \xd3seo y Min 2011; 9: 114-27.         [ Links ]\n\n2. Cruz Jentoft A, Pierre Baeyens J, \xdcrgen Bauer J, Boirie Y, Cederholm T, Landi F y cols. Sarcopenia: consenso europeo sobre su definici\xf3n y diagn\xf3stico. Age Ageing 2010; 39: 412-23.         [ Links ]\n\n3. Delmonico MJ, Harris TB, Lee JS. Alternative definitions of sarcopenia, lower extremity performance, and functional impairment with aging in older men and women. J Am Geriatr Soc 2007; 55: 769-7",0,assignsubmission_comments,submission_comments,1595543262
285,814,54,43,"Podr\xedan apoyarme con el nombre completo del profesor de este modulo, no logro encontrar en donde lo colocaron, gracias.",0,assignsubmission_comments,submission_comments,1595607471
286,980,3,44,Las respuestas correctas van en este orden:\nE\nH\nA\nF\nJ\nB\nDL\nC\nK\nG\nM\nI,0,assignsubmission_comments,submission_comments,1595612287
287,37,3,44,Las respuestas correctas van en este orden:\nE\nH\nA\nF\nJ\nB\nDL\nC\nK\nG\nM\nI,0,assignsubmission_comments,submission_comments,1595612542
288,770,3,44,Sobresaliente,0,assignsubmission_comments,submission_comments,1595612659
289,959,3,44,Las respuestas correctas van en este orden:\nE\nH\nA\nF\nJ\nB\nDL\nC\nK\nG\nM\nI,0,assignsubmission_comments,submission_comments,1595612959
290,1005,56,45,"Muy bues tardes profesor, considero que la pregunta 9 no esta bien planteada, pues considero segun la bibliografia leida y parte de lo que hemos visto en el transcurso del curso, las cargas deberian aumentarse una ve que el adulto mayor domine el ejercicio, y asi sucesivamente, puesto como nos indica el articulo ""se debe elevar el peso seg\xfan el cuerpo lo vaya pidiendo"" es decir debe existir un control del movimiento, dentro de las respuestas de la pregunta 9, el inciso a) refiere a progresivamente dando a entender que se puede elevar la carga sin que exista una adaptaci\xf3n previa, por lo que refiero que es de suma importancia primero dominar la tecnica y el ejercicio y despues aumentar la carga cosa que nos refiere el inciso c)",0,assignsubmission_comments,submission_comments,1595613182
291,878,3,44,Las respuestas correctas van en este orden:\nE\nH\nA\nF\nJ\nB\nD\nL\nC\nK\nG\nM\nI,0,assignsubmission_comments,submission_comments,1595613472
292,21,3,45,Las respuestas correctas son:\nB\nA\nB\nC\nA\nC\nB\nA\nA\nC\nB\nB\n,0,assignsubmission_comments,submission_comments,1595614331
293,974,3,45,Las respuestas correctas son:\nB\nA\nB\nC\nA\nC\nB\nA\nA\nC\nB\nB\n,0,assignsubmission_comments,submission_comments,1595614467
294,807,3,45,Destacada,0,assignsubmission_comments,submission_comments,1595614552
295,38,3,45,Las respuestas correctas son:\nB\nA\nB\nC\nA\nC\nB\nA\nA\nC\nB\nB\n,0,assignsubmission_comments,submission_comments,1595614787
296,971,3,45,Las respuestas correctas son:\nB\nA\nB\nC\nA\nC\nB\nA\nA\nC\nB\nB\n,0,assignsubmission_comments,submission_comments,1595615241
297,373,3,45,Las respuestas correctas son:\nB\nA\nB\nC\nA\nC\nB\nA\nA\nC\nB\nB\n,0,assignsubmission_comments,submission_comments,1595615359
298,857,3,45,Las respuestas correctas son:\nB\nA\nB\nC\nA\nC\nB\nA\nA\nC\nB\nB\n,0,assignsubmission_comments,submission_comments,1595615552
299,988,3,45,Las respuestas correctas son:\nB\nA\nB\nC\nA\nC\nB\nA\nA\nC\nB\nB\n,0,assignsubmission_comments,submission_comments,1595615615
300,903,3,45,Las respuestas correctas son:\nB\nA\nB\nC\nA\nC\nB\nA\nA\nC\nB\nB\n,0,assignsubmission_comments,submission_comments,1595615674
301,854,3,45,Las respuestas correctas son:\nB\nA\nB\nC\nA\nC\nB\nA\nA\nC\nB\nB\n,0,assignsubmission_comments,submission_comments,1595615726
302,1002,3,45,Las respuestas correctas son:\nB\nA\nB\nC\nA\nC\nB\nA\nA\nC\nB\nB\n,0,assignsubmission_comments,submission_comments,1595615855
303,964,3,45,Las respuestas correctas son:\nB\nA\nB\nC\nA\nC\nB\nA\nA\nC\nB\nB\n,0,assignsubmission_comments,submission_comments,1595615894
304,168,86,29,"Maestra Sofia buenas tardes.\nPara infomrarle que he estado haciendo las correcciones de los trabajos con base a los comentarios que me ha se\xf1alado. S\xe9 que ya no tendra validez por ser un trabajo calidficado, pero me gustaria haceerlo llegar a usted para que pueda comprobar que trabaj\xe9 en las correcciones. \nquedo atento a sus comentarios.\n\nGracias\n ",0,assignsubmission_comments,submission_comments,1595619194
305,21,6,45,"Hola Cesar ya compare mis resultados, las respuestas que me env\xedas y los archivos de este m\xf3dulo y no puedo coincidir",0,assignsubmission_comments,submission_comments,1595622080
306,946,92,44,Gracias a ti por tomarlas en cuenta. \n,0,assignsubmission_comments,submission_comments,1595636954
307,991,92,44,"Que tal. \nEstuve revisando tu trabajo y varias de tus respuestas son incorrectas, por lo mismo me gustar\xeda darte la oportunidad de revisarlo nuevamente. ",0,assignsubmission_comments,submission_comments,1595638905
308,882,63,43,Favor de hacer comentarios de forma y fondo del texto.,0,assignsubmission_comments,submission_comments,1595666623
309,1024,78,45,"buenas tardes, no me queda clara la indicacion donde dice que hay que publicar el archivo para su retroalimentacion en donde? o es solo subir la tarea",0,assignsubmission_comments,submission_comments,1595706066
310,37,22,44,"Buen d\xeda. En las respuestas 5 y 13 los conceptos son pr\xe1cticamente iguales, dado que el ""entrenamiento con pesas"" es ""entrenamiento de fuerza"" por lo que en un entrenamiento con pesas se tendr\xe1 que vencer una resistencia aplicando fuerza por lo que se trabaja en el desarrollo de la misma. Siguiendo esta l\xf3gica los conceptos podr\xedan aplicarse en cualquier orden.  ",0,assignsubmission_comments,submission_comments,1595720108
311,882,92,43,Que tal. \xbfSu documento esta listo para la revisi\xf3n? Porque me aparece como aun no enviado. ,0,assignsubmission_comments,submission_comments,1595723667
312,882,63,43,"Ya lo envi\xe9, cre\xed se revisaba antes de confirmar, como se\xf1alaba que ya no hab\xeda posibilidad de corregir, una vez enviado.",0,assignsubmission_comments,submission_comments,1595729200
313,1045,67,45,"No cabe duda que la mente ve lo que quiere ver! Tendr\xe9 m\xe1s cuidado, gracias!\n",0,assignsubmission_comments,submission_comments,1595764440
314,859,3,44,Las respuestas correctas van en este orden:\nE\nH\nA\nF\nJ\nB\nD\nL\nC\nK\nG\nM\nI,0,assignsubmission_comments,submission_comments,1595788587
315,806,3,44,Las respuestas correctas van en este orden:\nE\nH\nA\nF\nJ\nB\nD\nL\nC\nK\nG\nM\nI,0,assignsubmission_comments,submission_comments,1595788873
316,1015,3,44,Las respuestas correctas van en este orden:\nE\nH\nA\nF\nJ\nB\nD\nL\nC\nK\nG\nM\nI,0,assignsubmission_comments,submission_comments,1595789100
317,765,3,44,Perfecto!,0,assignsubmission_comments,submission_comments,1595789388
318,909,3,44,Perfecto!,0,assignsubmission_comments,submission_comments,1595789432
319,906,3,44,Qu\xe9 tal Yolanda. nuevamente te pido por favor que me mandes tus trabajos en formato Word,0,assignsubmission_comments,submission_comments,1595789589
320,797,3,45,Las respuestas correctas son:\nB\nA\nB\nC\nA\nC\nB\nA\nA\nC\nB\nB,0,assignsubmission_comments,submission_comments,1595789839
322,1003,3,45,Las respuestas correctas son:\nB\nA\nB\nC\nA\nC\nB\nA\nA\nC\nB\nB,0,assignsubmission_comments,submission_comments,1595790033
323,1052,3,45,Las respuestas correctas son:\nB\nA\nB\nC\nA\nC\nB\nA\nA\nC\nB\nB,0,assignsubmission_comments,submission_comments,1595790080
324,960,3,45,Las respuestas correctas son:\nB\nA\nB\nC\nA\nC\nB\nA\nA\nC\nB\nB,0,assignsubmission_comments,submission_comments,1595790188
325,1047,3,45,Las respuestas correctas son:\nB\nA\nB\nC\nA\nC\nB\nA\nA\nC\nB\nB,0,assignsubmission_comments,submission_comments,1595790256
326,876,3,45,Las respuestas correctas son:\nB\nA\nB\nC\nA\nC\nB\nA\nA\nC\nB\nB,0,assignsubmission_comments,submission_comments,1595790308
327,966,3,45,Las respuestas correctas son:\nB\nA\nB\nC\nA\nC\nB\nA\nA\nC\nB\nB,0,assignsubmission_comments,submission_comments,1595790385
328,799,3,45,Las respuestas correctas son:\nB\nA\nB\nC\nA\nC\nB\nA\nA\nC\nB\nB,0,assignsubmission_comments,submission_comments,1595790599
329,879,3,45,Las respuestas correctas son:\nB\nA\nB\nC\nA\nC\nB\nA\nA\nC\nB\nB,0,assignsubmission_comments,submission_comments,1595790663
330,942,3,45,Las respuestas correctas son:\nB\nA\nB\nC\nA\nC\nB\nA\nA\nC\nB\nB,0,assignsubmission_comments,submission_comments,1595790778
331,964,89,45,Maldi.... Tasea ... Jaja gracias!,0,assignsubmission_comments,submission_comments,1595791267
332,969,18,45,"No estaba segura del profesor, pero puse el nombre del profesor Antonio Robles Jim\xe9nez, gracias",0,assignsubmission_comments,submission_comments,1595803850
333,969,18,45,"Me gustar\xeda que me orientaran donde puedo encontrar informaci\xf3n para trabajar la fuerza en alguien que tuvo un EVC , a mi padre le paso, aun esta en rehabilitaci\xf3n  pero paulatinamente me gustar\xeda apoyarlo con rutinas, gracias",0,assignsubmission_comments,submission_comments,1595804776
335,991,79,44,Gracias Sofia Las voy a checar.,0,assignsubmission_comments,submission_comments,1595809541
336,1033,12,46,PROFESOR DESCONOZCO  COMO SUBIR EL V\xcdDEO NO TENGO CUENTA EN YOUTUBE HABR\xc1 ALGUNA OTRA FORMA DE HACERLO LLEGAR ,0,assignsubmission_comments,submission_comments,1595812317
337,883,63,44,"Gracias por la observaci\xf3n, ya se corrigi\xf3 el formato, saludos!",0,assignsubmission_comments,submission_comments,1595813198
338,884,63,45,"Gracias por la observaci\xf3n, se hizo la correcci\xf3n respectiva, Saludos.",0,assignsubmission_comments,submission_comments,1595814057
339,913,86,45,"Gracias maestra Sofia por sus comentarios.\nEn la pregunta 9  s\xed titube\xe9 porque de la lista menciona algo sobre,  Utilizar un estilo estricto, es mejor hacer pocas perfectas, que muchas regularhacer los ejercicios bien hechos, y otra que menciona, El peso debe ir en aumento, el mismo cuerpo nos lo va pidiendo...\nY la ultima lei mal, nunca vi el ""NO"" por eso se\xf1ale a y b.\nGRacias\n",0,assignsubmission_comments,submission_comments,1595814112
340,876,30,45,"Gracias profe, ya lo cheque y la que tengo mal la le\xed en positivo y as\xed la conteste y en realidad preguntaba que cuales NO eran as\xed que la le\xed al rev\xe9s. Gracias. ",0,assignsubmission_comments,submission_comments,1595816356
341,991,79,44,"buenos dias Sofia, he etado revisando el trabajo,y solo me encuentro con una duda que son la raspuesta de Fibra tipo II y Estres oxidativo y no encuentro la relacion de estas respuestas y me quedo con la duda  si estan bien o mal.",0,assignsubmission_comments,submission_comments,1595863689
342,1036,3,44,Las respuestas correctas van en este orden:\nE\nH\nA\nF\nJ\nB\nD\nL\nC\nK\nG\nM\nI,0,assignsubmission_comments,submission_comments,1595866728
343,984,3,45,Las respuestas correctas son:\nB\nA\nB\nC\nA\nC\nB\nA\nA\nC\nB\nB,0,assignsubmission_comments,submission_comments,1595867643
344,995,3,45,Las respuestas correctas son:\nB\nA\nB\nC\nA\nC\nB\nA\nA\nC\nB\nB,0,assignsubmission_comments,submission_comments,1595867744
345,1053,3,45,Las respuestas correctas son:\nB\nA\nB\nC\nA\nC\nB\nA\nA\nC\nB\nB,0,assignsubmission_comments,submission_comments,1595867921
346,1074,3,45,Las respuestas correctas son:\nB\nA\nB\nC\nA\nC\nB\nA\nA\nC\nB\nB,0,assignsubmission_comments,submission_comments,1595868030
347,969,3,45,"Es un tema s\xfaper interesante como complejo, por eso le ped\xed al Prof. Antonio Robles que me echara la mano con este tema que es de su \xe1rea de expertiz. les pusimos unos documentos en el m\xf3dulo para que puedan engrosar su conocimiento al respecto. pero es un tema muy extenso que podr\xedamos hacer una certificaci\xf3n completa solamente de este tema.",0,assignsubmission_comments,submission_comments,1595868473
348,982,3,45,Las respuestas correctas son:\nB\nA\nB\nC\nA\nC\nB\nA\nA\nC\nB\nB,0,assignsubmission_comments,submission_comments,1595868778
349,187,86,30,Maestra Sofia envio trabajo con las correcciones \nGracias ,0,assignsubmission_comments,submission_comments,1595871520
350,302,86,31,"Maestra Sofia, adjunto trabajo con las correciones y de acuerdo a las observaciones del Mestro Cesar lo realic\xe9 de nuevo.\n\nGRacias\n\n",0,assignsubmission_comments,submission_comments,1595871990
351,396,86,35,"Maestra Sofia, adjunto el docuento con las bibliograf\xedas\n\nGracias",0,assignsubmission_comments,submission_comments,1595872990
352,301,86,36,"Maestra Sofia, adjunto docuemento con las correcciones \nGracias ",0,assignsubmission_comments,submission_comments,1595873637
353,398,86,38,Maestra Sofia\nAdjunto trabajo con la Bibliograf\xeda al final.\nGracias ,0,assignsubmission_comments,submission_comments,1595874237
354,814,92,43,Hola que tal. \nLamento la tardanza para contestar su comentario. \nEl nombre del profesor es Antonio Robles Jim\xe9nez.\nDe igual manera su trabajo esta calificado. ,0,assignsubmission_comments,submission_comments,1595881367
355,991,92,44,"Que tal. Contestando a sus dudas; si se refiere a cual es el inciso que corresponde a esas respuestas, se los coloque en la retroalimentaci\xf3n.  Pero si como tal me pregunta que son; las fibras tipo II. El  musculo tiene dos tipos de fibras musculares, las que son llamadas fibras tipo I o tambi\xe9n llamadas de contracci\xf3n lenta, que favorecen a realizar ejercicios aer\xf3bica. Y las fibras de tipo II o de contracci\xf3n r\xe1pida que son m\xe1s utilizadas para los trabajos de fuerza. ",0,assignsubmission_comments,submission_comments,1595883852
356,991,92,44,"Y en cuanto a el estr\xe9s oxidativo, es un poco m\xe1s compleja su explicaci\xf3n por eso te dejo un link donde podr\xe1s consultar un articulo referente a eso, para su mayor comprensi\xf3n. https://www.elsevier.es/es-revista-revista-andaluza-medicina-del-deporte-284-articulo-estres-oxidativo-inducido-por-el-13134195",0,assignsubmission_comments,submission_comments,1595884259
357,991,79,44,"Buenas Noches Sofia, muchas gracias por decirme que revise, no se que me paso hice dos formatos en mi cuaderno, en el primero que hice es como le envi\xe9 las respuestas y no me pareci\xf3 lo correcto volv\xed a revisar  y  correg\xed el error el detalle es que no correg\xed el documento antes de enviarlo, y en la hoja que correg\xed en mi cuaderno y che cando  las que usted me envi\xf3 no tengo ninguna respuesta mal, y estoy enfurecida con migo misma por que no fui a revisar la hoja de mi cuaderno, pero bueno debo aprender de mis errores. de que si vuelvo hacer correcciones debo comparar todas las correcciones que haga, y muchas gracias por enviarme la informaci\xf3n de la Fibra Tipo II, que en esto quiero ampliar mi conocimiento., muchas gracias.",0,assignsubmission_comments,submission_comments,1595900665
358,1053,25,45,"Muchas gracias maestro, pondr\xe9 m\xe1s atenci\xf3n ! Saludos, Que est\xe9 muy bien!",0,assignsubmission_comments,submission_comments,1595907114
359,302,92,31,"Que tal David. Observe tu trabajo corregido y me complace ver que hiciste las modificaciones que se te sugirieron. No te fue mal en la calificaci\xf3n y tu trabajo ya fue calificado, espero entiendas esta situaci\xf3n. ",0,assignsubmission_comments,submission_comments,1595966055
360,1036,90,44,hola !!! si puse dos volteadas verdad .. gracias ,0,assignsubmission_comments,submission_comments,1596048052
361,954,54,44,"Gracias por la retroalimentacion, las respuestas estaban muy ambiguas y se prestaban a varias respuestas correctas (por ejemplo entrenamiento de fuerza y entrenamiento con pesas) saludos :). ",0,assignsubmission_comments,submission_comments,1596051703
362,969,18,45,Gracias profesor,0,assignsubmission_comments,submission_comments,1596059232
363,540,36,46,El video es relativamente corto ...quien hace la prueba es mi mama ...tiene 84 a\xf1os asi que preferi hacerlo rapido para que ella no se agotara ...gracias...? ,0,assignsubmission_comments,submission_comments,1596059628
364,1136,31,46,Tambi\xe9n lo sub\xed a Youtube \xbfles comparto la liga de igual manera?,0,assignsubmission_comments,submission_comments,1596162773
365,979,20,46,El enlace para ver el video en youtube es https://youtu.be/IyLykeV7AU4,0,assignsubmission_comments,submission_comments,1596218533
366,1087,86,46,"Maestra Fabiola, adjunto documentos elaborados para realizar la actividad,  y tambi\xe9n env\xedo una gu\xeda del contenido del video que voy a grabar, para que me den su opinion al respecto; en cuanto a contenido y tiempo. se los agradecer\xeda ya que nunca he elaborado uno.\n\ngracias\n\n",0,assignsubmission_comments,submission_comments,1596230815
367,1087,92,46,"Hola que tal. David me temo que la maestra fabiola no puede ver tu comentario, ya que los encargados de calificar es el profesor Cesar Soltero y yo. Respecto a tu inquietud, te comunico que tu guia esta bien, cumple con lo que se les solicito y esta muy completa, solo te sugiero que se centre y le des mas importancia la realizaci\xf3n correcta de la prueba, que es lo central de la actividad. ",0,assignsubmission_comments,submission_comments,1596243345
368,1087,86,46,"De acuerdo maestra Sofia, gracias por sus comentarios",0,assignsubmission_comments,submission_comments,1596250107
369,882,63,43,"El documento no se ha calificado, as\xed debe quedar?",0,assignsubmission_comments,submission_comments,1596252102
370,943,71,46,https://youtu.be/_6TfPgmVyN8,0,assignsubmission_comments,submission_comments,1596255708
371,1018,33,46,https://youtu.be/tY3suFXdUks,0,assignsubmission_comments,submission_comments,1596259449
372,22,3,46,Excelente!!!!!!,0,assignsubmission_comments,submission_comments,1596318408
373,1033,3,46,"Se subi\xf3 muy bien, felicidades",0,assignsubmission_comments,submission_comments,1596318671
374,1006,3,46,"Extraordinadio, muchas felicidades!!!",0,assignsubmission_comments,submission_comments,1596318780
375,1088,51,46,https://www.youtube.com/watch?v=GR5WrLjqnbI,0,assignsubmission_comments,submission_comments,1596335525
376,1041,95,46,https://www.youtube.com/watch?v=LOIf7c0CiSM,0,assignsubmission_comments,submission_comments,1596336011
377,1070,13,46,https://youtu.be/Remw4p1qMQE,0,assignsubmission_comments,submission_comments,1596372451
378,1006,19,46,Muchas gracias a ustedes por hacernos llegar  esta excelnte informacion y ponerla en practica con nuestros adultos mayores ???\n\n,0,assignsubmission_comments,submission_comments,1596393722
379,1087,86,46,"Maestra Sof\xeda,\nAqu\xed pongo el LInk del video en caso de que haya alg\xfan problema con el documento.\nhttps://youtu.be/JLwOr2eBOVY\nGracias",0,assignsubmission_comments,submission_comments,1596399663
380,1087,86,46,"Maestra Sof\xeda,\nAqu\xed pongo el LInk del video en caso de que haya alg\xfan problema con el documento.\nhttps://youtu.be/JLwOr2eBOVY\nGracias",0,assignsubmission_comments,submission_comments,1596399667
381,1079,58,46,mando una peque\xf1a presentaci\xf3n en PP y mi video https://youtu.be/aZ25oa69QdM,0,assignsubmission_comments,submission_comments,1596407774
382,1077,18,46,"En el archivo de word viene el link de acceso para Youtube, pero no sabia si iba a funcionar y tambi\xe9n anexe el v\xeddeo, gracias fue de mis actividades favoritas  ",0,assignsubmission_comments,submission_comments,1596414137
384,1049,92,46,Que tal. \nTu video lo subiste a youtube?\n,0,assignsubmission_comments,submission_comments,1596423934
385,996,27,46,"Hola, buen d\xeda!\nAqu\xed esta la entrega de mi tarea, anexo el link por aqu\xed, porque no se de qu\xe9 otro modo se puede enviar.\nhttps://www.youtube.com/watch?v=SzuP1oGRnWM&feature=youtu.be",0,assignsubmission_comments,submission_comments,1596431795
386,1049,67,46,"Buen d\xeda! Si, en privado, est\xe1 bien?",0,assignsubmission_comments,submission_comments,1596459967
387,880,96,46,"Buenos d\xedas Maestra, comparto el link de mi video. Saludos \nhttps://youtu.be/vb3yPuBKLio",0,assignsubmission_comments,submission_comments,1596460649
388,1049,67,46,"Sof\xeda buen d\xeda ya lo sub\xed en p\xfablico, me podr\xedas avisar si esta correcto, por favor?\n",0,assignsubmission_comments,submission_comments,1596468766
389,1010,56,46,https://www.youtube.com/watch?v=Q68qDhAxKlI,0,assignsubmission_comments,submission_comments,1596476486
390,1028,53,46,https://www.youtube.com/watch?v=MAONY1yAVoU&feature=youtu.be,0,assignsubmission_comments,submission_comments,1596481806
391,1088,51,46,"claro Sof\xeda, muchas gracias :)",0,assignsubmission_comments,submission_comments,1596487192
392,807,14,45,gracias cesar ,0,assignsubmission_comments,submission_comments,1596492509
393,1071,69,46,youtube.com\nhttps://youtu.be/WqwLJsDfIUU\n\nles envio por aqui len los comentarios el enlace ya que me fue imposible poner el enlace en los envios.\nopte mejor por poner el video que realize con mi celular que es exactamente el que publique en youtobe.\n\nsaludos\n17:21\n,0,assignsubmission_comments,submission_comments,1596494618
394,996,3,46,Sin problema!,0,assignsubmission_comments,submission_comments,1596496624
395,800,3,46,Eres asombrosa!.,0,assignsubmission_comments,submission_comments,1596497300
396,1137,3,46,"Excelente demostraci\xf3n, profesor, y excelente su asistente.",0,assignsubmission_comments,submission_comments,1596497467
397,374,46,46,https://youtu.be/4IaODXeLa-k,0,assignsubmission_comments,submission_comments,1596505815
398,384,82,46,no pude poner el link directamente y tuve que pegarlo en word y mandarlo como archivo   \nhttps://youtu.be/_VbPAdmHgbw ,0,assignsubmission_comments,submission_comments,1596507116
399,1083,25,46,"Buenas noches, anexo el archivo con el enlace a Youtube, al igual lo ingreso aqu\xed por cualquier cosa. Buenas noches y muchas gracias!\nhttps://www.youtube.com/watch?v=TesQXsMnQAw",0,assignsubmission_comments,submission_comments,1596508121
400,802,15,46,"No me permit\xeda copiar el URL era necesario un archivo, por eso lo pude en un documento do Word y de igual manera lo vuelvo a dejar por aqui\nhttps://www.youtube.com/watch?v=2_aVlz4LjQQ&feature=youtu.be",0,assignsubmission_comments,submission_comments,1596511560
401,374,3,46,La mejor de esta certificaci\xf3n. felicidades!,0,assignsubmission_comments,submission_comments,1596560921
402,477,11,46,"Buen d\xeda. Me disculpo por env\xedar la actividad con retraso, esta semana estuve fuera del area de cobertura para internet y no pude subir el v\xeddeo a tiempo a Youtube para enviar el link.  Espero que a\xfan tomen en cuenta la actividad porque si me interesa tener la certificicai\xf3n completa y la constancia que otorgaran. Muchas gracias por la atenci\xf3n prestada a mi comentario. Saludos cordiales",0,assignsubmission_comments,submission_comments,1596564255
404,955,54,46,"Una disculpa, no me di cuenta que marco un error en la carga y no se subi\xf3. lo adjunto de nuevo.",0,assignsubmission_comments,submission_comments,1596572707
405,955,54,46,"Me sigue arrojando el mismo error en la carga, lo adjunte como enlace de youtube en un documento de PDF",0,assignsubmission_comments,submission_comments,1596573129
406,955,3,46,"listo, no te preocupes. gran v\xeddeo y sensacional tu pap\xe1.\npor cuestiones de protocolo acad\xe9mico no puedo ponerte el 100, puesto que por la raz\xf3n que fuere no fue entregado a tiempo. espero lo entiendas.",0,assignsubmission_comments,submission_comments,1596580575
407,216,79,29,"Hola Sofia estoy enviando correcci\xf3n del  la Act. 1.1. todav\xeda tengo tiempo de corregir ? y me podr\xedas decir si esta bien, para corregir las otras actividades donde no les puse portada, por favor. de antemano muchas gracias.",0,assignsubmission_comments,submission_comments,1596669943
408,1145,56,47,https://www.youtube.com/watch?v=RxhHlgkxzyA&t=39s,0,assignsubmission_comments,submission_comments,1596866282
409,461,20,47,Enlace para ver video en youtube: https://www.youtube.com/watch?v=dn6CgBUzOrw \nTambi\xe9n se encuentra dentro del documento. ,0,assignsubmission_comments,submission_comments,1596896561
410,986,36,47,Esta actividad no me fue muy comoda...pues era mucha informacion para tan poco tiempo...siento que me corta en informacion...pero tratr de abarcar de manera general el curso...?,0,assignsubmission_comments,submission_comments,1596929049
411,1059,14,47,"gracias por todo el apoyo y conocimientos, gracias saludos, ",0,assignsubmission_comments,submission_comments,1597016159
412,1132,86,47,Maestra Sof\xeca que tal\neste es el link del video\nhttps://youtu.be/7S94WgkGQV4\nGracias,0,assignsubmission_comments,submission_comments,1597036621
413,1039,12,47,https://www.youtube.com/watch?v=rOAZ0Kbq0OI\n\nlink de mi video ,0,assignsubmission_comments,submission_comments,1597084584
414,1169,92,47,"Que tal. Me parece tu trabajo enviado, pero me aparece alg\xfan documento adjunto o el enlace. Podrias a\xf1adirlo aqu\xed por un comentario por favor ",0,assignsubmission_comments,submission_comments,1597099235
415,863,96,47,"Buenas tardes Maestro, le comparto el link de mi tarea, Saludos https://youtu.be/cDY-alLQT2Q\n",0,assignsubmission_comments,submission_comments,1597107184
416,1163,60,47,Se me dificulto el resumir aun m\xe1s la informaci\xf3n para cerrar los 10 minutos :C ,0,assignsubmission_comments,submission_comments,1597112428
417,1132,86,47,"Maestra Sof\xeda, muchas gracias",0,assignsubmission_comments,submission_comments,1597116932
418,1038,71,47,https://youtu.be/BOvzi6_keKA,0,assignsubmission_comments,submission_comments,1597154178
419,1059,3,47,Gracias a ti,0,assignsubmission_comments,submission_comments,1597184235
420,782,3,47,"Yolanda necesito que mandes tu URL o link de tu v\xeddeo, ya que no puedo verlo en el formato que me lo est\xe1s mandando. y por consiguiente no podr\xe9 calificarlo",0,assignsubmission_comments,submission_comments,1597186073
421,1154,51,47,https://youtu.be/JTw_BU6eXU4\n,0,assignsubmission_comments,submission_comments,1597189945
422,1156,58,47,mando el link de mi video final\nhttps://www.youtube.com/watch?v=MiiThO869Hc&feature=youtu.be,0,assignsubmission_comments,submission_comments,1597193692
423,987,15,47,https://www.youtube.com/watch?v=tK3fR-iLfJ0,0,assignsubmission_comments,submission_comments,1597196308
424,1161,69,47,"https://www.youtube.com/watch?v=wkQpca2EXJk\nno habia podido realizar el video, estube algo enferma.\n\nsaludos",0,assignsubmission_comments,submission_comments,1597199969
425,1084,25,47,"Buenas noches, envio el link del video dentro del archivo de Word. De igual manera lo ingreso por este comentario. \nhttps://www.youtube.com/watch?v=ZHcz3LEpOqU&feature=youtu.be\n\nMuchas gracias!",0,assignsubmission_comments,submission_comments,1597201211
426,1156,58,47,ME DI CUENTA QUE EL VIDEO ESTABE EN PRIVADO Y MANDO EL LINK DONDE LO SUBI EN PUBLICO https://www.youtube.com/watch?v=MiiThO869Hc&feature=youtu.be,0,assignsubmission_comments,submission_comments,1597201668
427,375,46,47,https://www.youtube.com/watch?v=IwH8w0-bl4c&t=264s,0,assignsubmission_comments,submission_comments,1597202225
428,84,53,47,"Hola buenas noches, estoy teniendo problemas para subir el video esta en proceso, de igual manera dejo aqui el link en cuanto termine de subirse, una disculpa ",0,assignsubmission_comments,submission_comments,1597207539
429,237,63,47,Se agreg\xf3 un segundo video.,0,assignsubmission_comments,submission_comments,1597210918
430,84,53,47,https://youtu.be/38koSM1-jCY,0,assignsubmission_comments,submission_comments,1597211313
431,84,53,47,"Disculpa de verdad, tuve muchos problemas con la red y reiniciaba la carga del video \n",0,assignsubmission_comments,submission_comments,1597211362
432,1141,90,47,BUEN DIA SI MANDE EN TIEMPO PERO LA TUVE QUE EDITAR POR QUE NO SE PONIA EL VINCULO BIEN OK ESPERO NO HAYA PROBLEMA,0,assignsubmission_comments,submission_comments,1597234011
433,237,63,47,"Una observaci\xf3n, no se me calific\xf3 la actividad 4.1 Beneficios del Entrenamiento de Fuerza; quisiera saber si no cuenta para la evaluaci\xf3n o s\xed se calificar\xe1? ",0,assignsubmission_comments,submission_comments,1597245907
434,435,3,47,"La mejor presentaci\xf3n de todas, sin lugar a dudas, felicidades",0,assignsubmission_comments,submission_comments,1597255899
435,57,3,47,"Me encant\xf3 tu presentaci\xf3n, la mejor de todas. muchas felicidades!",0,assignsubmission_comments,submission_comments,1597269368
436,1171,3,47,"Extraordinaria presentaci\xf3n, como siempre me dejas un buen sabor de boca.",0,assignsubmission_comments,submission_comments,1597269475
437,375,3,47,Extraordinario trabajo como siempre. \nGracias por haber sido parte de este proyecto.,0,assignsubmission_comments,submission_comments,1597269658
438,1186,3,47,"Excelente trabajo Profesor, lo felicito.",0,assignsubmission_comments,submission_comments,1597269827
439,237,3,47,Qu\xe9 tal Ricardo. ok. checo la actividad 4.1 y si es asi con gusto la eval\xfao. Saludos,0,assignsubmission_comments,submission_comments,1597270169
440,237,63,47,Gracias! Saludos,0,assignsubmission_comments,submission_comments,1597285007
441,1256,109,29,"A quien corresponda\nEl inicio del curso era marcado el d\xeda de ayer 05 de octubre, y en la plataforma me aparece el retraso de entrega a causa de que la misma aparece el d\xeda 04 de octubre espero no afecte mis dem\xe1s entrega de trabajo",0,assignsubmission_comments,submission_comments,1602004725
442,1313,101,1031,"Buena tarde, no s\xe9 si fue el peso del video o el formato, sin embargo, la plataforma no me permiti\xf3 subirlo pero agregu\xe9 un archivo de Word con la liga para poder ver el video. \nAnexo de igual manera la liga al comentario: https://drive.google.com/file/d/1-WCBpJ8HjsNUw8owhtwuW4QrTLZa0Ii0/view?usp=sharing\n\nQuedo al pendiente de cualquier aclaraci\xf3n o correcci\xf3n. Muchas gracias. \n\nSaludos cordiales ",0,assignsubmission_comments,submission_comments,1602276483
443,1333,7,1032,https://youtu.be/uYaP7TgGk3c,0,assignsubmission_comments,submission_comments,1603067382
444,1333,7,1032,ACT. 2.1 ZERME\xd1O ARENAS  \nAgrego el link aqui en comentarios porque tuve porblemas con el servidor al a\xf1adirlo a la tarea. Si no logra verse favor de comunicar. GRACIAS ,0,assignsubmission_comments,submission_comments,1603067536
445,1345,101,1032,"Buena noche, el documento adjunto tiene la liga para ver el video, igualmente lo comparto por aqu\xed: https://drive.google.com/file/d/15MS_KZrkfJNJ41fJqUj7zKRDEagHDoty/view?usp=sharing  Muchas gracias. Saludos ",0,assignsubmission_comments,submission_comments,1603071762
446,1291,86,1041,"Buenas tardes, estimados maestros y maestras\nLes pido una disculpa por no estar atendiendo el curso. La semana pasada tuve un accidente en mi veh\xedculo y ya no tuve tiempo de ponerme a desarrollar el trabajo. Afortunadamente sal\xed ileso pero todav\xeda esta semana estuve arreglando papeles por el accidente.  Tratare de dar seguimiento al contenido de la informaci\xf3n.\nGracias",0,assignsubmission_comments,submission_comments,1603581074
447,1278,69,1031,"hemos tratado de visualizar tu video pero al parecer lo elimino youtobe por derechos de autor. \nde alguna manera nos puedes mandar tu video para ponerte calificacion o subirlo pero con el apartado de ""no tengo los derechos de autor""",0,assignsubmission_comments,submission_comments,1603659303
448,1333,69,1032,"hola Sofia, aparece como video privado, no se puede visualizar, podras mandarlo de alguna otra manera.\nestaremos pendientes",0,assignsubmission_comments,submission_comments,1603663219
449,1424,103,1034,"Hola. Buenas noches Lula, Coment\xe1ndole, que se me hizo complicado realizar el video sin cubrebocas es que mi familiar se encuentra positivo a COVID, y es con la \xfanica persona que se me hizo realizarla por el aislado que nos encontramos.\n\xa1Gracias, excelente noche!",0,assignsubmission_comments,submission_comments,1603684246
450,1494,69,1037,"no se, ve ning\xfan archivo",0,assignsubmission_comments,submission_comments,1603813715
451,1333,7,1032,"Buenas noches. Disculpe la tardanza y el error, ya modifique la publicaci\xf3n. Ya esta en publico. Espero ya se pueda ver ",0,assignsubmission_comments,submission_comments,1603932843
452,1278,7,1031,"\xbfQue tal? No me percate de eso y apenas revise el mensaje, por lo mismo lo a\xf1ad\xed a Drive y les agrego el vinculo para verlo. Espero ya no haya inconveniente. ",0,assignsubmission_comments,submission_comments,1603933703
453,1278,7,1031,https://drive.google.com/file/d/17Byum-otzrz0XX5qn2JQgzZOEI2_E2h1/view?usp=sharing\n,0,assignsubmission_comments,submission_comments,1603933716
454,1355,69,1032,"no se encuentra ning\xfan archivo, favor de  contactar o enviar correctamente el documento ",0,assignsubmission_comments,submission_comments,1603999514
455,1324,69,1031,"hola buen d\xeda:\n\nMtra. vianey, su presentaci\xf3n es excelente pero no se vio el video del CL, podr\xeda volver a  mandarla para su calificaci\xf3n. la que mando viene incompleta\n\n",0,assignsubmission_comments,submission_comments,1604000416
456,1368,69,1032,"hola , podras volver a mandarlo porque en el video se escucha pero se queda estatico el video.\npara poder ponerte calificacion",0,assignsubmission_comments,submission_comments,1604001328
457,1341,69,1032,"hola buen dia:\nsolo es una foto, podrias mandar el video a la brevedad",0,assignsubmission_comments,submission_comments,1604002829
459,1519,120,1038,"Hola, buenas tardes, me gustar\xeda que me brindaran asesor\xeda para poder ser capaz de hacer esta tarea, por m\xe1s que le busco no logro comprender, ni encontrar en la bibliograf\xeda las se\xf1as correspondientes del video, solo pude identificar alrededor de 5 se\xf1as que ya hemos visto en el curso, o que previamente ya hab\xeda realizado en otras tareas. Le agradecer\xeda mucho la ayuda. ",0,assignsubmission_comments,submission_comments,1604429812
460,1431,69,1034,"solo se ven los dos videos anteriores, favor de integrar el video de esta actividad a la brevedad ",0,assignsubmission_comments,submission_comments,1604436511
461,1356,3,36,"Hola, las respuestas correctas son en este orden:\nO\nN\nM\nL\nK\nJ\nI\nH\nG\nF\nE\nD\nC\nB\nA",0,assignsubmission_comments,submission_comments,1604517977
462,1352,3,36,"Hola, las respuestas correctas son en este orden:\nO\nN\nM\nL\nK\nJ\nI\nH\nG\nF\nE\nD\nC\nB\nA",0,assignsubmission_comments,submission_comments,1604518212
463,1344,3,36,"Hola, las respuestas correctas son en este orden:\nO\nN\nM\nL\nK\nJ\nI\nH\nG\nF\nE\nD\nC\nB\nA",0,assignsubmission_comments,submission_comments,1604518250
464,1579,101,1039,"Buena tarde, adjunto el viodeo con en lace de Google Drive porque no se pudo cargar el video; aqu\xed agrego tambi\xe9n la liga: https://drive.google.com/file/d/1aREq7dByVBUy5n7fCiPuRFDDFq44i-y2/view?usp=sharing\n\nSaludos",0,assignsubmission_comments,submission_comments,1604872544
465,1581,116,46, Termine mis videos solicitados pero\nno supe como subir lo a youtube. Es un archivo de 38mb.,0,assignsubmission_comments,submission_comments,1604898980
466,1431,75,1034,"Hola buen d\xeda!!!! Ya est\xe1n todos los videos, saludos me avisas cualquier cosa ",0,assignsubmission_comments,submission_comments,1604966454
467,1457,69,1034,hola buen dia:\n\nmisma situacion solo es una imagen jpg. porfavor checalo y modificalo a la brevedad.,0,assignsubmission_comments,submission_comments,1605204873
468,1355,6,1032,HOLA GRACIAS POR LA OBSERVACION.... YA LO REVISE Y VOLVI A ENVIAR.,0,assignsubmission_comments,submission_comments,1605246072
469,1552,6,1039,HOLA..... LA ACTIVIDAD FUE ENVIADA EN TIEMPO... SOLO HICE LA MODIFICACION DE REENVIARLA EN FORMATO PDF. GRACIAS,0,assignsubmission_comments,submission_comments,1605246557
470,1582,69,1039,sigue siendo una imagen\n,0,assignsubmission_comments,submission_comments,1605577424
471,1597,116,47,enlace de Actividad Senior Fitness: https://youtu.be/dW8QnMW2GMw\nenlace de Actividad Integradora: https://youtu.be/dW8QnMW2GMw\n\n ,0,assignsubmission_comments,submission_comments,1605589173
472,1368,108,1032,Ya lo volv\xed a mandar,0,assignsubmission_comments,submission_comments,1605715329
473,1512,3,44,las respuestas correctas son en este orden: \nE\n\nH\nA\n\nF\n\nJ\n\nB\n\nD\n\nL\n\nC\n\nK\n\nG\nM\n\nI\n,0,assignsubmission_comments,submission_comments,1606347920
474,1530,3,44,las respuestas correctas son en este orden: \nE\n\nH\nA\n\nF\n\nJ\n\nB\n\nD\n\nL\n\nC\n\nK\n\nG\nM\n\nI\n,0,assignsubmission_comments,submission_comments,1606348087
475,1538,3,45,las respuestas correctas son en este orden:\nB\nA\nB\nC\nA\nC\nB\nA\nA\nC\nB\nB\n,0,assignsubmission_comments,submission_comments,1606348350
476,1513,3,45,las respuestas correctas son en este orden:\nB\nA\nB\nC\nA\nC\nB\nA\nA\nC\nB\nB\n,0,assignsubmission_comments,submission_comments,1606348723
477,1531,3,45,las respuestas correctas son en este orden:\nB\nA\nB\nC\nA\nC\nB\nA\nA\nC\nB\nB\n,0,assignsubmission_comments,submission_comments,1606349068
478,1581,3,46,"Hola, no te preocupes, yo tambi\xe9n tuve un problema familia muy fuerte que  no me permiti\xf3 revisar a tiempo tu mensaje y poder haberte auxiliado. as\xed que compartiremos la culpa en esta ocasi\xf3n. por lo tanto confiar\xe9 en la realizaci\xf3n de tus v\xeddeos, y te pondr\xe9 95 por el hecho no de haberlos entregado a tiempo de acuerdo a la fecha establecida.\nque tengas bonito d\xeda",0,assignsubmission_comments,submission_comments,1606349468

