id,day,hour,month,minute,blocking,disabled,classname,dayofweek,faildelay,customised,component,lastruntime,nextruntime
1,*,*,*,*,0,0,\\core\\task\\session_cleanup_task,*,0,0,moodle,0,1589217180
2,*,*,*,0,0,0,\\core\\task\\delete_unconfirmed_users_task,*,0,0,moodle,0,1589220000
3,*,*,*,5,0,0,\\core\\task\\delete_incomplete_users_task,*,0,0,moodle,0,1589220300
4,*,*,*,10,0,0,\\core\\task\\backup_cleanup_task,*,0,0,moodle,0,1589220600
5,*,3,*,19,0,0,\\core\\task\\tag_cron_task,*,0,0,moodle,0,1589278740
6,*,*,*,25,0,0,\\core\\task\\context_cleanup_task,*,0,0,moodle,0,1589217900
7,*,*,*,30,0,0,\\core\\task\\cache_cleanup_task,*,0,0,moodle,0,1589218200
8,*,*,*,35,0,0,\\core\\task\\messaging_cleanup_task,*,0,0,moodle,0,1589218500
9,*,*,*,*,0,0,\\core\\task\\send_new_user_passwords_task,*,0,0,moodle,0,1589217180
10,*,*,*,*,0,0,\\core\\task\\send_failed_login_notifications_task,*,0,0,moodle,0,1589217180
11,*,0,*,0,1,0,\\core\\task\\create_contexts_task,*,0,0,moodle,0,1589266800
12,*,*,*,*,0,0,\\core\\task\\legacy_plugin_cron_task,*,0,0,moodle,0,1589217180
13,*,*,*,*,0,0,\\core\\task\\grade_cron_task,*,0,0,moodle,0,1589217180
14,*,0,*,*,0,0,\\core\\task\\grade_history_cleanup_task,*,0,0,moodle,0,1589267580
15,*,*,*,*,0,0,\\core\\task\\completion_regular_task,*,0,0,moodle,0,1589217180
16,*,10,*,3,0,0,\\core\\task\\completion_daily_task,*,0,0,moodle,0,1589302980
17,*,*,*,*,0,0,\\core\\task\\portfolio_cron_task,*,0,0,moodle,0,1589217180
18,*,*,*,*,0,0,\\core\\task\\plagiarism_cron_task,*,0,0,moodle,0,1589217180
19,*,*,*,*,0,0,\\core\\task\\calendar_cron_task,*,0,0,moodle,0,1589217180
20,*,*,*,*,0,0,\\core\\task\\blog_cron_task,*,0,0,moodle,0,1589217180
21,*,*,*,*,0,0,\\core\\task\\question_preview_cleanup_task,*,0,0,moodle,0,1589217180
22,*,*,*,*,0,0,\\core\\task\\question_stats_cleanup_task,*,0,0,moodle,0,1589217180
23,*,4,*,23,0,0,\\core\\task\\registration_cron_task,2,0,0,moodle,0,1589282580
24,*,*/2,*,0,0,0,\\core\\task\\check_for_updates_task,*,0,0,moodle,0,1589223600
25,*,*,*,50,0,0,\\core\\task\\cache_cron_task,*,0,0,moodle,0,1589219400
26,*,*,*,50,0,0,\\core\\task\\automated_backup_task,*,0,0,moodle,0,1589219400
27,*,*,*,*/5,0,0,\\core\\task\\badges_cron_task,*,0,0,moodle,0,1589217300
28,*,*,*,*/5,0,0,\\core\\task\\badges_message_task,*,0,0,moodle,0,1589217300
29,*,*/6,*,55,0,0,\\core\\task\\file_temp_cleanup_task,*,0,0,moodle,0,1589226900
30,*,*/6,*,55,0,0,\\core\\task\\file_trash_cleanup_task,*,0,0,moodle,0,1589226900
31,*,*,*,*/30,0,0,\\core\\task\\search_index_task,*,0,0,moodle,0,1589218200
32,*,*/12,*,15,0,0,\\core\\task\\search_optimize_task,*,0,0,moodle,0,1589224500
33,*,0,*,0,0,0,\\core\\task\\stats_cron_task,*,0,0,moodle,0,1589266800
34,*,*/6,*,0,0,0,\\core\\task\\password_reset_cleanup_task,*,0,0,moodle,0,1589223600
35,*,*,*,23,0,0,\\core\\task\\complete_plans_task,*,0,0,moodle,0,1589217780
36,*,*,*,22,0,0,\\core\\task\\sync_plans_from_template_cohorts_task,*,0,0,moodle,0,1589217720
37,*,2,*,6,0,0,\\core_files\\task\\conversion_cleanup_task,*,0,0,moodle,0,1589274360
38,*,*,*,30,0,0,\\core\\oauth2\\refresh_system_tokens_task,*,0,0,moodle,0,1589218200
39,*,*,*,42,0,0,\\core\\task\\analytics_cleanup_task,*,0,0,moodle,0,1589218920
40,*,8,*,15,0,0,\\core\\task\\task_log_cleanup_task,*,0,0,moodle,0,1589296500
41,1,22,*,15,0,0,\\core\\task\\h5p_get_content_types_task,*,0,0,moodle,0,1591074900
42,*,*,*,16,0,0,\\qtype_random\\task\\remove_unused_questions,*,0,0,qtype_random,0,1589217360
43,*,*,*,*,0,0,\\mod_assign\\task\\cron_task,*,0,0,mod_assign,0,1589217180
44,*,*,*,*/5,0,0,\\mod_chat\\task\\cron_task,*,0,0,mod_chat,0,1589217300
45,*,*,*,*,0,0,\\mod_forum\\task\\cron_task,*,0,0,mod_forum,0,1589217180
46,*,10,*,3,0,0,\\mod_lti\\task\\clean_access_tokens,*,0,0,mod_lti,0,1589302980
47,*,*,*,*,0,0,\\mod_quiz\\task\\update_overdue_attempts,*,0,0,mod_quiz,0,1589217180
48,*,*,*,*,0,0,\\mod_quiz\\task\\legacy_quiz_reports_cron,*,0,0,mod_quiz,0,1589217180
49,*,*,*,*,0,0,\\mod_quiz\\task\\legacy_quiz_accessrules_cron,*,0,0,mod_quiz,0,1589217180
50,*,*,*,*/5,0,0,\\mod_scorm\\task\\cron_task,*,0,0,mod_scorm,0,1589217300
51,*,*,*,*,0,0,\\mod_workshop\\task\\cron_task,*,0,0,mod_workshop,0,1589217180
52,*,*,*,*,0,0,\\mod_workshop\\task\\legacy_workshop_allocation_cron,*,0,0,mod_workshop,0,1589217180
53,*,0,*,0,0,1,\\auth_cas\\task\\sync_task,*,0,0,auth_cas,0,1589266800
54,*,15,*,22,0,1,\\auth_db\\task\\sync_users,*,0,0,auth_db,0,1589235720
55,*,0,*,0,0,1,\\auth_ldap\\task\\sync_roles,*,0,0,auth_ldap,0,1589266800
56,*,0,*,0,0,1,\\auth_ldap\\task\\sync_task,*,0,0,auth_ldap,0,1589266800
57,*,*,*,*,0,0,\\auth_mnet\\task\\cron_task,*,0,0,auth_mnet,0,1589217180
58,*,*,*,*,0,0,\\enrol_category\\task\\enrol_category_sync,*,0,0,enrol_category,0,1589217180
59,*,*,*,11,0,0,\\enrol_cohort\\task\\enrol_cohort_sync,*,0,0,enrol_cohort,0,1589220660
60,*,18,*,3,0,1,\\enrol_database\\task\\sync_enrolments,*,0,0,enrol_database,0,1589245380
61,*,*,*,15,0,0,\\enrol_flatfile\\task\\flatfile_sync_task,*,0,0,enrol_flatfile,0,1589217300
62,*,*,*,10,0,0,\\enrol_imsenterprise\\task\\cron_task,*,0,0,enrol_imsenterprise,0,1589220600
63,*,2,*,18,0,1,\\enrol_ldap\\task\\sync_enrolments,*,0,0,enrol_ldap,0,1589275080
64,*,*,*,*/30,0,0,\\enrol_lti\\task\\sync_grades,*,0,0,enrol_lti,0,1589218200
65,*,*,*,*/30,0,0,\\enrol_lti\\task\\sync_members,*,0,0,enrol_lti,0,1589218200
66,*,*,*,*/10,0,0,\\enrol_manual\\task\\sync_enrolments,*,0,0,enrol_manual,0,1589217600
67,*,*,*,*/10,0,0,\\enrol_manual\\task\\send_expiry_notifications,*,0,0,enrol_manual,0,1589217600
68,*,*,*,9,0,0,\\enrol_meta\\task\\enrol_meta_sync,*,0,0,enrol_meta,0,1589220540
69,*,*,*,*,0,0,\\enrol_paypal\\task\\process_expirations,*,0,0,enrol_paypal,0,1589217180
70,*,*,*,*/10,0,0,\\enrol_self\\task\\sync_enrolments,*,0,0,enrol_self,0,1589217600
71,*,*,*,*/10,0,0,\\enrol_self\\task\\send_expiry_notifications,*,0,0,enrol_self,0,1589217600
72,*,22,*,0,0,0,\\message_email\\task\\send_email_task,*,0,0,message_email,0,1589259600
73,*,5,*,4,0,0,\\block_recent_activity\\task\\cleanup,*,0,0,block_recent_activity,0,1589285040
74,*,*,*,*/5,0,0,\\block_rss_client\\task\\refreshfeeds,*,0,0,block_rss_client,0,1589217300
75,*,1,*,15,0,0,\\editor_atto\\task\\autosave_cleanup_task,5,0,0,editor_atto,0,1589530500
76,*,13,*,2,0,0,\\repository_onedrive\\remove_temp_access_task,6,0,0,repository_onedrive,0,1589659320
77,*,11,*,0,0,0,\\tool_analytics\\task\\train_models,*,0,0,tool_analytics,0,1589220000
78,*,11,*,0,0,0,\\tool_analytics\\task\\predict_models,*,0,0,tool_analytics,0,1589220000
79,*,*,*,2,0,0,\\tool_cohortroles\\task\\cohort_role_sync,*,0,0,tool_cohortroles,0,1589220120
80,*,16,*,0,0,0,\\tool_dataprivacy\\task\\expired_retention_period,*,0,0,tool_dataprivacy,0,1589238000
81,*,6,*,0,0,0,\\tool_dataprivacy\\task\\delete_expired_contexts,*,0,0,tool_dataprivacy,0,1589288400
82,*,21,*,9,0,0,\\tool_dataprivacy\\task\\delete_expired_requests,*,0,0,tool_dataprivacy,0,1589256540
83,*,13,*,9,0,1,\\tool_dataprivacy\\task\\delete_existing_deleted_users,*,0,0,tool_dataprivacy,0,1589227740
84,*,4,*,4,0,0,\\tool_langimport\\task\\update_langpacks_task,*,0,0,tool_langimport,0,1589281440
85,*,*,*,*,0,0,\\tool_messageinbound\\task\\pickup_task,*,0,0,tool_messageinbound,0,1589217240
86,*,1,*,55,0,0,\\tool_messageinbound\\task\\cleanup_task,*,0,0,tool_messageinbound,0,1589273700
87,*,*,*,*,0,0,\\tool_monitor\\task\\clean_events,*,0,0,tool_monitor,0,1589217240
88,*,22,*,7,0,0,\\tool_monitor\\task\\check_subscriptions,*,0,0,tool_monitor,0,1589260020
89,*,*,*,*/30,0,0,\\tool_recyclebin\\task\\cleanup_course_bin,*,0,0,tool_recyclebin,0,1589218200
90,*,*,*,*/30,0,0,\\tool_recyclebin\\task\\cleanup_category_bin,*,0,0,tool_recyclebin,0,1589218200
91,*,*,*,*/15,0,0,\\assignfeedback_editpdf\\task\\convert_submissions,*,0,0,assignfeedback_editpdf,0,1589217300
92,*,7,*,14,0,0,\\ltiservice_gradebookservices\\task\\cleanup_task,*,0,0,ltiservice_gradebookservices,0,1589292840
93,*,*/5,*,5,0,0,\\quiz_statistics\\task\\quiz_statistics_cleanup,*,0,0,quiz_statistics,0,1589234700
94,*,*,*,*,0,0,\\workshopallocation_scheduled\\task\\cron_task,*,0,0,workshopallocation_scheduled,0,1589217240
95,*,5,*,1,0,0,\\logstore_legacy\\task\\cleanup_task,*,0,0,logstore_legacy,0,1589284860
96,*,4,*,20,0,0,\\logstore_standard\\task\\cleanup_task,*,0,0,logstore_standard,0,1589282400

