id,questionid,layout,single,shownumcorrect,shuffleanswers,answernumbering,correctfeedback,incorrectfeedback,correctfeedbackformat,incorrectfeedbackformat,partiallycorrectfeedback,partiallycorrectfeedbackformat
1,16,0,1,1,1,abc,Su respuesta es correcta.,Su respuesta es incorrecta.,1,1,Su respuesta es parcialmente correcta.,1
2,17,0,1,1,1,abc,Su respuesta es correcta.,Su respuesta es incorrecta.,1,1,Su respuesta es parcialmente correcta.,1
3,18,0,1,1,1,abc,Su respuesta es correcta.,Su respuesta es incorrecta.,1,1,Su respuesta es parcialmente correcta.,1
4,19,0,1,1,1,abc,Su respuesta es correcta.,Su respuesta es incorrecta.,1,1,Su respuesta es parcialmente correcta.,1
5,20,0,1,1,1,abc,Su respuesta es correcta.,Su respuesta es incorrecta.,1,1,Su respuesta es parcialmente correcta.,1
6,21,0,1,1,1,abc,Su respuesta es correcta.,Su respuesta es incorrecta.,1,1,Su respuesta es parcialmente correcta.,1
7,22,0,1,1,1,abc,Su respuesta es correcta.,Su respuesta es incorrecta.,1,1,Su respuesta es parcialmente correcta.,1
8,23,0,1,1,1,abc,Su respuesta es correcta.,Su respuesta es incorrecta.,1,1,Su respuesta es parcialmente correcta.,1
9,24,0,1,1,1,abc,Su respuesta es correcta.,Su respuesta es incorrecta.,1,1,Su respuesta es parcialmente correcta.,1
10,25,0,1,1,1,abc,Su respuesta es correcta.,Su respuesta es incorrecta.,1,1,Su respuesta es parcialmente correcta.,1
11,26,0,1,1,1,abc,Su respuesta es correcta.,Su respuesta es incorrecta.,1,1,Su respuesta es parcialmente correcta.,1
12,27,0,1,1,1,abc,Su respuesta es correcta.,Su respuesta es incorrecta.,1,1,Su respuesta es parcialmente correcta.,1
13,28,0,1,1,1,abc,Su respuesta es correcta.,Su respuesta es incorrecta.,1,1,Su respuesta es parcialmente correcta.,1
14,29,0,1,1,1,abc,Su respuesta es correcta.,Su respuesta es incorrecta.,1,1,Su respuesta es parcialmente correcta.,1
15,30,0,1,1,1,abc,Su respuesta es correcta.,Su respuesta es incorrecta.,1,1,Su respuesta es parcialmente correcta.,1
16,31,0,1,1,1,abc,Su respuesta es correcta.,Su respuesta es incorrecta.,1,1,Su respuesta es parcialmente correcta.,1
17,32,0,1,1,1,abc,Su respuesta es correcta.,Su respuesta es incorrecta.,1,1,Su respuesta es parcialmente correcta.,1
18,33,0,1,1,1,abc,Su respuesta es correcta.,Su respuesta es incorrecta.,1,1,Su respuesta es parcialmente correcta.,1
19,34,0,1,1,1,abc,Su respuesta es correcta.,Su respuesta es incorrecta.,1,1,Su respuesta es parcialmente correcta.,1
20,35,0,1,1,1,abc,Su respuesta es correcta.,Su respuesta es incorrecta.,1,1,Su respuesta es parcialmente correcta.,1

