id,contextid,component,preferredbehaviour
1,5,core_question_preview,deferredfeedback
2,5,core_question_preview,deferredfeedback
6,5,core_question_preview,deferredfeedback
7,5,core_question_preview,deferredfeedback
105,42,mod_quiz,deferredfeedback
106,42,mod_quiz,deferredfeedback
107,42,mod_quiz,deferredfeedback
108,42,mod_quiz,deferredfeedback
109,42,mod_quiz,deferredfeedback
110,1274,mod_quiz,deferredfeedback
114,1274,mod_quiz,deferredfeedback
115,1274,mod_quiz,deferredfeedback
116,1274,mod_quiz,deferredfeedback
117,1274,mod_quiz,deferredfeedback
118,1274,mod_quiz,deferredfeedback
119,1274,mod_quiz,deferredfeedback
120,1274,mod_quiz,deferredfeedback
121,1274,mod_quiz,deferredfeedback
122,1274,mod_quiz,deferredfeedback
123,1274,mod_quiz,deferredfeedback

