id,name,captype,component,riskbitmask,contextlevel
1,moodle/site:config,write,moodle,62,10
2,moodle/site:configview,read,moodle,0,10
3,moodle/site:readallmessages,read,moodle,8,10
4,moodle/site:manageallmessaging,write,moodle,8,10
5,moodle/site:deleteanymessage,write,moodle,32,10
6,moodle/site:sendmessage,write,moodle,16,10
7,moodle/site:deleteownmessage,write,moodle,0,10
8,moodle/site:approvecourse,write,moodle,4,40
9,moodle/backup:backupcourse,write,moodle,28,50
10,moodle/backup:backupsection,write,moodle,28,50
11,moodle/backup:backupactivity,write,moodle,28,70
12,moodle/backup:backuptargetimport,write,moodle,28,50
13,moodle/backup:downloadfile,write,moodle,28,50
14,moodle/backup:configure,write,moodle,28,50
15,moodle/backup:userinfo,read,moodle,8,50
16,moodle/backup:anonymise,read,moodle,8,50
17,moodle/restore:restorecourse,write,moodle,28,50
18,moodle/restore:restoresection,write,moodle,28,50
19,moodle/restore:restoreactivity,write,moodle,28,50
20,moodle/restore:viewautomatedfilearea,write,moodle,28,50
21,moodle/restore:restoretargetimport,write,moodle,28,50
22,moodle/restore:uploadfile,write,moodle,28,50
23,moodle/restore:configure,write,moodle,28,50
24,moodle/restore:rolldates,write,moodle,0,50
25,moodle/restore:userinfo,write,moodle,30,50
26,moodle/restore:createuser,write,moodle,24,10
27,moodle/site:manageblocks,write,moodle,20,80
28,moodle/site:accessallgroups,read,moodle,0,70
29,moodle/site:viewanonymousevents,read,moodle,8,70
30,moodle/site:viewfullnames,read,moodle,0,70
31,moodle/site:viewuseridentity,read,moodle,0,70
32,moodle/site:viewreports,read,moodle,8,50
33,moodle/site:trustcontent,write,moodle,4,70
34,moodle/site:uploadusers,write,moodle,24,10
35,moodle/filter:manage,write,moodle,0,50
36,moodle/user:create,write,moodle,24,10
37,moodle/user:delete,write,moodle,40,10
38,moodle/user:update,write,moodle,24,10
39,moodle/user:viewdetails,read,moodle,0,50
40,moodle/user:viewalldetails,read,moodle,8,30
41,moodle/user:viewlastip,read,moodle,8,30
42,moodle/user:viewhiddendetails,read,moodle,8,50
43,moodle/user:loginas,write,moodle,30,50
44,moodle/user:managesyspages,write,moodle,0,10
45,moodle/user:manageblocks,write,moodle,0,30
46,moodle/user:manageownblocks,write,moodle,0,10
47,moodle/user:manageownfiles,write,moodle,0,10
48,moodle/user:ignoreuserquota,write,moodle,0,10
49,moodle/my:configsyspages,write,moodle,0,10
50,moodle/role:assign,write,moodle,28,50
51,moodle/role:review,read,moodle,8,50
52,moodle/role:override,write,moodle,28,50
53,moodle/role:safeoverride,write,moodle,16,50
54,moodle/role:manage,write,moodle,28,10
55,moodle/role:switchroles,read,moodle,12,50
56,moodle/category:manage,write,moodle,4,40
57,moodle/category:viewcourselist,read,moodle,0,40
58,moodle/category:viewhiddencategories,read,moodle,0,40
59,moodle/cohort:manage,write,moodle,0,40
60,moodle/cohort:assign,write,moodle,0,40
61,moodle/cohort:view,read,moodle,0,50
62,moodle/course:create,write,moodle,4,40
63,moodle/course:creategroupconversations,write,moodle,4,50
64,moodle/course:request,write,moodle,0,40
65,moodle/course:delete,write,moodle,32,50
66,moodle/course:update,write,moodle,4,50
67,moodle/course:view,read,moodle,0,50
68,moodle/course:enrolreview,read,moodle,8,50
69,moodle/course:enrolconfig,write,moodle,8,50
70,moodle/course:reviewotherusers,read,moodle,0,50
71,moodle/course:bulkmessaging,write,moodle,16,50
72,moodle/course:viewhiddenuserfields,read,moodle,8,50
73,moodle/course:viewhiddencourses,read,moodle,0,50
74,moodle/course:visibility,write,moodle,0,50
75,moodle/course:managefiles,write,moodle,4,50
76,moodle/course:ignoreavailabilityrestrictions,read,moodle,0,70
77,moodle/course:ignorefilesizelimits,write,moodle,0,50
78,moodle/course:manageactivities,write,moodle,4,70
79,moodle/course:activityvisibility,write,moodle,0,70
80,moodle/course:viewhiddenactivities,write,moodle,0,70
81,moodle/course:viewparticipants,read,moodle,0,50
82,moodle/course:changefullname,write,moodle,4,50
83,moodle/course:changeshortname,write,moodle,4,50
84,moodle/course:changelockedcustomfields,write,moodle,16,50
85,moodle/course:configurecustomfields,write,moodle,16,10
86,moodle/course:renameroles,write,moodle,0,50
87,moodle/course:changeidnumber,write,moodle,4,50
88,moodle/course:changecategory,write,moodle,4,50
89,moodle/course:changesummary,write,moodle,4,50
90,moodle/course:setforcedlanguage,write,moodle,0,50
91,moodle/site:viewparticipants,read,moodle,0,10
92,moodle/course:isincompletionreports,read,moodle,0,50
93,moodle/course:viewscales,read,moodle,0,50
94,moodle/course:managescales,write,moodle,0,50
95,moodle/course:managegroups,write,moodle,4,50
96,moodle/course:reset,write,moodle,32,50
97,moodle/course:viewsuspendedusers,read,moodle,0,50
98,moodle/course:tag,write,moodle,16,50
99,moodle/blog:view,read,moodle,0,10
100,moodle/blog:search,read,moodle,0,10
101,moodle/blog:viewdrafts,read,moodle,8,10
102,moodle/blog:create,write,moodle,16,10
103,moodle/blog:manageentries,write,moodle,16,10
104,moodle/blog:manageexternal,write,moodle,16,10
105,moodle/calendar:manageownentries,write,moodle,16,50
106,moodle/calendar:managegroupentries,write,moodle,16,50
107,moodle/calendar:manageentries,write,moodle,16,50
108,moodle/user:editprofile,write,moodle,24,30
109,moodle/user:editownprofile,write,moodle,16,10
110,moodle/user:changeownpassword,write,moodle,0,10
111,moodle/user:readuserposts,read,moodle,0,30
112,moodle/user:readuserblogs,read,moodle,0,30
113,moodle/user:viewuseractivitiesreport,read,moodle,8,30
114,moodle/user:editmessageprofile,write,moodle,16,30
115,moodle/user:editownmessageprofile,write,moodle,0,10
116,moodle/question:managecategory,write,moodle,20,50
117,moodle/question:add,write,moodle,20,50
118,moodle/question:editmine,write,moodle,20,50
119,moodle/question:editall,write,moodle,20,50
120,moodle/question:viewmine,read,moodle,0,50
121,moodle/question:viewall,read,moodle,0,50
122,moodle/question:usemine,read,moodle,0,50
123,moodle/question:useall,read,moodle,0,50
124,moodle/question:movemine,write,moodle,0,50
125,moodle/question:moveall,write,moodle,0,50
126,moodle/question:config,write,moodle,2,10
127,moodle/question:flag,write,moodle,0,50
128,moodle/question:tagmine,write,moodle,0,50
129,moodle/question:tagall,write,moodle,0,50
130,moodle/site:doclinks,read,moodle,0,10
131,moodle/course:sectionvisibility,write,moodle,0,50
132,moodle/course:useremail,write,moodle,0,50
133,moodle/course:viewhiddensections,write,moodle,0,50
134,moodle/course:setcurrentsection,write,moodle,0,50
135,moodle/course:movesections,write,moodle,0,50
136,moodle/site:mnetlogintoremote,read,moodle,0,10
137,moodle/grade:viewall,read,moodle,8,50
138,moodle/grade:view,read,moodle,0,50
139,moodle/grade:viewhidden,read,moodle,8,50
140,moodle/grade:import,write,moodle,12,50
141,moodle/grade:export,read,moodle,8,50
142,moodle/grade:manage,write,moodle,12,50
143,moodle/grade:edit,write,moodle,12,50
144,moodle/grade:managegradingforms,write,moodle,12,50
145,moodle/grade:sharegradingforms,write,moodle,4,10
146,moodle/grade:managesharedforms,write,moodle,4,10
147,moodle/grade:manageoutcomes,write,moodle,0,50
148,moodle/grade:manageletters,write,moodle,0,50
149,moodle/grade:hide,write,moodle,0,50
150,moodle/grade:lock,write,moodle,0,50
151,moodle/grade:unlock,write,moodle,0,50
152,moodle/my:manageblocks,write,moodle,0,10
153,moodle/notes:view,read,moodle,0,50
154,moodle/notes:manage,write,moodle,16,50
155,moodle/tag:manage,write,moodle,16,10
156,moodle/tag:edit,write,moodle,16,10
157,moodle/tag:flag,write,moodle,16,10
158,moodle/tag:editblocks,write,moodle,0,10
159,moodle/block:view,read,moodle,0,80
160,moodle/block:edit,write,moodle,20,80
161,moodle/portfolio:export,read,moodle,0,10
162,moodle/comment:view,read,moodle,0,50
163,moodle/comment:post,write,moodle,24,50
164,moodle/comment:delete,write,moodle,32,50
165,moodle/webservice:createtoken,write,moodle,62,10
166,moodle/webservice:managealltokens,write,moodle,42,10
167,moodle/webservice:createmobiletoken,write,moodle,24,10
168,moodle/rating:view,read,moodle,0,50
169,moodle/rating:viewany,read,moodle,8,50
170,moodle/rating:viewall,read,moodle,8,50
171,moodle/rating:rate,write,moodle,0,50
172,moodle/course:markcomplete,write,moodle,0,50
173,moodle/course:overridecompletion,write,moodle,0,50
174,moodle/badges:manageglobalsettings,write,moodle,34,10
175,moodle/badges:viewbadges,read,moodle,0,50
176,moodle/badges:manageownbadges,write,moodle,0,30
177,moodle/badges:viewotherbadges,read,moodle,0,30
178,moodle/badges:earnbadge,write,moodle,0,50
179,moodle/badges:createbadge,write,moodle,16,50
180,moodle/badges:deletebadge,write,moodle,32,50
181,moodle/badges:configuredetails,write,moodle,16,50
182,moodle/badges:configurecriteria,write,moodle,4,50
183,moodle/badges:configuremessages,write,moodle,16,50
184,moodle/badges:awardbadge,write,moodle,16,50
185,moodle/badges:revokebadge,write,moodle,16,50
186,moodle/badges:viewawarded,read,moodle,8,50
187,moodle/site:forcelanguage,read,moodle,0,10
188,moodle/search:query,read,moodle,0,10
189,moodle/competency:competencymanage,write,moodle,0,40
190,moodle/competency:competencyview,read,moodle,0,40
191,moodle/competency:competencygrade,write,moodle,0,50
192,moodle/competency:coursecompetencymanage,write,moodle,0,50
193,moodle/competency:coursecompetencyconfigure,write,moodle,0,70
194,moodle/competency:coursecompetencygradable,read,moodle,0,50
195,moodle/competency:coursecompetencyview,read,moodle,0,50
196,moodle/competency:evidencedelete,write,moodle,0,30
197,moodle/competency:planmanage,write,moodle,0,30
198,moodle/competency:planmanagedraft,write,moodle,0,30
199,moodle/competency:planmanageown,write,moodle,0,30
200,moodle/competency:planmanageowndraft,write,moodle,0,30
201,moodle/competency:planview,read,moodle,0,30
202,moodle/competency:planviewdraft,read,moodle,0,30
203,moodle/competency:planviewown,read,moodle,0,30
204,moodle/competency:planviewowndraft,read,moodle,0,30
205,moodle/competency:planrequestreview,write,moodle,0,30
206,moodle/competency:planrequestreviewown,write,moodle,0,30
207,moodle/competency:planreview,write,moodle,0,30
208,moodle/competency:plancomment,write,moodle,0,30
209,moodle/competency:plancommentown,write,moodle,0,30
210,moodle/competency:usercompetencyview,read,moodle,0,30
211,moodle/competency:usercompetencyrequestreview,write,moodle,0,30
212,moodle/competency:usercompetencyrequestreviewown,write,moodle,0,30
213,moodle/competency:usercompetencyreview,write,moodle,0,30
214,moodle/competency:usercompetencycomment,write,moodle,0,30
215,moodle/competency:usercompetencycommentown,write,moodle,0,30
216,moodle/competency:templatemanage,write,moodle,0,40
217,moodle/analytics:listinsights,read,moodle,8,50
218,moodle/analytics:managemodels,write,moodle,2,10
219,moodle/competency:templateview,read,moodle,0,40
220,moodle/competency:userevidencemanage,write,moodle,0,30
221,moodle/competency:userevidencemanageown,write,moodle,0,30
222,moodle/competency:userevidenceview,read,moodle,0,30
223,moodle/site:maintenanceaccess,write,moodle,0,10
224,moodle/site:messageanyuser,write,moodle,16,10
225,moodle/site:managecontextlocks,write,moodle,0,70
226,moodle/course:togglecompletion,write,moodle,0,70
227,moodle/analytics:listowninsights,read,moodle,0,10
228,moodle/h5p:setdisplayoptions,write,moodle,0,70
229,moodle/h5p:deploy,write,moodle,4,70
230,moodle/h5p:updatelibraries,write,moodle,4,70
231,moodle/course:recommendactivity,write,moodle,0,10
232,moodle/contentbank:access,read,moodle,0,50
233,moodle/contentbank:upload,write,moodle,16,50
234,moodle/contentbank:deleteanycontent,write,moodle,32,50
235,moodle/contentbank:deleteowncontent,write,moodle,0,50
236,moodle/contentbank:manageanycontent,write,moodle,32,50
237,moodle/contentbank:manageowncontent,write,moodle,0,50
238,mod/assign:view,read,mod_assign,0,70
239,mod/assign:submit,write,mod_assign,0,70
240,mod/assign:grade,write,mod_assign,4,70
241,mod/assign:exportownsubmission,read,mod_assign,0,70
242,mod/assign:addinstance,write,mod_assign,4,50
243,mod/assign:editothersubmission,write,mod_assign,41,70
244,mod/assign:grantextension,write,mod_assign,0,70
245,mod/assign:revealidentities,write,mod_assign,0,70
246,mod/assign:reviewgrades,write,mod_assign,0,70
247,mod/assign:releasegrades,write,mod_assign,0,70
248,mod/assign:managegrades,write,mod_assign,0,70
249,mod/assign:manageallocations,write,mod_assign,0,70
250,mod/assign:viewgrades,read,mod_assign,0,70
251,mod/assign:viewblinddetails,write,mod_assign,8,70
252,mod/assign:receivegradernotifications,read,mod_assign,0,70
253,mod/assign:manageoverrides,write,mod_assign,0,70
254,mod/assign:showhiddengrader,read,mod_assign,0,70
255,mod/assignment:view,read,mod_assignment,0,70
256,mod/assignment:addinstance,write,mod_assignment,4,50
257,mod/assignment:submit,write,mod_assignment,0,70
258,mod/assignment:grade,write,mod_assignment,4,70
259,mod/assignment:exportownsubmission,read,mod_assignment,0,70
260,mod/book:addinstance,write,mod_book,4,50
261,mod/book:read,read,mod_book,0,70
262,mod/book:viewhiddenchapters,read,mod_book,0,70
263,mod/book:edit,write,mod_book,4,70
264,mod/chat:addinstance,write,mod_chat,4,50
265,mod/chat:chat,write,mod_chat,16,70
266,mod/chat:readlog,read,mod_chat,0,70
267,mod/chat:deletelog,write,mod_chat,0,70
268,mod/chat:exportparticipatedsession,read,mod_chat,8,70
269,mod/chat:exportsession,read,mod_chat,8,70
270,mod/chat:view,read,mod_chat,0,70
271,mod/choice:addinstance,write,mod_choice,4,50
272,mod/choice:choose,write,mod_choice,0,70
273,mod/choice:readresponses,read,mod_choice,0,70
274,mod/choice:deleteresponses,write,mod_choice,0,70
275,mod/choice:downloadresponses,read,mod_choice,0,70
276,mod/choice:view,read,mod_choice,0,70
277,mod/data:addinstance,write,mod_data,4,50
278,mod/data:viewentry,read,mod_data,0,70
279,mod/data:writeentry,write,mod_data,16,70
280,mod/data:comment,write,mod_data,16,70
281,mod/data:rate,write,mod_data,0,70
282,mod/data:viewrating,read,mod_data,0,70
283,mod/data:viewanyrating,read,mod_data,8,70
284,mod/data:viewallratings,read,mod_data,8,70
285,mod/data:approve,write,mod_data,16,70
286,mod/data:manageentries,write,mod_data,16,70
287,mod/data:managecomments,write,mod_data,16,70
288,mod/data:managetemplates,write,mod_data,20,70
289,mod/data:viewalluserpresets,read,mod_data,0,70
290,mod/data:manageuserpresets,write,mod_data,20,70
291,mod/data:exportentry,read,mod_data,8,70
292,mod/data:exportownentry,read,mod_data,0,70
293,mod/data:exportallentries,read,mod_data,8,70
294,mod/data:exportuserinfo,read,mod_data,8,70
295,mod/data:view,read,mod_data,0,70
296,mod/feedback:addinstance,write,mod_feedback,4,50
297,mod/feedback:view,read,mod_feedback,0,70
298,mod/feedback:complete,write,mod_feedback,16,70
299,mod/feedback:viewanalysepage,read,mod_feedback,8,70
300,mod/feedback:deletesubmissions,write,mod_feedback,0,70
301,mod/feedback:mapcourse,write,mod_feedback,0,70
302,mod/feedback:edititems,write,mod_feedback,20,70
303,mod/feedback:createprivatetemplate,write,mod_feedback,16,70
304,mod/feedback:createpublictemplate,write,mod_feedback,16,70
305,mod/feedback:deletetemplate,write,mod_feedback,0,70
306,mod/feedback:viewreports,read,mod_feedback,8,70
307,mod/feedback:receivemail,read,mod_feedback,8,70
308,mod/folder:addinstance,write,mod_folder,4,50
309,mod/folder:view,read,mod_folder,0,70
310,mod/folder:managefiles,write,mod_folder,16,70
311,mod/forum:addinstance,write,mod_forum,4,50
312,mod/forum:viewdiscussion,read,mod_forum,0,70
313,mod/forum:viewhiddentimedposts,read,mod_forum,0,70
314,mod/forum:startdiscussion,write,mod_forum,16,70
315,mod/forum:replypost,write,mod_forum,16,70
316,mod/forum:addnews,write,mod_forum,16,70
317,mod/forum:replynews,write,mod_forum,16,70
318,mod/forum:viewrating,read,mod_forum,0,70
319,mod/forum:viewanyrating,read,mod_forum,8,70
320,mod/forum:viewallratings,read,mod_forum,8,70
321,mod/forum:rate,write,mod_forum,0,70
322,mod/forum:postprivatereply,write,mod_forum,0,70
323,mod/forum:readprivatereplies,read,mod_forum,0,70
324,mod/forum:createattachment,write,mod_forum,16,70
325,mod/forum:deleteownpost,write,mod_forum,0,70
326,mod/forum:deleteanypost,write,mod_forum,0,70
327,mod/forum:splitdiscussions,write,mod_forum,0,70
328,mod/forum:movediscussions,write,mod_forum,0,70
329,mod/forum:pindiscussions,write,mod_forum,0,70
330,mod/forum:editanypost,write,mod_forum,16,70
331,mod/forum:viewqandawithoutposting,read,mod_forum,0,70
332,mod/forum:viewsubscribers,read,mod_forum,0,70
333,mod/forum:managesubscriptions,write,mod_forum,16,70
334,mod/forum:postwithoutthrottling,write,mod_forum,16,70
335,mod/forum:exportdiscussion,read,mod_forum,8,70
336,mod/forum:exportforum,read,mod_forum,8,70
337,mod/forum:exportpost,read,mod_forum,8,70
338,mod/forum:exportownpost,read,mod_forum,8,70
339,mod/forum:addquestion,write,mod_forum,16,70
340,mod/forum:allowforcesubscribe,read,mod_forum,0,70
341,mod/forum:canposttomygroups,write,mod_forum,0,70
342,mod/forum:canoverridediscussionlock,write,mod_forum,0,70
343,mod/forum:canoverridecutoff,write,mod_forum,0,70
344,mod/forum:cantogglefavourite,write,mod_forum,0,70
345,mod/forum:grade,write,mod_forum,0,70
346,mod/glossary:addinstance,write,mod_glossary,4,50
347,mod/glossary:view,read,mod_glossary,0,70
348,mod/glossary:write,write,mod_glossary,16,70
349,mod/glossary:manageentries,write,mod_glossary,16,70
350,mod/glossary:managecategories,write,mod_glossary,16,70
351,mod/glossary:comment,write,mod_glossary,16,70
352,mod/glossary:managecomments,write,mod_glossary,16,70
353,mod/glossary:import,write,mod_glossary,16,70
354,mod/glossary:export,read,mod_glossary,0,70
355,mod/glossary:approve,write,mod_glossary,16,70
356,mod/glossary:rate,write,mod_glossary,0,70
357,mod/glossary:viewrating,read,mod_glossary,0,70
358,mod/glossary:viewanyrating,read,mod_glossary,8,70
359,mod/glossary:viewallratings,read,mod_glossary,8,70
360,mod/glossary:exportentry,read,mod_glossary,8,70
361,mod/glossary:exportownentry,read,mod_glossary,0,70
362,mod/h5pactivity:view,read,mod_h5pactivity,0,70
363,mod/h5pactivity:addinstance,write,mod_h5pactivity,0,50
364,mod/h5pactivity:submit,write,mod_h5pactivity,0,70
365,mod/imscp:view,read,mod_imscp,0,70
366,mod/imscp:addinstance,write,mod_imscp,4,50
367,mod/label:addinstance,write,mod_label,4,50
368,mod/label:view,read,mod_label,0,70
369,mod/lesson:addinstance,write,mod_lesson,4,50
370,mod/lesson:edit,write,mod_lesson,4,70
371,mod/lesson:grade,write,mod_lesson,20,70
372,mod/lesson:viewreports,read,mod_lesson,8,70
373,mod/lesson:manage,write,mod_lesson,0,70
374,mod/lesson:manageoverrides,write,mod_lesson,0,70
375,mod/lesson:view,read,mod_lesson,0,70
376,mod/lti:view,read,mod_lti,0,70
377,mod/lti:addinstance,write,mod_lti,4,50
378,mod/lti:manage,write,mod_lti,8,70
379,mod/lti:admin,write,mod_lti,8,70
380,mod/lti:addcoursetool,write,mod_lti,0,50
381,mod/lti:addpreconfiguredinstance,write,mod_lti,0,50
382,mod/lti:addmanualinstance,write,mod_lti,0,50
383,mod/lti:requesttooladd,write,mod_lti,0,50
384,mod/page:view,read,mod_page,0,70
385,mod/page:addinstance,write,mod_page,4,50
386,mod/quiz:view,read,mod_quiz,0,70
387,mod/quiz:addinstance,write,mod_quiz,4,50
388,mod/quiz:attempt,write,mod_quiz,16,70
389,mod/quiz:reviewmyattempts,read,mod_quiz,0,70
390,mod/quiz:manage,write,mod_quiz,16,70
391,mod/quiz:manageoverrides,write,mod_quiz,0,70
392,mod/quiz:preview,write,mod_quiz,0,70
393,mod/quiz:grade,write,mod_quiz,20,70
394,mod/quiz:regrade,write,mod_quiz,16,70
395,mod/quiz:viewreports,read,mod_quiz,8,70
396,mod/quiz:deleteattempts,write,mod_quiz,32,70
397,mod/quiz:ignoretimelimits,read,mod_quiz,0,70
398,mod/quiz:emailconfirmsubmission,read,mod_quiz,0,70
399,mod/quiz:emailnotifysubmission,read,mod_quiz,0,70
400,mod/quiz:emailwarnoverdue,read,mod_quiz,0,70
401,mod/resource:view,read,mod_resource,0,70
402,mod/resource:addinstance,write,mod_resource,4,50
403,mod/scorm:addinstance,write,mod_scorm,4,50
404,mod/scorm:viewreport,read,mod_scorm,0,70
405,mod/scorm:skipview,read,mod_scorm,0,70
406,mod/scorm:savetrack,write,mod_scorm,0,70
407,mod/scorm:viewscores,read,mod_scorm,0,70
408,mod/scorm:deleteresponses,write,mod_scorm,0,70
409,mod/scorm:deleteownresponses,write,mod_scorm,0,70
410,mod/survey:addinstance,write,mod_survey,4,50
411,mod/survey:participate,read,mod_survey,0,70
412,mod/survey:readresponses,read,mod_survey,0,70
413,mod/survey:download,read,mod_survey,0,70
414,mod/url:view,read,mod_url,0,70
415,mod/url:addinstance,write,mod_url,4,50
416,mod/wiki:addinstance,write,mod_wiki,4,50
417,mod/wiki:viewpage,read,mod_wiki,0,70
418,mod/wiki:editpage,write,mod_wiki,16,70
419,mod/wiki:createpage,write,mod_wiki,16,70
420,mod/wiki:viewcomment,read,mod_wiki,0,70
421,mod/wiki:editcomment,write,mod_wiki,16,70
422,mod/wiki:managecomment,write,mod_wiki,0,70
423,mod/wiki:managefiles,write,mod_wiki,0,70
424,mod/wiki:overridelock,write,mod_wiki,0,70
425,mod/wiki:managewiki,write,mod_wiki,0,70
426,mod/workshop:view,read,mod_workshop,0,70
427,mod/workshop:addinstance,write,mod_workshop,4,50
428,mod/workshop:switchphase,write,mod_workshop,0,70
429,mod/workshop:editdimensions,write,mod_workshop,4,70
430,mod/workshop:submit,write,mod_workshop,0,70
431,mod/workshop:peerassess,write,mod_workshop,0,70
432,mod/workshop:manageexamples,write,mod_workshop,0,70
433,mod/workshop:allocate,write,mod_workshop,0,70
434,mod/workshop:publishsubmissions,write,mod_workshop,0,70
435,mod/workshop:viewauthornames,read,mod_workshop,0,70
436,mod/workshop:viewreviewernames,read,mod_workshop,0,70
437,mod/workshop:viewallsubmissions,read,mod_workshop,0,70
438,mod/workshop:viewpublishedsubmissions,read,mod_workshop,0,70
439,mod/workshop:viewauthorpublished,read,mod_workshop,0,70
440,mod/workshop:viewallassessments,read,mod_workshop,0,70
441,mod/workshop:overridegrades,write,mod_workshop,0,70
442,mod/workshop:ignoredeadlines,write,mod_workshop,0,70
443,mod/workshop:deletesubmissions,write,mod_workshop,0,70
444,mod/workshop:exportsubmissions,read,mod_workshop,0,70
445,auth/oauth2:managelinkedlogins,write,auth_oauth2,0,30
446,enrol/category:synchronised,write,enrol_category,0,10
447,enrol/category:config,write,enrol_category,0,50
448,enrol/cohort:config,write,enrol_cohort,0,50
449,enrol/cohort:unenrol,write,enrol_cohort,0,50
450,enrol/database:unenrol,write,enrol_database,0,50
451,enrol/database:config,write,enrol_database,0,50
452,enrol/flatfile:manage,write,enrol_flatfile,0,50
453,enrol/flatfile:unenrol,write,enrol_flatfile,0,50
454,enrol/guest:config,write,enrol_guest,0,50
455,enrol/imsenterprise:config,write,enrol_imsenterprise,0,50
456,enrol/ldap:manage,write,enrol_ldap,0,50
457,enrol/lti:config,write,enrol_lti,0,50
458,enrol/lti:unenrol,write,enrol_lti,0,50
459,enrol/manual:config,write,enrol_manual,0,50
460,enrol/manual:enrol,write,enrol_manual,0,50
461,enrol/manual:manage,write,enrol_manual,0,50
462,enrol/manual:unenrol,write,enrol_manual,0,50
463,enrol/manual:unenrolself,write,enrol_manual,0,50
464,enrol/meta:config,write,enrol_meta,0,50
465,enrol/meta:selectaslinked,read,enrol_meta,0,50
466,enrol/meta:unenrol,write,enrol_meta,0,50
467,enrol/mnet:config,write,enrol_mnet,0,50
468,enrol/paypal:config,write,enrol_paypal,0,50
469,enrol/paypal:manage,write,enrol_paypal,0,50
470,enrol/paypal:unenrol,write,enrol_paypal,0,50
471,enrol/paypal:unenrolself,write,enrol_paypal,0,50
472,enrol/self:config,write,enrol_self,0,50
473,enrol/self:manage,write,enrol_self,0,50
474,enrol/self:holdkey,write,enrol_self,0,50
475,enrol/self:unenrolself,write,enrol_self,0,50
476,enrol/self:unenrol,write,enrol_self,0,50
477,message/airnotifier:managedevice,write,message_airnotifier,0,10
478,block/activity_modules:addinstance,write,block_activity_modules,20,80
479,block/activity_results:addinstance,write,block_activity_results,20,80
480,block/admin_bookmarks:myaddinstance,write,block_admin_bookmarks,0,10
481,block/admin_bookmarks:addinstance,write,block_admin_bookmarks,20,80
482,block/badges:addinstance,read,block_badges,0,80
483,block/badges:myaddinstance,read,block_badges,8,10
484,block/blog_menu:addinstance,write,block_blog_menu,20,80
485,block/blog_recent:addinstance,write,block_blog_recent,20,80
486,block/blog_tags:addinstance,write,block_blog_tags,20,80
487,block/calendar_month:myaddinstance,write,block_calendar_month,0,10
488,block/calendar_month:addinstance,write,block_calendar_month,20,80
489,block/calendar_upcoming:myaddinstance,write,block_calendar_upcoming,0,10
490,block/calendar_upcoming:addinstance,write,block_calendar_upcoming,20,80
491,block/comments:myaddinstance,write,block_comments,0,10
492,block/comments:addinstance,write,block_comments,20,80
493,block/completionstatus:addinstance,write,block_completionstatus,20,80
494,block/course_list:myaddinstance,write,block_course_list,0,10
495,block/course_list:addinstance,write,block_course_list,20,80
496,block/course_summary:addinstance,write,block_course_summary,20,80
497,block/feedback:addinstance,write,block_feedback,20,80
498,block/globalsearch:myaddinstance,write,block_globalsearch,0,10
499,block/globalsearch:addinstance,write,block_globalsearch,0,80
500,block/glossary_random:myaddinstance,write,block_glossary_random,0,10
501,block/glossary_random:addinstance,write,block_glossary_random,20,80
502,block/html:myaddinstance,write,block_html,0,10
503,block/html:addinstance,write,block_html,20,80
504,block/login:addinstance,write,block_login,20,80
505,block/lp:addinstance,write,block_lp,0,10
506,block/lp:myaddinstance,write,block_lp,0,10
507,block/mentees:myaddinstance,write,block_mentees,0,10
508,block/mentees:addinstance,write,block_mentees,20,80
509,block/mnet_hosts:myaddinstance,write,block_mnet_hosts,0,10
510,block/mnet_hosts:addinstance,write,block_mnet_hosts,20,80
511,block/myoverview:myaddinstance,write,block_myoverview,0,10
512,block/myprofile:myaddinstance,write,block_myprofile,0,10
513,block/myprofile:addinstance,write,block_myprofile,20,80
514,block/navigation:myaddinstance,write,block_navigation,0,10
515,block/navigation:addinstance,write,block_navigation,20,80
516,block/news_items:myaddinstance,write,block_news_items,0,10
517,block/news_items:addinstance,write,block_news_items,20,80
518,block/online_users:myaddinstance,write,block_online_users,0,10
519,block/online_users:addinstance,write,block_online_users,20,80
520,block/online_users:viewlist,read,block_online_users,0,80
521,block/private_files:myaddinstance,write,block_private_files,0,10
522,block/private_files:addinstance,write,block_private_files,20,80
523,block/quiz_results:addinstance,write,block_quiz_results,20,80
524,block/recent_activity:addinstance,write,block_recent_activity,20,80
525,block/recent_activity:viewaddupdatemodule,read,block_recent_activity,0,50
526,block/recent_activity:viewdeletemodule,read,block_recent_activity,0,50
527,block/recentlyaccessedcourses:myaddinstance,write,block_recentlyaccessedcourses,0,10
528,block/recentlyaccesseditems:myaddinstance,write,block_recentlyaccesseditems,0,10
529,block/rss_client:myaddinstance,write,block_rss_client,0,10
530,block/rss_client:addinstance,write,block_rss_client,20,80
531,block/rss_client:manageownfeeds,write,block_rss_client,0,80
532,block/rss_client:manageanyfeeds,write,block_rss_client,16,80
533,block/search_forums:addinstance,write,block_search_forums,20,80
534,block/section_links:addinstance,write,block_section_links,20,80
535,block/selfcompletion:addinstance,write,block_selfcompletion,20,80
536,block/settings:myaddinstance,write,block_settings,0,10
537,block/settings:addinstance,write,block_settings,20,80
538,block/site_main_menu:addinstance,write,block_site_main_menu,20,80
539,block/social_activities:addinstance,write,block_social_activities,20,80
540,block/starredcourses:myaddinstance,write,block_starredcourses,0,10
541,block/tag_flickr:addinstance,write,block_tag_flickr,20,80
542,block/tag_youtube:addinstance,write,block_tag_youtube,20,80
543,block/tags:myaddinstance,write,block_tags,0,10
544,block/tags:addinstance,write,block_tags,20,80
545,block/timeline:myaddinstance,write,block_timeline,0,10
546,report/completion:view,read,report_completion,8,50
547,report/courseoverview:view,read,report_courseoverview,8,10
548,report/log:view,read,report_log,8,50
549,report/log:viewtoday,read,report_log,8,50
550,report/loglive:view,read,report_loglive,8,50
551,report/outline:view,read,report_outline,8,50
552,report/outline:viewuserreport,read,report_outline,8,50
553,report/participation:view,read,report_participation,8,50
554,report/performance:view,read,report_performance,2,10
555,report/progress:view,read,report_progress,8,50
556,report/questioninstances:view,read,report_questioninstances,0,10
557,report/security:view,read,report_security,2,10
558,report/stats:view,read,report_stats,8,50
559,report/status:view,read,report_status,2,10
560,report/usersessions:manageownsessions,write,report_usersessions,0,30
561,gradeexport/ods:view,read,gradeexport_ods,8,50
562,gradeexport/ods:publish,read,gradeexport_ods,8,50
563,gradeexport/txt:view,read,gradeexport_txt,8,50
564,gradeexport/txt:publish,read,gradeexport_txt,8,50
565,gradeexport/xls:view,read,gradeexport_xls,8,50
566,gradeexport/xls:publish,read,gradeexport_xls,8,50
567,gradeexport/xml:view,read,gradeexport_xml,8,50
568,gradeexport/xml:publish,read,gradeexport_xml,8,50
569,gradeimport/csv:view,write,gradeimport_csv,0,50
570,gradeimport/direct:view,write,gradeimport_direct,0,50
571,gradeimport/xml:view,write,gradeimport_xml,0,50
572,gradeimport/xml:publish,write,gradeimport_xml,0,50
573,gradereport/grader:view,read,gradereport_grader,8,50
574,gradereport/history:view,read,gradereport_history,8,50
575,gradereport/outcomes:view,read,gradereport_outcomes,8,50
576,gradereport/overview:view,read,gradereport_overview,8,50
577,gradereport/singleview:view,read,gradereport_singleview,8,50
578,gradereport/user:view,read,gradereport_user,8,50
579,webservice/rest:use,read,webservice_rest,0,50
580,webservice/soap:use,read,webservice_soap,0,50
581,webservice/xmlrpc:use,read,webservice_xmlrpc,0,50
582,repository/areafiles:view,read,repository_areafiles,0,70
583,repository/boxnet:view,read,repository_boxnet,0,70
584,repository/coursefiles:view,read,repository_coursefiles,0,70
585,repository/dropbox:view,read,repository_dropbox,0,70
586,repository/equella:view,read,repository_equella,0,70
587,repository/filesystem:view,read,repository_filesystem,0,70
588,repository/flickr:view,read,repository_flickr,0,70
589,repository/flickr_public:view,read,repository_flickr_public,0,70
590,repository/googledocs:view,read,repository_googledocs,0,70
591,repository/local:view,read,repository_local,0,70
592,repository/merlot:view,read,repository_merlot,0,70
593,repository/nextcloud:view,read,repository_nextcloud,0,70
594,repository/onedrive:view,read,repository_onedrive,0,70
595,repository/picasa:view,read,repository_picasa,0,70
596,repository/recent:view,read,repository_recent,0,70
597,repository/s3:view,read,repository_s3,0,70
598,repository/skydrive:view,read,repository_skydrive,0,70
599,repository/upload:view,read,repository_upload,0,70
600,repository/url:view,read,repository_url,0,70
601,repository/user:view,read,repository_user,0,70
602,repository/webdav:view,read,repository_webdav,0,70
603,repository/wikimedia:view,read,repository_wikimedia,0,70
604,repository/youtube:view,read,repository_youtube,0,70
605,tool/customlang:view,read,tool_customlang,2,10
606,tool/customlang:edit,write,tool_customlang,6,10
607,tool/dataprivacy:managedatarequests,write,tool_dataprivacy,60,10
608,tool/dataprivacy:requestdeleteforotheruser,write,tool_dataprivacy,60,10
609,tool/dataprivacy:managedataregistry,write,tool_dataprivacy,60,10
610,tool/dataprivacy:makedatarequestsforchildren,write,tool_dataprivacy,24,30
611,tool/dataprivacy:makedatadeletionrequestsforchildren,write,tool_dataprivacy,24,30
612,tool/dataprivacy:downloadownrequest,read,tool_dataprivacy,0,30
613,tool/dataprivacy:downloadallrequests,read,tool_dataprivacy,8,30
614,tool/dataprivacy:requestdelete,write,tool_dataprivacy,32,30
615,tool/lpmigrate:frameworksmigrate,write,tool_lpmigrate,0,10
616,tool/monitor:subscribe,read,tool_monitor,8,50
617,tool/monitor:managerules,write,tool_monitor,4,50
618,tool/monitor:managetool,write,tool_monitor,4,10
619,tool/policy:accept,write,tool_policy,0,10
620,tool/policy:acceptbehalf,write,tool_policy,8,30
621,tool/policy:managedocs,write,tool_policy,0,10
622,tool/policy:viewacceptances,read,tool_policy,0,10
623,tool/recyclebin:deleteitems,write,tool_recyclebin,32,50
624,tool/recyclebin:restoreitems,write,tool_recyclebin,0,50
625,tool/recyclebin:viewitems,read,tool_recyclebin,0,50
626,tool/uploaduser:uploaduserpictures,write,tool_uploaduser,16,10
627,tool/usertours:managetours,write,tool_usertours,4,10
628,contenttype/h5p:access,read,contenttype_h5p,0,50
629,contenttype/h5p:upload,write,contenttype_h5p,16,50
630,booktool/exportimscp:export,read,booktool_exportimscp,0,70
631,booktool/importhtml:import,write,booktool_importhtml,4,70
632,booktool/print:print,read,booktool_print,0,70
633,forumreport/summary:view,read,forumreport_summary,0,70
634,forumreport/summary:viewall,read,forumreport_summary,8,70
635,quiz/grading:viewstudentnames,read,quiz_grading,0,70
636,quiz/grading:viewidnumber,read,quiz_grading,0,70
637,quiz/statistics:view,read,quiz_statistics,0,70
638,quizaccess/seb:managetemplates,write,quizaccess_seb,0,10
639,quizaccess/seb:bypassseb,read,quizaccess_seb,0,70
640,quizaccess/seb:manage_seb_requiresafeexambrowser,write,quizaccess_seb,0,70
641,quizaccess/seb:manage_seb_templateid,read,quizaccess_seb,0,70
642,quizaccess/seb:manage_filemanager_sebconfigfile,write,quizaccess_seb,0,70
643,quizaccess/seb:manage_seb_showsebdownloadlink,write,quizaccess_seb,0,70
644,quizaccess/seb:manage_seb_allowedbrowserexamkeys,write,quizaccess_seb,0,70
645,quizaccess/seb:manage_seb_linkquitseb,write,quizaccess_seb,0,70
646,quizaccess/seb:manage_seb_userconfirmquit,write,quizaccess_seb,0,70
647,quizaccess/seb:manage_seb_allowuserquitseb,write,quizaccess_seb,0,70
648,quizaccess/seb:manage_seb_quitpassword,write,quizaccess_seb,0,70
649,quizaccess/seb:manage_seb_allowreloadinexam,write,quizaccess_seb,0,70
650,quizaccess/seb:manage_seb_showsebtaskbar,write,quizaccess_seb,0,70
651,quizaccess/seb:manage_seb_showreloadbutton,write,quizaccess_seb,0,70
652,quizaccess/seb:manage_seb_showtime,write,quizaccess_seb,0,70
653,quizaccess/seb:manage_seb_showkeyboardlayout,write,quizaccess_seb,0,70
654,quizaccess/seb:manage_seb_showwificontrol,write,quizaccess_seb,0,70
655,quizaccess/seb:manage_seb_enableaudiocontrol,write,quizaccess_seb,0,70
656,quizaccess/seb:manage_seb_muteonstartup,write,quizaccess_seb,0,70
657,quizaccess/seb:manage_seb_allowspellchecking,write,quizaccess_seb,0,70
658,quizaccess/seb:manage_seb_activateurlfiltering,write,quizaccess_seb,0,70
659,quizaccess/seb:manage_seb_filterembeddedcontent,write,quizaccess_seb,0,70
660,quizaccess/seb:manage_seb_expressionsallowed,write,quizaccess_seb,0,70
661,quizaccess/seb:manage_seb_regexallowed,write,quizaccess_seb,0,70
662,quizaccess/seb:manage_seb_expressionsblocked,write,quizaccess_seb,0,70
663,quizaccess/seb:manage_seb_regexblocked,write,quizaccess_seb,0,70
664,atto/h5p:addembed,write,atto_h5p,0,70
665,atto/recordrtc:recordaudio,write,atto_recordrtc,0,70
666,atto/recordrtc:recordvideo,write,atto_recordrtc,0,70

