id,userid,courseid,timeaccess
base64:type253:Mm13eWxkcjFtd3lsZHIxNjA2NDk2NjU2bXd5bGRyMg==,base64:type253:Mm13eWxkcjFtd3lsZHIxNjA2NDk2NjU2bXd5bGRyMg==,base64:type253:Mm13eWxkcjFtd3lsZHIxNjA2NDk2NjU2bXd5bGRyMg==,base64:type253:Mm13eWxkcjFtd3lsZHIxNjA2NDk2NjU2bXd5bGRyMg==
base64:type253:Mm13eWxkcjNtd3lsZHIxNjA2NTEwNzc3bXd5bGRyMTA=,base64:type253:Mm13eWxkcjNtd3lsZHIxNjA2NTEwNzc3bXd5bGRyMTA=,base64:type253:Mm13eWxkcjNtd3lsZHIxNjA2NTEwNzc3bXd5bGRyMTA=,base64:type253:Mm13eWxkcjNtd3lsZHIxNjA2NTEwNzc3bXd5bGRyMTA=
base64:type253:Mm13eWxkcjRtd3lsZHIxNjA0ODYyNjIwbXd5bGRyOQ==,base64:type253:Mm13eWxkcjRtd3lsZHIxNjA0ODYyNjIwbXd5bGRyOQ==,base64:type253:Mm13eWxkcjRtd3lsZHIxNjA0ODYyNjIwbXd5bGRyOQ==,base64:type253:Mm13eWxkcjRtd3lsZHIxNjA0ODYyNjIwbXd5bGRyOQ==
base64:type253:Mm13eWxkcjgzbXd5bGRyMTYwNjM1MDYzOG13eWxkcjM=,base64:type253:Mm13eWxkcjgzbXd5bGRyMTYwNjM1MDYzOG13eWxkcjM=,base64:type253:Mm13eWxkcjgzbXd5bGRyMTYwNjM1MDYzOG13eWxkcjM=,base64:type253:Mm13eWxkcjgzbXd5bGRyMTYwNjM1MDYzOG13eWxkcjM=
base64:type253:M213eWxkcjk2bXd5bGRyMTYwNDcwMjMzNW13eWxkcjI=,base64:type253:M213eWxkcjk2bXd5bGRyMTYwNDcwMjMzNW13eWxkcjI=,base64:type253:M213eWxkcjk2bXd5bGRyMTYwNDcwMjMzNW13eWxkcjI=,base64:type253:M213eWxkcjk2bXd5bGRyMTYwNDcwMjMzNW13eWxkcjI=
base64:type253:Mm13eWxkcjk3bXd5bGRyMTYwNjUwMzI4Mm13eWxkcjk5,base64:type253:Mm13eWxkcjk3bXd5bGRyMTYwNjUwMzI4Mm13eWxkcjk5,base64:type253:Mm13eWxkcjk3bXd5bGRyMTYwNjUwMzI4Mm13eWxkcjk5,base64:type253:Mm13eWxkcjk3bXd5bGRyMTYwNjUwMzI4Mm13eWxkcjk5
base64:type253:M213eWxkcjk4bXd5bGRyMTYwNTAzODk3MG13eWxkcjk5,base64:type253:M213eWxkcjk4bXd5bGRyMTYwNTAzODk3MG13eWxkcjk5,base64:type253:M213eWxkcjk4bXd5bGRyMTYwNTAzODk3MG13eWxkcjk5,base64:type253:M213eWxkcjk4bXd5bGRyMTYwNTAzODk3MG13eWxkcjk5
base64:type253:NG13eWxkcjk5bXd5bGRyMTYwNjQ5NjY1NW13eWxkcjI=,base64:type253:NG13eWxkcjk5bXd5bGRyMTYwNjQ5NjY1NW13eWxkcjI=,base64:type253:NG13eWxkcjk5bXd5bGRyMTYwNjQ5NjY1NW13eWxkcjI=,base64:type253:NG13eWxkcjk5bXd5bGRyMTYwNjQ5NjY1NW13eWxkcjI=
base64:type253:NG13eWxkcjEwMG13eWxkcjE2MDc5NjQ0MjZtd3lsZHI5OQ==,base64:type253:NG13eWxkcjEwMG13eWxkcjE2MDc5NjQ0MjZtd3lsZHI5OQ==,base64:type253:NG13eWxkcjEwMG13eWxkcjE2MDc5NjQ0MjZtd3lsZHI5OQ==,base64:type253:NG13eWxkcjEwMG13eWxkcjE2MDc5NjQ0MjZtd3lsZHI5OQ==
base64:type253:NG13eWxkcjEwMW13eWxkcjE2MDIxNzk2MzZtd3lsZHI5,base64:type253:NG13eWxkcjEwMW13eWxkcjE2MDIxNzk2MzZtd3lsZHI5,base64:type253:NG13eWxkcjEwMW13eWxkcjE2MDIxNzk2MzZtd3lsZHI5,base64:type253:NG13eWxkcjEwMW13eWxkcjE2MDIxNzk2MzZtd3lsZHI5
base64:type253:NG13eWxkcjEwMm13eWxkcjE2MjIwODM1OTNtd3lsZHIxMDI=,base64:type253:NG13eWxkcjEwMm13eWxkcjE2MjIwODM1OTNtd3lsZHIxMDI=,base64:type253:NG13eWxkcjEwMm13eWxkcjE2MjIwODM1OTNtd3lsZHIxMDI=,base64:type253:NG13eWxkcjEwMm13eWxkcjE2MjIwODM1OTNtd3lsZHIxMDI=
base64:type253:NG13eWxkcjEwM213eWxkcjE2MDU2NTgzMTJtd3lsZHIxMDQ=,base64:type253:NG13eWxkcjEwM213eWxkcjE2MDU2NTgzMTJtd3lsZHIxMDQ=,base64:type253:NG13eWxkcjEwM213eWxkcjE2MDU2NTgzMTJtd3lsZHIxMDQ=,base64:type253:NG13eWxkcjEwM213eWxkcjE2MDU2NTgzMTJtd3lsZHIxMDQ=
base64:type253:NG13eWxkcjEwNG13eWxkcjE2MDY5MjQzNzFtd3lsZHIxMDY=,base64:type253:NG13eWxkcjEwNG13eWxkcjE2MDY5MjQzNzFtd3lsZHIxMDY=,base64:type253:NG13eWxkcjEwNG13eWxkcjE2MDY5MjQzNzFtd3lsZHIxMDY=,base64:type253:NG13eWxkcjEwNG13eWxkcjE2MDY5MjQzNzFtd3lsZHIxMDY=
base64:type253:NG13eWxkcjEwNW13eWxkcjE2MTA0MDkwMThtd3lsZHIxMDg=,base64:type253:NG13eWxkcjEwNW13eWxkcjE2MTA0MDkwMThtd3lsZHIxMDg=,base64:type253:NG13eWxkcjEwNW13eWxkcjE2MTA0MDkwMThtd3lsZHIxMDg=,base64:type253:NG13eWxkcjEwNW13eWxkcjE2MTA0MDkwMThtd3lsZHIxMDg=
base64:type253:NG13eWxkcjEwNm13eWxkcjE2MDY1MDQ2NDJtd3lsZHIxMA==,base64:type253:NG13eWxkcjEwNm13eWxkcjE2MDY1MDQ2NDJtd3lsZHIxMA==,base64:type253:NG13eWxkcjEwNm13eWxkcjE2MDY1MDQ2NDJtd3lsZHIxMA==,base64:type253:NG13eWxkcjEwNm13eWxkcjE2MDY1MDQ2NDJtd3lsZHIxMA==
base64:type253:Mm13eWxkcjEwN213eWxkcjE2MDY3OTIzMDltd3lsZHIxMDk=,base64:type253:Mm13eWxkcjEwN213eWxkcjE2MDY3OTIzMDltd3lsZHIxMDk=,base64:type253:Mm13eWxkcjEwN213eWxkcjE2MDY3OTIzMDltd3lsZHIxMDk=,base64:type253:Mm13eWxkcjEwN213eWxkcjE2MDY3OTIzMDltd3lsZHIxMDk=
base64:type253:NG13eWxkcjEwOG13eWxkcjE2MTk4MjcyODRtd3lsZHI3NQ==,base64:type253:NG13eWxkcjEwOG13eWxkcjE2MTk4MjcyODRtd3lsZHI3NQ==,base64:type253:NG13eWxkcjEwOG13eWxkcjE2MTk4MjcyODRtd3lsZHI3NQ==,base64:type253:NG13eWxkcjEwOG13eWxkcjE2MTk4MjcyODRtd3lsZHI3NQ==
base64:type253:NG13eWxkcjEwOW13eWxkcjE2MDc0NTIzNjNtd3lsZHIxMTA=,base64:type253:NG13eWxkcjEwOW13eWxkcjE2MDc0NTIzNjNtd3lsZHIxMTA=,base64:type253:NG13eWxkcjEwOW13eWxkcjE2MDc0NTIzNjNtd3lsZHIxMTA=,base64:type253:NG13eWxkcjEwOW13eWxkcjE2MDc0NTIzNjNtd3lsZHIxMTA=
base64:type253:NG13eWxkcjExMG13eWxkcjE2MTI5MjM0ODRtd3lsZHI3,base64:type253:NG13eWxkcjExMG13eWxkcjE2MTI5MjM0ODRtd3lsZHI3,base64:type253:NG13eWxkcjExMG13eWxkcjE2MTI5MjM0ODRtd3lsZHI3,base64:type253:NG13eWxkcjExMG13eWxkcjE2MTI5MjM0ODRtd3lsZHI3
base64:type253:NG13eWxkcjExMW13eWxkcjE2MDY3NzQ0ODFtd3lsZHI2OQ==,base64:type253:NG13eWxkcjExMW13eWxkcjE2MDY3NzQ0ODFtd3lsZHI2OQ==,base64:type253:NG13eWxkcjExMW13eWxkcjE2MDY3NzQ0ODFtd3lsZHI2OQ==,base64:type253:NG13eWxkcjExMW13eWxkcjE2MDY3NzQ0ODFtd3lsZHI2OQ==
base64:type253:NG13eWxkcjExMm13eWxkcjE2MDY1ODYwNTJtd3lsZHIxMTI=,base64:type253:NG13eWxkcjExMm13eWxkcjE2MDY1ODYwNTJtd3lsZHIxMTI=,base64:type253:NG13eWxkcjExMm13eWxkcjE2MDY1ODYwNTJtd3lsZHIxMTI=,base64:type253:NG13eWxkcjExMm13eWxkcjE2MDY1ODYwNTJtd3lsZHIxMTI=
base64:type253:NG13eWxkcjExM213eWxkcjE2MDczOTEyMjBtd3lsZHIxMTE=,base64:type253:NG13eWxkcjExM213eWxkcjE2MDczOTEyMjBtd3lsZHIxMTE=,base64:type253:NG13eWxkcjExM213eWxkcjE2MDczOTEyMjBtd3lsZHIxMTE=,base64:type253:NG13eWxkcjExM213eWxkcjE2MDczOTEyMjBtd3lsZHIxMTE=
base64:type253:NG13eWxkcjExNG13eWxkcjE2MDc2MjYwNDJtd3lsZHIxMTM=,base64:type253:NG13eWxkcjExNG13eWxkcjE2MDc2MjYwNDJtd3lsZHIxMTM=,base64:type253:NG13eWxkcjExNG13eWxkcjE2MDc2MjYwNDJtd3lsZHIxMTM=,base64:type253:NG13eWxkcjExNG13eWxkcjE2MDc2MjYwNDJtd3lsZHIxMTM=
base64:type253:NG13eWxkcjExNW13eWxkcjE2MDcwMzY1MDdtd3lsZHI2,base64:type253:NG13eWxkcjExNW13eWxkcjE2MDcwMzY1MDdtd3lsZHI2,base64:type253:NG13eWxkcjExNW13eWxkcjE2MDcwMzY1MDdtd3lsZHI2,base64:type253:NG13eWxkcjExNW13eWxkcjE2MDcwMzY1MDdtd3lsZHI2
base64:type253:NG13eWxkcjExNm13eWxkcjE2MDczNjgzODRtd3lsZHIxMTU=,base64:type253:NG13eWxkcjExNm13eWxkcjE2MDczNjgzODRtd3lsZHIxMTU=,base64:type253:NG13eWxkcjExNm13eWxkcjE2MDczNjgzODRtd3lsZHIxMTU=,base64:type253:NG13eWxkcjExNm13eWxkcjE2MDczNjgzODRtd3lsZHIxMTU=
base64:type253:NG13eWxkcjExN213eWxkcjE2MDczMjQzMDhtd3lsZHIxMTQ=,base64:type253:NG13eWxkcjExN213eWxkcjE2MDczMjQzMDhtd3lsZHIxMTQ=,base64:type253:NG13eWxkcjExN213eWxkcjE2MDczMjQzMDhtd3lsZHIxMTQ=,base64:type253:NG13eWxkcjExN213eWxkcjE2MDczMjQzMDhtd3lsZHIxMTQ=
base64:type253:NG13eWxkcjExOG13eWxkcjE2MDM1ODA4MjBtd3lsZHI4Ng==,base64:type253:NG13eWxkcjExOG13eWxkcjE2MDM1ODA4MjBtd3lsZHI4Ng==,base64:type253:NG13eWxkcjExOG13eWxkcjE2MDM1ODA4MjBtd3lsZHI4Ng==,base64:type253:NG13eWxkcjExOG13eWxkcjE2MDM1ODA4MjBtd3lsZHI4Ng==
base64:type253:NG13eWxkcjExOW13eWxkcjE2MDYyNzMxNjJtd3lsZHIxMDM=,base64:type253:NG13eWxkcjExOW13eWxkcjE2MDYyNzMxNjJtd3lsZHIxMDM=,base64:type253:NG13eWxkcjExOW13eWxkcjE2MDYyNzMxNjJtd3lsZHIxMDM=,base64:type253:NG13eWxkcjExOW13eWxkcjE2MDYyNzMxNjJtd3lsZHIxMDM=
base64:type253:NG13eWxkcjEyMG13eWxkcjE2MDI3OTEwMzltd3lsZHI2Mg==,base64:type253:NG13eWxkcjEyMG13eWxkcjE2MDI3OTEwMzltd3lsZHI2Mg==,base64:type253:NG13eWxkcjEyMG13eWxkcjE2MDI3OTEwMzltd3lsZHI2Mg==,base64:type253:NG13eWxkcjEyMG13eWxkcjE2MDI3OTEwMzltd3lsZHI2Mg==
base64:type253:Mm13eWxkcjEyMW13eWxkcjE2MDYxODA2MzVtd3lsZHIxMTY=,base64:type253:Mm13eWxkcjEyMW13eWxkcjE2MDYxODA2MzVtd3lsZHIxMTY=,base64:type253:Mm13eWxkcjEyMW13eWxkcjE2MDYxODA2MzVtd3lsZHIxMTY=,base64:type253:Mm13eWxkcjEyMW13eWxkcjE2MDYxODA2MzVtd3lsZHIxMTY=
base64:type253:NG13eWxkcjEyMm13eWxkcjE2MDY5NzI5NjNtd3lsZHIxMDE=,base64:type253:NG13eWxkcjEyMm13eWxkcjE2MDY5NzI5NjNtd3lsZHIxMDE=,base64:type253:NG13eWxkcjEyMm13eWxkcjE2MDY5NzI5NjNtd3lsZHIxMDE=,base64:type253:NG13eWxkcjEyMm13eWxkcjE2MDY5NzI5NjNtd3lsZHIxMDE=
base64:type253:NG13eWxkcjEyM213eWxkcjE2MDU0OTg0NzBtd3lsZHIxMDc=,base64:type253:NG13eWxkcjEyM213eWxkcjE2MDU0OTg0NzBtd3lsZHIxMDc=,base64:type253:NG13eWxkcjEyM213eWxkcjE2MDU0OTg0NzBtd3lsZHIxMDc=,base64:type253:NG13eWxkcjEyM213eWxkcjE2MDU0OTg0NzBtd3lsZHIxMDc=
base64:type253:NG13eWxkcjEyNG13eWxkcjE2MDYwNjI5Mzltd3lsZHIxMTg=,base64:type253:NG13eWxkcjEyNG13eWxkcjE2MDYwNjI5Mzltd3lsZHIxMTg=,base64:type253:NG13eWxkcjEyNG13eWxkcjE2MDYwNjI5Mzltd3lsZHIxMTg=,base64:type253:NG13eWxkcjEyNG13eWxkcjE2MDYwNjI5Mzltd3lsZHIxMTg=
base64:type253:Mm13eWxkcjEyNW13eWxkcjE2MDYzNjQ3NjFtd3lsZHIxMDU=,base64:type253:Mm13eWxkcjEyNW13eWxkcjE2MDYzNjQ3NjFtd3lsZHIxMDU=,base64:type253:Mm13eWxkcjEyNW13eWxkcjE2MDYzNjQ3NjFtd3lsZHIxMDU=,base64:type253:Mm13eWxkcjEyNW13eWxkcjE2MDYzNjQ3NjFtd3lsZHIxMDU=
base64:type253:Mm13eWxkcjEyNm13eWxkcjE2MDUyODIyNDZtd3lsZHIxMTc=,base64:type253:Mm13eWxkcjEyNm13eWxkcjE2MDUyODIyNDZtd3lsZHIxMTc=,base64:type253:Mm13eWxkcjEyNm13eWxkcjE2MDUyODIyNDZtd3lsZHIxMTc=,base64:type253:Mm13eWxkcjEyNm13eWxkcjE2MDUyODIyNDZtd3lsZHIxMTc=
base64:type253:NG13eWxkcjEyN213eWxkcjE2MTExOTk3NTFtd3lsZHIxMjA=,base64:type253:NG13eWxkcjEyN213eWxkcjE2MTExOTk3NTFtd3lsZHIxMjA=,base64:type253:NG13eWxkcjEyN213eWxkcjE2MTExOTk3NTFtd3lsZHIxMjA=,base64:type253:NG13eWxkcjEyN213eWxkcjE2MTExOTk3NTFtd3lsZHIxMjA=
base64:type253:Mm13eWxkcjEyOG13eWxkcjE2MDQ0NTA5NjZtd3lsZHIxMTk=,base64:type253:Mm13eWxkcjEyOG13eWxkcjE2MDQ0NTA5NjZtd3lsZHIxMTk=,base64:type253:Mm13eWxkcjEyOG13eWxkcjE2MDQ0NTA5NjZtd3lsZHIxMTk=,base64:type253:Mm13eWxkcjEyOG13eWxkcjE2MDQ0NTA5NjZtd3lsZHIxMTk=
base64:type253:Mm13eWxkcjEyOW13eWxkcjE2MDQzNDM4OTZtd3lsZHIxMjE=,base64:type253:Mm13eWxkcjEyOW13eWxkcjE2MDQzNDM4OTZtd3lsZHIxMjE=,base64:type253:Mm13eWxkcjEyOW13eWxkcjE2MDQzNDM4OTZtd3lsZHIxMjE=,base64:type253:Mm13eWxkcjEyOW13eWxkcjE2MDQzNDM4OTZtd3lsZHIxMjE=
base64:type253:NG13eWxkcjEzMG13eWxkcjE2MDMwNzg1MjZtd3lsZHIxMjI=,base64:type253:NG13eWxkcjEzMG13eWxkcjE2MDMwNzg1MjZtd3lsZHIxMjI=,base64:type253:NG13eWxkcjEzMG13eWxkcjE2MDMwNzg1MjZtd3lsZHIxMjI=,base64:type253:NG13eWxkcjEzMG13eWxkcjE2MDMwNzg1MjZtd3lsZHIxMjI=
base64:type253:M213eWxkcjEzMW13eWxkcjE2MDMyMzY2ODhtd3lsZHIz,base64:type253:M213eWxkcjEzMW13eWxkcjE2MDMyMzY2ODhtd3lsZHIz,base64:type253:M213eWxkcjEzMW13eWxkcjE2MDMyMzY2ODhtd3lsZHIz,base64:type253:M213eWxkcjEzMW13eWxkcjE2MDMyMzY2ODhtd3lsZHIz
base64:type253:NW13eWxkcjEzMm13eWxkcjE2MDg4Mjg0MThtd3lsZHIy,base64:type253:NW13eWxkcjEzMm13eWxkcjE2MDg4Mjg0MThtd3lsZHIy,base64:type253:NW13eWxkcjEzMm13eWxkcjE2MDg4Mjg0MThtd3lsZHIy,base64:type253:NW13eWxkcjEzMm13eWxkcjE2MDg4Mjg0MThtd3lsZHIy
base64:type253:NW13eWxkcjEzM213eWxkcjE2MDk2OTgzNDZtd3lsZHI5OQ==,base64:type253:NW13eWxkcjEzM213eWxkcjE2MDk2OTgzNDZtd3lsZHI5OQ==,base64:type253:NW13eWxkcjEzM213eWxkcjE2MDk2OTgzNDZtd3lsZHI5OQ==,base64:type253:NW13eWxkcjEzM213eWxkcjE2MDk2OTgzNDZtd3lsZHI5OQ==
base64:type253:NW13eWxkcjEzNG13eWxkcjE2MDg3ODI5MjFtd3lsZHIxMjQ=,base64:type253:NW13eWxkcjEzNG13eWxkcjE2MDg3ODI5MjFtd3lsZHIxMjQ=,base64:type253:NW13eWxkcjEzNG13eWxkcjE2MDg3ODI5MjFtd3lsZHIxMjQ=,base64:type253:NW13eWxkcjEzNG13eWxkcjE2MDg3ODI5MjFtd3lsZHIxMjQ=
base64:type253:NW13eWxkcjEzNW13eWxkcjE2MDgyMjMyNDNtd3lsZHIxMjY=,base64:type253:NW13eWxkcjEzNW13eWxkcjE2MDgyMjMyNDNtd3lsZHIxMjY=,base64:type253:NW13eWxkcjEzNW13eWxkcjE2MDgyMjMyNDNtd3lsZHIxMjY=,base64:type253:NW13eWxkcjEzNW13eWxkcjE2MDgyMjMyNDNtd3lsZHIxMjY=
base64:type253:NW13eWxkcjEzNm13eWxkcjE2MDc5ODE2MjNtd3lsZHIxMzA=,base64:type253:NW13eWxkcjEzNm13eWxkcjE2MDc5ODE2MjNtd3lsZHIxMzA=,base64:type253:NW13eWxkcjEzNm13eWxkcjE2MDc5ODE2MjNtd3lsZHIxMzA=,base64:type253:NW13eWxkcjEzNm13eWxkcjE2MDc5ODE2MjNtd3lsZHIxMzA=
base64:type253:NW13eWxkcjEzN213eWxkcjE2MDc5OTQwNjVtd3lsZHIxMjg=,base64:type253:NW13eWxkcjEzN213eWxkcjE2MDc5OTQwNjVtd3lsZHIxMjg=,base64:type253:NW13eWxkcjEzN213eWxkcjE2MDc5OTQwNjVtd3lsZHIxMjg=,base64:type253:NW13eWxkcjEzN213eWxkcjE2MDc5OTQwNjVtd3lsZHIxMjg=
base64:type253:NW13eWxkcjEzOG13eWxkcjE2MTAwODMyMDdtd3lsZHIxMzE=,base64:type253:NW13eWxkcjEzOG13eWxkcjE2MTAwODMyMDdtd3lsZHIxMzE=,base64:type253:NW13eWxkcjEzOG13eWxkcjE2MTAwODMyMDdtd3lsZHIxMzE=,base64:type253:NW13eWxkcjEzOG13eWxkcjE2MTAwODMyMDdtd3lsZHIxMzE=
base64:type253:NW13eWxkcjEzOW13eWxkcjE2MDg1OTA3Njdtd3lsZHIxMjU=,base64:type253:NW13eWxkcjEzOW13eWxkcjE2MDg1OTA3Njdtd3lsZHIxMjU=,base64:type253:NW13eWxkcjEzOW13eWxkcjE2MDg1OTA3Njdtd3lsZHIxMjU=,base64:type253:NW13eWxkcjEzOW13eWxkcjE2MDg1OTA3Njdtd3lsZHIxMjU=
base64:type253:NW13eWxkcjE0MG13eWxkcjE2MDg2OTI5NjVtd3lsZHIxMjc=,base64:type253:NW13eWxkcjE0MG13eWxkcjE2MDg2OTI5NjVtd3lsZHIxMjc=,base64:type253:NW13eWxkcjE0MG13eWxkcjE2MDg2OTI5NjVtd3lsZHIxMjc=,base64:type253:NW13eWxkcjE0MG13eWxkcjE2MDg2OTI5NjVtd3lsZHIxMjc=
base64:type253:NW13eWxkcjE0MW13eWxkcjE2MDg1ODQxNzltd3lsZHI0Nw==,base64:type253:NW13eWxkcjE0MW13eWxkcjE2MDg1ODQxNzltd3lsZHI0Nw==,base64:type253:NW13eWxkcjE0MW13eWxkcjE2MDg1ODQxNzltd3lsZHI0Nw==,base64:type253:NW13eWxkcjE0MW13eWxkcjE2MDg1ODQxNzltd3lsZHI0Nw==
base64:type253:NW13eWxkcjE0Mm13eWxkcjE2MDg2OTk4MDdtd3lsZHIxMzM=,base64:type253:NW13eWxkcjE0Mm13eWxkcjE2MDg2OTk4MDdtd3lsZHIxMzM=,base64:type253:NW13eWxkcjE0Mm13eWxkcjE2MDg2OTk4MDdtd3lsZHIxMzM=,base64:type253:NW13eWxkcjE0Mm13eWxkcjE2MDg2OTk4MDdtd3lsZHIxMzM=

