id,help,enabled,static,filename,profile,classname,pluginname,plugintype,xmlrpcpath,functionname
1,"Return user data for the provided token, compare with user_agent string.",1,0,auth.php,"a:2:{s:10:""parameters"";a:2:{i:0;a:3:{s:4:""name"";s:5:""token"";s:4:""type"";s:6:""string"";s:11:""description"";s:37:""The unique ID provided by remotehost."";}i:1;a:3:{s:4:""name"";s:9:""useragent"";s:4:""type"";s:6:""string"";s:11:""description"";s:18:""User Agent string."";}}s:6:""return"";a:2:{s:4:""type"";s:5:""array"";s:11:""description"";s:44:""$userdata Array of user info for remote host"";}}",auth_plugin_mnet,mnet,auth,auth/mnet/auth.php/user_authorise,user_authorise
2,Receives an array of usernames from a remote machine and prods their\nsessions to keep them alive,1,0,auth.php,"a:2:{s:10:""parameters"";a:1:{i:0;a:3:{s:4:""name"";s:5:""array"";s:4:""type"";s:5:""array"";s:11:""description"";s:21:""An array of usernames"";}}s:6:""return"";a:2:{s:4:""type"";s:6:""string"";s:11:""description"";s:28:""""All ok"" or an error message"";}}",auth_plugin_mnet,mnet,auth,auth/mnet/auth.php/keepalive_server,keepalive_server
3,The IdP uses this function to kill child sessions on other hosts,1,0,auth.php,"a:2:{s:10:""parameters"";a:2:{i:0;a:3:{s:4:""name"";s:8:""username"";s:4:""type"";s:6:""string"";s:11:""description"";s:28:""Username for session to kill"";}i:1;a:3:{s:4:""name"";s:9:""useragent"";s:4:""type"";s:6:""string"";s:11:""description"";s:35:""SHA1 hash of user agent to look for"";}}s:6:""return"";a:2:{s:4:""type"";s:6:""string"";s:11:""description"";s:39:""A plaintext report of what has happened"";}}",auth_plugin_mnet,mnet,auth,auth/mnet/auth.php/kill_children,kill_children
4,Receives an array of log entries from an SP and adds them to the mnet_log\ntable,1,0,auth.php,"a:2:{s:10:""parameters"";a:1:{i:0;a:3:{s:4:""name"";s:5:""array"";s:4:""type"";s:5:""array"";s:11:""description"";s:21:""An array of usernames"";}}s:6:""return"";a:2:{s:4:""type"";s:6:""string"";s:11:""description"";s:28:""""All ok"" or an error message"";}}",auth_plugin_mnet,mnet,auth,auth/mnet/auth.php/refresh_log,refresh_log
5,"Returns the user's profile image info\nIf the user exists and has a profile picture, the returned array will contain keys:\nf1          - the content of the default 100x100px image\nf1_mimetype - the mimetype of the f1 file\nf2          - the content of the 35x35px variant of the image\nf2_mimetype - the mimetype of the f2 file\nThe mimetype information was added in Moodle 2.0. In Moodle 1.x, images are always jpegs.",1,0,auth.php,"a:2:{s:10:""parameters"";a:1:{i:0;a:3:{s:4:""name"";s:8:""username"";s:4:""type"";s:3:""int"";s:11:""description"";s:18:""The id of the user"";}}s:6:""return"";a:2:{s:4:""type"";s:11:""false|array"";s:11:""description"";s:84:""false if user not found, empty array if no picture exists, array with data otherwise"";}}",auth_plugin_mnet,mnet,auth,auth/mnet/auth.php/fetch_user_image,fetch_user_image
6,Returns the theme information and logo url as strings.,1,0,auth.php,"a:2:{s:10:""parameters"";a:0:{}s:6:""return"";a:2:{s:4:""type"";s:6:""string"";s:11:""description"";s:14:""The theme info"";}}",auth_plugin_mnet,mnet,auth,auth/mnet/auth.php/fetch_theme_info,fetch_theme_info
7,Invoke this function _on_ the IDP to update it with enrolment info local to\nthe SP right after calling user_authorise()\nNormally called by the SP after calling user_authorise(),1,0,auth.php,"a:2:{s:10:""parameters"";a:2:{i:0;a:3:{s:4:""name"";s:8:""username"";s:4:""type"";s:6:""string"";s:11:""description"";s:12:""The username"";}i:1;a:3:{s:4:""name"";s:7:""courses"";s:4:""type"";s:5:""array"";s:11:""description"";s:75:""Assoc array of courses following the structure of mnetservice_enrol_courses"";}}s:6:""return"";a:2:{s:4:""type"";s:4:""bool"";s:11:""description"";s:0:"""";}}",auth_plugin_mnet,mnet,auth,auth/mnet/auth.php/update_enrolments,update_enrolments
8,Poll the IdP server to let it know that a user it has authenticated is still\nonline,1,0,auth.php,"a:2:{s:10:""parameters"";a:0:{}s:6:""return"";a:2:{s:4:""type"";s:4:""void"";s:11:""description"";s:0:"""";}}",auth_plugin_mnet,mnet,auth,auth/mnet/auth.php/keepalive_client,keepalive_client
9,"When the IdP requests that child sessions are terminated,\nthis function will be called on each of the child hosts. The machine that\ncalls the function (over xmlrpc) provides us with the mnethostid we need.",1,0,auth.php,"a:2:{s:10:""parameters"";a:2:{i:0;a:3:{s:4:""name"";s:8:""username"";s:4:""type"";s:6:""string"";s:11:""description"";s:28:""Username for session to kill"";}i:1;a:3:{s:4:""name"";s:9:""useragent"";s:4:""type"";s:6:""string"";s:11:""description"";s:35:""SHA1 hash of user agent to look for"";}}s:6:""return"";a:2:{s:4:""type"";s:4:""bool"";s:11:""description"";s:15:""True on success"";}}",auth_plugin_mnet,mnet,auth,auth/mnet/auth.php/kill_child,kill_child
10,"Returns list of courses that we offer to the caller for remote enrolment of their users\nSince Moodle 2.0, courses are made available for MNet peers by creating an instance\nof enrol_mnet plugin for the course. Hidden courses are not returned. If there are two\ninstances - one specific for the host and one for 'All hosts', the setting of the specific\none is used. The id of the peer is kept in customint1, no other custom fields are used.",1,0,enrol.php,"a:2:{s:10:""parameters"";a:0:{}s:6:""return"";a:2:{s:4:""type"";s:5:""array"";s:11:""description"";s:0:"""";}}",enrol_mnet_mnetservice_enrol,mnet,enrol,enrol/mnet/enrol.php/available_courses,available_courses
11,This method has never been implemented in Moodle MNet API,1,0,enrol.php,"a:2:{s:10:""parameters"";a:0:{}s:6:""return"";a:2:{s:4:""type"";s:5:""array"";s:11:""description"";s:11:""empty array"";}}",enrol_mnet_mnetservice_enrol,mnet,enrol,enrol/mnet/enrol.php/user_enrolments,user_enrolments
12,"Enrol remote user to our course\nIf we do not have local record for the remote user in our database,\nit gets created here.",1,0,enrol.php,"a:2:{s:10:""parameters"";a:2:{i:0;a:3:{s:4:""name"";s:8:""userdata"";s:4:""type"";s:5:""array"";s:11:""description"";s:43:""user details {@see mnet_fields_to_import()}"";}i:1;a:3:{s:4:""name"";s:8:""courseid"";s:4:""type"";s:3:""int"";s:11:""description"";s:19:""our local course id"";}}s:6:""return"";a:2:{s:4:""type"";s:4:""bool"";s:11:""description"";s:69:""true if the enrolment has been successful, throws exception otherwise"";}}",enrol_mnet_mnetservice_enrol,mnet,enrol,enrol/mnet/enrol.php/enrol_user,enrol_user
13,"Unenrol remote user from our course\nOnly users enrolled via enrol_mnet plugin can be unenrolled remotely. If the\nremote user is enrolled into the local course via some other enrol plugin\n(enrol_manual for example), the remote host can't touch such enrolment. Please\ndo not report this behaviour as bug, it is a feature ;-)",1,0,enrol.php,"a:2:{s:10:""parameters"";a:2:{i:0;a:3:{s:4:""name"";s:8:""username"";s:4:""type"";s:6:""string"";s:11:""description"";s:18:""of the remote user"";}i:1;a:3:{s:4:""name"";s:8:""courseid"";s:4:""type"";s:3:""int"";s:11:""description"";s:19:""of our local course"";}}s:6:""return"";a:2:{s:4:""type"";s:4:""bool"";s:11:""description"";s:71:""true if the unenrolment has been successful, throws exception otherwise"";}}",enrol_mnet_mnetservice_enrol,mnet,enrol,enrol/mnet/enrol.php/unenrol_user,unenrol_user
14,"Returns a list of users from the client server who are enrolled in our course\nSuitable instance of enrol_mnet must be created in the course. This method will not\nreturn any information about the enrolments in courses that are not available for\nremote enrolment, even if their users are enrolled into them via other plugin\n(note the difference from {@link self::user_enrolments()}).\nThis method will return enrolment information for users from hosts regardless\nthe enrolment plugin. It does not matter if the user was enrolled remotely by\ntheir admin or locally. Once the course is available for remote enrolments, we\nwill tell them everything about their users.\nIn Moodle 1.x the returned array used to be indexed by username. The side effect\nof MDL-19219 fix is that we do not need to use such index and therefore we can\nreturn all enrolment records. MNet clients 1.x will only use the last record for\nthe student, if she is enrolled via multiple plugins.",1,0,enrol.php,"a:2:{s:10:""parameters"";a:2:{i:0;a:3:{s:4:""name"";s:8:""courseid"";s:4:""type"";s:3:""int"";s:11:""description"";s:16:""ID of our course"";}i:1;a:3:{s:4:""name"";s:5:""roles"";s:4:""type"";s:12:""string|array"";s:11:""description"";s:58:""comma separated list of role shortnames (or array of them)"";}}s:6:""return"";a:2:{s:4:""type"";s:5:""array"";s:11:""description"";s:0:"""";}}",enrol_mnet_mnetservice_enrol,mnet,enrol,enrol/mnet/enrol.php/course_enrolments,course_enrolments
15,xmlrpc (mnet) function to get the file.\nreads in the file and returns it base_64 encoded\nso that it can be enrypted by mnet.,1,1,lib.php,"a:2:{s:10:""parameters"";a:1:{i:0;a:3:{s:4:""name"";s:5:""token"";s:4:""type"";s:6:""string"";s:11:""description"";s:56:""the token recieved previously during send_content_intent"";}}s:6:""return"";a:2:{s:4:""type"";s:4:""void"";s:11:""description"";s:0:"""";}}",portfolio_plugin_mahara,mahara,portfolio,portfolio/mahara/lib.php/fetch_file,fetch_file

