id,userid,groupid,forum,name,course,pinned,timeend,assessed,firstpost,timestart,timelocked,timemodified,usermodified
38,2,-1,1,Bienvenida General,2,0,0,0,142,0,0,1602700230,121
39,2,-1,2,Foro de Ayuda,2,0,0,0,143,0,0,1601916651,2
40,2,-1,3,Conformaci\xf3n de Equipos Actividad 3.2,2,0,0,0,144,0,0,1603644968,109
41,2,-1,4,Integraci\xf3n del Grupo de Whatsapp,2,0,0,0,145,0,0,1602700781,121
42,2,-1,8,Bienvenida General,4,0,0,0,146,0,0,1602817040,108
43,2,-1,9,Foro de Ayuda,4,0,0,0,147,0,0,1604515162,101
44,2,-1,10,Integraci\xf3n del Grupo de Whatsapp,4,0,0,0,148,0,0,1603494662,10
45,2,-1,9,Citas y Referencias,4,0,0,0,149,0,0,1601918222,2
46,2,-1,2,Citas y Referencias,2,0,0,0,150,0,0,1601918283,2
47,2,-1,8,Presentaci\xf3n de Actividades,4,0,0,0,166,0,0,1602168743,2
48,2,-1,1,Presentaci\xf3n de Actividades,2,0,0,0,168,0,0,1602700365,121
49,6,-1,10,A\xd1ADIR A GPO WHATSAPP,4,0,0,0,187,0,0,1603494564,10
50,75,-1,10,Hola buen d\xeda ,4,0,0,0,188,0,0,1603494542,10

