id,destfileid,sourcefileid,data,status,converter,timecreated,targetformat,timemodified,usermodified,statusmessage
1593640322,pdf,1594334298,-1,1,506,<blank>,<blank>,<blank>,<blank>,3
1594058021,pdf,1594058021,-1,2,914,<blank>,<blank>,<blank>,<blank>,3
1594062271,pdf,1594062271,-1,3,645,<blank>,<blank>,<blank>,<blank>,92
1594064228,pdf,1594064228,-1,4,594,<blank>,<blank>,<blank>,<blank>,92
1594065828,pdf,1594065828,-1,5,944,<blank>,<blank>,<blank>,<blank>,92
1594070093,pdf,1594070093,-1,6,828,<blank>,<blank>,<blank>,<blank>,92
1594070315,pdf,1594070315,-1,7,690,<blank>,<blank>,<blank>,<blank>,92
1594070998,pdf,1594070998,-1,8,898,<blank>,<blank>,<blank>,<blank>,92
1594071948,pdf,1594071948,-1,9,706,<blank>,<blank>,<blank>,<blank>,92
1594072402,pdf,1594072402,-1,10,758,<blank>,<blank>,<blank>,<blank>,92
1594073025,pdf,1594073025,-1,11,953,<blank>,<blank>,<blank>,<blank>,92
1594073312,pdf,1594073312,-1,12,930,<blank>,<blank>,<blank>,<blank>,92
1594073870,pdf,1594073870,-1,13,840,<blank>,<blank>,<blank>,<blank>,92
1594077107,pdf,1594077107,-1,14,871,<blank>,<blank>,<blank>,<blank>,92
1594077890,pdf,1594077890,-1,15,832,<blank>,<blank>,<blank>,<blank>,92
1594078681,pdf,1594078681,-1,16,1130,<blank>,<blank>,<blank>,<blank>,92
1594079233,pdf,1594079233,-1,17,959,<blank>,<blank>,<blank>,<blank>,92
1594080123,pdf,1594080123,-1,18,836,<blank>,<blank>,<blank>,<blank>,92
1594159011,pdf,1594159012,-1,19,1228,<blank>,<blank>,<blank>,<blank>,92
1594159768,pdf,1594159768,-1,20,1210,<blank>,<blank>,<blank>,<blank>,92
1594162078,pdf,1594162078,-1,21,1244,<blank>,<blank>,<blank>,<blank>,92
1594162599,pdf,1594162599,-1,22,1218,<blank>,<blank>,<blank>,<blank>,92
1594163116,pdf,1594163116,-1,23,1224,<blank>,<blank>,<blank>,<blank>,92
1594163930,pdf,1594163930,-1,24,1232,<blank>,<blank>,<blank>,<blank>,92
1594164541,pdf,1594164541,-1,25,1214,<blank>,<blank>,<blank>,<blank>,92
1594165435,pdf,1594165435,-1,26,1256,<blank>,<blank>,<blank>,<blank>,92
1594245618,pdf,1594245618,-1,27,968,<blank>,<blank>,<blank>,<blank>,3
1594246014,pdf,1594246014,-1,28,1295,<blank>,<blank>,<blank>,<blank>,3
1594246270,pdf,1594246270,-1,29,881,<blank>,<blank>,<blank>,<blank>,3
1594246446,pdf,1594246446,-1,30,789,<blank>,<blank>,<blank>,<blank>,3
1594247203,pdf,1594247203,-1,31,903,<blank>,<blank>,<blank>,<blank>,3
1594247421,pdf,1594247421,-1,32,766,<blank>,<blank>,<blank>,<blank>,3
1594248246,pdf,1594248246,-1,33,539,<blank>,<blank>,<blank>,<blank>,3
1594248472,pdf,1594248472,-1,34,531,<blank>,<blank>,<blank>,<blank>,3
1594248802,pdf,1594248802,-1,35,633,<blank>,<blank>,<blank>,<blank>,3
1594249026,pdf,1594249026,-1,36,1084,<blank>,<blank>,<blank>,<blank>,3
1594249911,pdf,1594249911,-1,37,1352,<blank>,<blank>,<blank>,<blank>,3
1594250545,pdf,1594250545,-1,38,535,<blank>,<blank>,<blank>,<blank>,3
1594250908,pdf,1594250908,-1,39,1198,<blank>,<blank>,<blank>,<blank>,3
1594251046,pdf,1594251046,-1,40,1420,<blank>,<blank>,<blank>,<blank>,3
1594251516,pdf,1597185265,-1,41,670,<blank>,<blank>,<blank>,<blank>,3
1594251767,pdf,1594251767,-1,42,509,<blank>,<blank>,<blank>,<blank>,3
1594252002,pdf,1594252002,-1,43,667,<blank>,<blank>,<blank>,<blank>,3
1594260794,pdf,1594260794,-1,44,754,<blank>,<blank>,<blank>,<blank>,92
1594261015,pdf,1594261015,-1,45,862,<blank>,<blank>,<blank>,<blank>,92
1594320513,pdf,1594320513,-1,46,1693,<blank>,<blank>,<blank>,<blank>,3
1594321158,pdf,1594321158,-1,47,918,<blank>,<blank>,<blank>,<blank>,3
1594321286,pdf,1594321286,-1,48,1370,<blank>,<blank>,<blank>,<blank>,3
1594321593,pdf,1594321593,-1,49,1248,<blank>,<blank>,<blank>,<blank>,3
1594322069,pdf,1594322069,-1,50,1299,<blank>,<blank>,<blank>,<blank>,3
1594322428,pdf,1594322428,-1,51,820,<blank>,<blank>,<blank>,<blank>,3
1594322494,pdf,1594322494,-1,52,972,<blank>,<blank>,<blank>,<blank>,3
1594323060,pdf,1594323060,-1,53,1088,<blank>,<blank>,<blank>,<blank>,3
1594323173,pdf,1594323173,-1,54,641,<blank>,<blank>,<blank>,<blank>,3
1594323420,pdf,1594323420,-1,55,1155,<blank>,<blank>,<blank>,<blank>,3
1594323568,pdf,1594323568,-1,56,649,<blank>,<blank>,<blank>,<blank>,3
1594323705,pdf,1594323705,-1,57,773,<blank>,<blank>,<blank>,<blank>,3
1594323918,pdf,1594323918,-1,58,851,<blank>,<blank>,<blank>,<blank>,3
1594323918,pdf,1594323918,-1,59,855,<blank>,<blank>,<blank>,<blank>,3
1594324039,pdf,1594324039,-1,60,1468,<blank>,<blank>,<blank>,<blank>,3
1594324253,pdf,1594324253,-1,61,1382,<blank>,<blank>,<blank>,<blank>,3
1594324374,pdf,1594324374,-1,62,1378,<blank>,<blank>,<blank>,<blank>,3
1594329861,pdf,1594329861,-1,63,1236,<blank>,<blank>,<blank>,<blank>,92
1594330442,pdf,1594330443,-1,64,889,<blank>,<blank>,<blank>,<blank>,92
1594331026,pdf,1594331026,-1,65,777,<blank>,<blank>,<blank>,<blank>,92
1594331953,pdf,1594331953,-1,66,1442,<blank>,<blank>,<blank>,<blank>,3
1594332103,pdf,1594332103,-1,67,1689,<blank>,<blank>,<blank>,<blank>,92
1594332323,pdf,1594332323,-1,68,616,<blank>,<blank>,<blank>,<blank>,92
1594332323,pdf,1594332323,-1,69,1767,<blank>,<blank>,<blank>,<blank>,92
1594333451,pdf,1594333451,-1,70,1712,<blank>,<blank>,<blank>,<blank>,92
1594333928,pdf,1594333928,-1,71,1771,<blank>,<blank>,<blank>,<blank>,92
1594334298,pdf,1594334298,-1,72,846,<blank>,<blank>,<blank>,<blank>,3
1594334452,pdf,1594334452,-1,73,1754,<blank>,<blank>,<blank>,<blank>,92
1594334503,pdf,1594334503,-1,74,1124,<blank>,<blank>,<blank>,<blank>,3
1594334651,pdf,1597185265,-1,75,1782,<blank>,<blank>,<blank>,<blank>,3
1594334740,pdf,1594334740,-1,76,1988,<blank>,<blank>,<blank>,<blank>,3
1594334832,pdf,1594334832,-1,77,673,<blank>,<blank>,<blank>,<blank>,3
1594335217,pdf,1594335217,-1,78,1392,<blank>,<blank>,<blank>,<blank>,92
1594335247,pdf,1594335247,-1,79,1260,<blank>,<blank>,<blank>,<blank>,3
1594335395,pdf,1594335395,-1,80,1303,<blank>,<blank>,<blank>,<blank>,3
1594335509,pdf,1594335509,-1,81,824,<blank>,<blank>,<blank>,<blank>,3
1594335534,pdf,1594335534,-1,82,1804,<blank>,<blank>,<blank>,<blank>,92
1594335547,pdf,1594335547,-1,83,976,<blank>,<blank>,<blank>,<blank>,3
1594335849,pdf,1594335849,-1,84,922,<blank>,<blank>,<blank>,<blank>,3
1594336270,pdf,1594336270,-1,85,637,<blank>,<blank>,<blank>,<blank>,3
1594336414,pdf,1594336414,-1,86,964,<blank>,<blank>,<blank>,<blank>,3
1594336539,pdf,1594345736,-1,87,1428,<blank>,<blank>,<blank>,<blank>,92
1594336550,pdf,1594336550,-1,88,910,<blank>,<blank>,<blank>,<blank>,3
1594336667,pdf,1594336667,-1,89,998,<blank>,<blank>,<blank>,<blank>,3
1594336785,pdf,1594336785,-1,90,1454,<blank>,<blank>,<blank>,<blank>,3
1594336852,pdf,1594336852,-1,91,1762,<blank>,<blank>,<blank>,<blank>,3
1594336942,pdf,1594336942,-1,92,677,<blank>,<blank>,<blank>,<blank>,3
1594337265,pdf,1594337265,-1,93,885,<blank>,<blank>,<blank>,<blank>,92
1594337759,pdf,1594337759,-1,94,1240,<blank>,<blank>,<blank>,<blank>,92
1594337945,pdf,1594337945,-1,95,1705,<blank>,<blank>,<blank>,<blank>,3
1594338007,pdf,1594338007,-1,96,1681,<blank>,<blank>,<blank>,<blank>,3
1594338072,pdf,1594338072,-1,97,1734,<blank>,<blank>,<blank>,<blank>,3
1594338241,pdf,1594338241,-1,98,1623,<blank>,<blank>,<blank>,<blank>,3
1594338290,pdf,1594338290,-1,99,1480,<blank>,<blank>,<blank>,<blank>,3
1594338498,pdf,1594338498,-1,100,1424,<blank>,<blank>,<blank>,<blank>,3
1594338570,pdf,1594338570,-1,101,1446,<blank>,<blank>,<blank>,<blank>,3
1594338822,pdf,1594338822,-1,102,1708,<blank>,<blank>,<blank>,<blank>,3
1594339149,pdf,1594339149,-1,103,1374,<blank>,<blank>,<blank>,<blank>,92
1594339292,pdf,1594339292,-1,104,1685,<blank>,<blank>,<blank>,<blank>,3
1594339698,pdf,1594339698,-1,105,1738,<blank>,<blank>,<blank>,<blank>,3
1594339963,pdf,1594339963,-1,106,1464,<blank>,<blank>,<blank>,<blank>,3
1594340001,pdf,1594340001,-1,107,2371,<blank>,<blank>,<blank>,<blank>,92
1594340031,pdf,1594340031,-1,108,1492,<blank>,<blank>,<blank>,<blank>,3
1594340112,pdf,1594340112,-1,109,1450,<blank>,<blank>,<blank>,<blank>,3
1594340282,pdf,1594340282,-1,110,926,<blank>,<blank>,<blank>,<blank>,92
1594340892,pdf,1594340892,-1,111,1697,<blank>,<blank>,<blank>,<blank>,92
1594342738,pdf,1594342738,-1,112,1591,<blank>,<blank>,<blank>,<blank>,92
1594343068,pdf,1594343068,-1,113,2031,<blank>,<blank>,<blank>,<blank>,92
1594343676,pdf,1594343676,-1,114,1252,<blank>,<blank>,<blank>,<blank>,92
1594343884,pdf,1594343884,-1,115,1388,<blank>,<blank>,<blank>,<blank>,92
1594344138,pdf,1594344138,-1,116,1758,<blank>,<blank>,<blank>,<blank>,92
1594344741,pdf,1594344741,-1,117,2448,<blank>,<blank>,<blank>,<blank>,92
1594345029,pdf,1594345029,-1,118,2328,<blank>,<blank>,<blank>,<blank>,92
1594345462,pdf,1594345462,-1,119,875,<blank>,<blank>,<blank>,<blank>,92
1594346301,pdf,1594346301,-1,120,2402,<blank>,<blank>,<blank>,<blank>,92
1594348231,pdf,1594348231,-1,121,1472,<blank>,<blank>,<blank>,<blank>,92
1594425753,pdf,1594425753,-1,122,2287,<blank>,<blank>,<blank>,<blank>,92
1594426429,pdf,1594426429,-1,123,2811,<blank>,<blank>,<blank>,<blank>,92
1594427361,pdf,1594427361,-1,124,2739,<blank>,<blank>,<blank>,<blank>,92
1594427480,pdf,1594427480,-1,125,2763,<blank>,<blank>,<blank>,<blank>,92
1594427692,pdf,1594427692,-1,126,2787,<blank>,<blank>,<blank>,<blank>,92
1594428360,pdf,1594428360,-1,127,1746,<blank>,<blank>,<blank>,<blank>,92
1594429175,pdf,1594429175,-1,128,2791,<blank>,<blank>,<blank>,<blank>,92
1594429312,pdf,1594429313,-1,129,2807,<blank>,<blank>,<blank>,<blank>,92
1594429438,pdf,1594429438,-1,130,1742,<blank>,<blank>,<blank>,<blank>,92
1594429622,pdf,1594429622,-1,131,1476,<blank>,<blank>,<blank>,<blank>,92
1594513109,pdf,1594513109,-1,132,3000,<blank>,<blank>,<blank>,<blank>,92
1594513288,pdf,1594513288,-1,133,3012,<blank>,<blank>,<blank>,<blank>,92
1594514209,pdf,1594514209,-1,134,3120,<blank>,<blank>,<blank>,<blank>,92
1594514477,pdf,1594514477,-1,135,3044,<blank>,<blank>,<blank>,<blank>,92
1594514806,pdf,1594514806,-1,136,3004,<blank>,<blank>,<blank>,<blank>,92
1594515014,pdf,1594515014,-1,137,3020,<blank>,<blank>,<blank>,<blank>,92
1594515592,pdf,1594515592,-1,138,3146,<blank>,<blank>,<blank>,<blank>,92
1594516924,pdf,1594516924,-1,139,3154,<blank>,<blank>,<blank>,<blank>,92
1594517293,pdf,1594517293,-1,140,3008,<blank>,<blank>,<blank>,<blank>,92
1594517891,pdf,1594517891,-1,141,3199,<blank>,<blank>,<blank>,<blank>,92
1594517995,pdf,1594517995,-1,142,2767,<blank>,<blank>,<blank>,<blank>,92
1594518238,pdf,1594518238,-1,143,3024,<blank>,<blank>,<blank>,<blank>,92
1594518881,pdf,1594518881,-1,144,3150,<blank>,<blank>,<blank>,<blank>,92
1594519033,pdf,1594519033,-1,145,3116,<blank>,<blank>,<blank>,<blank>,92
1594519278,pdf,1594519278,-1,146,3288,<blank>,<blank>,<blank>,<blank>,92
1594519533,pdf,1594519533,-1,147,3052,<blank>,<blank>,<blank>,<blank>,92
1594519781,pdf,1595965960,-1,148,3040,<blank>,<blank>,<blank>,<blank>,92
1594521013,pdf,1594521013,-1,149,3028,<blank>,<blank>,<blank>,<blank>,92
1594521611,pdf,1594521611,-1,150,3135,<blank>,<blank>,<blank>,<blank>,92
1594602818,pdf,1594602818,-1,151,3616,<blank>,<blank>,<blank>,<blank>,92
1594602818,pdf,1594602818,-1,152,3618,<blank>,<blank>,<blank>,<blank>,92
1594603641,pdf,1594603642,-1,153,3142,<blank>,<blank>,<blank>,<blank>,92
1594604378,pdf,1594604378,-1,154,3421,<blank>,<blank>,<blank>,<blank>,92
1594604668,pdf,1594604668,-1,155,865,<blank>,<blank>,<blank>,<blank>,92
1594605251,pdf,1594605251,-1,156,3875,<blank>,<blank>,<blank>,<blank>,92
1594605800,pdf,1594605800,-1,157,3685,<blank>,<blank>,<blank>,<blank>,92
1594606220,pdf,1594606220,-1,158,3523,<blank>,<blank>,<blank>,<blank>,92
1594606721,pdf,1594606721,-1,159,3633,<blank>,<blank>,<blank>,<blank>,92
1594607209,pdf,1594607209,-1,160,3763,<blank>,<blank>,<blank>,<blank>,92
1594607651,pdf,1594607651,-1,161,3883,<blank>,<blank>,<blank>,<blank>,92
1594608057,pdf,1594608057,-1,162,3690,<blank>,<blank>,<blank>,<blank>,92
1594608904,pdf,1594608904,-1,163,3519,<blank>,<blank>,<blank>,<blank>,92
1594609699,pdf,1594609699,-1,164,3719,<blank>,<blank>,<blank>,<blank>,92
1594610102,pdf,1594610102,-1,165,3681,<blank>,<blank>,<blank>,<blank>,92
1594610420,pdf,1594610420,-1,166,3979,<blank>,<blank>,<blank>,<blank>,92
1594610784,pdf,1594610784,-1,167,3705,<blank>,<blank>,<blank>,<blank>,92
1594611296,pdf,1594611296,-1,168,3887,<blank>,<blank>,<blank>,<blank>,92
1594612589,pdf,1594612589,-1,169,3693,<blank>,<blank>,<blank>,<blank>,92
1594612842,pdf,1594612842,-1,170,3036,<blank>,<blank>,<blank>,<blank>,92
1594613461,pdf,1594613461,-1,171,4247,<blank>,<blank>,<blank>,<blank>,92
1594613546,pdf,1594613546,-1,172,3016,<blank>,<blank>,<blank>,<blank>,92
1594613625,pdf,1594613625,-1,173,3835,<blank>,<blank>,<blank>,<blank>,92
1594613729,pdf,1594613729,-1,174,3032,<blank>,<blank>,<blank>,<blank>,92
1594614586,pdf,1594614586,-1,175,3795,<blank>,<blank>,<blank>,<blank>,92
1594614691,pdf,1594614691,-1,176,3891,<blank>,<blank>,<blank>,<blank>,92
1594614847,pdf,1594614847,-1,177,3547,<blank>,<blank>,<blank>,<blank>,92
1594615023,pdf,1594615023,-1,178,3661,<blank>,<blank>,<blank>,<blank>,92
1594615188,pdf,1594615188,-1,179,4024,<blank>,<blank>,<blank>,<blank>,92
1594615278,pdf,1594615278,-1,180,3563,<blank>,<blank>,<blank>,<blank>,92
1594615677,pdf,1594615677,-1,181,3827,<blank>,<blank>,<blank>,<blank>,92
1594615949,pdf,1594615949,-1,182,4029,<blank>,<blank>,<blank>,<blank>,92
1594616132,pdf,1594616132,-1,183,4186,<blank>,<blank>,<blank>,<blank>,92
1594616266,pdf,1594616266,-1,184,3934,<blank>,<blank>,<blank>,<blank>,92
1594616363,pdf,1594616363,-1,185,3104,<blank>,<blank>,<blank>,<blank>,92
1594616483,pdf,1594616483,-1,186,3179,<blank>,<blank>,<blank>,<blank>,92
1594616705,pdf,1594616705,-1,187,4160,<blank>,<blank>,<blank>,<blank>,92
1594616782,pdf,1594616782,-1,188,3701,<blank>,<blank>,<blank>,<blank>,92
1594616881,pdf,1594616881,-1,189,3735,<blank>,<blank>,<blank>,<blank>,92
1594666243,pdf,1594666243,-1,190,4143,<blank>,<blank>,<blank>,<blank>,92
1594666775,pdf,1594666775,-1,191,4557,<blank>,<blank>,<blank>,<blank>,92
1594667773,pdf,1594667773,-1,192,4209,<blank>,<blank>,<blank>,<blank>,92
1594668046,pdf,1594668046,-1,193,4408,<blank>,<blank>,<blank>,<blank>,92
1594668651,pdf,1594668652,-1,194,4213,<blank>,<blank>,<blank>,<blank>,92
1594677731,pdf,1594677731,-1,195,5173,<blank>,<blank>,<blank>,<blank>,92
1594678179,pdf,1594678179,-1,196,4058,<blank>,<blank>,<blank>,<blank>,92
1594678375,pdf,1594678375,-1,197,612,<blank>,<blank>,<blank>,<blank>,3
1594678424,pdf,1594678424,-1,198,2948,<blank>,<blank>,<blank>,<blank>,3
1594678513,pdf,1594678513,-1,199,5208,<blank>,<blank>,<blank>,<blank>,3
1594678622,pdf,1594678623,-1,200,2719,<blank>,<blank>,<blank>,<blank>,3
1594678669,pdf,1594678669,-1,201,3096,<blank>,<blank>,<blank>,<blank>,3
1594678703,pdf,1594678703,-1,202,2799,<blank>,<blank>,<blank>,<blank>,3
1594678834,pdf,1594678834,-1,203,4360,<blank>,<blank>,<blank>,<blank>,3
1594678867,pdf,1594678867,-1,204,2782,<blank>,<blank>,<blank>,<blank>,3
1594678901,pdf,1594678901,-1,205,3775,<blank>,<blank>,<blank>,<blank>,3
1594678924,pdf,1594678924,-1,206,5170,<blank>,<blank>,<blank>,<blank>,92
1594679038,pdf,1594679038,-1,207,3074,<blank>,<blank>,<blank>,<blank>,3
1594679120,pdf,1597269588,-1,208,3975,<blank>,<blank>,<blank>,<blank>,3
1594679140,pdf,1594679140,-1,209,1061,<blank>,<blank>,<blank>,<blank>,3
1594679195,pdf,1594679195,-1,210,2982,<blank>,<blank>,<blank>,<blank>,3
1594679277,pdf,1594679277,-1,211,3603,<blank>,<blank>,<blank>,<blank>,3
1594679319,pdf,1594679319,-1,212,3599,<blank>,<blank>,<blank>,<blank>,3
1594679466,pdf,1594679466,-1,213,3669,<blank>,<blank>,<blank>,<blank>,3
1594679561,pdf,1594679561,-1,214,2908,<blank>,<blank>,<blank>,<blank>,3
1594679590,pdf,1594679590,-1,215,1496,<blank>,<blank>,<blank>,<blank>,3
1594679658,pdf,1594679658,-1,216,1974,<blank>,<blank>,<blank>,<blank>,3
1594679748,pdf,1594679748,-1,217,3653,<blank>,<blank>,<blank>,<blank>,3
1594679836,pdf,1594679836,-1,218,1206,<blank>,<blank>,<blank>,<blank>,3
1594679931,pdf,1594679931,-1,219,3527,<blank>,<blank>,<blank>,<blank>,92
1594680018,pdf,1594680018,-1,220,2952,<blank>,<blank>,<blank>,<blank>,3
1594680129,pdf,1594680129,-1,221,3088,<blank>,<blank>,<blank>,<blank>,3
1594680181,pdf,1594680181,-1,222,3191,<blank>,<blank>,<blank>,<blank>,3
1594680229,pdf,1594680229,-1,223,3259,<blank>,<blank>,<blank>,<blank>,3
1594680272,pdf,1594680272,-1,224,4510,<blank>,<blank>,<blank>,<blank>,3
1594680357,pdf,1594680357,-1,225,3078,<blank>,<blank>,<blank>,<blank>,3
1594680400,pdf,1594680400,-1,226,3627,<blank>,<blank>,<blank>,<blank>,3
1594680429,pdf,1594680429,-1,227,3665,<blank>,<blank>,<blank>,<blank>,92
1594680439,pdf,1594680439,-1,228,3799,<blank>,<blank>,<blank>,<blank>,3
1594680528,pdf,1594680528,-1,229,5194,<blank>,<blank>,<blank>,<blank>,3
1594680534,pdf,1594680534,-1,230,2976,<blank>,<blank>,<blank>,<blank>,3
1594680553,pdf,1594680553,-1,231,4425,<blank>,<blank>,<blank>,<blank>,92
1594680667,pdf,1597269588,-1,232,3567,<blank>,<blank>,<blank>,<blank>,3
1594680691,pdf,1594680691,-1,233,2988,<blank>,<blank>,<blank>,<blank>,3
1594680725,pdf,1594680725,-1,234,3853,<blank>,<blank>,<blank>,<blank>,3
1594680789,pdf,1594680789,-1,235,3607,<blank>,<blank>,<blank>,<blank>,3
1594680843,pdf,1594680843,-1,236,4453,<blank>,<blank>,<blank>,<blank>,3
1594680867,pdf,1594680868,-1,237,3127,<blank>,<blank>,<blank>,<blank>,3
1594680901,pdf,1594680901,-1,238,2759,<blank>,<blank>,<blank>,<blank>,3
1594680951,pdf,1594680951,-1,239,3657,<blank>,<blank>,<blank>,<blank>,3
1594680968,pdf,1594680968,-1,240,3673,<blank>,<blank>,<blank>,<blank>,3
1594681046,pdf,1594681046,-1,241,4382,<blank>,<blank>,<blank>,<blank>,92
1594681082,pdf,1594681082,-1,242,2984,<blank>,<blank>,<blank>,<blank>,3
1594681175,pdf,1594681175,-1,243,2956,<blank>,<blank>,<blank>,<blank>,3
1594681371,pdf,1594681371,-1,244,3493,<blank>,<blank>,<blank>,<blank>,3
1594681412,pdf,1594681412,-1,245,4528,<blank>,<blank>,<blank>,<blank>,3
1594681448,pdf,1594681448,-1,246,2302,<blank>,<blank>,<blank>,<blank>,3
1594681496,pdf,1594681496,-1,247,2511,<blank>,<blank>,<blank>,<blank>,3
1594681521,pdf,1594681521,-1,248,2715,<blank>,<blank>,<blank>,<blank>,3
1594681566,pdf,1594681566,-1,249,4569,<blank>,<blank>,<blank>,<blank>,3
1594681586,pdf,1594681586,-1,250,3650,<blank>,<blank>,<blank>,<blank>,3
1594681623,pdf,1594681623,-1,251,3803,<blank>,<blank>,<blank>,<blank>,3
1594681641,pdf,1594681641,-1,252,3162,<blank>,<blank>,<blank>,<blank>,3
1594681643,pdf,1594681643,-1,253,3767,<blank>,<blank>,<blank>,<blank>,92
1594681661,pdf,1594681661,-1,254,3823,<blank>,<blank>,<blank>,<blank>,3
1594681744,pdf,1597269588,-1,255,3571,<blank>,<blank>,<blank>,<blank>,3
1594681758,pdf,1594681758,-1,256,3575,<blank>,<blank>,<blank>,<blank>,3
1594681771,pdf,1594681771,-1,257,3253,<blank>,<blank>,<blank>,<blank>,3
1594681784,pdf,1594681784,-1,258,2992,<blank>,<blank>,<blank>,<blank>,3
1594681810,pdf,1594681810,-1,259,3867,<blank>,<blank>,<blank>,<blank>,3
1594681880,pdf,1594681880,-1,260,3857,<blank>,<blank>,<blank>,<blank>,3
1594681894,pdf,1594681894,-1,261,2821,<blank>,<blank>,<blank>,<blank>,3
1594681907,pdf,1597185265,-1,262,2795,<blank>,<blank>,<blank>,<blank>,3
1594681947,pdf,1594681947,-1,263,3811,<blank>,<blank>,<blank>,<blank>,3
1594681960,pdf,1594681960,-1,264,2579,<blank>,<blank>,<blank>,<blank>,3
1594681974,pdf,1594681974,-1,265,3745,<blank>,<blank>,<blank>,<blank>,3
1594681990,pdf,1594681990,-1,266,2803,<blank>,<blank>,<blank>,<blank>,3
1594682004,pdf,1594682004,-1,267,2972,<blank>,<blank>,<blank>,<blank>,3
1594682024,pdf,1594682024,-1,268,1202,<blank>,<blank>,<blank>,<blank>,3
1594682065,pdf,1594682065,-1,269,3195,<blank>,<blank>,<blank>,<blank>,3
1594682077,pdf,1594682077,-1,270,4412,<blank>,<blank>,<blank>,<blank>,3
1594682185,pdf,1594682185,-1,271,3172,<blank>,<blank>,<blank>,<blank>,3
1594682191,pdf,1594682191,-1,272,4181,<blank>,<blank>,<blank>,<blank>,92
1594682266,pdf,1594682266,-1,273,2777,<blank>,<blank>,<blank>,<blank>,3
1594682282,pdf,1594682282,-1,274,4103,<blank>,<blank>,<blank>,<blank>,92
1594682303,pdf,1594682303,-1,275,2960,<blank>,<blank>,<blank>,<blank>,3
1594682318,pdf,1594682318,-1,276,2723,<blank>,<blank>,<blank>,<blank>,3
1594682351,pdf,1594682351,-1,277,3881,<blank>,<blank>,<blank>,<blank>,3
1594682366,pdf,1594682366,-1,278,3583,<blank>,<blank>,<blank>,<blank>,3
1594682470,pdf,1594682470,-1,279,4016,<blank>,<blank>,<blank>,<blank>,92
1594682549,pdf,1594682549,-1,280,1410,<blank>,<blank>,<blank>,<blank>,3
1594682617,pdf,1594682617,-1,281,3092,<blank>,<blank>,<blank>,<blank>,3
1594682644,pdf,1594682644,-1,282,3555,<blank>,<blank>,<blank>,<blank>,3
1594682661,pdf,1594682661,-1,283,5198,<blank>,<blank>,<blank>,<blank>,3
1594682742,pdf,1594682742,-1,284,2829,<blank>,<blank>,<blank>,<blank>,3
1594682784,pdf,1594682784,-1,285,3967,<blank>,<blank>,<blank>,<blank>,3
1594682802,pdf,1594682802,-1,286,4012,<blank>,<blank>,<blank>,<blank>,3
1594682819,pdf,1594682819,-1,287,4156,<blank>,<blank>,<blank>,<blank>,92
1594682831,pdf,1594682831,-1,288,4117,<blank>,<blank>,<blank>,<blank>,3
1594682877,pdf,1594682877,-1,289,4449,<blank>,<blank>,<blank>,<blank>,3
1594682890,pdf,1594682890,-1,290,3591,<blank>,<blank>,<blank>,<blank>,3
1594682957,pdf,1594682957,-1,291,3845,<blank>,<blank>,<blank>,<blank>,3
1594683009,pdf,1594683009,-1,292,4532,<blank>,<blank>,<blank>,<blank>,3
1594683079,pdf,1594683079,-1,293,3515,<blank>,<blank>,<blank>,<blank>,3
1594683132,pdf,1594683132,-1,294,2689,<blank>,<blank>,<blank>,<blank>,3
1594683145,pdf,1594683145,-1,295,3697,<blank>,<blank>,<blank>,<blank>,92
1594683199,pdf,1594683199,-1,296,3677,<blank>,<blank>,<blank>,<blank>,3
1594683325,pdf,1594683325,-1,297,2727,<blank>,<blank>,<blank>,<blank>,3
1594683364,pdf,1594683364,-1,298,3203,<blank>,<blank>,<blank>,<blank>,3
1594683565,pdf,1594683565,-1,299,3815,<blank>,<blank>,<blank>,<blank>,3
1594683631,pdf,1594683631,-1,300,2968,<blank>,<blank>,<blank>,<blank>,3
1594683765,pdf,1594683765,-1,301,5187,<blank>,<blank>,<blank>,<blank>,92
1594683974,pdf,1594683974,-1,302,3749,<blank>,<blank>,<blank>,<blank>,3
1594684085,pdf,1594684085,-1,303,3335,<blank>,<blank>,<blank>,<blank>,3
1594684085,pdf,1594684085,-1,304,3337,<blank>,<blank>,<blank>,<blank>,3
1594684085,pdf,1594684085,-1,305,5356,<blank>,<blank>,<blank>,<blank>,3
1594684186,pdf,1594684186,-1,306,5184,<blank>,<blank>,<blank>,<blank>,92
1594684276,pdf,1594684276,-1,307,2751,<blank>,<blank>,<blank>,<blank>,3
1594684308,pdf,1594684308,-1,308,3947,<blank>,<blank>,<blank>,<blank>,3
1594684346,pdf,1594684346,-1,309,3641,<blank>,<blank>,<blank>,<blank>,3
1594684372,pdf,1594684372,-1,310,3579,<blank>,<blank>,<blank>,<blank>,3
1594684418,pdf,1594684418,-1,311,3509,<blank>,<blank>,<blank>,<blank>,3
1594684497,pdf,1594684497,-1,312,4032,<blank>,<blank>,<blank>,<blank>,3
1594684541,pdf,1594684541,-1,313,3771,<blank>,<blank>,<blank>,<blank>,3
1594684608,pdf,1594684608,-1,314,4243,<blank>,<blank>,<blank>,<blank>,3
1594684652,pdf,1594684652,-1,315,2964,<blank>,<blank>,<blank>,<blank>,3
1594684729,pdf,1594684729,-1,316,4167,<blank>,<blank>,<blank>,<blank>,3
1594684729,pdf,1594684729,-1,317,4169,<blank>,<blank>,<blank>,<blank>,3
1594684848,pdf,1594684848,-1,318,4071,<blank>,<blank>,<blank>,<blank>,3
1594684870,pdf,1594684870,-1,319,4121,<blank>,<blank>,<blank>,<blank>,3
1594684890,pdf,1594684890,-1,320,3158,<blank>,<blank>,<blank>,<blank>,3
1594684915,pdf,1594684915,-1,321,3507,<blank>,<blank>,<blank>,<blank>,3
1594684948,pdf,1597185265,-1,322,3849,<blank>,<blank>,<blank>,<blank>,3
1594684976,pdf,1594684976,-1,323,3070,<blank>,<blank>,<blank>,<blank>,3
1594685009,pdf,1594685009,-1,324,4323,<blank>,<blank>,<blank>,<blank>,3
1594685072,pdf,1594685072,-1,325,4230,<blank>,<blank>,<blank>,<blank>,3
1594685173,pdf,1594685173,-1,326,3863,<blank>,<blank>,<blank>,<blank>,3
1594685231,pdf,1594685231,-1,327,2462,<blank>,<blank>,<blank>,<blank>,3
1594685274,pdf,1594685274,-1,328,3587,<blank>,<blank>,<blank>,<blank>,3
1594685332,pdf,1594685332,-1,329,3112,<blank>,<blank>,<blank>,<blank>,3
1594685360,pdf,1594685360,-1,330,3936,<blank>,<blank>,<blank>,<blank>,3
1594685375,pdf,1594685375,-1,331,3922,<blank>,<blank>,<blank>,<blank>,3
1594685420,pdf,1594685420,-1,332,3913,<blank>,<blank>,<blank>,<blank>,3
1594852299,pdf,1594852299,-1,333,7374,<blank>,<blank>,<blank>,<blank>,92
1594852628,pdf,1594852628,-1,334,7334,<blank>,<blank>,<blank>,<blank>,92
1594853763,pdf,1594853764,-1,335,7382,<blank>,<blank>,<blank>,<blank>,92
1594854055,pdf,1594854055,-1,336,7378,<blank>,<blank>,<blank>,<blank>,92
1594935717,pdf,1594935717,-1,337,7543,<blank>,<blank>,<blank>,<blank>,92
1594936177,pdf,1594936177,-1,338,7655,<blank>,<blank>,<blank>,<blank>,92
1594936177,pdf,1594936177,-1,339,7657,<blank>,<blank>,<blank>,<blank>,92
1594936448,pdf,1594936448,-1,340,7441,<blank>,<blank>,<blank>,<blank>,92
1594936813,pdf,1594936813,-1,341,4386,<blank>,<blank>,<blank>,<blank>,3
1594937056,pdf,1594937056,-1,342,7396,<blank>,<blank>,<blank>,<blank>,3
1594937114,pdf,1594937114,-1,343,7519,<blank>,<blank>,<blank>,<blank>,3
1594937229,pdf,1594937229,-1,344,7358,<blank>,<blank>,<blank>,<blank>,3
1594937530,pdf,1594937530,-1,345,7650,<blank>,<blank>,<blank>,<blank>,3
1594937598,pdf,1594937598,-1,346,7454,<blank>,<blank>,<blank>,<blank>,3
1594937710,pdf,1594937710,-1,347,7366,<blank>,<blank>,<blank>,<blank>,3
1594937770,pdf,1594937770,-1,348,7325,<blank>,<blank>,<blank>,<blank>,3
1594937813,pdf,1594937813,-1,349,7388,<blank>,<blank>,<blank>,<blank>,3
1594937961,pdf,1594937961,-1,350,7415,<blank>,<blank>,<blank>,<blank>,3
1594938004,pdf,1594938004,-1,351,7485,<blank>,<blank>,<blank>,<blank>,3
1594938053,pdf,1594938053,-1,352,7467,<blank>,<blank>,<blank>,<blank>,3
1594938134,pdf,1594938134,-1,353,7477,<blank>,<blank>,<blank>,<blank>,3
1594938195,pdf,1594938195,-1,354,7342,<blank>,<blank>,<blank>,<blank>,3
1594938227,pdf,1594938227,-1,355,7616,<blank>,<blank>,<blank>,<blank>,3
1594938353,pdf,1594938353,-1,356,7533,<blank>,<blank>,<blank>,<blank>,3
1594938414,pdf,1594938414,-1,357,7642,<blank>,<blank>,<blank>,<blank>,3
1594938461,pdf,1594938461,-1,358,7670,<blank>,<blank>,<blank>,<blank>,3
1594938680,pdf,1594938680,-1,359,7499,<blank>,<blank>,<blank>,<blank>,3
1594938790,pdf,1594938790,-1,360,7638,<blank>,<blank>,<blank>,<blank>,3
1594938893,pdf,1594938893,-1,361,7403,<blank>,<blank>,<blank>,<blank>,3
1594938949,pdf,1594938949,-1,362,7582,<blank>,<blank>,<blank>,<blank>,3
1594938969,pdf,1594938969,-1,363,7622,<blank>,<blank>,<blank>,<blank>,3
1594939112,pdf,1594939112,-1,364,7941,<blank>,<blank>,<blank>,<blank>,3
1594939112,pdf,1594939112,-1,365,7943,<blank>,<blank>,<blank>,<blank>,3
1594939190,pdf,1594955416,-1,366,7606,<blank>,<blank>,<blank>,<blank>,92
1594939268,pdf,1594939413,-1,367,7353,<blank>,<blank>,<blank>,<blank>,3
1594939268,pdf,1594939268,-1,368,7355,<blank>,<blank>,<blank>,<blank>,3
1594939368,pdf,1594954689,-1,369,7661,<blank>,<blank>,<blank>,<blank>,92
1594939368,pdf,1594939368,-1,370,7663,<blank>,<blank>,<blank>,<blank>,3
1594939383,pdf,1595190835,-1,371,7565,<blank>,<blank>,<blank>,<blank>,92
1594939383,pdf,1594939383,-1,372,7567,<blank>,<blank>,<blank>,<blank>,3
1594939413,pdf,1594939413,-1,373,7347,<blank>,<blank>,<blank>,<blank>,3
1594939427,pdf,1594939444,-1,374,7472,<blank>,<blank>,<blank>,<blank>,3
1594939427,pdf,1594939456,-1,375,7474,<blank>,<blank>,<blank>,<blank>,3
1594939510,pdf,1594939510,-1,376,7646,<blank>,<blank>,<blank>,<blank>,3
1594939525,pdf,1594939525,-1,377,7528,<blank>,<blank>,<blank>,<blank>,3
1594939525,pdf,1594939525,-1,378,7530,<blank>,<blank>,<blank>,<blank>,3
1594939585,pdf,1594939585,-1,379,7409,<blank>,<blank>,<blank>,<blank>,3
1594948594,pdf,1594948594,-1,380,8129,<blank>,<blank>,<blank>,<blank>,92
1594948904,pdf,1594948904,-1,381,7547,<blank>,<blank>,<blank>,<blank>,92
1594949154,pdf,1594949154,-1,382,7666,<blank>,<blank>,<blank>,<blank>,92
1594949720,pdf,1594949720,-1,383,7578,<blank>,<blank>,<blank>,<blank>,92
1594951714,pdf,1594951714,-1,384,7634,<blank>,<blank>,<blank>,<blank>,92
1594952020,pdf,1594952020,-1,385,8219,<blank>,<blank>,<blank>,<blank>,92
1594952159,pdf,1594952159,-1,386,7594,<blank>,<blank>,<blank>,<blank>,92
1594952994,pdf,1594952994,-1,387,8146,<blank>,<blank>,<blank>,<blank>,92
1594952994,pdf,1595206628,-1,388,8148,<blank>,<blank>,<blank>,<blank>,3
1594952994,pdf,1595206628,-1,389,8149,<blank>,<blank>,<blank>,<blank>,3
1594953223,pdf,1594953223,-1,390,7675,<blank>,<blank>,<blank>,<blank>,92
1594953223,pdf,1594953223,-1,391,7677,<blank>,<blank>,<blank>,<blank>,92
1594954210,pdf,1594954210,-1,392,8133,<blank>,<blank>,<blank>,<blank>,92
1594954352,pdf,1595206551,-1,393,8165,<blank>,<blank>,<blank>,<blank>,3
1594954352,pdf,1594954352,-1,394,8167,<blank>,<blank>,<blank>,<blank>,92
1594954689,pdf,1594954689,-1,395,8173,<blank>,<blank>,<blank>,<blank>,92
1594954957,pdf,1594954957,-1,396,7630,<blank>,<blank>,<blank>,<blank>,92
1594955416,pdf,1594955416,-1,397,7611,<blank>,<blank>,<blank>,<blank>,92
1594955658,pdf,1594955658,-1,398,7626,<blank>,<blank>,<blank>,<blank>,92
1595033119,pdf,1595033119,-1,399,8509,<blank>,<blank>,<blank>,<blank>,92
1595033797,pdf,1595033797,-1,400,8382,<blank>,<blank>,<blank>,<blank>,92
1595033797,pdf,1595033797,-1,401,8384,<blank>,<blank>,<blank>,<blank>,92
1595034548,pdf,1595034548,-1,402,8490,<blank>,<blank>,<blank>,<blank>,92
1595041101,pdf,1595041101,-1,403,8387,<blank>,<blank>,<blank>,<blank>,92
1595041291,pdf,1595041291,-1,404,8477,<blank>,<blank>,<blank>,<blank>,92
1595042707,pdf,1595042707,-1,405,8555,<blank>,<blank>,<blank>,<blank>,92
1595043455,pdf,1595043455,-1,406,8482,<blank>,<blank>,<blank>,<blank>,92
1595044189,pdf,1595044189,-1,407,8391,<blank>,<blank>,<blank>,<blank>,92
1595044366,pdf,1595044366,-1,408,8652,<blank>,<blank>,<blank>,<blank>,92
1595044366,pdf,1595044366,-1,409,8654,<blank>,<blank>,<blank>,<blank>,92
1595044689,pdf,1595044689,-1,410,8571,<blank>,<blank>,<blank>,<blank>,92
1595044928,pdf,1595045110,-1,411,8497,<blank>,<blank>,<blank>,<blank>,92
1595045110,pdf,1595045110,-1,412,8502,<blank>,<blank>,<blank>,<blank>,92
1595045260,pdf,1595045260,-1,413,7437,<blank>,<blank>,<blank>,<blank>,92
1595045479,pdf,1595045479,-1,414,8541,<blank>,<blank>,<blank>,<blank>,92
1595045671,pdf,1595045671,-1,415,8629,<blank>,<blank>,<blank>,<blank>,92
1595045792,pdf,1595045792,-1,416,8525,<blank>,<blank>,<blank>,<blank>,92
1595045998,pdf,1595045998,-1,417,8743,<blank>,<blank>,<blank>,<blank>,92
1595046188,pdf,1595046188,-1,418,8373,<blank>,<blank>,<blank>,<blank>,92
1595046564,pdf,1595046564,-1,419,8463,<blank>,<blank>,<blank>,<blank>,92
1595186828,pdf,1595186828,-1,420,8869,<blank>,<blank>,<blank>,<blank>,92
1595187252,pdf,1595187252,-1,421,8808,<blank>,<blank>,<blank>,<blank>,92
1595187465,pdf,1595187465,-1,422,8865,<blank>,<blank>,<blank>,<blank>,92
1595187687,pdf,1595187687,-1,423,8792,<blank>,<blank>,<blank>,<blank>,92
1595188055,pdf,1595188055,-1,424,8911,<blank>,<blank>,<blank>,<blank>,92
1595188283,pdf,1595188283,-1,425,8884,<blank>,<blank>,<blank>,<blank>,92
1595188500,pdf,1595188500,-1,426,8877,<blank>,<blank>,<blank>,<blank>,92
1595188671,pdf,1595188671,-1,427,8861,<blank>,<blank>,<blank>,<blank>,92
1595189011,pdf,1595189011,-1,428,8831,<blank>,<blank>,<blank>,<blank>,92
1595189011,pdf,1595206798,-1,429,8833,<blank>,<blank>,<blank>,<blank>,3
1595189482,pdf,1595189482,-1,430,8921,<blank>,<blank>,<blank>,<blank>,92
1595189482,pdf,1595189482,-1,431,8923,<blank>,<blank>,<blank>,<blank>,92
1595189807,pdf,1595189807,-1,432,8900,<blank>,<blank>,<blank>,<blank>,92
1595189807,pdf,1595190376,-1,433,8902,<blank>,<blank>,<blank>,<blank>,92
1595189995,pdf,1595189995,-1,434,8888,<blank>,<blank>,<blank>,<blank>,92
1595189995,pdf,1595189995,-1,435,8917,<blank>,<blank>,<blank>,<blank>,92
1595190376,pdf,1595190376,-1,436,8893,<blank>,<blank>,<blank>,<blank>,92
1595190623,pdf,1595190623,-1,437,8796,<blank>,<blank>,<blank>,<blank>,92
1595190623,pdf,1595208101,-1,438,8801,<blank>,<blank>,<blank>,<blank>,3
1595190835,pdf,1595190835,-1,439,7571,<blank>,<blank>,<blank>,<blank>,92
1595190835,pdf,1595190835,-1,440,8821,<blank>,<blank>,<blank>,<blank>,92
1595190835,pdf,1595190835,-1,441,8966,<blank>,<blank>,<blank>,<blank>,92
1595204874,pdf,1595204875,-1,442,8439,<blank>,<blank>,<blank>,<blank>,3
1595204932,pdf,1595204932,-1,443,8949,<blank>,<blank>,<blank>,<blank>,3
1595205061,pdf,1595205061,-1,444,9155,<blank>,<blank>,<blank>,<blank>,3
1595205136,pdf,1595205136,-1,445,8926,<blank>,<blank>,<blank>,<blank>,3
1595205238,pdf,1595205238,-1,446,8304,<blank>,<blank>,<blank>,<blank>,3
1595205282,pdf,1595205282,-1,447,8453,<blank>,<blank>,<blank>,<blank>,3
1595205401,pdf,1595205401,-1,448,8399,<blank>,<blank>,<blank>,<blank>,3
1595205799,pdf,1595205799,-1,449,9167,<blank>,<blank>,<blank>,<blank>,3
1595205949,pdf,1595205949,-1,450,8395,<blank>,<blank>,<blank>,<blank>,3
1595206005,pdf,1595206005,-1,451,8545,<blank>,<blank>,<blank>,<blank>,3
1595206080,pdf,1597185265,-1,452,8377,<blank>,<blank>,<blank>,<blank>,3
1595206119,pdf,1595206119,-1,453,9175,<blank>,<blank>,<blank>,<blank>,3
1595206190,pdf,1595206190,-1,454,8469,<blank>,<blank>,<blank>,<blank>,3
1595206264,pdf,1595206264,-1,455,8804,<blank>,<blank>,<blank>,<blank>,3
1595206313,pdf,1595206313,-1,456,8873,<blank>,<blank>,<blank>,<blank>,3
1595206471,pdf,1595206471,-1,457,8593,<blank>,<blank>,<blank>,<blank>,3
1595206471,pdf,1595208281,-1,458,8595,<blank>,<blank>,<blank>,<blank>,3
1595206532,pdf,1595206532,-1,459,7481,<blank>,<blank>,<blank>,<blank>,3
1595206589,pdf,1595206589,-1,460,8447,<blank>,<blank>,<blank>,<blank>,3
1595206611,pdf,1595206611,-1,461,8955,<blank>,<blank>,<blank>,<blank>,3
1595206628,pdf,1595206628,-1,462,8106,<blank>,<blank>,<blank>,<blank>,3
1595206683,pdf,1595206683,-1,463,8530,<blank>,<blank>,<blank>,<blank>,3
1595206683,pdf,1595206683,-1,464,8532,<blank>,<blank>,<blank>,<blank>,3
1595206707,pdf,1595206707,-1,465,8857,<blank>,<blank>,<blank>,<blank>,3
1595206734,pdf,1595206734,-1,466,8930,<blank>,<blank>,<blank>,<blank>,3
1595206749,pdf,1595206750,-1,467,8854,<blank>,<blank>,<blank>,<blank>,3
1595208122,pdf,1595208122,-1,468,8536,<blank>,<blank>,<blank>,<blank>,3
1595208122,pdf,1595208164,-1,469,8538,<blank>,<blank>,<blank>,<blank>,3
1595208148,pdf,1595208148,-1,470,8516,<blank>,<blank>,<blank>,<blank>,3
1595208148,pdf,1595208809,-1,471,8518,<blank>,<blank>,<blank>,<blank>,3
1595208164,pdf,1595208164,-1,472,9162,<blank>,<blank>,<blank>,<blank>,3
1595208188,pdf,1595208188,-1,473,8520,<blank>,<blank>,<blank>,<blank>,3
1595208188,pdf,1595208188,-1,474,8522,<blank>,<blank>,<blank>,<blank>,3
1595208226,pdf,1595208226,-1,475,9146,<blank>,<blank>,<blank>,<blank>,3
1595208252,pdf,1595208252,-1,476,8369,<blank>,<blank>,<blank>,<blank>,3
1595208281,pdf,1595208281,-1,477,9001,<blank>,<blank>,<blank>,<blank>,3
1595208297,pdf,1595208297,-1,478,8356,<blank>,<blank>,<blank>,<blank>,3
1595208312,pdf,1597185265,-1,479,8414,<blank>,<blank>,<blank>,<blank>,3
1595208312,pdf,1595208312,-1,480,8416,<blank>,<blank>,<blank>,<blank>,3
1595208337,pdf,1595208337,-1,481,8435,<blank>,<blank>,<blank>,<blank>,3
1595208569,pdf,1595208569,-1,482,8423,<blank>,<blank>,<blank>,<blank>,3
1595208569,pdf,1595208604,-1,483,8587,<blank>,<blank>,<blank>,<blank>,3
1595208588,pdf,1595208588,-1,484,9123,<blank>,<blank>,<blank>,<blank>,3
1595208604,pdf,1595208604,-1,485,8427,<blank>,<blank>,<blank>,<blank>,3
1595208686,pdf,1595208686,-1,486,8616,<blank>,<blank>,<blank>,<blank>,3
1595208713,pdf,1595208713,-1,487,9141,<blank>,<blank>,<blank>,<blank>,3
1595208713,pdf,1595208713,-1,488,9143,<blank>,<blank>,<blank>,<blank>,3
1595208740,pdf,1595208740,-1,489,8486,<blank>,<blank>,<blank>,<blank>,3
1595208809,pdf,1595208809,-1,490,8550,<blank>,<blank>,<blank>,<blank>,3
1595211174,pdf,1595211174,-1,491,9128,<blank>,<blank>,<blank>,<blank>,92
1595211174,pdf,1595279349,-1,492,9137,<blank>,<blank>,<blank>,<blank>,92
1595211174,pdf,1595279349,-1,493,9138,<blank>,<blank>,<blank>,<blank>,92
1595211174,pdf,1595279349,-1,494,9139,<blank>,<blank>,<blank>,<blank>,92
1595253671,pdf,1595253672,-1,495,9690,<blank>,<blank>,<blank>,<blank>,3
1595253702,pdf,1597269588,-1,496,9686,<blank>,<blank>,<blank>,<blank>,3
1595253756,pdf,1595253756,-1,497,9712,<blank>,<blank>,<blank>,<blank>,3
1595253887,pdf,1597269588,-1,498,9708,<blank>,<blank>,<blank>,<blank>,3
1595253887,pdf,1595253887,-1,499,9727,<blank>,<blank>,<blank>,<blank>,3
1595253951,pdf,1595253951,-1,500,9720,<blank>,<blank>,<blank>,<blank>,3
1595279349,pdf,1595279349,-1,501,9701,<blank>,<blank>,<blank>,<blank>,92
1595279611,pdf,1595279611,-1,502,9704,<blank>,<blank>,<blank>,<blank>,92
1595537316,pdf,1595537316,-1,503,10169,<blank>,<blank>,<blank>,<blank>,92
1595537514,pdf,1595537514,-1,504,10383,<blank>,<blank>,<blank>,<blank>,92
1595537960,pdf,1595537960,-1,505,10293,<blank>,<blank>,<blank>,<blank>,92
1595538356,pdf,1595538356,-1,506,10319,<blank>,<blank>,<blank>,<blank>,92
1595538670,pdf,1595538670,-1,507,10274,<blank>,<blank>,<blank>,<blank>,92
1595538819,pdf,1595538819,-1,508,10134,<blank>,<blank>,<blank>,<blank>,92
1595538967,pdf,1595538967,-1,509,10270,<blank>,<blank>,<blank>,<blank>,92
1595539101,pdf,1595539101,-1,510,10151,<blank>,<blank>,<blank>,<blank>,92
1595539440,pdf,1595539440,-1,511,10368,<blank>,<blank>,<blank>,<blank>,92
1595539978,pdf,1595539978,-1,512,10181,<blank>,<blank>,<blank>,<blank>,92
1595540231,pdf,1595540231,-1,513,10419,<blank>,<blank>,<blank>,<blank>,92
1595540502,pdf,1595540502,-1,514,10363,<blank>,<blank>,<blank>,<blank>,92
1595540729,pdf,1595540729,-1,515,10285,<blank>,<blank>,<blank>,<blank>,92
1595540885,pdf,1595540885,-1,516,10146,<blank>,<blank>,<blank>,<blank>,92
1595541149,pdf,1595541149,-1,517,10379,<blank>,<blank>,<blank>,<blank>,92
1595541268,pdf,1595541268,-1,518,10161,<blank>,<blank>,<blank>,<blank>,92
1595541413,pdf,1595541413,-1,519,10702,<blank>,<blank>,<blank>,<blank>,92
1595611708,pdf,1595611709,-1,520,10216,<blank>,<blank>,<blank>,<blank>,3
1595611887,pdf,1595611887,-1,521,10224,<blank>,<blank>,<blank>,<blank>,3
1595611967,pdf,1595611967,-1,522,10197,<blank>,<blank>,<blank>,<blank>,3
1595612011,pdf,1595612011,-1,523,10236,<blank>,<blank>,<blank>,<blank>,3
1595612118,pdf,1595612118,-1,524,10395,<blank>,<blank>,<blank>,<blank>,3
1595612297,pdf,1595612297,-1,525,10315,<blank>,<blank>,<blank>,<blank>,3
1595612454,pdf,1595612454,-1,526,10331,<blank>,<blank>,<blank>,<blank>,3
1595612548,pdf,1595612548,-1,527,10125,<blank>,<blank>,<blank>,<blank>,3
1595612587,pdf,1595612587,-1,528,10240,<blank>,<blank>,<blank>,<blank>,3
1595612629,pdf,1595612629,-1,529,10173,<blank>,<blank>,<blank>,<blank>,3
1595612629,pdf,1595612629,-1,530,10213,<blank>,<blank>,<blank>,<blank>,3
1595612681,pdf,1595612681,-1,531,10327,<blank>,<blank>,<blank>,<blank>,3
1595612713,pdf,1595612713,-1,532,10277,<blank>,<blank>,<blank>,<blank>,3
1595612756,pdf,1595612756,-1,533,10371,<blank>,<blank>,<blank>,<blank>,3
1595612796,pdf,1595612796,-1,534,10185,<blank>,<blank>,<blank>,<blank>,3
1595612831,pdf,1595612831,-1,535,10307,<blank>,<blank>,<blank>,<blank>,3
1595612979,pdf,1595612980,-1,536,10882,<blank>,<blank>,<blank>,<blank>,3
1595613026,pdf,1595613026,-1,537,10249,<blank>,<blank>,<blank>,<blank>,3
1595613133,pdf,1597269588,-1,538,10415,<blank>,<blank>,<blank>,<blank>,3
1595613163,pdf,1595613163,-1,539,10874,<blank>,<blank>,<blank>,<blank>,3
1595613190,pdf,1595613190,-1,540,10355,<blank>,<blank>,<blank>,<blank>,3
1595613222,pdf,1595613222,-1,541,10423,<blank>,<blank>,<blank>,<blank>,3
1595613241,pdf,1595613241,-1,542,10260,<blank>,<blank>,<blank>,<blank>,3
1595613294,pdf,1595613294,-1,543,10201,<blank>,<blank>,<blank>,<blank>,3
1595613479,pdf,1595613479,-1,544,10323,<blank>,<blank>,<blank>,<blank>,3
1595613515,pdf,1595613515,-1,545,10662,<blank>,<blank>,<blank>,<blank>,3
1595613564,pdf,1595613564,-1,546,10156,<blank>,<blank>,<blank>,<blank>,3
1595613597,pdf,1595613597,-1,547,10339,<blank>,<blank>,<blank>,<blank>,3
1595613618,pdf,1595613618,-1,548,10387,<blank>,<blank>,<blank>,<blank>,3
1595614136,pdf,1595614136,-1,549,10220,<blank>,<blank>,<blank>,<blank>,3
1595614352,pdf,1595614352,-1,550,10232,<blank>,<blank>,<blank>,<blank>,3
1595614473,pdf,1595614473,-1,551,10399,<blank>,<blank>,<blank>,<blank>,3
1595614528,pdf,1595614528,-1,552,10228,<blank>,<blank>,<blank>,<blank>,3
1595614600,pdf,1595614600,-1,553,10193,<blank>,<blank>,<blank>,<blank>,3
1595614674,pdf,1595614674,-1,554,10878,<blank>,<blank>,<blank>,<blank>,3
1595614799,pdf,1595614799,-1,555,10129,<blank>,<blank>,<blank>,<blank>,3
1595614895,pdf,1595614895,-1,556,10281,<blank>,<blank>,<blank>,<blank>,3
1595614980,pdf,1595614980,-1,557,10177,<blank>,<blank>,<blank>,<blank>,3
1595615033,pdf,1595615033,-1,558,10335,<blank>,<blank>,<blank>,<blank>,3
1595615106,pdf,1595615106,-1,559,10256,<blank>,<blank>,<blank>,<blank>,3
1595615145,pdf,1595615145,-1,560,10311,<blank>,<blank>,<blank>,<blank>,3
1595615247,pdf,1595615247,-1,561,10252,<blank>,<blank>,<blank>,<blank>,3
1595615393,pdf,1595615393,-1,562,10890,<blank>,<blank>,<blank>,<blank>,3
1595615447,pdf,1595615447,-1,563,10824,<blank>,<blank>,<blank>,<blank>,3
1595615508,pdf,1595615508,-1,564,10427,<blank>,<blank>,<blank>,<blank>,3
1595615621,pdf,1595615621,-1,565,10375,<blank>,<blank>,<blank>,<blank>,3
1595615680,pdf,1595615680,-1,566,10205,<blank>,<blank>,<blank>,<blank>,3
1595615732,pdf,1595615732,-1,567,10832,<blank>,<blank>,<blank>,<blank>,3
1595615778,pdf,1595615778,-1,568,10165,<blank>,<blank>,<blank>,<blank>,3
1595615861,pdf,1595615861,-1,569,10345,<blank>,<blank>,<blank>,<blank>,3
1595615900,pdf,1595615900,-1,570,10391,<blank>,<blank>,<blank>,<blank>,3
1595629019,pdf,1595629019,-1,571,11588,<blank>,<blank>,<blank>,<blank>,92
1595636940,pdf,1595636940,-1,572,10735,<blank>,<blank>,<blank>,<blank>,92
1595637103,pdf,1595637103,-1,573,11727,<blank>,<blank>,<blank>,<blank>,92
1595637594,pdf,1595637594,-1,574,11930,<blank>,<blank>,<blank>,<blank>,92
1595637838,pdf,1595637838,-1,575,12030,<blank>,<blank>,<blank>,<blank>,92
1595637948,pdf,1595637948,-1,576,10870,<blank>,<blank>,<blank>,<blank>,92
1595638068,pdf,1595638068,-1,577,11897,<blank>,<blank>,<blank>,<blank>,92
1595638363,pdf,1595638363,-1,578,11903,<blank>,<blank>,<blank>,<blank>,92
1595639274,pdf,1595639274,-1,579,11740,<blank>,<blank>,<blank>,<blank>,92
1595639729,pdf,1595639729,-1,580,12001,<blank>,<blank>,<blank>,<blank>,92
1595639958,pdf,1595639958,-1,581,11922,<blank>,<blank>,<blank>,<blank>,92
1595640137,pdf,1595640137,-1,582,11918,<blank>,<blank>,<blank>,<blank>,92
1595640452,pdf,1595640452,-1,583,12026,<blank>,<blank>,<blank>,<blank>,92
1595724365,pdf,1595724365,-1,584,12270,<blank>,<blank>,<blank>,<blank>,92
1595724503,pdf,1595724503,-1,585,12244,<blank>,<blank>,<blank>,<blank>,92
1595724608,pdf,1595724608,-1,586,12177,<blank>,<blank>,<blank>,<blank>,92
1595724735,pdf,1595724735,-1,587,12220,<blank>,<blank>,<blank>,<blank>,92
1595724937,pdf,1595724937,-1,588,12290,<blank>,<blank>,<blank>,<blank>,92
1595725299,pdf,1595725299,-1,589,12278,<blank>,<blank>,<blank>,<blank>,92
1595725529,pdf,1595725529,-1,590,12282,<blank>,<blank>,<blank>,<blank>,92
1595725889,pdf,1595725889,-1,591,12274,<blank>,<blank>,<blank>,<blank>,92
1595728168,pdf,1595728168,-1,592,12248,<blank>,<blank>,<blank>,<blank>,92
1595728294,pdf,1595728294,-1,593,12262,<blank>,<blank>,<blank>,<blank>,92
1595728414,pdf,1595728414,-1,594,12347,<blank>,<blank>,<blank>,<blank>,92
1595728660,pdf,1595728660,-1,595,12286,<blank>,<blank>,<blank>,<blank>,92
1595728785,pdf,1595728785,-1,596,12232,<blank>,<blank>,<blank>,<blank>,92
1595728873,pdf,1595728873,-1,597,12294,<blank>,<blank>,<blank>,<blank>,92
1595788268,pdf,1595788269,-1,598,12578,<blank>,<blank>,<blank>,<blank>,3
1595788269,pdf,1595788269,-1,599,12579,<blank>,<blank>,<blank>,<blank>,3
1595788269,pdf,1595788269,-1,600,12580,<blank>,<blank>,<blank>,<blank>,3
1595788880,pdf,1595788880,-1,601,12298,<blank>,<blank>,<blank>,<blank>,3
1595789207,pdf,1595789207,-1,602,12565,<blank>,<blank>,<blank>,<blank>,3
1595789249,pdf,1595789249,-1,603,12228,<blank>,<blank>,<blank>,<blank>,3
1595789312,pdf,1595789312,-1,604,12212,<blank>,<blank>,<blank>,<blank>,3
1595789414,pdf,1595789414,-1,605,12441,<blank>,<blank>,<blank>,<blank>,3
1595789697,pdf,1595789697,-1,606,12036,<blank>,<blank>,<blank>,<blank>,3
1595790040,pdf,1595790040,-1,607,12252,<blank>,<blank>,<blank>,<blank>,3
1595790091,pdf,1595790091,-1,608,12569,<blank>,<blank>,<blank>,<blank>,3
1595790196,pdf,1595790196,-1,609,12467,<blank>,<blank>,<blank>,<blank>,3
1595790264,pdf,1595790264,-1,610,12240,<blank>,<blank>,<blank>,<blank>,3
1595790315,pdf,1595790315,-1,611,12216,<blank>,<blank>,<blank>,<blank>,3
1595790455,pdf,1595790455,-1,612,12850,<blank>,<blank>,<blank>,<blank>,3
1595790538,pdf,1597185265,-1,613,12591,<blank>,<blank>,<blank>,<blank>,3
1595790670,pdf,1595790670,-1,614,12236,<blank>,<blank>,<blank>,<blank>,3
1595811328,pdf,1595811328,-1,615,12553,<blank>,<blank>,<blank>,<blank>,92
1595811487,pdf,1595811487,-1,616,12557,<blank>,<blank>,<blank>,<blank>,92
1595812064,pdf,1595812064,-1,617,13016,<blank>,<blank>,<blank>,<blank>,92
1595812273,pdf,1595812273,-1,618,12491,<blank>,<blank>,<blank>,<blank>,92
1595812472,pdf,1595812472,-1,619,13002,<blank>,<blank>,<blank>,<blank>,92
1595812686,pdf,1595812686,-1,620,12561,<blank>,<blank>,<blank>,<blank>,92
1595813041,pdf,1595813041,-1,621,12595,<blank>,<blank>,<blank>,<blank>,92
1595866546,pdf,1595866546,-1,622,13163,<blank>,<blank>,<blank>,<blank>,3
1595866743,pdf,1595866743,-1,623,12998,<blank>,<blank>,<blank>,<blank>,3
1595866853,pdf,1595866853,-1,624,12978,<blank>,<blank>,<blank>,<blank>,3
1595866920,pdf,1595866920,-1,625,13147,<blank>,<blank>,<blank>,<blank>,3
1595866970,pdf,1595866970,-1,626,12825,<blank>,<blank>,<blank>,<blank>,3
1595867015,pdf,1597185265,-1,627,11907,<blank>,<blank>,<blank>,<blank>,3
1595867558,pdf,1595867558,-1,628,12963,<blank>,<blank>,<blank>,<blank>,3
1595867655,pdf,1595867655,-1,629,13081,<blank>,<blank>,<blank>,<blank>,3
1595868041,pdf,1595868041,-1,630,12982,<blank>,<blank>,<blank>,<blank>,3
1595868282,pdf,1595868282,-1,631,12994,<blank>,<blank>,<blank>,<blank>,3
1595868788,pdf,1595868788,-1,632,13151,<blank>,<blank>,<blank>,<blank>,3
1595868854,pdf,1597269588,-1,633,13094,<blank>,<blank>,<blank>,<blank>,3
1595868904,pdf,1595868904,-1,634,13012,<blank>,<blank>,<blank>,<blank>,3
1595869655,pdf,1595869655,-1,635,13191,<blank>,<blank>,<blank>,<blank>,3
1595869677,pdf,1595869677,-1,636,13173,<blank>,<blank>,<blank>,<blank>,3
1595882268,pdf,1595882268,-1,637,13159,<blank>,<blank>,<blank>,<blank>,92
1595882471,pdf,1595882471,-1,638,13180,<blank>,<blank>,<blank>,<blank>,92
1595882471,pdf,1595882471,-1,639,13182,<blank>,<blank>,<blank>,<blank>,92
1595882912,pdf,1595882912,-1,640,10886,<blank>,<blank>,<blank>,<blank>,92
1595884320,pdf,1595884320,-1,641,13851,<blank>,<blank>,<blank>,<blank>,92
1595884701,pdf,1595884701,-1,642,13177,<blank>,<blank>,<blank>,<blank>,92
1595884941,pdf,1595884941,-1,643,13186,<blank>,<blank>,<blank>,<blank>,92
1595884941,pdf,1595884941,-1,644,13188,<blank>,<blank>,<blank>,<blank>,92
1595885232,pdf,1595885232,-1,645,13544,<blank>,<blank>,<blank>,<blank>,92
1595965960,pdf,1595965960,-1,646,13529,<blank>,<blank>,<blank>,<blank>,92
1596133167,pdf,1596133167,-1,647,14084,<blank>,<blank>,<blank>,<blank>,92
1596133167,pdf,1596133167,-1,648,14102,<blank>,<blank>,<blank>,<blank>,92
1596318418,pdf,1596318419,-1,649,14097,<blank>,<blank>,<blank>,<blank>,3
1596318457,pdf,1596318457,-1,650,14163,<blank>,<blank>,<blank>,<blank>,3
1596318623,pdf,1596318623,-1,651,14178,<blank>,<blank>,<blank>,<blank>,3
1596318789,pdf,1596318789,-1,652,14122,<blank>,<blank>,<blank>,<blank>,3
1596318789,pdf,1596318789,-1,653,14123,<blank>,<blank>,<blank>,<blank>,3
1596318789,pdf,1596318789,-1,654,14124,<blank>,<blank>,<blank>,<blank>,3
1596318822,pdf,1596318822,-1,655,14147,<blank>,<blank>,<blank>,<blank>,3
1596318951,pdf,1596318951,-1,656,14094,<blank>,<blank>,<blank>,<blank>,3
1596319035,pdf,1596319035,-1,657,14129,<blank>,<blank>,<blank>,<blank>,3
1596319115,pdf,1596319115,-1,658,14135,<blank>,<blank>,<blank>,<blank>,3
1596319189,pdf,1596319189,-1,659,14169,<blank>,<blank>,<blank>,<blank>,3
1596319278,pdf,1596319278,-1,660,14105,<blank>,<blank>,<blank>,<blank>,3
1596319319,pdf,1596319319,-1,661,14182,<blank>,<blank>,<blank>,<blank>,3
1596330568,pdf,1596330568,-1,662,14174,<blank>,<blank>,<blank>,<blank>,92
1596331388,pdf,1596331388,-1,663,14299,<blank>,<blank>,<blank>,<blank>,92
1596331388,pdf,1596331388,-1,664,14301,<blank>,<blank>,<blank>,<blank>,92
1596331822,pdf,1596331822,-1,665,14186,<blank>,<blank>,<blank>,<blank>,92
1596332677,pdf,1596332677,-1,666,14139,<blank>,<blank>,<blank>,<blank>,92
1596418635,pdf,1596418635,-1,667,14382,<blank>,<blank>,<blank>,<blank>,92
1596419178,pdf,1596419178,-1,668,14325,<blank>,<blank>,<blank>,<blank>,92
1596419963,pdf,1596419963,-1,669,14451,<blank>,<blank>,<blank>,<blank>,92
1596420417,pdf,1596420417,-1,670,14409,<blank>,<blank>,<blank>,<blank>,92
1596421196,pdf,1596421196,-1,671,14424,<blank>,<blank>,<blank>,<blank>,92
1596421196,pdf,1596421196,-1,672,14426,<blank>,<blank>,<blank>,<blank>,92
1596422857,pdf,1596422857,-1,673,14405,<blank>,<blank>,<blank>,<blank>,92
1596423326,pdf,1596423326,-1,674,14441,<blank>,<blank>,<blank>,<blank>,92
1596424048,pdf,1596424048,-1,675,14482,<blank>,<blank>,<blank>,<blank>,92
1596424048,pdf,1596424048,-1,676,14484,<blank>,<blank>,<blank>,<blank>,92
1596487658,pdf,1596487658,-1,677,14610,<blank>,<blank>,<blank>,<blank>,92
1596489069,pdf,1596489069,-1,678,14614,<blank>,<blank>,<blank>,<blank>,92
1596489434,pdf,1596489434,-1,679,14580,<blank>,<blank>,<blank>,<blank>,92
1596490079,pdf,1596490079,-1,680,14606,<blank>,<blank>,<blank>,<blank>,92
1596490503,pdf,1596490503,-1,681,14666,<blank>,<blank>,<blank>,<blank>,92
1596490911,pdf,1596490911,-1,682,14705,<blank>,<blank>,<blank>,<blank>,92
1596496375,pdf,1596496375,-1,683,14477,<blank>,<blank>,<blank>,<blank>,3
1596496401,pdf,1596496401,-1,684,14749,<blank>,<blank>,<blank>,<blank>,3
1596496420,pdf,1596496420,-1,685,14415,<blank>,<blank>,<blank>,<blank>,3
1596496600,pdf,1596496600,-1,686,14594,<blank>,<blank>,<blank>,<blank>,3
1596496838,pdf,1596496838,-1,687,14598,<blank>,<blank>,<blank>,<blank>,3
1596496854,pdf,1596496855,-1,688,14455,<blank>,<blank>,<blank>,<blank>,3
1596496898,pdf,1596496898,-1,689,14293,<blank>,<blank>,<blank>,<blank>,3
1596496915,pdf,1596496915,-1,690,14590,<blank>,<blank>,<blank>,<blank>,3
1596496931,pdf,1596496931,-1,691,14271,<blank>,<blank>,<blank>,<blank>,3
1596496994,pdf,1596496994,-1,692,14618,<blank>,<blank>,<blank>,<blank>,3
1596497014,pdf,1596497014,-1,693,14448,<blank>,<blank>,<blank>,<blank>,3
1596497047,pdf,1596497047,-1,694,14433,<blank>,<blank>,<blank>,<blank>,3
1596497141,pdf,1596497141,-1,695,14373,<blank>,<blank>,<blank>,<blank>,3
1596497157,pdf,1596497157,-1,696,14532,<blank>,<blank>,<blank>,<blank>,3
1596497177,pdf,1597185265,-1,697,14459,<blank>,<blank>,<blank>,<blank>,3
1596497195,pdf,1596497195,-1,698,14467,<blank>,<blank>,<blank>,<blank>,3
1596497214,pdf,1596497214,-1,699,14566,<blank>,<blank>,<blank>,<blank>,3
1596497359,pdf,1596497359,-1,700,14347,<blank>,<blank>,<blank>,<blank>,3
1596497434,pdf,1596497434,-1,701,14538,<blank>,<blank>,<blank>,<blank>,3
1596497480,pdf,1596497480,-1,702,14419,<blank>,<blank>,<blank>,<blank>,3
1596559422,pdf,1596559422,-1,703,15144,<blank>,<blank>,<blank>,<blank>,3
1596559480,pdf,1597256057,-1,704,15155,<blank>,<blank>,<blank>,<blank>,3
1596559496,pdf,1596559496,-1,705,15133,<blank>,<blank>,<blank>,<blank>,3
1596559526,pdf,1596559526,-1,706,14472,<blank>,<blank>,<blank>,<blank>,3
1596559526,pdf,1596559526,-1,707,14474,<blank>,<blank>,<blank>,<blank>,3
1596559554,pdf,1596559554,-1,708,15137,<blank>,<blank>,<blank>,<blank>,3
1596559967,pdf,1596559967,-1,709,15096,<blank>,<blank>,<blank>,<blank>,3
1596560411,pdf,1596560411,-1,710,15104,<blank>,<blank>,<blank>,<blank>,3
1596560975,pdf,1596560975,-1,711,15162,<blank>,<blank>,<blank>,<blank>,3
1596561795,pdf,1597269588,-1,712,15166,<blank>,<blank>,<blank>,<blank>,3
1596566165,pdf,1596566165,-1,713,15147,<blank>,<blank>,<blank>,<blank>,92
1596566673,pdf,1596566673,-1,714,15170,<blank>,<blank>,<blank>,<blank>,92
1596567981,pdf,1596567981,-1,715,15127,<blank>,<blank>,<blank>,<blank>,92
1596568446,pdf,1596568446,-1,716,14758,<blank>,<blank>,<blank>,<blank>,92
1596569456,pdf,1596569456,-1,717,15108,<blank>,<blank>,<blank>,<blank>,92
1596570409,pdf,1596570409,-1,718,15116,<blank>,<blank>,<blank>,<blank>,92
1596570510,pdf,1596570510,-1,719,15100,<blank>,<blank>,<blank>,<blank>,92
1596571306,pdf,1596571306,-1,720,15084,<blank>,<blank>,<blank>,<blank>,92
1596571306,pdf,1596571306,-1,721,15089,<blank>,<blank>,<blank>,<blank>,92
1596580663,pdf,1596580663,-1,722,14399,<blank>,<blank>,<blank>,<blank>,3
1596580963,pdf,1596580963,-1,723,15158,<blank>,<blank>,<blank>,<blank>,3
1596580963,pdf,1596580963,-1,724,15177,<blank>,<blank>,<blank>,<blank>,3
1597097894,pdf,1597097894,-1,725,15597,<blank>,<blank>,<blank>,<blank>,92
1597098563,pdf,1597098563,-1,726,15615,<blank>,<blank>,<blank>,<blank>,92
1597099914,pdf,1597099914,-1,727,15688,<blank>,<blank>,<blank>,<blank>,92
1597099914,pdf,1597099914,-1,728,15690,<blank>,<blank>,<blank>,<blank>,92
1597101535,pdf,1597101535,-1,729,15593,<blank>,<blank>,<blank>,<blank>,92
1597102203,pdf,1597102203,-1,730,15697,<blank>,<blank>,<blank>,<blank>,92
1597102945,pdf,1597102945,-1,731,15693,<blank>,<blank>,<blank>,<blank>,92
1597184571,pdf,1597184571,-1,732,15683,<blank>,<blank>,<blank>,<blank>,3
1597184579,pdf,1597184579,-1,733,15668,<blank>,<blank>,<blank>,<blank>,3
1597184588,pdf,1597184588,-1,734,15611,<blank>,<blank>,<blank>,<blank>,3
1597184595,pdf,1597184595,-1,735,15652,<blank>,<blank>,<blank>,<blank>,3
1597184650,pdf,1597184650,-1,736,15778,<blank>,<blank>,<blank>,<blank>,3
1597184834,pdf,1597184834,-1,737,15741,<blank>,<blank>,<blank>,<blank>,3
1597184851,pdf,1597184851,-1,738,15660,<blank>,<blank>,<blank>,<blank>,3
1597184868,pdf,1597184868,-1,739,15602,<blank>,<blank>,<blank>,<blank>,3
1597184886,pdf,1597184886,-1,740,15644,<blank>,<blank>,<blank>,<blank>,3
1597185138,pdf,1597185138,-1,741,15648,<blank>,<blank>,<blank>,<blank>,3
1597185155,pdf,1597185155,-1,742,15788,<blank>,<blank>,<blank>,<blank>,3
1597185181,pdf,1597185181,-1,743,15819,<blank>,<blank>,<blank>,<blank>,3
1597185199,pdf,1597185199,-1,744,15823,<blank>,<blank>,<blank>,<blank>,3
1597185213,pdf,1597185213,-1,745,15625,<blank>,<blank>,<blank>,<blank>,3
1597185265,pdf,1597185265,-1,746,15863,<blank>,<blank>,<blank>,<blank>,3
1597185294,pdf,1597185294,-1,747,15634,<blank>,<blank>,<blank>,<blank>,3
1597185659,pdf,1597185659,-1,748,15701,<blank>,<blank>,<blank>,<blank>,3
1597186182,pdf,1597186182,-1,749,15813,<blank>,<blank>,<blank>,<blank>,3
1597186198,pdf,1597186198,-1,750,15774,<blank>,<blank>,<blank>,<blank>,3
1597186217,pdf,1597186217,-1,751,15607,<blank>,<blank>,<blank>,<blank>,3
1597186232,pdf,1597186232,-1,752,15885,<blank>,<blank>,<blank>,<blank>,3
1597188946,pdf,1597188946,-1,753,15675,<blank>,<blank>,<blank>,<blank>,3
1597201437,pdf,1597201437,-1,754,16135,<blank>,<blank>,<blank>,<blank>,92
1597202295,pdf,1597202295,-1,755,16046,<blank>,<blank>,<blank>,<blank>,92
1597202764,pdf,1597202764,-1,756,16103,<blank>,<blank>,<blank>,<blank>,92
1597203155,pdf,1597203155,-1,757,16186,<blank>,<blank>,<blank>,<blank>,92
1597203155,pdf,1597203155,-1,758,16188,<blank>,<blank>,<blank>,<blank>,92
1597203929,pdf,1597203929,-1,759,16163,<blank>,<blank>,<blank>,<blank>,92
1597204318,pdf,1597204318,-1,760,16191,<blank>,<blank>,<blank>,<blank>,92
1597204415,pdf,1597204415,-1,761,16248,<blank>,<blank>,<blank>,<blank>,92
1597204598,pdf,1597204598,-1,762,15782,<blank>,<blank>,<blank>,<blank>,92
1597204827,pdf,1597204827,-1,763,16307,<blank>,<blank>,<blank>,<blank>,92
1597205182,pdf,1597205182,-1,764,15792,<blank>,<blank>,<blank>,<blank>,92
1597205360,pdf,1597205360,-1,765,16205,<blank>,<blank>,<blank>,<blank>,92
1597205545,pdf,1597205545,-1,766,15805,<blank>,<blank>,<blank>,<blank>,92
1597205725,pdf,1597205725,-1,767,15809,<blank>,<blank>,<blank>,<blank>,92
1597205912,pdf,1597205912,-1,768,16196,<blank>,<blank>,<blank>,<blank>,92
1597205912,pdf,1597205912,-1,769,16198,<blank>,<blank>,<blank>,<blank>,92
1597206189,pdf,1597206189,-1,770,16277,<blank>,<blank>,<blank>,<blank>,92
1597206756,pdf,1597206756,-1,771,16213,<blank>,<blank>,<blank>,<blank>,92
1597207002,pdf,1597207002,-1,772,15848,<blank>,<blank>,<blank>,<blank>,92
1597207096,pdf,1597207096,-1,773,16217,<blank>,<blank>,<blank>,<blank>,92
1597255721,pdf,1597255721,-1,774,16177,<blank>,<blank>,<blank>,<blank>,3
1597255781,pdf,1597255781,-1,775,16181,<blank>,<blank>,<blank>,<blank>,3
1597256056,pdf,1597256057,-1,776,16663,<blank>,<blank>,<blank>,<blank>,3
1597256123,pdf,1597256123,-1,777,16228,<blank>,<blank>,<blank>,<blank>,3
1597261183,pdf,1597261183,-1,778,16139,<blank>,<blank>,<blank>,<blank>,92
1597264121,pdf,1597264121,-1,779,16109,<blank>,<blank>,<blank>,<blank>,92
1597264950,pdf,1597264951,-1,780,16452,<blank>,<blank>,<blank>,<blank>,92
1597264951,pdf,1597264951,-1,781,16454,<blank>,<blank>,<blank>,<blank>,92
1597269042,pdf,1597269042,-1,782,16147,<blank>,<blank>,<blank>,<blank>,3
1597269062,pdf,1597269062,-1,783,16167,<blank>,<blank>,<blank>,<blank>,3
1597269208,pdf,1597269208,-1,784,16064,<blank>,<blank>,<blank>,<blank>,3
1597269227,pdf,1597269227,-1,785,15664,<blank>,<blank>,<blank>,<blank>,3
1597269245,pdf,1597269245,-1,786,16209,<blank>,<blank>,<blank>,<blank>,3
1597269265,pdf,1597269265,-1,787,16151,<blank>,<blank>,<blank>,<blank>,3
1597269284,pdf,1597269284,-1,788,16143,<blank>,<blank>,<blank>,<blank>,3
1597269400,pdf,1597269400,-1,789,16171,<blank>,<blank>,<blank>,<blank>,3
1597269489,pdf,1597269489,-1,790,16201,<blank>,<blank>,<blank>,<blank>,3
1597269505,pdf,1597269505,-1,791,16114,<blank>,<blank>,<blank>,<blank>,3
1597269588,pdf,1597269588,-1,792,16255,<blank>,<blank>,<blank>,<blank>,3
1597269588,pdf,1597269588,-1,793,16256,<blank>,<blank>,<blank>,<blank>,3
1597269588,pdf,1597269588,-1,794,16259,<blank>,<blank>,<blank>,<blank>,3
1597269588,pdf,1597269588,-1,795,16263,<blank>,<blank>,<blank>,<blank>,3
1597269721,pdf,1597269721,-1,796,16127,<blank>,<blank>,<blank>,<blank>,3
1597269738,pdf,1597269738,-1,797,16099,<blank>,<blank>,<blank>,<blank>,3
1597269840,pdf,1597269840,-1,798,16131,<blank>,<blank>,<blank>,<blank>,3
1597269859,pdf,1597269859,-1,799,16293,<blank>,<blank>,<blank>,<blank>,3
1597269859,pdf,1597269859,-1,800,16295,<blank>,<blank>,<blank>,<blank>,3
1597269882,pdf,1597269882,-1,801,15866,<blank>,<blank>,<blank>,<blank>,3
1597269905,pdf,1597269905,-1,802,16483,<blank>,<blank>,<blank>,<blank>,3
1597270099,pdf,1597270099,-1,803,16356,<blank>,<blank>,<blank>,<blank>,3
1597270099,pdf,1597270099,-1,804,16448,<blank>,<blank>,<blank>,<blank>,3
1597273550,pdf,1597273550,-1,805,15797,<blank>,<blank>,<blank>,<blank>,92
1597273550,pdf,1597273550,-1,806,15799,<blank>,<blank>,<blank>,<blank>,92
1602456147,pdf,1602456147,-1,807,17675,<blank>,<blank>,<blank>,<blank>,69
1602456607,pdf,1602456608,-1,808,17799,<blank>,<blank>,<blank>,<blank>,69
1602457249,pdf,1602457249,-1,809,17683,<blank>,<blank>,<blank>,<blank>,69
1602457483,pdf,1602457483,-1,810,17803,<blank>,<blank>,<blank>,<blank>,69
1602457685,pdf,1602457686,-1,811,17819,<blank>,<blank>,<blank>,<blank>,69
1602458754,pdf,1602458754,-1,812,17880,<blank>,<blank>,<blank>,<blank>,69
1602700574,pdf,1602700574,-1,813,17957,<blank>,<blank>,<blank>,<blank>,69
1602700905,pdf,1602700905,-1,814,17961,<blank>,<blank>,<blank>,<blank>,69
1602701514,pdf,1602701514,-1,815,17977,<blank>,<blank>,<blank>,<blank>,69
1602701646,pdf,1602701646,-1,816,17937,<blank>,<blank>,<blank>,<blank>,69
1602701935,pdf,1602701935,-1,817,17917,<blank>,<blank>,<blank>,<blank>,69
1602789189,pdf,1602789190,-1,818,18047,<blank>,<blank>,<blank>,<blank>,69
1602862026,pdf,1602862026,-1,819,18080,<blank>,<blank>,<blank>,<blank>,69
1602865962,pdf,1602865962,-1,820,18076,<blank>,<blank>,<blank>,<blank>,69
1602866665,pdf,1602866665,-1,821,18096,<blank>,<blank>,<blank>,<blank>,69
1602867167,pdf,1602867167,-1,822,17949,<blank>,<blank>,<blank>,<blank>,69
1602869864,pdf,1603159246,-1,823,17925,<blank>,<blank>,<blank>,<blank>,69
1603149748,pdf,1603149748,-1,824,18169,<blank>,<blank>,<blank>,<blank>,69
1603150692,pdf,1603150692,-1,825,18311,<blank>,<blank>,<blank>,<blank>,69
1603151153,pdf,1603151153,-1,826,18226,<blank>,<blank>,<blank>,<blank>,69
1603151918,pdf,1603151918,-1,827,18176,<blank>,<blank>,<blank>,<blank>,69
1603153077,pdf,1603153077,-1,828,18100,<blank>,<blank>,<blank>,<blank>,69
1603153465,pdf,1603153465,-1,829,18084,<blank>,<blank>,<blank>,<blank>,69
1603153857,pdf,1603153857,-1,830,18322,<blank>,<blank>,<blank>,<blank>,69
1603154104,pdf,1603154104,-1,831,18281,<blank>,<blank>,<blank>,<blank>,69
1603154272,pdf,1603154272,-1,832,18334,<blank>,<blank>,<blank>,<blank>,69
1603154460,pdf,1603154460,-1,833,17929,<blank>,<blank>,<blank>,<blank>,69
1603154675,pdf,1603154675,-1,834,18037,<blank>,<blank>,<blank>,<blank>,69
1603155163,pdf,1603155163,-1,835,17941,<blank>,<blank>,<blank>,<blank>,69
1603156535,pdf,1603156535,-1,836,17913,<blank>,<blank>,<blank>,<blank>,69
1603156660,pdf,1603156660,-1,837,17921,<blank>,<blank>,<blank>,<blank>,69
1603158316,pdf,1603158316,-1,838,18088,<blank>,<blank>,<blank>,<blank>,69
1603158809,pdf,1603158809,-1,839,17953,<blank>,<blank>,<blank>,<blank>,69
1603159011,pdf,1603159011,-1,840,18057,<blank>,<blank>,<blank>,<blank>,69
1603159173,pdf,1603159173,-1,841,18307,<blank>,<blank>,<blank>,<blank>,69
1603159173,pdf,1603159173,-1,842,18319,<blank>,<blank>,<blank>,<blank>,69
1603159433,pdf,1603159433,-1,843,18420,<blank>,<blank>,<blank>,<blank>,69
1603159504,pdf,1603159504,-1,844,18386,<blank>,<blank>,<blank>,<blank>,69
1603159779,pdf,1603159779,-1,845,18257,<blank>,<blank>,<blank>,<blank>,69
1603160571,pdf,1603160571,-1,846,18404,<blank>,<blank>,<blank>,<blank>,69
1603234721,pdf,1603234721,-1,847,17679,<blank>,<blank>,<blank>,<blank>,3
1603234777,pdf,1603234777,-1,848,17823,<blank>,<blank>,<blank>,<blank>,3
1603234806,pdf,1603234807,-1,849,17815,<blank>,<blank>,<blank>,<blank>,3
1603234882,pdf,1603234882,-1,850,17900,<blank>,<blank>,<blank>,<blank>,3
1603234901,pdf,1603234901,-1,851,17671,<blank>,<blank>,<blank>,<blank>,3
1603234984,pdf,1603234984,-1,852,17905,<blank>,<blank>,<blank>,<blank>,3
1603234999,pdf,1603234999,-1,853,17687,<blank>,<blank>,<blank>,<blank>,3
1603235018,pdf,1603235018,-1,854,17691,<blank>,<blank>,<blank>,<blank>,3
1603235041,pdf,1603235041,-1,855,17827,<blank>,<blank>,<blank>,<blank>,3
1603235057,pdf,1603235057,-1,856,17933,<blank>,<blank>,<blank>,<blank>,3
1603235128,pdf,1603235128,-1,857,17909,<blank>,<blank>,<blank>,<blank>,3
1603235147,pdf,1603235147,-1,858,17811,<blank>,<blank>,<blank>,<blank>,3
1603235163,pdf,1603235389,-1,859,17807,<blank>,<blank>,<blank>,<blank>,3
1603235179,pdf,1603235179,-1,860,17831,<blank>,<blank>,<blank>,<blank>,3
1603235194,pdf,1603235194,-1,861,17965,<blank>,<blank>,<blank>,<blank>,3
1603235372,pdf,1603235372,-1,862,18273,<blank>,<blank>,<blank>,<blank>,3
1603657328,pdf,1603657328,-1,863,18700,<blank>,<blank>,<blank>,<blank>,69
1603659333,pdf,1603659333,-1,864,18285,<blank>,<blank>,<blank>,<blank>,69
1603659714,pdf,1603659714,-1,865,18222,<blank>,<blank>,<blank>,<blank>,69
1603660123,pdf,1603660124,-1,866,18355,<blank>,<blank>,<blank>,<blank>,69
1603660464,pdf,1603660464,-1,867,18184,<blank>,<blank>,<blank>,<blank>,69
1603661180,pdf,1603661180,-1,868,18216,<blank>,<blank>,<blank>,<blank>,69
1603661529,pdf,1603661529,-1,869,18265,<blank>,<blank>,<blank>,<blank>,69
1603661794,pdf,1603661794,-1,870,18360,<blank>,<blank>,<blank>,<blank>,69
1603662028,pdf,1603662028,-1,871,18349,<blank>,<blank>,<blank>,<blank>,69
1603662277,pdf,1603662277,-1,872,18041,<blank>,<blank>,<blank>,<blank>,69
1603662748,pdf,1603662748,-1,873,18338,<blank>,<blank>,<blank>,<blank>,69
1603663078,pdf,1603663078,-1,874,18412,<blank>,<blank>,<blank>,<blank>,69
1603663238,pdf,1603663238,-1,875,18424,<blank>,<blank>,<blank>,<blank>,69
1603663553,pdf,1603663553,-1,876,18408,<blank>,<blank>,<blank>,<blank>,69
1603664249,pdf,1603664249,-1,877,18261,<blank>,<blank>,<blank>,<blank>,69
1603664901,pdf,1603664901,-1,878,18974,<blank>,<blank>,<blank>,<blank>,69
1603665439,pdf,1603665439,-1,879,18432,<blank>,<blank>,<blank>,<blank>,69
1603813055,pdf,1603813055,-1,880,19436,<blank>,<blank>,<blank>,<blank>,69
1603813753,pdf,1603813753,-1,881,19422,<blank>,<blank>,<blank>,<blank>,69
1604000524,pdf,1604000524,-1,882,18289,<blank>,<blank>,<blank>,<blank>,69
1604000948,pdf,1604000948,-1,883,18234,<blank>,<blank>,<blank>,<blank>,69
1604001353,pdf,1604001353,-1,884,18368,<blank>,<blank>,<blank>,<blank>,69
1604001813,pdf,1604001813,-1,885,18238,<blank>,<blank>,<blank>,<blank>,69
1604001974,pdf,1604001974,-1,886,18218,<blank>,<blank>,<blank>,<blank>,69
1604002386,pdf,1604002386,-1,887,18269,<blank>,<blank>,<blank>,<blank>,69
1604004347,pdf,1604004347,-1,888,18440,<blank>,<blank>,<blank>,<blank>,69
1604004705,pdf,1604004705,-1,889,18953,<blank>,<blank>,<blank>,<blank>,69
1604428774,pdf,1604428775,-1,890,18277,<blank>,<blank>,<blank>,<blank>,69
1604430714,pdf,1604430714,-1,891,18428,<blank>,<blank>,<blank>,<blank>,69
1604430994,pdf,1604430994,-1,892,18365,<blank>,<blank>,<blank>,<blank>,69
1604431426,pdf,1604431426,-1,893,18200,<blank>,<blank>,<blank>,<blank>,69
1604431608,pdf,1604431608,-1,894,18978,<blank>,<blank>,<blank>,<blank>,69
1604431760,pdf,1604431760,-1,895,18416,<blank>,<blank>,<blank>,<blank>,69
1604434110,pdf,1604434110,-1,896,18230,<blank>,<blank>,<blank>,<blank>,69
1604434348,pdf,1604434348,-1,897,18299,<blank>,<blank>,<blank>,<blank>,69
1604434473,pdf,1604434473,-1,898,18330,<blank>,<blank>,<blank>,<blank>,69
1604434714,pdf,1604434714,-1,899,18253,<blank>,<blank>,<blank>,<blank>,69
1604434800,pdf,1604434800,-1,900,18436,<blank>,<blank>,<blank>,<blank>,69
1604434870,pdf,1604434870,-1,901,18092,<blank>,<blank>,<blank>,<blank>,69
1604434979,pdf,1604434979,-1,902,18210,<blank>,<blank>,<blank>,<blank>,69
1604435083,pdf,1604435083,-1,903,18326,<blank>,<blank>,<blank>,<blank>,69
1604435867,pdf,1604435867,-1,904,19045,<blank>,<blank>,<blank>,<blank>,69
1604435867,pdf,1604435867,-1,905,19047,<blank>,<blank>,<blank>,<blank>,69
1604435967,pdf,1604435967,-1,906,19374,<blank>,<blank>,<blank>,<blank>,69
1604436236,pdf,1604436236,-1,907,19378,<blank>,<blank>,<blank>,<blank>,69
1604436522,pdf,1604436522,-1,908,18984,<blank>,<blank>,<blank>,<blank>,69
1604518000,pdf,1604518000,-1,909,18296,<blank>,<blank>,<blank>,<blank>,3
1604518059,pdf,1604518060,-1,910,20120,<blank>,<blank>,<blank>,<blank>,3
1604518132,pdf,1604518132,-1,911,18957,<blank>,<blank>,<blank>,<blank>,3
1604518185,pdf,1604518185,-1,912,18061,<blank>,<blank>,<blank>,<blank>,3
1604518257,pdf,1604518257,-1,913,18374,<blank>,<blank>,<blank>,<blank>,3
1605200127,pdf,1605200128,-1,914,19396,<blank>,<blank>,<blank>,<blank>,69
1605200481,pdf,1605200481,-1,915,19351,<blank>,<blank>,<blank>,<blank>,69
1605200824,pdf,1605200824,-1,916,19120,<blank>,<blank>,<blank>,<blank>,69
1605200970,pdf,1605200970,-1,917,19387,<blank>,<blank>,<blank>,<blank>,69
1605201341,pdf,1605201341,-1,918,19093,<blank>,<blank>,<blank>,<blank>,69
1605203437,pdf,1605203437,-1,919,19071,<blank>,<blank>,<blank>,<blank>,69
1605204554,pdf,1605204554,-1,920,19192,<blank>,<blank>,<blank>,<blank>,69
1605204879,pdf,1605204879,-1,921,19412,<blank>,<blank>,<blank>,<blank>,69
1605205150,pdf,1605205150,-1,922,19101,<blank>,<blank>,<blank>,<blank>,69
1605206156,pdf,1605206156,-1,923,19606,<blank>,<blank>,<blank>,<blank>,69
1605208658,pdf,1605208658,-1,924,19051,<blank>,<blank>,<blank>,<blank>,69
1605208947,pdf,1605208947,-1,925,19358,<blank>,<blank>,<blank>,<blank>,69
1605209182,pdf,1605209182,-1,926,19040,<blank>,<blank>,<blank>,<blank>,69
1605209270,pdf,1605209270,-1,927,19125,<blank>,<blank>,<blank>,<blank>,69
1605209408,pdf,1605209408,-1,928,19097,<blank>,<blank>,<blank>,<blank>,69
1605209592,pdf,1605209592,-1,929,19116,<blank>,<blank>,<blank>,<blank>,69
1605209633,pdf,1605209633,-1,930,19129,<blank>,<blank>,<blank>,<blank>,69
1605209858,pdf,1605209858,-1,931,19106,<blank>,<blank>,<blank>,<blank>,69
1605209883,pdf,1605209883,-1,932,19370,<blank>,<blank>,<blank>,<blank>,69
1605210321,pdf,1605210321,-1,933,19769,<blank>,<blank>,<blank>,<blank>,69
1605408286,pdf,1605408287,-1,934,19744,<blank>,<blank>,<blank>,<blank>,69
1605547800,pdf,1605547802,-1,935,20671,<blank>,<blank>,<blank>,<blank>,69
1605549162,pdf,1605549162,-1,936,20749,<blank>,<blank>,<blank>,<blank>,69
1605550645,pdf,1605550645,-1,937,19670,<blank>,<blank>,<blank>,<blank>,69
1605550977,pdf,1605550977,-1,938,19716,<blank>,<blank>,<blank>,<blank>,69
1605551073,pdf,1605551073,-1,939,19756,<blank>,<blank>,<blank>,<blank>,69
1605551243,pdf,1605551243,-1,940,19712,<blank>,<blank>,<blank>,<blank>,69
1605551357,pdf,1605551357,-1,941,19432,<blank>,<blank>,<blank>,<blank>,69
1605551478,pdf,1605551478,-1,942,19674,<blank>,<blank>,<blank>,<blank>,69
1605551585,pdf,1605551585,-1,943,19650,<blank>,<blank>,<blank>,<blank>,69
1605551688,pdf,1605551689,-1,944,19640,<blank>,<blank>,<blank>,<blank>,69
1605551861,pdf,1605551861,-1,945,19654,<blank>,<blank>,<blank>,<blank>,69
1605552005,pdf,1605552005,-1,946,19720,<blank>,<blank>,<blank>,<blank>,69
1605552358,pdf,1605552358,-1,947,19694,<blank>,<blank>,<blank>,<blank>,69
1605552434,pdf,1605552434,-1,948,19773,<blank>,<blank>,<blank>,<blank>,69
1605552570,pdf,1605552570,-1,949,19748,<blank>,<blank>,<blank>,<blank>,69
1605552759,pdf,1605552759,-1,950,19728,<blank>,<blank>,<blank>,<blank>,69
1605553087,pdf,1605553087,-1,951,19835,<blank>,<blank>,<blank>,<blank>,69
1605553346,pdf,1605553346,-1,952,19682,<blank>,<blank>,<blank>,<blank>,69
1605553497,pdf,1605553497,-1,953,19666,<blank>,<blank>,<blank>,<blank>,69
1605553573,pdf,1605553573,-1,954,19702,<blank>,<blank>,<blank>,<blank>,69
1605553839,pdf,1605553839,-1,955,19493,<blank>,<blank>,<blank>,<blank>,69
1605553928,pdf,1605553928,-1,956,19428,<blank>,<blank>,<blank>,<blank>,69
1605554073,pdf,1605554073,-1,957,19678,<blank>,<blank>,<blank>,<blank>,69
1605554215,pdf,1605554215,-1,958,19658,<blank>,<blank>,<blank>,<blank>,69
1605554383,pdf,1605554383,-1,959,19624,<blank>,<blank>,<blank>,<blank>,69
1605554495,pdf,1605554495,-1,960,19646,<blank>,<blank>,<blank>,<blank>,69
1605554885,pdf,1605554885,-1,961,20208,<blank>,<blank>,<blank>,<blank>,69
1605554971,pdf,1605554971,-1,962,20212,<blank>,<blank>,<blank>,<blank>,69
1605555554,pdf,1605555554,-1,963,20230,<blank>,<blank>,<blank>,<blank>,69
1605555671,pdf,1605555671,-1,964,20220,<blank>,<blank>,<blank>,<blank>,69
1605556798,pdf,1605556798,-1,965,20271,<blank>,<blank>,<blank>,<blank>,69
1605570221,pdf,1605570221,-1,966,20279,<blank>,<blank>,<blank>,<blank>,69
1605570384,pdf,1605570384,-1,967,20216,<blank>,<blank>,<blank>,<blank>,69
1605575520,pdf,1605575520,-1,968,20204,<blank>,<blank>,<blank>,<blank>,69
1605575736,pdf,1605575736,-1,969,20240,<blank>,<blank>,<blank>,<blank>,69
1605576320,pdf,1605576320,-1,970,20188,<blank>,<blank>,<blank>,<blank>,69
1605576653,pdf,1605576653,-1,971,20192,<blank>,<blank>,<blank>,<blank>,69
1605577183,pdf,1605577183,-1,972,20200,<blank>,<blank>,<blank>,<blank>,69
1605577430,pdf,1605577430,-1,973,20236,<blank>,<blank>,<blank>,<blank>,69
1605577817,pdf,1605577817,-1,974,20244,<blank>,<blank>,<blank>,<blank>,69
1606345709,pdf,1606345709,-1,975,18970,<blank>,<blank>,<blank>,<blank>,3
1606345735,pdf,1606345735,-1,976,18696,<blank>,<blank>,<blank>,<blank>,3
1606345754,pdf,1606345754,-1,977,19035,<blank>,<blank>,<blank>,<blank>,3
1606345773,pdf,1606345773,-1,978,19584,<blank>,<blank>,<blank>,<blank>,3
1606346349,pdf,1606346349,-1,979,19143,<blank>,<blank>,<blank>,<blank>,3
1606346393,pdf,1606346393,-1,980,19347,<blank>,<blank>,<blank>,<blank>,3
1606346634,pdf,1606346634,-1,981,19077,<blank>,<blank>,<blank>,<blank>,3
1606347844,pdf,1606347844,-1,982,19732,<blank>,<blank>,<blank>,<blank>,3
1606347933,pdf,1606347933,-1,983,19497,<blank>,<blank>,<blank>,<blank>,3
1606348003,pdf,1606348003,-1,984,19698,<blank>,<blank>,<blank>,<blank>,3
1606348095,pdf,1606348095,-1,985,19777,<blank>,<blank>,<blank>,<blank>,3
1606348644,pdf,1606348644,-1,986,19736,<blank>,<blank>,<blank>,<blank>,3
1606348729,pdf,1606348729,-1,987,19636,<blank>,<blank>,<blank>,<blank>,3
1606349049,pdf,1606349049,-1,988,19616,<blank>,<blank>,<blank>,<blank>,3
1606349111,pdf,1606349111,-1,989,19706,<blank>,<blank>,<blank>,<blank>,3
1606349311,pdf,1606349311,-1,990,20256,<blank>,<blank>,<blank>,<blank>,3
1606349475,pdf,1606349475,-1,991,20265,<blank>,<blank>,<blank>,<blank>,3
1606349649,pdf,1606349649,-1,992,21335,<blank>,<blank>,<blank>,<blank>,3
1606349741,pdf,1606349741,-1,993,20738,<blank>,<blank>,<blank>,<blank>,3
1606453794,pdf,1606453794,-1,994,19781,<blank>,<blank>,<blank>,<blank>,69
1606453889,pdf,1606453889,-1,995,19740,<blank>,<blank>,<blank>,<blank>,69
1606454061,pdf,1606454061,-1,996,19821,<blank>,<blank>,<blank>,<blank>,69
1606454275,pdf,1606454275,-1,997,19806,<blank>,<blank>,<blank>,<blank>,69
1606454372,pdf,1606454372,-1,998,19839,<blank>,<blank>,<blank>,<blank>,69
1606454431,pdf,1606454431,-1,999,19686,<blank>,<blank>,<blank>,<blank>,69
1606454609,pdf,1606454609,-1,1000,19662,<blank>,<blank>,<blank>,<blank>,69
1606454662,pdf,1606454662,-1,1001,19785,<blank>,<blank>,<blank>,<blank>,69
1606454740,pdf,1606454740,-1,1002,19760,<blank>,<blank>,<blank>,<blank>,69
1606454801,pdf,1606454801,-1,1003,19612,<blank>,<blank>,<blank>,<blank>,69
1606454878,pdf,1606454878,-1,1004,19690,<blank>,<blank>,<blank>,<blank>,69
1606454926,pdf,1606454926,-1,1005,19789,<blank>,<blank>,<blank>,<blank>,69
1606454994,pdf,1606454994,-1,1006,19825,<blank>,<blank>,<blank>,<blank>,69
1606455112,pdf,1606455112,-1,1007,20184,<blank>,<blank>,<blank>,<blank>,69
1606763840,pdf,1606763840,-1,1008,20693,<blank>,<blank>,<blank>,<blank>,69
1606764576,pdf,1606764576,-1,1009,20224,<blank>,<blank>,<blank>,<blank>,69
1606765182,pdf,1606765182,-1,1010,20763,<blank>,<blank>,<blank>,<blank>,69
1606765979,pdf,1606765979,-1,1011,20725,<blank>,<blank>,<blank>,<blank>,69
1606766683,pdf,1606766683,-1,1012,20753,<blank>,<blank>,<blank>,<blank>,69
1606767086,pdf,1606767086,-1,1013,20703,<blank>,<blank>,<blank>,<blank>,69
1606767651,pdf,1606767651,-1,1014,20685,<blank>,<blank>,<blank>,<blank>,69
1606767958,pdf,1606767958,-1,1015,20248,<blank>,<blank>,<blank>,<blank>,69
1606768156,pdf,1606768156,-1,1016,20689,<blank>,<blank>,<blank>,<blank>,69
1606769032,pdf,1606769032,-1,1017,20196,<blank>,<blank>,<blank>,<blank>,69
1606769899,pdf,1606769899,-1,1018,20760,<blank>,<blank>,<blank>,<blank>,69
1606770199,pdf,1606770199,-1,1019,20767,<blank>,<blank>,<blank>,<blank>,69
1606773464,pdf,1606773464,-1,1020,21247,<blank>,<blank>,<blank>,<blank>,69

