id,enabled,source,fullname,version,shortname
1,1,<blank>,Unknown license,2010033100,unknown
2,1,http://en.wikipedia.org/wiki/All_rights_reserved,All rights reserved,2010033100,allrightsreserved
3,1,http://creativecommons.org/licenses/publicdomain/,Public Domain,2010033100,public
4,1,http://creativecommons.org/licenses/by/3.0/,Creative Commons,2010033100,cc
5,1,http://creativecommons.org/licenses/by-nd/3.0/,Creative Commons - NoDerivs,2010033100,cc-nd
6,1,http://creativecommons.org/licenses/by-nc-nd/3.0/,Creative Commons - No Commercial NoDerivs,2010033100,cc-nc-nd
7,1,http://creativecommons.org/licenses/by-nc/3.0/,Creative Commons - No Commercial,2013051500,cc-nc
8,1,http://creativecommons.org/licenses/by-nc-sa/3.0/,Creative Commons - No Commercial ShareAlike,2010033100,cc-nc-sa
9,1,http://creativecommons.org/licenses/by-sa/3.0/,Creative Commons - ShareAlike,2010033100,cc-sa

