id,answer,feedback,fraction,question,answerformat,feedbackformat
1,Verdadero,<blank>,1.0000000,1,0,1
2,Falso,<blank>,0.0000000,1,0,1
3,Verdadero,<blank>,0.0000000,2,0,1
4,Falso,<blank>,1.0000000,2,0,1
5,Verdadero,<blank>,1.0000000,3,0,1
6,Falso,<blank>,0.0000000,3,0,1
7,Verdadero,<blank>,1.0000000,4,0,1
8,Falso,<blank>,0.0000000,4,0,1
9,Verdadero,<blank>,0.0000000,5,0,1
10,Falso,<blank>,1.0000000,5,0,1
11,Verdadero,<blank>,1.0000000,6,0,1
12,Falso,<blank>,0.0000000,6,0,1
13,Verdadero,<blank>,0.0000000,7,0,1
14,Falso,<blank>,1.0000000,7,0,1
15,Verdadero,<blank>,1.0000000,8,0,1
16,Falso,<blank>,0.0000000,8,0,1
17,Verdadero,<blank>,0.0000000,9,0,1
18,Falso,<blank>,1.0000000,9,0,1
19,Verdadero,<blank>,0.0000000,10,0,1
20,Falso,<blank>,1.0000000,10,0,1
21,Verdadero,<blank>,0.0000000,11,0,1
22,Falso,<blank>,1.0000000,11,0,1
23,Verdadero,<blank>,1.0000000,12,0,1
24,Falso,<blank>,0.0000000,12,0,1
25,Verdadero,<blank>,1.0000000,13,0,1
26,Falso,<blank>,0.0000000,13,0,1
27,Verdadero,<blank>,0.0000000,14,0,1
28,Falso,<blank>,1.0000000,14,0,1
29,Verdadero,<blank>,1.0000000,15,0,1
30,Falso,<blank>,0.0000000,15,0,1
31,"""Desafio por Guadalajara 2.0"", ""Transmisiones en linea de actividades y clases deportivas"" y ""42k CARRERA VIRTUAL Hidratado por: Electrolit""/""Challenge for Guadalajara 2.0"", Online broadcasts of activations and sports classes"" and ""42K VIRTUAL RACE Hydrated\r\n    by: Electrolit"".",<blank>,1.0000000,16,1,1
32,Partidos de futbol y baloncesto presenciales/Face to face soccer and basketball games.,<blank>,0.0000000,16,1,1
33,Convivencias Deportivas/sports experiences,<blank>,0.0000000,16,1,1
34,Tener un mejor estatus social/Have a better social status,<blank>,0.0000000,17,1,1
35,Tener mas ingresos y poder adquisitivo/Have more income and purchasing power,<blank>,0.0000000,17,1,1
36,Prevenir enfermedades y educar en valores/Prevent diseases and educate in values,<blank>,1.0000000,17,1,1
37,cierto/true,<blank>,1.0000000,18,1,1
38,Falso/False,<blank>,0.0000000,18,1,1
39,Cierto/True,<blank>,0.0000000,19,1,1
40,Falso/False\xa0,<blank>,1.0000000,19,1,1
41,Transformando la sociedad/Transforming Society,<blank>,1.0000000,20,1,1
42,Desarollo est\xe9tico personal/personal aesthetic,<blank>,0.0000000,20,1,1
43,Mejoras en la vivienda/Home improvements,<blank>,0.0000000,20,1,1
44,Mejores resultados deportivos e incremento del nivel deportivo del pa\xeds anfitri\xf3n./Better sports results and increase the sports level of the host country.,<blank>,1.0000000,21,1,1
45,Modernizaci\xf3n y embellecimiento de la ciudad./Modernization and beautification of the city.,<blank>,1.0000000,21,1,1
46,Legado de infraestructura deportiva para los ni\xf1os y j\xf3venes./Legacy of sports infrastructure for children and youth.,<blank>,1.0000000,21,1,1
47,Atletas y vecinos./Athletes and neighbors.,<blank>,0.0000000,22,1,1
48,Patrocinador y patrocinado./Sponsor and sponsored.,<blank>,1.0000000,22,1,1
49,Prensa e instalaciones./Press and facilities.,<blank>,0.0000000,22,1,1
50,Conocer gente del mundo/Meet people of all over the world,<blank>,0.0000000,23,1,1
51,Profesionalizaci\xf3n de la industria deportiva a trav\xe9s de la innovaci\xf3n./Professionalization of the sports industry through innovation,<blank>,1.0000000,23,1,1
52,Saber organizar un evento deportivo/To Know how to organize a sporting event.,"<p dir=""ltr"" style=""text-align: left;""><ul>\r\n<li>Saber organizar un evento deportivo.</li>\r\n</ul>\r\n<p><br></p><br></p>",0.0000000,23,1,1
53,"Edad, sexo, condici\xf3n f\xedsica, entrenamiento y t\xe9cnica, lesiones previas, factores psicol\xf3gicos./Age, sex, physical condition, training and technique, previous injuries, psychological factors.",<blank>,1.0000000,24,1,1
54,"Clima, instalaciones, equipamiento./Climate, facilities, equipment.",<blank>,0.0000000,24,1,1
55,Hablar varios idiomas diferentes/Speak several different languages,<blank>,0.0000000,25,1,1
56,El crecimiento digital de videos juegos./The digital growth of video games.,<blank>,0.0000000,25,1,1
57,Mantener un mensaje com\xfan y f\xe1cilmente reconocible en cualquier lugar del mundo./Maintain a common and easily recognizable message anywhere in the world.,<blank>,1.0000000,25,1,1
58,"Credibilidad, constancia, cavidad y exclusividad./Credibility, constancy, cavity and exclusivity.",<blank>,1.0000000,26,1,1
59,Deporte de ciclismo y calidad de evento./Cycling sport and event quality.,<blank>,0.0000000,26,1,1
60,"Visi\xf3n a corto, mediano y largo plazo./Short, medium and long term vision.",<blank>,0.0000000,26,1,1
61,"Organizar visitas a clubes deportivos profesionales, para interactuar con los jugadores./Organize visits to professional sports clubs, to interact with the players.",<blank>,0.0000000,27,1,1
62,Detectar atletas para el alto rendimiento./Detect athletes for high performance.,<blank>,0.0000000,27,1,1
63,Crear en la poblaci\xf3n el h\xe1bito del deporte y la actividad f\xedsica./Create the habit of sports and physical activity in the population.,<blank>,1.0000000,27,1,1
64,"<p>Alto Rendimiento./<span style=""font-size: 0.9375rem; font-family: -apple-system, BlinkMacSystemFont, ""Segoe UI"", Roboto, ""Helvetica Neue"", Arial, ""Noto Sans"", sans-serif, ""Apple Color Emoji"", ""Segoe UI Emoji"", ""Segoe UI Symbol"", ""Noto Color Emoji"";"">High performance.</span></p><br>",<blank>,0.0000000,28,1,1
65,"<p>Salud, Iniciaci\xf3n y Recreaci\xf3n Deportiva./<span style=""font-size: 0.9375rem; font-family: -apple-system, BlinkMacSystemFont, ""Segoe UI"", Roboto, ""Helvetica Neue"", Arial, ""Noto Sans"", sans-serif, ""Apple Color Emoji"", ""Segoe UI Emoji"", ""Segoe UI Symbol"", ""Noto Color Emoji"";"">Health, Initiation and Sports Recreation.</span></p><br>",<blank>,1.0000000,28,1,1
66,"<p>Competencia y Talentos Deportivos./<span style=""font-size: 0.9375rem; font-family: -apple-system, BlinkMacSystemFont, ""Segoe UI"", Roboto, ""Helvetica Neue"", Arial, ""Noto Sans"", sans-serif, ""Apple Color Emoji"", ""Segoe UI Emoji"", ""Segoe UI Symbol"", ""Noto Color Emoji"";"">Competition and Sports Talents.</span></p><br>",<blank>,0.0000000,28,1,1
67,"<p>Mental, sentimental y deportivo./<span style=""font-size: 0.9375rem; font-family: -apple-system, BlinkMacSystemFont, ""Segoe UI"", Roboto, ""Helvetica Neue"", Arial, ""Noto Sans"", sans-serif, ""Apple Color Emoji"", ""Segoe UI Emoji"", ""Segoe UI Symbol"", ""Noto Color Emoji"";"">Mental, sentimental and sportive</span></p><br>",<blank>,0.0000000,29,1,1
68,"<p>Social, econ\xf3mico y sanitario./<span style=""font-size: 0.9375rem; font-family: -apple-system, BlinkMacSystemFont, ""Segoe UI"", Roboto, ""Helvetica Neue"", Arial, ""Noto Sans"", sans-serif, ""Apple Color Emoji"", ""Segoe UI Emoji"", ""Segoe UI Symbol"", ""Noto Color Emoji"";"">Social, economic and health.</span></p><br>",<blank>,1.0000000,29,1,1
69,"<p>Vivienda, l\xfadico y familiar./<span style=""font-size: 0.9375rem; font-family: -apple-system, BlinkMacSystemFont, ""Segoe UI"", Roboto, ""Helvetica Neue"", Arial, ""Noto Sans"", sans-serif, ""Apple Color Emoji"", ""Segoe UI Emoji"", ""Segoe UI Symbol"", ""Noto Color Emoji"";"">Housing, playful and family.</span></p><br>",<blank>,0.0000000,29,1,1
70,"<p><span style=""font-size: 0.9375rem; font-family: -apple-system, BlinkMacSystemFont, ""Segoe UI"", Roboto, ""Helvetica Neue"", Arial, ""Noto Sans"", sans-serif, ""Apple Color Emoji"", ""Segoe UI Emoji"", ""Segoe UI Symbol"", ""Noto Color Emoji"";"">99% de la poblaci\xf3n/99% of the population</span><br></p>",<blank>,0.0000000,30,1,1
71,"<p>15 % de la poblaci\xf3n/<span style=""font-size: 0.9375rem; font-family: -apple-system, BlinkMacSystemFont, ""Segoe UI"", Roboto, ""Helvetica Neue"", Arial, ""Noto Sans"", sans-serif, ""Apple Color Emoji"", ""Segoe UI Emoji"", ""Segoe UI Symbol"", ""Noto Color Emoji"";"">15% of the population</span></p><br>",<blank>,0.0000000,30,1,1
72,<p>72.5% de la poblaci\xf3n/72.5% of the population</p><br>,<blank>,1.0000000,30,1,1
73,"<p>Gimnasia, Futbol Americano, Karate y B\xe1dminton/<span style=""font-size: 0.9375rem; font-family: -apple-system, BlinkMacSystemFont, ""Segoe UI"", Roboto, ""Helvetica Neue"", Arial, ""Noto Sans"", sans-serif, ""Apple Color Emoji"", ""Segoe UI Emoji"", ""Segoe UI Symbol"", ""Noto Color Emoji"";"">Gymnastics, Football, Karate and Badminton</span></p><br>",<blank>,0.0000000,31,1,1
74,"<p>Futbol, Boxeo, B\xe1squetbol y B\xe9isbol/<span style=""font-size: 0.9375rem; font-family: -apple-system, BlinkMacSystemFont, ""Segoe UI"", Roboto, ""Helvetica Neue"", Arial, ""Noto Sans"", sans-serif, ""Apple Color Emoji"", ""Segoe UI Emoji"", ""Segoe UI Symbol"", ""Noto Color Emoji"";"">Soccer, Boxing, Basketball and Baseball</span></p><br>",<blank>,1.0000000,31,1,1
75,"<p>Boxeo, Atletismo, Balonmano y Voleibol/<span style=""font-size: 0.9375rem; font-family: -apple-system, BlinkMacSystemFont, ""Segoe UI"", Roboto, ""Helvetica Neue"", Arial, ""Noto Sans"", sans-serif, ""Apple Color Emoji"", ""Segoe UI Emoji"", ""Segoe UI Symbol"", ""Noto Color Emoji"";"">Boxing, Athletics, Handball and Volleyball</span></p><br>",<blank>,0.0000000,31,1,1
76,"<p>Futbol soccer online/<span style=""font-size: 0.9375rem; font-family: -apple-system, BlinkMacSystemFont, ""Segoe UI"", Roboto, ""Helvetica Neue"", Arial, ""Noto Sans"", sans-serif, ""Apple Color Emoji"", ""Segoe UI Emoji"", ""Segoe UI Symbol"", ""Noto Color Emoji"";"">Soccer online</span></p><br>",<blank>,0.0000000,32,1,1
77,"<p>Play soccer/<span style=""font-size: 0.9375rem; font-family: -apple-system, BlinkMacSystemFont, ""Segoe UI"", Roboto, ""Helvetica Neue"", Arial, ""Noto Sans"", sans-serif, ""Apple Color Emoji"", ""Segoe UI Emoji"", ""Segoe UI Symbol"", ""Noto Color Emoji"";"">Play soccer</span></p><br>",<blank>,0.0000000,32,1,1
78,"<p>Futbol\xedmetro./<span style=""font-size: 0.9375rem; font-family: -apple-system, BlinkMacSystemFont, ""Segoe UI"", Roboto, ""Helvetica Neue"", Arial, ""Noto Sans"", sans-serif, ""Apple Color Emoji"", ""Segoe UI Emoji"", ""Segoe UI Symbol"", ""Noto Color Emoji"";"">Futbol\xedmetro.</span></p><br>",<blank>,1.0000000,32,1,1
79,"<p>\x93T\xfa y La Ciudad por una Guadalajara Tranquila y Ordenada\x94 y \x93Alianza Juntos\xa0 por la Ciudad\x94./<span style=""font-size: 0.9375rem; font-family: -apple-system, BlinkMacSystemFont, ""Segoe UI"", Roboto, ""Helvetica Neue"", Arial, ""Noto Sans"", sans-serif, ""Apple Color Emoji"", ""Segoe UI Emoji"", ""Segoe UI Symbol"", ""Noto Color Emoji"";"">\x93You and the City for a Calm and Orderly Guadalajara\x94 and \x93Together for the City Alliance\x94</span></p><br>",<blank>,1.0000000,33,1,1
80,"<p> Rutas de ciclov\xeda y Movilidad activa./<span style=""font-size: 0.9375rem; font-family: -apple-system, BlinkMacSystemFont, ""Segoe UI"", Roboto, ""Helvetica Neue"", Arial, ""Noto Sans"", sans-serif, ""Apple Color Emoji"", ""Segoe UI Emoji"", ""Segoe UI Symbol"", ""Noto Color Emoji"";"">Cycling routes and Active Mobility.</span></p><br>",<blank>,0.0000000,33,1,1
81,"<p>Mejora de espacios y Fortalecer la cohesi\xf3n social./<span style=""font-size: 0.9375rem; font-family: -apple-system, BlinkMacSystemFont, ""Segoe UI"", Roboto, ""Helvetica Neue"", Arial, ""Noto Sans"", sans-serif, ""Apple Color Emoji"", ""Segoe UI Emoji"", ""Segoe UI Symbol"", ""Noto Color Emoji"";"">Improvement of spaces and Strengthening social cohesion</span></p>",<blank>,0.0000000,33,1,1
82,"<p>Realizaci\xf3n de retos en redes sociales./<span style=""font-size: 0.9375rem; font-family: -apple-system, BlinkMacSystemFont, ""Segoe UI"", Roboto, ""Helvetica Neue"", Arial, ""Noto Sans"", sans-serif, ""Apple Color Emoji"", ""Segoe UI Emoji"", ""Segoe UI Symbol"", ""Noto Color Emoji"";"">Realization of challenges in social networks</span></p><br>",<blank>,0.0000000,34,1,1
83,"<p>Competencia entre ciudadanos./<span style=""font-size: 0.9375rem; font-family: -apple-system, BlinkMacSystemFont, ""Segoe UI"", Roboto, ""Helvetica Neue"", Arial, ""Noto Sans"", sans-serif, ""Apple Color Emoji"", ""Segoe UI Emoji"", ""Segoe UI Symbol"", ""Noto Color Emoji"";"">Competition between citizens.</span></p><br>",<blank>,0.0000000,34,1,1
84,"<p>Reactivaci\xf3n f\xedsica para todas y para todos./<span style=""font-size: 0.9375rem; font-family: -apple-system, BlinkMacSystemFont, ""Segoe UI"", Roboto, ""Helvetica Neue"", Arial, ""Noto Sans"", sans-serif, ""Apple Color Emoji"", ""Segoe UI Emoji"", ""Segoe UI Symbol"", ""Noto Color Emoji"";"">Physical reactivation for everyone.</span></p><br>",<blank>,1.0000000,34,1,1
85,"<p>La ideolog\xeda racista./<span style=""font-size: 0.9375rem; font-family: -apple-system, BlinkMacSystemFont, ""Segoe UI"", Roboto, ""Helvetica Neue"", Arial, ""Noto Sans"", sans-serif, ""Apple Color Emoji"", ""Segoe UI Emoji"", ""Segoe UI Symbol"", ""Noto Color Emoji"";"">Racist ideology.</span></p><br>",<blank>,1.0000000,35,1,1
86,"<p>La gen\xe9tica humana./<span style=""font-size: 0.9375rem; font-family: -apple-system, BlinkMacSystemFont, ""Segoe UI"", Roboto, ""Helvetica Neue"", Arial, ""Noto Sans"", sans-serif, ""Apple Color Emoji"", ""Segoe UI Emoji"", ""Segoe UI Symbol"", ""Noto Color Emoji"";"">Human genetics.</span></p><br>",<blank>,0.0000000,35,1,1
87,"<p>Tono de piel y cabello./<span style=""font-size: 0.9375rem; font-family: -apple-system, BlinkMacSystemFont, ""Segoe UI"", Roboto, ""Helvetica Neue"", Arial, ""Noto Sans"", sans-serif, ""Apple Color Emoji"", ""Segoe UI Emoji"", ""Segoe UI Symbol"", ""Noto Color Emoji"";"">Skin and hair tone.</span></p><br>",<blank>,0.0000000,35,1,1

