the_id,expires,the_key,the_value
0,0,admin_message,a:0:{}
0,0,admin_notice,a:0:{}
2,0,cerber_user,"a:2:{s:10:""last_login"";a:2:{s:2:""ip"";s:15:""187.188.210.136"";s:2:""ua"";s:40:""c936a2e2926c83f10e17865840f00f72bf7d8d6f"";}s:11:""2fa_history"";a:2:{i:0;i:11;i:1;i:1557768565;}}"
3,0,cerber_user,"a:2:{s:10:""last_login"";a:2:{s:2:""ip"";s:15:""187.188.210.136"";s:2:""ua"";s:40:""4653d473d6ec72d10eb80e05ec511aff887191b4"";}s:11:""2fa_history"";a:2:{i:0;i:3;i:1;i:1557935734;}}"
4,0,cerber_user,"a:2:{s:10:""last_login"";a:2:{s:2:""ip"";s:15:""187.188.210.136"";s:2:""ua"";s:40:""89e6abe6a3f1d5a391ac7c0eb8cf70acf5ba31dd"";}s:11:""2fa_history"";a:2:{i:0;i:8;i:1;i:1557842993;}}"
5,0,cerber_user,"a:2:{s:10:""last_login"";a:2:{s:2:""ip"";s:15:""187.188.210.136"";s:2:""ua"";s:40:""5285b767cd64ebc8eddc7d617959f31795403d28"";}s:11:""2fa_history"";a:2:{i:0;i:0;i:1;i:1560792772;}}"
6,0,cerber_user,"a:2:{s:10:""last_login"";a:2:{s:2:""ip"";s:15:""187.188.210.136"";s:2:""ua"";s:40:""0bc3e08cb6d6b474a5f8e44eafc905f4e747a620"";}s:11:""2fa_history"";a:2:{i:0;i:2;i:1;i:1557842778;}}"
7,0,cerber_user,"a:2:{s:10:""last_login"";a:2:{s:2:""ip"";s:14:""187.204.57.178"";s:2:""ua"";s:40:""c36e373fcd7962587b234fb758dcf59212f9d04d"";}s:11:""2fa_history"";a:2:{i:0;i:0;i:1;i:1560887359;}}"
8,0,cerber_user,"a:2:{s:10:""last_login"";a:2:{s:2:""ip"";s:14:""187.204.57.178"";s:2:""ua"";s:40:""55251baf310807bc81bc34fea41134a005700966"";}s:11:""2fa_history"";a:2:{i:0;i:0;i:1;i:1558028817;}}"
0,0,_activated,"a:3:{s:7:""Version"";s:3:""8.3"";s:4:""time"";i:1557762471;s:4:""user"";i:2;}"
0,0,_cerberkey_,"a:3:{i:0;s:32:""b29a7e50b3371b21297fa5a4b8d88146"";i:1;i:1560542553;i:4;s:40:""SK//K29J4CEHWIBFUY0LXQANGPRV71M5TZS6OD38"";}"
0,0,_cerber_off,"a:3:{s:7:""Version"";s:3:""8.3"";s:1:""v"";i:1560893313;s:1:""u"";i:2;}"

