id,post_id,days,day,end,week,year,month,start,weekday,repeat,time_end,weekdays,rinterval,time_start,not_in_days
1,3968,<blank>,NULL,2019-05-23,NULL,NULL,NULL,2019-05-21,NULL,0,64800,NULL,NULL,28800,<blank>
2,3969,<blank>,NULL,0000-00-00,NULL,NULL,NULL,2019-05-16,NULL,1,64800,NULL,3,28800,<blank>
3,3970,<blank>,NULL,0000-00-00,NULL,NULL,NULL,2019-05-20,NULL,1,64800,NULL,7,28800,<blank>
4,3971,<blank>,",27,",0000-00-00,*,*,*,2019-05-27,*,1,64800,NULL,NULL,28800,<blank>
5,3972,<blank>,",20,21,",0000-00-00,*,*,",08,",2019-08-20,*,1,64800,NULL,NULL,28800,<blank>
6,3986,<blank>,NULL,2019-05-16,NULL,NULL,NULL,2019-05-16,NULL,0,64800,NULL,NULL,28800,<blank>
7,3987,<blank>,NULL,2019-05-16,NULL,NULL,NULL,2019-05-16,NULL,0,64800,NULL,NULL,28800,<blank>
8,3988,<blank>,NULL,2019-05-17,NULL,NULL,NULL,2019-05-17,NULL,0,64800,NULL,NULL,28800,<blank>

