id,parent_id,key,value,meta_key,meta_value
1,1,objectType,Action,objectType,Action
2,1,objectDomain,actions,objectDomain,actions
3,1,editActive,<blank>,editActive,<blank>
4,1,conditions,"a:6:{s:9:""collapsed"";s:0:"""";s:7:""process"";s:1:""1"";s:9:""connector"";s:3:""all"";s:4:""when"";a:1:{i:0;a:6:{s:9:""connector"";s:3:""AND"";s:3:""key"";s:0:"""";s:10:""comparator"";s:0:"""";s:5:""value"";s:0:"""";s:4:""type"";s:5:""field"";s:9:""modelType"";s:4:""when"";}}s:4:""then"";a:1:{i:0;a:5:{s:3:""key"";s:0:"""";s:7:""trigger"";s:0:"""";s:5:""value"";s:0:"""";s:4:""type"";s:5:""field"";s:9:""modelType"";s:4:""then"";}}s:4:""else"";a:0:{}}",conditions,"a:6:{s:9:""collapsed"";s:0:"""";s:7:""process"";s:1:""1"";s:9:""connector"";s:3:""all"";s:4:""when"";a:1:{i:0;a:6:{s:9:""connector"";s:3:""AND"";s:3:""key"";s:0:"""";s:10:""comparator"";s:0:"""";s:5:""value"";s:0:"""";s:4:""type"";s:5:""field"";s:9:""modelType"";s:4:""when"";}}s:4:""then"";a:1:{i:0;a:5:{s:3:""key"";s:0:"""";s:7:""trigger"";s:0:"""";s:5:""value"";s:0:"""";s:4:""type"";s:5:""field"";s:9:""modelType"";s:4:""then"";}}s:4:""else"";a:0:{}}"
5,1,payment_gateways,<blank>,payment_gateways,<blank>
6,1,payment_total,<blank>,payment_total,<blank>
7,1,tag,<blank>,tag,<blank>
8,1,to,<blank>,to,<blank>
9,1,email_subject,<blank>,email_subject,<blank>
10,1,email_message,<blank>,email_message,<blank>
11,1,from_name,<blank>,from_name,<blank>
12,1,from_address,<blank>,from_address,<blank>
13,1,reply_to,<blank>,reply_to,<blank>
14,1,email_format,html,email_format,html
15,1,cc,<blank>,cc,<blank>
16,1,bcc,<blank>,bcc,<blank>
17,1,attach_csv,<blank>,attach_csv,<blank>
18,1,redirect_url,<blank>,redirect_url,<blank>
19,1,email_message_plain,<blank>,email_message_plain,<blank>
20,2,to,{field:email},to,{field:email}
21,2,subject,This is an email action.,subject,This is an email action.
22,2,message,"Hello, Ninja Forms!",message,"Hello, Ninja Forms!"
23,2,objectType,Action,objectType,Action
24,2,objectDomain,actions,objectDomain,actions
25,2,editActive,<blank>,editActive,<blank>
26,2,conditions,"a:6:{s:9:""collapsed"";s:0:"""";s:7:""process"";s:1:""1"";s:9:""connector"";s:3:""all"";s:4:""when"";a:0:{}s:4:""then"";a:1:{i:0;a:5:{s:3:""key"";s:0:"""";s:7:""trigger"";s:0:"""";s:5:""value"";s:0:"""";s:4:""type"";s:5:""field"";s:9:""modelType"";s:4:""then"";}}s:4:""else"";a:0:{}}",conditions,"a:6:{s:9:""collapsed"";s:0:"""";s:7:""process"";s:1:""1"";s:9:""connector"";s:3:""all"";s:4:""when"";a:0:{}s:4:""then"";a:1:{i:0;a:5:{s:3:""key"";s:0:"""";s:7:""trigger"";s:0:"""";s:5:""value"";s:0:"""";s:4:""type"";s:5:""field"";s:9:""modelType"";s:4:""then"";}}s:4:""else"";a:0:{}}"
27,2,payment_gateways,<blank>,payment_gateways,<blank>
28,2,payment_total,<blank>,payment_total,<blank>
29,2,tag,<blank>,tag,<blank>
30,2,email_subject,Submission Confirmation ,email_subject,Submission Confirmation 
31,2,email_message,<p>{all_fields_table}<br></p>,email_message,<p>{all_fields_table}<br></p>
32,2,from_name,<blank>,from_name,<blank>
33,2,from_address,<blank>,from_address,<blank>
34,2,reply_to,<blank>,reply_to,<blank>
35,2,email_format,html,email_format,html
36,2,cc,<blank>,cc,<blank>
37,2,bcc,<blank>,bcc,<blank>
38,2,attach_csv,<blank>,attach_csv,<blank>
39,2,email_message_plain,<blank>,email_message_plain,<blank>
40,3,objectType,Action,objectType,Action
41,3,objectDomain,actions,objectDomain,actions
42,3,editActive,<blank>,editActive,<blank>
43,3,conditions,"a:6:{s:9:""collapsed"";s:0:"""";s:7:""process"";s:1:""1"";s:9:""connector"";s:3:""all"";s:4:""when"";a:1:{i:0;a:6:{s:9:""connector"";s:3:""AND"";s:3:""key"";s:0:"""";s:10:""comparator"";s:0:"""";s:5:""value"";s:0:"""";s:4:""type"";s:5:""field"";s:9:""modelType"";s:4:""when"";}}s:4:""then"";a:1:{i:0;a:5:{s:3:""key"";s:0:"""";s:7:""trigger"";s:0:"""";s:5:""value"";s:0:"""";s:4:""type"";s:5:""field"";s:9:""modelType"";s:4:""then"";}}s:4:""else"";a:0:{}}",conditions,"a:6:{s:9:""collapsed"";s:0:"""";s:7:""process"";s:1:""1"";s:9:""connector"";s:3:""all"";s:4:""when"";a:1:{i:0;a:6:{s:9:""connector"";s:3:""AND"";s:3:""key"";s:0:"""";s:10:""comparator"";s:0:"""";s:5:""value"";s:0:"""";s:4:""type"";s:5:""field"";s:9:""modelType"";s:4:""when"";}}s:4:""then"";a:1:{i:0;a:5:{s:3:""key"";s:0:"""";s:7:""trigger"";s:0:"""";s:5:""value"";s:0:"""";s:4:""type"";s:5:""field"";s:9:""modelType"";s:4:""then"";}}s:4:""else"";a:0:{}}"
44,3,payment_gateways,<blank>,payment_gateways,<blank>
45,3,payment_total,<blank>,payment_total,<blank>
46,3,tag,<blank>,tag,<blank>
47,3,to,{system:admin_email},to,{system:admin_email}
48,3,email_subject,New message from {field:name},email_subject,New message from {field:name}
49,3,email_message,<p>{field:message}</p><p>-{field:name} ( {field:email} )</p>,email_message,<p>{field:message}</p><p>-{field:name} ( {field:email} )</p>
50,3,from_name,<blank>,from_name,<blank>
51,3,from_address,<blank>,from_address,<blank>
52,3,reply_to,{field:email},reply_to,{field:email}
53,3,email_format,html,email_format,html
54,3,cc,<blank>,cc,<blank>
55,3,bcc,<blank>,bcc,<blank>
56,3,attach_csv,0,attach_csv,0
57,3,email_message_plain,<blank>,email_message_plain,<blank>
58,4,message,Thank you {field:name} for filling out my form!,message,Thank you {field:name} for filling out my form!
59,4,objectType,Action,objectType,Action
60,4,objectDomain,actions,objectDomain,actions
61,4,editActive,<blank>,editActive,<blank>
62,4,conditions,"a:6:{s:9:""collapsed"";s:0:"""";s:7:""process"";s:1:""1"";s:9:""connector"";s:3:""all"";s:4:""when"";a:1:{i:0;a:6:{s:9:""connector"";s:3:""AND"";s:3:""key"";s:0:"""";s:10:""comparator"";s:0:"""";s:5:""value"";s:0:"""";s:4:""type"";s:5:""field"";s:9:""modelType"";s:4:""when"";}}s:4:""then"";a:1:{i:0;a:5:{s:3:""key"";s:0:"""";s:7:""trigger"";s:0:"""";s:5:""value"";s:0:"""";s:4:""type"";s:5:""field"";s:9:""modelType"";s:4:""then"";}}s:4:""else"";a:0:{}}",conditions,"a:6:{s:9:""collapsed"";s:0:"""";s:7:""process"";s:1:""1"";s:9:""connector"";s:3:""all"";s:4:""when"";a:1:{i:0;a:6:{s:9:""connector"";s:3:""AND"";s:3:""key"";s:0:"""";s:10:""comparator"";s:0:"""";s:5:""value"";s:0:"""";s:4:""type"";s:5:""field"";s:9:""modelType"";s:4:""when"";}}s:4:""then"";a:1:{i:0;a:5:{s:3:""key"";s:0:"""";s:7:""trigger"";s:0:"""";s:5:""value"";s:0:"""";s:4:""type"";s:5:""field"";s:9:""modelType"";s:4:""then"";}}s:4:""else"";a:0:{}}"
63,4,payment_gateways,<blank>,payment_gateways,<blank>
64,4,payment_total,<blank>,payment_total,<blank>
65,4,tag,<blank>,tag,<blank>
66,4,to,<blank>,to,<blank>
67,4,email_subject,<blank>,email_subject,<blank>
68,4,email_message,<blank>,email_message,<blank>
69,4,from_name,<blank>,from_name,<blank>
70,4,from_address,<blank>,from_address,<blank>
71,4,reply_to,<blank>,reply_to,<blank>
72,4,email_format,html,email_format,html
73,4,cc,<blank>,cc,<blank>
74,4,bcc,<blank>,bcc,<blank>
75,4,attach_csv,<blank>,attach_csv,<blank>
76,4,redirect_url,<blank>,redirect_url,<blank>
77,4,success_msg,<p>Form submitted successfully.</p><p>A confirmation email was sent to {field:email}.</p>,success_msg,<p>Form submitted successfully.</p><p>A confirmation email was sent to {field:email}.</p>
78,4,email_message_plain,<blank>,email_message_plain,<blank>
79,5,title,<blank>,title,<blank>
80,5,key,<blank>,key,<blank>
81,5,type,save,type,save
82,5,active,1,active,1
83,5,created_at,2016-08-24 16:39:20,created_at,2016-08-24 16:39:20
84,5,label,Store Submission,label,Store Submission
85,5,objectType,Action,objectType,Action
86,5,objectDomain,actions,objectDomain,actions
87,5,editActive,<blank>,editActive,<blank>
88,5,conditions,"a:6:{s:9:""collapsed"";s:0:"""";s:7:""process"";s:1:""1"";s:9:""connector"";s:3:""all"";s:4:""when"";a:1:{i:0;a:6:{s:9:""connector"";s:3:""AND"";s:3:""key"";s:0:"""";s:10:""comparator"";s:0:"""";s:5:""value"";s:0:"""";s:4:""type"";s:5:""field"";s:9:""modelType"";s:4:""when"";}}s:4:""then"";a:1:{i:0;a:5:{s:3:""key"";s:0:"""";s:7:""trigger"";s:0:"""";s:5:""value"";s:0:"""";s:4:""type"";s:5:""field"";s:9:""modelType"";s:4:""then"";}}s:4:""else"";a:0:{}}",conditions,"a:6:{s:9:""collapsed"";s:0:"""";s:7:""process"";s:1:""1"";s:9:""connector"";s:3:""all"";s:4:""when"";a:1:{i:0;a:6:{s:9:""connector"";s:3:""AND"";s:3:""key"";s:0:"""";s:10:""comparator"";s:0:"""";s:5:""value"";s:0:"""";s:4:""type"";s:5:""field"";s:9:""modelType"";s:4:""when"";}}s:4:""then"";a:1:{i:0;a:5:{s:3:""key"";s:0:"""";s:7:""trigger"";s:0:"""";s:5:""value"";s:0:"""";s:4:""type"";s:5:""field"";s:9:""modelType"";s:4:""then"";}}s:4:""else"";a:0:{}}"
89,5,payment_gateways,<blank>,payment_gateways,<blank>
90,5,payment_total,0,payment_total,0
91,5,tag,<blank>,tag,<blank>
92,5,to,{wp:admin_email},to,{wp:admin_email}
93,5,email_subject,Presentación de formularios ninja,email_subject,Presentación de formularios ninja
94,5,email_message,{fields_table},email_message,{fields_table}
95,5,from_name,<blank>,from_name,<blank>
96,5,from_address,<blank>,from_address,<blank>
97,5,reply_to,<blank>,reply_to,<blank>
98,5,email_format,html,email_format,html
99,5,cc,<blank>,cc,<blank>
100,5,bcc,<blank>,bcc,<blank>
101,5,attach_csv,<blank>,attach_csv,<blank>
102,5,redirect_url,<blank>,redirect_url,<blank>
103,5,email_message_plain,<blank>,email_message_plain,<blank>
104,5,parent_id,2,parent_id,2
105,6,title,<blank>,title,<blank>
106,6,key,<blank>,key,<blank>
107,6,type,email,type,email
108,6,active,1,active,1
109,6,created_at,2016-08-24 16:39:20,created_at,2016-08-24 16:39:20
110,6,label,Email Confirmation,label,Email Confirmation
111,6,to,{field:email},to,{field:email}
112,6,subject,This is an email action.,subject,This is an email action.
113,6,message,"Hello, Ninja Forms!",message,"Hello, Ninja Forms!"
114,6,objectType,Action,objectType,Action
115,6,objectDomain,actions,objectDomain,actions
116,6,editActive,<blank>,editActive,<blank>
117,6,conditions,"a:6:{s:9:""collapsed"";s:0:"""";s:7:""process"";s:1:""1"";s:9:""connector"";s:3:""all"";s:4:""when"";a:0:{}s:4:""then"";a:1:{i:0;a:5:{s:3:""key"";s:0:"""";s:7:""trigger"";s:0:"""";s:5:""value"";s:0:"""";s:4:""type"";s:5:""field"";s:9:""modelType"";s:4:""then"";}}s:4:""else"";a:0:{}}",conditions,"a:6:{s:9:""collapsed"";s:0:"""";s:7:""process"";s:1:""1"";s:9:""connector"";s:3:""all"";s:4:""when"";a:0:{}s:4:""then"";a:1:{i:0;a:5:{s:3:""key"";s:0:"""";s:7:""trigger"";s:0:"""";s:5:""value"";s:0:"""";s:4:""type"";s:5:""field"";s:9:""modelType"";s:4:""then"";}}s:4:""else"";a:0:{}}"
118,6,payment_gateways,<blank>,payment_gateways,<blank>
119,6,payment_total,0,payment_total,0
120,6,tag,<blank>,tag,<blank>
121,6,email_subject,Submission Confirmation ,email_subject,Submission Confirmation 
122,6,email_message,<p>{all_fields_table}<br></p>,email_message,<p>{all_fields_table}<br></p>
123,6,from_name,<blank>,from_name,<blank>
124,6,from_address,<blank>,from_address,<blank>
125,6,reply_to,<blank>,reply_to,<blank>
126,6,email_format,html,email_format,html
127,6,cc,<blank>,cc,<blank>
128,6,bcc,<blank>,bcc,<blank>
129,6,attach_csv,<blank>,attach_csv,<blank>
130,6,email_message_plain,<blank>,email_message_plain,<blank>
131,6,parent_id,2,parent_id,2
132,7,title,<blank>,title,<blank>
133,7,key,<blank>,key,<blank>
134,7,type,email,type,email
135,7,active,1,active,1
136,7,created_at,2016-08-24 16:47:39,created_at,2016-08-24 16:47:39
137,7,objectType,Action,objectType,Action
138,7,objectDomain,actions,objectDomain,actions
139,7,editActive,<blank>,editActive,<blank>
140,7,label,Email Notification,label,Email Notification
141,7,conditions,"a:6:{s:9:""collapsed"";s:0:"""";s:7:""process"";s:1:""1"";s:9:""connector"";s:3:""all"";s:4:""when"";a:1:{i:0;a:6:{s:9:""connector"";s:3:""AND"";s:3:""key"";s:0:"""";s:10:""comparator"";s:0:"""";s:5:""value"";s:0:"""";s:4:""type"";s:5:""field"";s:9:""modelType"";s:4:""when"";}}s:4:""then"";a:1:{i:0;a:5:{s:3:""key"";s:0:"""";s:7:""trigger"";s:0:"""";s:5:""value"";s:0:"""";s:4:""type"";s:5:""field"";s:9:""modelType"";s:4:""then"";}}s:4:""else"";a:0:{}}",conditions,"a:6:{s:9:""collapsed"";s:0:"""";s:7:""process"";s:1:""1"";s:9:""connector"";s:3:""all"";s:4:""when"";a:1:{i:0;a:6:{s:9:""connector"";s:3:""AND"";s:3:""key"";s:0:"""";s:10:""comparator"";s:0:"""";s:5:""value"";s:0:"""";s:4:""type"";s:5:""field"";s:9:""modelType"";s:4:""when"";}}s:4:""then"";a:1:{i:0;a:5:{s:3:""key"";s:0:"""";s:7:""trigger"";s:0:"""";s:5:""value"";s:0:"""";s:4:""type"";s:5:""field"";s:9:""modelType"";s:4:""then"";}}s:4:""else"";a:0:{}}"
142,7,payment_gateways,<blank>,payment_gateways,<blank>
143,7,payment_total,0,payment_total,0
144,7,tag,<blank>,tag,<blank>
145,7,to,{system:admin_email},to,{system:admin_email}
146,7,email_subject,New message from {field:nombre_1565123612918},email_subject,New message from {field:nombre_1565123612918}
147,7,email_message,<p>{field:mensaje_1565123628158}</p><p>-{field:nombre_1565123612918} ( {field:email} )</p>,email_message,<p>{field:mensaje_1565123628158}</p><p>-{field:nombre_1565123612918} ( {field:email} )</p>
148,7,from_name,<blank>,from_name,<blank>
149,7,from_address,<blank>,from_address,<blank>
150,7,reply_to,{field:email},reply_to,{field:email}
151,7,email_format,html,email_format,html
152,7,cc,<blank>,cc,<blank>
153,7,bcc,<blank>,bcc,<blank>
154,7,attach_csv,0,attach_csv,0
155,7,email_message_plain,<blank>,email_message_plain,<blank>
156,7,parent_id,2,parent_id,2
157,8,title,<blank>,title,<blank>
158,8,key,<blank>,key,<blank>
159,8,type,successmessage,type,successmessage
160,8,active,1,active,1
161,8,created_at,2016-08-24 16:39:20,created_at,2016-08-24 16:39:20
162,8,label,Success Message,label,Success Message
163,8,message,Thank you {field:nombre_1565123612918} for filling out my form!,message,Thank you {field:nombre_1565123612918} for filling out my form!
164,8,objectType,Action,objectType,Action
165,8,objectDomain,actions,objectDomain,actions
166,8,editActive,<blank>,editActive,<blank>
167,8,conditions,"a:6:{s:9:""collapsed"";s:0:"""";s:7:""process"";s:1:""1"";s:9:""connector"";s:3:""all"";s:4:""when"";a:1:{i:0;a:6:{s:9:""connector"";s:3:""AND"";s:3:""key"";s:0:"""";s:10:""comparator"";s:0:"""";s:5:""value"";s:0:"""";s:4:""type"";s:5:""field"";s:9:""modelType"";s:4:""when"";}}s:4:""then"";a:1:{i:0;a:5:{s:3:""key"";s:0:"""";s:7:""trigger"";s:0:"""";s:5:""value"";s:0:"""";s:4:""type"";s:5:""field"";s:9:""modelType"";s:4:""then"";}}s:4:""else"";a:0:{}}",conditions,"a:6:{s:9:""collapsed"";s:0:"""";s:7:""process"";s:1:""1"";s:9:""connector"";s:3:""all"";s:4:""when"";a:1:{i:0;a:6:{s:9:""connector"";s:3:""AND"";s:3:""key"";s:0:"""";s:10:""comparator"";s:0:"""";s:5:""value"";s:0:"""";s:4:""type"";s:5:""field"";s:9:""modelType"";s:4:""when"";}}s:4:""then"";a:1:{i:0;a:5:{s:3:""key"";s:0:"""";s:7:""trigger"";s:0:"""";s:5:""value"";s:0:"""";s:4:""type"";s:5:""field"";s:9:""modelType"";s:4:""then"";}}s:4:""else"";a:0:{}}"
168,8,payment_gateways,<blank>,payment_gateways,<blank>
169,8,payment_total,0,payment_total,0
170,8,tag,<blank>,tag,<blank>
171,8,to,{wp:admin_email},to,{wp:admin_email}
172,8,email_subject,Presentación de formularios ninja,email_subject,Presentación de formularios ninja
173,8,email_message,{fields_table},email_message,{fields_table}
174,8,from_name,<blank>,from_name,<blank>
175,8,from_address,<blank>,from_address,<blank>
176,8,reply_to,<blank>,reply_to,<blank>
177,8,email_format,html,email_format,html
178,8,cc,<blank>,cc,<blank>
179,8,bcc,<blank>,bcc,<blank>
180,8,attach_csv,<blank>,attach_csv,<blank>
181,8,redirect_url,<blank>,redirect_url,<blank>
182,8,success_msg,<p>Formulario enviado con éxito</p><p>Un mensaje de confirmación fue enviado a {field:email}.</p>,success_msg,<p>Formulario enviado con éxito</p><p>Un mensaje de confirmación fue enviado a {field:email}.</p>
183,8,email_message_plain,<blank>,email_message_plain,<blank>
184,8,parent_id,2,parent_id,2
185,5,message,"This action adds users to WordPress' personal data export tool, allowing admins to comply with the GDPR and other privacy regulations from the site's front end.",message,"This action adds users to WordPress' personal data export tool, allowing admins to comply with the GDPR and other privacy regulations from the site's front end."
186,5,submitter_email,<blank>,submitter_email,<blank>
187,5,fields-save-toggle,save_all,fields-save-toggle,save_all
188,5,exception_fields,a:0:{},exception_fields,a:0:{}
189,5,set_subs_to_expire,0,set_subs_to_expire,0
190,5,subs_expire_time,90,subs_expire_time,90
191,8,submitter_email,<blank>,submitter_email,<blank>
192,8,fields-save-toggle,save_all,fields-save-toggle,save_all
193,8,exception_fields,a:0:{},exception_fields,a:0:{}
194,8,set_subs_to_expire,0,set_subs_to_expire,0
195,8,subs_expire_time,90,subs_expire_time,90
196,8,drawerDisabled,<blank>,drawerDisabled,<blank>
197,6,drawerDisabled,<blank>,drawerDisabled,<blank>
198,7,message,"This action adds users to WordPress' personal data delete tool, allowing admins to comply with the GDPR and other privacy regulations from the site's front end.",message,"This action adds users to WordPress' personal data delete tool, allowing admins to comply with the GDPR and other privacy regulations from the site's front end."
199,7,drawerDisabled,<blank>,drawerDisabled,<blank>

