id,parent_id,key,value,meta_key,meta_value
1,1,label_pos,above,label_pos,above
2,1,required,1,required,1
3,1,order,1,order,1
4,1,placeholder,<blank>,placeholder,<blank>
5,1,default,<blank>,default,<blank>
6,1,wrapper_class,<blank>,wrapper_class,<blank>
7,1,element_class,<blank>,element_class,<blank>
8,1,objectType,Field,objectType,Field
9,1,objectDomain,fields,objectDomain,fields
10,1,editActive,<blank>,editActive,<blank>
11,1,container_class,<blank>,container_class,<blank>
12,1,input_limit,<blank>,input_limit,<blank>
13,1,input_limit_type,characters,input_limit_type,characters
14,1,input_limit_msg,Character(s) left,input_limit_msg,Character(s) left
15,1,manual_key,<blank>,manual_key,<blank>
16,1,disable_input,<blank>,disable_input,<blank>
17,1,admin_label,<blank>,admin_label,<blank>
18,1,help_text,<blank>,help_text,<blank>
19,1,desc_text,<blank>,desc_text,<blank>
20,1,disable_browser_autocomplete,<blank>,disable_browser_autocomplete,<blank>
21,1,mask,<blank>,mask,<blank>
22,1,custom_mask,<blank>,custom_mask,<blank>
23,1,wrap_styles_background-color,<blank>,wrap_styles_background-color,<blank>
24,1,wrap_styles_border,<blank>,wrap_styles_border,<blank>
25,1,wrap_styles_border-style,<blank>,wrap_styles_border-style,<blank>
26,1,wrap_styles_border-color,<blank>,wrap_styles_border-color,<blank>
27,1,wrap_styles_color,<blank>,wrap_styles_color,<blank>
28,1,wrap_styles_height,<blank>,wrap_styles_height,<blank>
29,1,wrap_styles_width,<blank>,wrap_styles_width,<blank>
30,1,wrap_styles_font-size,<blank>,wrap_styles_font-size,<blank>
31,1,wrap_styles_margin,<blank>,wrap_styles_margin,<blank>
32,1,wrap_styles_padding,<blank>,wrap_styles_padding,<blank>
33,1,wrap_styles_display,<blank>,wrap_styles_display,<blank>
34,1,wrap_styles_float,<blank>,wrap_styles_float,<blank>
35,1,wrap_styles_show_advanced_css,0,wrap_styles_show_advanced_css,0
36,1,wrap_styles_advanced,<blank>,wrap_styles_advanced,<blank>
37,1,label_styles_background-color,<blank>,label_styles_background-color,<blank>
38,1,label_styles_border,<blank>,label_styles_border,<blank>
39,1,label_styles_border-style,<blank>,label_styles_border-style,<blank>
40,1,label_styles_border-color,<blank>,label_styles_border-color,<blank>
41,1,label_styles_color,<blank>,label_styles_color,<blank>
42,1,label_styles_height,<blank>,label_styles_height,<blank>
43,1,label_styles_width,<blank>,label_styles_width,<blank>
44,1,label_styles_font-size,<blank>,label_styles_font-size,<blank>
45,1,label_styles_margin,<blank>,label_styles_margin,<blank>
46,1,label_styles_padding,<blank>,label_styles_padding,<blank>
47,1,label_styles_display,<blank>,label_styles_display,<blank>
48,1,label_styles_float,<blank>,label_styles_float,<blank>
49,1,label_styles_show_advanced_css,0,label_styles_show_advanced_css,0
50,1,label_styles_advanced,<blank>,label_styles_advanced,<blank>
51,1,element_styles_background-color,<blank>,element_styles_background-color,<blank>
52,1,element_styles_border,<blank>,element_styles_border,<blank>
53,1,element_styles_border-style,<blank>,element_styles_border-style,<blank>
54,1,element_styles_border-color,<blank>,element_styles_border-color,<blank>
55,1,element_styles_color,<blank>,element_styles_color,<blank>
56,1,element_styles_height,<blank>,element_styles_height,<blank>
57,1,element_styles_width,<blank>,element_styles_width,<blank>
58,1,element_styles_font-size,<blank>,element_styles_font-size,<blank>
59,1,element_styles_margin,<blank>,element_styles_margin,<blank>
60,1,element_styles_padding,<blank>,element_styles_padding,<blank>
61,1,element_styles_display,<blank>,element_styles_display,<blank>
62,1,element_styles_float,<blank>,element_styles_float,<blank>
63,1,element_styles_show_advanced_css,0,element_styles_show_advanced_css,0
64,1,element_styles_advanced,<blank>,element_styles_advanced,<blank>
65,1,cellcid,c3277,cellcid,c3277
66,2,label_pos,above,label_pos,above
67,2,required,1,required,1
68,2,order,2,order,2
69,2,placeholder,<blank>,placeholder,<blank>
70,2,default,<blank>,default,<blank>
71,2,wrapper_class,<blank>,wrapper_class,<blank>
72,2,element_class,<blank>,element_class,<blank>
73,2,objectType,Field,objectType,Field
74,2,objectDomain,fields,objectDomain,fields
75,2,editActive,<blank>,editActive,<blank>
76,2,container_class,<blank>,container_class,<blank>
77,2,admin_label,<blank>,admin_label,<blank>
78,2,help_text,<blank>,help_text,<blank>
79,2,desc_text,<blank>,desc_text,<blank>
80,2,wrap_styles_background-color,<blank>,wrap_styles_background-color,<blank>
81,2,wrap_styles_border,<blank>,wrap_styles_border,<blank>
82,2,wrap_styles_border-style,<blank>,wrap_styles_border-style,<blank>
83,2,wrap_styles_border-color,<blank>,wrap_styles_border-color,<blank>
84,2,wrap_styles_color,<blank>,wrap_styles_color,<blank>
85,2,wrap_styles_height,<blank>,wrap_styles_height,<blank>
86,2,wrap_styles_width,<blank>,wrap_styles_width,<blank>
87,2,wrap_styles_font-size,<blank>,wrap_styles_font-size,<blank>
88,2,wrap_styles_margin,<blank>,wrap_styles_margin,<blank>
89,2,wrap_styles_padding,<blank>,wrap_styles_padding,<blank>
90,2,wrap_styles_display,<blank>,wrap_styles_display,<blank>
91,2,wrap_styles_float,<blank>,wrap_styles_float,<blank>
92,2,wrap_styles_show_advanced_css,0,wrap_styles_show_advanced_css,0
93,2,wrap_styles_advanced,<blank>,wrap_styles_advanced,<blank>
94,2,label_styles_background-color,<blank>,label_styles_background-color,<blank>
95,2,label_styles_border,<blank>,label_styles_border,<blank>
96,2,label_styles_border-style,<blank>,label_styles_border-style,<blank>
97,2,label_styles_border-color,<blank>,label_styles_border-color,<blank>
98,2,label_styles_color,<blank>,label_styles_color,<blank>
99,2,label_styles_height,<blank>,label_styles_height,<blank>
100,2,label_styles_width,<blank>,label_styles_width,<blank>
101,2,label_styles_font-size,<blank>,label_styles_font-size,<blank>
102,2,label_styles_margin,<blank>,label_styles_margin,<blank>
103,2,label_styles_padding,<blank>,label_styles_padding,<blank>
104,2,label_styles_display,<blank>,label_styles_display,<blank>
105,2,label_styles_float,<blank>,label_styles_float,<blank>
106,2,label_styles_show_advanced_css,0,label_styles_show_advanced_css,0
107,2,label_styles_advanced,<blank>,label_styles_advanced,<blank>
108,2,element_styles_background-color,<blank>,element_styles_background-color,<blank>
109,2,element_styles_border,<blank>,element_styles_border,<blank>
110,2,element_styles_border-style,<blank>,element_styles_border-style,<blank>
111,2,element_styles_border-color,<blank>,element_styles_border-color,<blank>
112,2,element_styles_color,<blank>,element_styles_color,<blank>
113,2,element_styles_height,<blank>,element_styles_height,<blank>
114,2,element_styles_width,<blank>,element_styles_width,<blank>
115,2,element_styles_font-size,<blank>,element_styles_font-size,<blank>
116,2,element_styles_margin,<blank>,element_styles_margin,<blank>
117,2,element_styles_padding,<blank>,element_styles_padding,<blank>
118,2,element_styles_display,<blank>,element_styles_display,<blank>
119,2,element_styles_float,<blank>,element_styles_float,<blank>
120,2,element_styles_show_advanced_css,0,element_styles_show_advanced_css,0
121,2,element_styles_advanced,<blank>,element_styles_advanced,<blank>
122,2,cellcid,c3281,cellcid,c3281
123,3,label_pos,above,label_pos,above
124,3,required,1,required,1
125,3,order,3,order,3
126,3,placeholder,<blank>,placeholder,<blank>
127,3,default,<blank>,default,<blank>
128,3,wrapper_class,<blank>,wrapper_class,<blank>
129,3,element_class,<blank>,element_class,<blank>
130,3,objectType,Field,objectType,Field
131,3,objectDomain,fields,objectDomain,fields
132,3,editActive,<blank>,editActive,<blank>
133,3,container_class,<blank>,container_class,<blank>
134,3,input_limit,<blank>,input_limit,<blank>
135,3,input_limit_type,characters,input_limit_type,characters
136,3,input_limit_msg,Character(s) left,input_limit_msg,Character(s) left
137,3,manual_key,<blank>,manual_key,<blank>
138,3,disable_input,<blank>,disable_input,<blank>
139,3,admin_label,<blank>,admin_label,<blank>
140,3,help_text,<blank>,help_text,<blank>
141,3,desc_text,<blank>,desc_text,<blank>
142,3,disable_browser_autocomplete,<blank>,disable_browser_autocomplete,<blank>
143,3,textarea_rte,<blank>,textarea_rte,<blank>
144,3,disable_rte_mobile,<blank>,disable_rte_mobile,<blank>
145,3,textarea_media,<blank>,textarea_media,<blank>
146,3,wrap_styles_background-color,<blank>,wrap_styles_background-color,<blank>
147,3,wrap_styles_border,<blank>,wrap_styles_border,<blank>
148,3,wrap_styles_border-style,<blank>,wrap_styles_border-style,<blank>
149,3,wrap_styles_border-color,<blank>,wrap_styles_border-color,<blank>
150,3,wrap_styles_color,<blank>,wrap_styles_color,<blank>
151,3,wrap_styles_height,<blank>,wrap_styles_height,<blank>
152,3,wrap_styles_width,<blank>,wrap_styles_width,<blank>
153,3,wrap_styles_font-size,<blank>,wrap_styles_font-size,<blank>
154,3,wrap_styles_margin,<blank>,wrap_styles_margin,<blank>
155,3,wrap_styles_padding,<blank>,wrap_styles_padding,<blank>
156,3,wrap_styles_display,<blank>,wrap_styles_display,<blank>
157,3,wrap_styles_float,<blank>,wrap_styles_float,<blank>
158,3,wrap_styles_show_advanced_css,0,wrap_styles_show_advanced_css,0
159,3,wrap_styles_advanced,<blank>,wrap_styles_advanced,<blank>
160,3,label_styles_background-color,<blank>,label_styles_background-color,<blank>
161,3,label_styles_border,<blank>,label_styles_border,<blank>
162,3,label_styles_border-style,<blank>,label_styles_border-style,<blank>
163,3,label_styles_border-color,<blank>,label_styles_border-color,<blank>
164,3,label_styles_color,<blank>,label_styles_color,<blank>
165,3,label_styles_height,<blank>,label_styles_height,<blank>
166,3,label_styles_width,<blank>,label_styles_width,<blank>
167,3,label_styles_font-size,<blank>,label_styles_font-size,<blank>
168,3,label_styles_margin,<blank>,label_styles_margin,<blank>
169,3,label_styles_padding,<blank>,label_styles_padding,<blank>
170,3,label_styles_display,<blank>,label_styles_display,<blank>
171,3,label_styles_float,<blank>,label_styles_float,<blank>
172,3,label_styles_show_advanced_css,0,label_styles_show_advanced_css,0
173,3,label_styles_advanced,<blank>,label_styles_advanced,<blank>
174,3,element_styles_background-color,<blank>,element_styles_background-color,<blank>
175,3,element_styles_border,<blank>,element_styles_border,<blank>
176,3,element_styles_border-style,<blank>,element_styles_border-style,<blank>
177,3,element_styles_border-color,<blank>,element_styles_border-color,<blank>
178,3,element_styles_color,<blank>,element_styles_color,<blank>
179,3,element_styles_height,<blank>,element_styles_height,<blank>
180,3,element_styles_width,<blank>,element_styles_width,<blank>
181,3,element_styles_font-size,<blank>,element_styles_font-size,<blank>
182,3,element_styles_margin,<blank>,element_styles_margin,<blank>
183,3,element_styles_padding,<blank>,element_styles_padding,<blank>
184,3,element_styles_display,<blank>,element_styles_display,<blank>
185,3,element_styles_float,<blank>,element_styles_float,<blank>
186,3,element_styles_show_advanced_css,0,element_styles_show_advanced_css,0
187,3,element_styles_advanced,<blank>,element_styles_advanced,<blank>
188,3,cellcid,c3284,cellcid,c3284
189,4,processing_label,Processing,processing_label,Processing
190,4,order,5,order,5
191,4,objectType,Field,objectType,Field
192,4,objectDomain,fields,objectDomain,fields
193,4,editActive,<blank>,editActive,<blank>
194,4,container_class,<blank>,container_class,<blank>
195,4,element_class,<blank>,element_class,<blank>
196,4,wrap_styles_background-color,<blank>,wrap_styles_background-color,<blank>
197,4,wrap_styles_border,<blank>,wrap_styles_border,<blank>
198,4,wrap_styles_border-style,<blank>,wrap_styles_border-style,<blank>
199,4,wrap_styles_border-color,<blank>,wrap_styles_border-color,<blank>
200,4,wrap_styles_color,<blank>,wrap_styles_color,<blank>
201,4,wrap_styles_height,<blank>,wrap_styles_height,<blank>
202,4,wrap_styles_width,<blank>,wrap_styles_width,<blank>
203,4,wrap_styles_font-size,<blank>,wrap_styles_font-size,<blank>
204,4,wrap_styles_margin,<blank>,wrap_styles_margin,<blank>
205,4,wrap_styles_padding,<blank>,wrap_styles_padding,<blank>
206,4,wrap_styles_display,<blank>,wrap_styles_display,<blank>
207,4,wrap_styles_float,<blank>,wrap_styles_float,<blank>
208,4,wrap_styles_show_advanced_css,0,wrap_styles_show_advanced_css,0
209,4,wrap_styles_advanced,<blank>,wrap_styles_advanced,<blank>
210,4,label_styles_background-color,<blank>,label_styles_background-color,<blank>
211,4,label_styles_border,<blank>,label_styles_border,<blank>
212,4,label_styles_border-style,<blank>,label_styles_border-style,<blank>
213,4,label_styles_border-color,<blank>,label_styles_border-color,<blank>
214,4,label_styles_color,<blank>,label_styles_color,<blank>
215,4,label_styles_height,<blank>,label_styles_height,<blank>
216,4,label_styles_width,<blank>,label_styles_width,<blank>
217,4,label_styles_font-size,<blank>,label_styles_font-size,<blank>
218,4,label_styles_margin,<blank>,label_styles_margin,<blank>
219,4,label_styles_padding,<blank>,label_styles_padding,<blank>
220,4,label_styles_display,<blank>,label_styles_display,<blank>
221,4,label_styles_float,<blank>,label_styles_float,<blank>
222,4,label_styles_show_advanced_css,0,label_styles_show_advanced_css,0
223,4,label_styles_advanced,<blank>,label_styles_advanced,<blank>
224,4,element_styles_background-color,<blank>,element_styles_background-color,<blank>
225,4,element_styles_border,<blank>,element_styles_border,<blank>
226,4,element_styles_border-style,<blank>,element_styles_border-style,<blank>
227,4,element_styles_border-color,<blank>,element_styles_border-color,<blank>
228,4,element_styles_color,<blank>,element_styles_color,<blank>
229,4,element_styles_height,<blank>,element_styles_height,<blank>
230,4,element_styles_width,<blank>,element_styles_width,<blank>
231,4,element_styles_font-size,<blank>,element_styles_font-size,<blank>
232,4,element_styles_margin,<blank>,element_styles_margin,<blank>
233,4,element_styles_padding,<blank>,element_styles_padding,<blank>
234,4,element_styles_display,<blank>,element_styles_display,<blank>
235,4,element_styles_float,<blank>,element_styles_float,<blank>
236,4,element_styles_show_advanced_css,0,element_styles_show_advanced_css,0
237,4,element_styles_advanced,<blank>,element_styles_advanced,<blank>
238,4,submit_element_hover_styles_background-color,<blank>,submit_element_hover_styles_background-color,<blank>
239,4,submit_element_hover_styles_border,<blank>,submit_element_hover_styles_border,<blank>
240,4,submit_element_hover_styles_border-style,<blank>,submit_element_hover_styles_border-style,<blank>
241,4,submit_element_hover_styles_border-color,<blank>,submit_element_hover_styles_border-color,<blank>
242,4,submit_element_hover_styles_color,<blank>,submit_element_hover_styles_color,<blank>
243,4,submit_element_hover_styles_height,<blank>,submit_element_hover_styles_height,<blank>
244,4,submit_element_hover_styles_width,<blank>,submit_element_hover_styles_width,<blank>
245,4,submit_element_hover_styles_font-size,<blank>,submit_element_hover_styles_font-size,<blank>
246,4,submit_element_hover_styles_margin,<blank>,submit_element_hover_styles_margin,<blank>
247,4,submit_element_hover_styles_padding,<blank>,submit_element_hover_styles_padding,<blank>
248,4,submit_element_hover_styles_display,<blank>,submit_element_hover_styles_display,<blank>
249,4,submit_element_hover_styles_float,<blank>,submit_element_hover_styles_float,<blank>
250,4,submit_element_hover_styles_show_advanced_css,0,submit_element_hover_styles_show_advanced_css,0
251,4,submit_element_hover_styles_advanced,<blank>,submit_element_hover_styles_advanced,<blank>
252,4,cellcid,c3287,cellcid,c3287
253,5,label,Nombre,label,Nombre
254,5,key,nombre_1565123612918,key,nombre_1565123612918
255,5,parent_id,2,parent_id,2
256,5,type,textbox,type,textbox
257,5,created_at,2016-08-24 16:39:20,created_at,2016-08-24 16:39:20
258,5,label_pos,above,label_pos,above
259,5,required,1,required,1
260,5,order,1,order,1
261,5,placeholder,<blank>,placeholder,<blank>
262,5,default,<blank>,default,<blank>
263,5,wrapper_class,<blank>,wrapper_class,<blank>
264,5,element_class,<blank>,element_class,<blank>
265,5,objectType,Field,objectType,Field
266,5,objectDomain,fields,objectDomain,fields
267,5,editActive,<blank>,editActive,<blank>
268,5,container_class,<blank>,container_class,<blank>
269,5,input_limit,<blank>,input_limit,<blank>
270,5,input_limit_type,characters,input_limit_type,characters
271,5,input_limit_msg,Character(s) left,input_limit_msg,Character(s) left
272,5,manual_key,<blank>,manual_key,<blank>
273,5,disable_input,<blank>,disable_input,<blank>
274,5,admin_label,<blank>,admin_label,<blank>
275,5,help_text,<blank>,help_text,<blank>
276,5,desc_text,<blank>,desc_text,<blank>
277,5,disable_browser_autocomplete,<blank>,disable_browser_autocomplete,<blank>
278,5,mask,<blank>,mask,<blank>
279,5,custom_mask,<blank>,custom_mask,<blank>
280,5,wrap_styles_background-color,<blank>,wrap_styles_background-color,<blank>
281,5,wrap_styles_border,<blank>,wrap_styles_border,<blank>
282,5,wrap_styles_border-style,<blank>,wrap_styles_border-style,<blank>
283,5,wrap_styles_border-color,<blank>,wrap_styles_border-color,<blank>
284,5,wrap_styles_color,<blank>,wrap_styles_color,<blank>
285,5,wrap_styles_height,<blank>,wrap_styles_height,<blank>
286,5,wrap_styles_width,<blank>,wrap_styles_width,<blank>
287,5,wrap_styles_font-size,<blank>,wrap_styles_font-size,<blank>
288,5,wrap_styles_margin,<blank>,wrap_styles_margin,<blank>
289,5,wrap_styles_padding,<blank>,wrap_styles_padding,<blank>
290,5,wrap_styles_display,<blank>,wrap_styles_display,<blank>
291,5,wrap_styles_float,<blank>,wrap_styles_float,<blank>
292,5,wrap_styles_show_advanced_css,0,wrap_styles_show_advanced_css,0
293,5,wrap_styles_advanced,<blank>,wrap_styles_advanced,<blank>
294,5,label_styles_background-color,<blank>,label_styles_background-color,<blank>
295,5,label_styles_border,<blank>,label_styles_border,<blank>
296,5,label_styles_border-style,<blank>,label_styles_border-style,<blank>
297,5,label_styles_border-color,<blank>,label_styles_border-color,<blank>
298,5,label_styles_color,<blank>,label_styles_color,<blank>
299,5,label_styles_height,<blank>,label_styles_height,<blank>
300,5,label_styles_width,<blank>,label_styles_width,<blank>
301,5,label_styles_font-size,<blank>,label_styles_font-size,<blank>
302,5,label_styles_margin,<blank>,label_styles_margin,<blank>
303,5,label_styles_padding,<blank>,label_styles_padding,<blank>
304,5,label_styles_display,<blank>,label_styles_display,<blank>
305,5,label_styles_float,<blank>,label_styles_float,<blank>
306,5,label_styles_show_advanced_css,0,label_styles_show_advanced_css,0
307,5,label_styles_advanced,<blank>,label_styles_advanced,<blank>
308,5,element_styles_background-color,<blank>,element_styles_background-color,<blank>
309,5,element_styles_border,<blank>,element_styles_border,<blank>
310,5,element_styles_border-style,<blank>,element_styles_border-style,<blank>
311,5,element_styles_border-color,<blank>,element_styles_border-color,<blank>
312,5,element_styles_color,<blank>,element_styles_color,<blank>
313,5,element_styles_height,<blank>,element_styles_height,<blank>
314,5,element_styles_width,<blank>,element_styles_width,<blank>
315,5,element_styles_font-size,<blank>,element_styles_font-size,<blank>
316,5,element_styles_margin,<blank>,element_styles_margin,<blank>
317,5,element_styles_padding,<blank>,element_styles_padding,<blank>
318,5,element_styles_display,<blank>,element_styles_display,<blank>
319,5,element_styles_float,<blank>,element_styles_float,<blank>
320,5,element_styles_show_advanced_css,0,element_styles_show_advanced_css,0
321,5,element_styles_advanced,<blank>,element_styles_advanced,<blank>
322,5,cellcid,c3277,cellcid,c3277
323,6,label,Email,label,Email
324,6,key,email,key,email
325,6,parent_id,2,parent_id,2
326,6,type,email,type,email
327,6,created_at,2016-08-24 16:39:20,created_at,2016-08-24 16:39:20
328,6,label_pos,above,label_pos,above
329,6,required,1,required,1
330,6,order,2,order,2
331,6,placeholder,<blank>,placeholder,<blank>
332,6,default,<blank>,default,<blank>
333,6,wrapper_class,<blank>,wrapper_class,<blank>
334,6,element_class,<blank>,element_class,<blank>
335,6,objectType,Field,objectType,Field
336,6,objectDomain,fields,objectDomain,fields
337,6,editActive,<blank>,editActive,<blank>
338,6,container_class,<blank>,container_class,<blank>
339,6,admin_label,<blank>,admin_label,<blank>
340,6,help_text,<blank>,help_text,<blank>
341,6,desc_text,<blank>,desc_text,<blank>
342,6,wrap_styles_background-color,<blank>,wrap_styles_background-color,<blank>
343,6,wrap_styles_border,<blank>,wrap_styles_border,<blank>
344,6,wrap_styles_border-style,<blank>,wrap_styles_border-style,<blank>
345,6,wrap_styles_border-color,<blank>,wrap_styles_border-color,<blank>
346,6,wrap_styles_color,<blank>,wrap_styles_color,<blank>
347,6,wrap_styles_height,<blank>,wrap_styles_height,<blank>
348,6,wrap_styles_width,<blank>,wrap_styles_width,<blank>
349,6,wrap_styles_font-size,<blank>,wrap_styles_font-size,<blank>
350,6,wrap_styles_margin,<blank>,wrap_styles_margin,<blank>
351,6,wrap_styles_padding,<blank>,wrap_styles_padding,<blank>
352,6,wrap_styles_display,<blank>,wrap_styles_display,<blank>
353,6,wrap_styles_float,<blank>,wrap_styles_float,<blank>
354,6,wrap_styles_show_advanced_css,0,wrap_styles_show_advanced_css,0
355,6,wrap_styles_advanced,<blank>,wrap_styles_advanced,<blank>
356,6,label_styles_background-color,<blank>,label_styles_background-color,<blank>
357,6,label_styles_border,<blank>,label_styles_border,<blank>
358,6,label_styles_border-style,<blank>,label_styles_border-style,<blank>
359,6,label_styles_border-color,<blank>,label_styles_border-color,<blank>
360,6,label_styles_color,<blank>,label_styles_color,<blank>
361,6,label_styles_height,<blank>,label_styles_height,<blank>
362,6,label_styles_width,<blank>,label_styles_width,<blank>
363,6,label_styles_font-size,<blank>,label_styles_font-size,<blank>
364,6,label_styles_margin,<blank>,label_styles_margin,<blank>
365,6,label_styles_padding,<blank>,label_styles_padding,<blank>
366,6,label_styles_display,<blank>,label_styles_display,<blank>
367,6,label_styles_float,<blank>,label_styles_float,<blank>
368,6,label_styles_show_advanced_css,0,label_styles_show_advanced_css,0
369,6,label_styles_advanced,<blank>,label_styles_advanced,<blank>
370,6,element_styles_background-color,<blank>,element_styles_background-color,<blank>
371,6,element_styles_border,<blank>,element_styles_border,<blank>
372,6,element_styles_border-style,<blank>,element_styles_border-style,<blank>
373,6,element_styles_border-color,<blank>,element_styles_border-color,<blank>
374,6,element_styles_color,<blank>,element_styles_color,<blank>
375,6,element_styles_height,<blank>,element_styles_height,<blank>
376,6,element_styles_width,<blank>,element_styles_width,<blank>
377,6,element_styles_font-size,<blank>,element_styles_font-size,<blank>
378,6,element_styles_margin,<blank>,element_styles_margin,<blank>
379,6,element_styles_padding,<blank>,element_styles_padding,<blank>
380,6,element_styles_display,<blank>,element_styles_display,<blank>
381,6,element_styles_float,<blank>,element_styles_float,<blank>
382,6,element_styles_show_advanced_css,0,element_styles_show_advanced_css,0
383,6,element_styles_advanced,<blank>,element_styles_advanced,<blank>
384,6,cellcid,c3281,cellcid,c3281
385,7,label,Mensaje,label,Mensaje
386,7,key,mensaje_1565123628158,key,mensaje_1565123628158
387,7,parent_id,2,parent_id,2
388,7,type,textarea,type,textarea
389,7,created_at,2016-08-24 16:39:20,created_at,2016-08-24 16:39:20
390,7,label_pos,above,label_pos,above
391,7,required,1,required,1
392,7,order,3,order,3
393,7,placeholder,<blank>,placeholder,<blank>
394,7,default,<blank>,default,<blank>
395,7,wrapper_class,<blank>,wrapper_class,<blank>
396,7,element_class,<blank>,element_class,<blank>
397,7,objectType,Field,objectType,Field
398,7,objectDomain,fields,objectDomain,fields
399,7,editActive,<blank>,editActive,<blank>
400,7,container_class,<blank>,container_class,<blank>
401,7,input_limit,<blank>,input_limit,<blank>
402,7,input_limit_type,characters,input_limit_type,characters
403,7,input_limit_msg,Character(s) left,input_limit_msg,Character(s) left
404,7,manual_key,<blank>,manual_key,<blank>
405,7,disable_input,<blank>,disable_input,<blank>
406,7,admin_label,<blank>,admin_label,<blank>
407,7,help_text,<blank>,help_text,<blank>
408,7,desc_text,<blank>,desc_text,<blank>
409,7,disable_browser_autocomplete,<blank>,disable_browser_autocomplete,<blank>
410,7,textarea_rte,<blank>,textarea_rte,<blank>
411,7,disable_rte_mobile,<blank>,disable_rte_mobile,<blank>
412,7,textarea_media,<blank>,textarea_media,<blank>
413,7,wrap_styles_background-color,<blank>,wrap_styles_background-color,<blank>
414,7,wrap_styles_border,<blank>,wrap_styles_border,<blank>
415,7,wrap_styles_border-style,<blank>,wrap_styles_border-style,<blank>
416,7,wrap_styles_border-color,<blank>,wrap_styles_border-color,<blank>
417,7,wrap_styles_color,<blank>,wrap_styles_color,<blank>
418,7,wrap_styles_height,<blank>,wrap_styles_height,<blank>
419,7,wrap_styles_width,<blank>,wrap_styles_width,<blank>
420,7,wrap_styles_font-size,<blank>,wrap_styles_font-size,<blank>
421,7,wrap_styles_margin,<blank>,wrap_styles_margin,<blank>
422,7,wrap_styles_padding,<blank>,wrap_styles_padding,<blank>
423,7,wrap_styles_display,<blank>,wrap_styles_display,<blank>
424,7,wrap_styles_float,<blank>,wrap_styles_float,<blank>
425,7,wrap_styles_show_advanced_css,0,wrap_styles_show_advanced_css,0
426,7,wrap_styles_advanced,<blank>,wrap_styles_advanced,<blank>
427,7,label_styles_background-color,<blank>,label_styles_background-color,<blank>
428,7,label_styles_border,<blank>,label_styles_border,<blank>
429,7,label_styles_border-style,<blank>,label_styles_border-style,<blank>
430,7,label_styles_border-color,<blank>,label_styles_border-color,<blank>
431,7,label_styles_color,<blank>,label_styles_color,<blank>
432,7,label_styles_height,<blank>,label_styles_height,<blank>
433,7,label_styles_width,<blank>,label_styles_width,<blank>
434,7,label_styles_font-size,<blank>,label_styles_font-size,<blank>
435,7,label_styles_margin,<blank>,label_styles_margin,<blank>
436,7,label_styles_padding,<blank>,label_styles_padding,<blank>
437,7,label_styles_display,<blank>,label_styles_display,<blank>
438,7,label_styles_float,<blank>,label_styles_float,<blank>
439,7,label_styles_show_advanced_css,0,label_styles_show_advanced_css,0
440,7,label_styles_advanced,<blank>,label_styles_advanced,<blank>
441,7,element_styles_background-color,<blank>,element_styles_background-color,<blank>
442,7,element_styles_border,<blank>,element_styles_border,<blank>
443,7,element_styles_border-style,<blank>,element_styles_border-style,<blank>
444,7,element_styles_border-color,<blank>,element_styles_border-color,<blank>
445,7,element_styles_color,<blank>,element_styles_color,<blank>
446,7,element_styles_height,<blank>,element_styles_height,<blank>
447,7,element_styles_width,<blank>,element_styles_width,<blank>
448,7,element_styles_font-size,<blank>,element_styles_font-size,<blank>
449,7,element_styles_margin,<blank>,element_styles_margin,<blank>
450,7,element_styles_padding,<blank>,element_styles_padding,<blank>
451,7,element_styles_display,<blank>,element_styles_display,<blank>
452,7,element_styles_float,<blank>,element_styles_float,<blank>
453,7,element_styles_show_advanced_css,0,element_styles_show_advanced_css,0
454,7,element_styles_advanced,<blank>,element_styles_advanced,<blank>
455,7,cellcid,c3284,cellcid,c3284
456,8,label,Enviar,label,Enviar
457,8,key,enviar_1565123633618,key,enviar_1565123633618
458,8,parent_id,2,parent_id,2
459,8,type,submit,type,submit
460,8,created_at,2016-08-24 16:39:20,created_at,2016-08-24 16:39:20
461,8,processing_label,Procesando,processing_label,Procesando
462,8,order,5,order,5
463,8,objectType,Field,objectType,Field
464,8,objectDomain,fields,objectDomain,fields
465,8,editActive,<blank>,editActive,<blank>
466,8,container_class,<blank>,container_class,<blank>
467,8,element_class,<blank>,element_class,<blank>
468,8,wrap_styles_background-color,<blank>,wrap_styles_background-color,<blank>
469,8,wrap_styles_border,<blank>,wrap_styles_border,<blank>
470,8,wrap_styles_border-style,<blank>,wrap_styles_border-style,<blank>
471,8,wrap_styles_border-color,<blank>,wrap_styles_border-color,<blank>
472,8,wrap_styles_color,<blank>,wrap_styles_color,<blank>
473,8,wrap_styles_height,<blank>,wrap_styles_height,<blank>
474,8,wrap_styles_width,<blank>,wrap_styles_width,<blank>
475,8,wrap_styles_font-size,<blank>,wrap_styles_font-size,<blank>
476,8,wrap_styles_margin,<blank>,wrap_styles_margin,<blank>
477,8,wrap_styles_padding,<blank>,wrap_styles_padding,<blank>
478,8,wrap_styles_display,<blank>,wrap_styles_display,<blank>
479,8,wrap_styles_float,<blank>,wrap_styles_float,<blank>
480,8,wrap_styles_show_advanced_css,0,wrap_styles_show_advanced_css,0
481,8,wrap_styles_advanced,<blank>,wrap_styles_advanced,<blank>
482,8,label_styles_background-color,<blank>,label_styles_background-color,<blank>
483,8,label_styles_border,<blank>,label_styles_border,<blank>
484,8,label_styles_border-style,<blank>,label_styles_border-style,<blank>
485,8,label_styles_border-color,<blank>,label_styles_border-color,<blank>
486,8,label_styles_color,<blank>,label_styles_color,<blank>
487,8,label_styles_height,<blank>,label_styles_height,<blank>
488,8,label_styles_width,<blank>,label_styles_width,<blank>
489,8,label_styles_font-size,<blank>,label_styles_font-size,<blank>
490,8,label_styles_margin,<blank>,label_styles_margin,<blank>
491,8,label_styles_padding,<blank>,label_styles_padding,<blank>
492,8,label_styles_display,<blank>,label_styles_display,<blank>
493,8,label_styles_float,<blank>,label_styles_float,<blank>
494,8,label_styles_show_advanced_css,0,label_styles_show_advanced_css,0
495,8,label_styles_advanced,<blank>,label_styles_advanced,<blank>
496,8,element_styles_background-color,<blank>,element_styles_background-color,<blank>
497,8,element_styles_border,<blank>,element_styles_border,<blank>
498,8,element_styles_border-style,<blank>,element_styles_border-style,<blank>
499,8,element_styles_border-color,<blank>,element_styles_border-color,<blank>
500,8,element_styles_color,<blank>,element_styles_color,<blank>
501,8,element_styles_height,<blank>,element_styles_height,<blank>
502,8,element_styles_width,<blank>,element_styles_width,<blank>
503,8,element_styles_font-size,<blank>,element_styles_font-size,<blank>
504,8,element_styles_margin,<blank>,element_styles_margin,<blank>
505,8,element_styles_padding,<blank>,element_styles_padding,<blank>
506,8,element_styles_display,<blank>,element_styles_display,<blank>
507,8,element_styles_float,<blank>,element_styles_float,<blank>
508,8,element_styles_show_advanced_css,0,element_styles_show_advanced_css,0
509,8,element_styles_advanced,<blank>,element_styles_advanced,<blank>
510,8,submit_element_hover_styles_background-color,<blank>,submit_element_hover_styles_background-color,<blank>
511,8,submit_element_hover_styles_border,<blank>,submit_element_hover_styles_border,<blank>
512,8,submit_element_hover_styles_border-style,<blank>,submit_element_hover_styles_border-style,<blank>
513,8,submit_element_hover_styles_border-color,<blank>,submit_element_hover_styles_border-color,<blank>
514,8,submit_element_hover_styles_color,<blank>,submit_element_hover_styles_color,<blank>
515,8,submit_element_hover_styles_height,<blank>,submit_element_hover_styles_height,<blank>
516,8,submit_element_hover_styles_width,<blank>,submit_element_hover_styles_width,<blank>
517,8,submit_element_hover_styles_font-size,<blank>,submit_element_hover_styles_font-size,<blank>
518,8,submit_element_hover_styles_margin,<blank>,submit_element_hover_styles_margin,<blank>
519,8,submit_element_hover_styles_padding,<blank>,submit_element_hover_styles_padding,<blank>
520,8,submit_element_hover_styles_display,<blank>,submit_element_hover_styles_display,<blank>
521,8,submit_element_hover_styles_float,<blank>,submit_element_hover_styles_float,<blank>
522,8,submit_element_hover_styles_show_advanced_css,0,submit_element_hover_styles_show_advanced_css,0
523,8,submit_element_hover_styles_advanced,<blank>,submit_element_hover_styles_advanced,<blank>
524,8,cellcid,c3287,cellcid,c3287
525,5,field_label,Name,field_label,Name
526,5,field_key,name,field_key,name
527,5,custom_name_attribute,<blank>,custom_name_attribute,<blank>
528,5,personally_identifiable,<blank>,personally_identifiable,<blank>
529,5,value,<blank>,value,<blank>
530,6,field_label,Email,field_label,Email
531,6,field_key,email,field_key,email
532,6,custom_name_attribute,email,custom_name_attribute,email
533,6,personally_identifiable,1,personally_identifiable,1
534,6,value,<blank>,value,<blank>
535,7,field_label,Message,field_label,Message
536,7,field_key,message,field_key,message
537,7,value,<blank>,value,<blank>
538,8,field_label,Submit,field_label,Submit
539,8,field_key,submit,field_key,submit
540,8,drawerDisabled,<blank>,drawerDisabled,<blank>

