id,parent_id,key,label,type,order,required,field_key,label_pos,created_at,updated_at,field_label,default_value,personally_identifiable
1,1,name,Name,textbox,NULL,NULL,NULL,NULL,2019-08-06 10:32:19,2019-08-06 15:32:19,NULL,NULL,NULL
2,1,email,Email,email,NULL,NULL,NULL,NULL,2019-08-06 10:32:20,2019-08-06 15:32:20,NULL,NULL,NULL
3,1,message,Message,textarea,NULL,NULL,NULL,NULL,2019-08-06 10:32:20,2019-08-06 15:32:20,NULL,NULL,NULL
4,1,submit,Submit,submit,NULL,NULL,NULL,NULL,2019-08-06 10:32:20,2019-08-06 15:32:20,NULL,NULL,NULL
5,2,nombre_1565123612918,Nombre,textbox,1,\x01,nombre_1565123612918,above,2019-08-06 15:35:35,NULL,Nombre,<blank>,\x00
6,2,email,Email,email,2,\x01,email,above,2019-08-06 15:35:35,NULL,Email,<blank>,\x01
7,2,mensaje_1565123628158,Mensaje,textarea,3,\x01,mensaje_1565123628158,above,2019-08-06 15:35:35,NULL,Mensaje,<blank>,\x00
8,2,enviar_1565123633618,Enviar,submit,5,\x00,enviar_1565123633618,<blank>,2019-08-06 15:35:35,NULL,Enviar,<blank>,\x00

