id,parent_id,key,label,title,type,active,created_at,updated_at
1,1,<blank>,Store Submission,<blank>,save,1,2019-08-06 15:32:22,2019-08-06 15:32:22
2,1,<blank>,Email Confirmation,<blank>,email,1,2019-08-06 15:32:22,2019-08-06 15:32:22
3,1,<blank>,Email Notification,<blank>,email,1,2019-08-06 15:32:22,2019-08-06 15:32:22
4,1,<blank>,Success Message,<blank>,successmessage,1,2019-08-06 15:32:22,2019-08-06 15:32:22
5,2,<blank>,Store Submission,<blank>,save,1,2016-08-24 11:39:20,NULL
6,2,<blank>,Email Confirmation,<blank>,email,1,2016-08-24 11:39:20,NULL
7,2,<blank>,Email Notification,<blank>,email,1,2016-08-24 11:47:39,NULL
8,2,<blank>,Success Message,<blank>,successmessage,1,2016-08-24 11:39:20,NULL

