id,parent_id,key,value,meta_key,meta_value
1,1,key,<blank>,key,<blank>
2,1,created_at,2019-08-06 15:32:19,created_at,2019-08-06 15:32:19
3,1,default_label_pos,above,default_label_pos,above
4,1,conditions,a:0:{},conditions,a:0:{}
5,1,objectType,Form Setting,objectType,Form Setting
6,1,editActive,<blank>,editActive,<blank>
7,1,show_title,1,show_title,1
8,1,clear_complete,1,clear_complete,1
9,1,hide_complete,1,hide_complete,1
10,1,wrapper_class,<blank>,wrapper_class,<blank>
11,1,element_class,<blank>,element_class,<blank>
12,1,add_submit,1,add_submit,1
13,1,logged_in,<blank>,logged_in,<blank>
14,1,not_logged_in_msg,<blank>,not_logged_in_msg,<blank>
15,1,sub_limit_number,<blank>,sub_limit_number,<blank>
16,1,sub_limit_msg,<blank>,sub_limit_msg,<blank>
17,1,calculations,a:0:{},calculations,a:0:{}
18,1,formContentData,"a:4:{i:0;a:2:{s:5:""order"";s:1:""0"";s:5:""cells"";a:1:{i:0;a:3:{s:5:""order"";s:1:""0"";s:6:""fields"";a:1:{i:0;s:4:""name"";}s:5:""width"";s:3:""100"";}}}i:1;a:2:{s:5:""order"";s:1:""1"";s:5:""cells"";a:1:{i:0;a:3:{s:5:""order"";s:1:""0"";s:6:""fields"";a:1:{i:0;s:5:""email"";}s:5:""width"";s:3:""100"";}}}i:2;a:2:{s:5:""order"";s:1:""2"";s:5:""cells"";a:1:{i:0;a:3:{s:5:""order"";s:1:""0"";s:6:""fields"";a:1:{i:0;s:7:""message"";}s:5:""width"";s:3:""100"";}}}i:3;a:2:{s:5:""order"";s:1:""3"";s:5:""cells"";a:1:{i:0;a:3:{s:5:""order"";s:1:""0"";s:6:""fields"";a:1:{i:0;s:6:""submit"";}s:5:""width"";s:3:""100"";}}}}",formContentData,"a:4:{i:0;a:2:{s:5:""order"";s:1:""0"";s:5:""cells"";a:1:{i:0;a:3:{s:5:""order"";s:1:""0"";s:6:""fields"";a:1:{i:0;s:4:""name"";}s:5:""width"";s:3:""100"";}}}i:1;a:2:{s:5:""order"";s:1:""1"";s:5:""cells"";a:1:{i:0;a:3:{s:5:""order"";s:1:""0"";s:6:""fields"";a:1:{i:0;s:5:""email"";}s:5:""width"";s:3:""100"";}}}i:2;a:2:{s:5:""order"";s:1:""2"";s:5:""cells"";a:1:{i:0;a:3:{s:5:""order"";s:1:""0"";s:6:""fields"";a:1:{i:0;s:7:""message"";}s:5:""width"";s:3:""100"";}}}i:3;a:2:{s:5:""order"";s:1:""3"";s:5:""cells"";a:1:{i:0;a:3:{s:5:""order"";s:1:""0"";s:6:""fields"";a:1:{i:0;s:6:""submit"";}s:5:""width"";s:3:""100"";}}}}"
19,1,container_styles_background-color,<blank>,container_styles_background-color,<blank>
20,1,container_styles_border,<blank>,container_styles_border,<blank>
21,1,container_styles_border-style,<blank>,container_styles_border-style,<blank>
22,1,container_styles_border-color,<blank>,container_styles_border-color,<blank>
23,1,container_styles_color,<blank>,container_styles_color,<blank>
24,1,container_styles_height,<blank>,container_styles_height,<blank>
25,1,container_styles_width,<blank>,container_styles_width,<blank>
26,1,container_styles_font-size,<blank>,container_styles_font-size,<blank>
27,1,container_styles_margin,<blank>,container_styles_margin,<blank>
28,1,container_styles_padding,<blank>,container_styles_padding,<blank>
29,1,container_styles_display,<blank>,container_styles_display,<blank>
30,1,container_styles_float,<blank>,container_styles_float,<blank>
31,1,container_styles_show_advanced_css,0,container_styles_show_advanced_css,0
32,1,container_styles_advanced,<blank>,container_styles_advanced,<blank>
33,1,title_styles_background-color,<blank>,title_styles_background-color,<blank>
34,1,title_styles_border,<blank>,title_styles_border,<blank>
35,1,title_styles_border-style,<blank>,title_styles_border-style,<blank>
36,1,title_styles_border-color,<blank>,title_styles_border-color,<blank>
37,1,title_styles_color,<blank>,title_styles_color,<blank>
38,1,title_styles_height,<blank>,title_styles_height,<blank>
39,1,title_styles_width,<blank>,title_styles_width,<blank>
40,1,title_styles_font-size,<blank>,title_styles_font-size,<blank>
41,1,title_styles_margin,<blank>,title_styles_margin,<blank>
42,1,title_styles_padding,<blank>,title_styles_padding,<blank>
43,1,title_styles_display,<blank>,title_styles_display,<blank>
44,1,title_styles_float,<blank>,title_styles_float,<blank>
45,1,title_styles_show_advanced_css,0,title_styles_show_advanced_css,0
46,1,title_styles_advanced,<blank>,title_styles_advanced,<blank>
47,1,row_styles_background-color,<blank>,row_styles_background-color,<blank>
48,1,row_styles_border,<blank>,row_styles_border,<blank>
49,1,row_styles_border-style,<blank>,row_styles_border-style,<blank>
50,1,row_styles_border-color,<blank>,row_styles_border-color,<blank>
51,1,row_styles_color,<blank>,row_styles_color,<blank>
52,1,row_styles_height,<blank>,row_styles_height,<blank>
53,1,row_styles_width,<blank>,row_styles_width,<blank>
54,1,row_styles_font-size,<blank>,row_styles_font-size,<blank>
55,1,row_styles_margin,<blank>,row_styles_margin,<blank>
56,1,row_styles_padding,<blank>,row_styles_padding,<blank>
57,1,row_styles_display,<blank>,row_styles_display,<blank>
58,1,row_styles_show_advanced_css,0,row_styles_show_advanced_css,0
59,1,row_styles_advanced,<blank>,row_styles_advanced,<blank>
60,1,row-odd_styles_background-color,<blank>,row-odd_styles_background-color,<blank>
61,1,row-odd_styles_border,<blank>,row-odd_styles_border,<blank>
62,1,row-odd_styles_border-style,<blank>,row-odd_styles_border-style,<blank>
63,1,row-odd_styles_border-color,<blank>,row-odd_styles_border-color,<blank>
64,1,row-odd_styles_color,<blank>,row-odd_styles_color,<blank>
65,1,row-odd_styles_height,<blank>,row-odd_styles_height,<blank>
66,1,row-odd_styles_width,<blank>,row-odd_styles_width,<blank>
67,1,row-odd_styles_font-size,<blank>,row-odd_styles_font-size,<blank>
68,1,row-odd_styles_margin,<blank>,row-odd_styles_margin,<blank>
69,1,row-odd_styles_padding,<blank>,row-odd_styles_padding,<blank>
70,1,row-odd_styles_display,<blank>,row-odd_styles_display,<blank>
71,1,row-odd_styles_show_advanced_css,0,row-odd_styles_show_advanced_css,0
72,1,row-odd_styles_advanced,<blank>,row-odd_styles_advanced,<blank>
73,1,success-msg_styles_background-color,<blank>,success-msg_styles_background-color,<blank>
74,1,success-msg_styles_border,<blank>,success-msg_styles_border,<blank>
75,1,success-msg_styles_border-style,<blank>,success-msg_styles_border-style,<blank>
76,1,success-msg_styles_border-color,<blank>,success-msg_styles_border-color,<blank>
77,1,success-msg_styles_color,<blank>,success-msg_styles_color,<blank>
78,1,success-msg_styles_height,<blank>,success-msg_styles_height,<blank>
79,1,success-msg_styles_width,<blank>,success-msg_styles_width,<blank>
80,1,success-msg_styles_font-size,<blank>,success-msg_styles_font-size,<blank>
81,1,success-msg_styles_margin,<blank>,success-msg_styles_margin,<blank>
82,1,success-msg_styles_padding,<blank>,success-msg_styles_padding,<blank>
83,1,success-msg_styles_display,<blank>,success-msg_styles_display,<blank>
84,1,success-msg_styles_show_advanced_css,0,success-msg_styles_show_advanced_css,0
85,1,success-msg_styles_advanced,<blank>,success-msg_styles_advanced,<blank>
86,1,error_msg_styles_background-color,<blank>,error_msg_styles_background-color,<blank>
87,1,error_msg_styles_border,<blank>,error_msg_styles_border,<blank>
88,1,error_msg_styles_border-style,<blank>,error_msg_styles_border-style,<blank>
89,1,error_msg_styles_border-color,<blank>,error_msg_styles_border-color,<blank>
90,1,error_msg_styles_color,<blank>,error_msg_styles_color,<blank>
91,1,error_msg_styles_height,<blank>,error_msg_styles_height,<blank>
92,1,error_msg_styles_width,<blank>,error_msg_styles_width,<blank>
93,1,error_msg_styles_font-size,<blank>,error_msg_styles_font-size,<blank>
94,1,error_msg_styles_margin,<blank>,error_msg_styles_margin,<blank>
95,1,error_msg_styles_padding,<blank>,error_msg_styles_padding,<blank>
96,1,error_msg_styles_display,<blank>,error_msg_styles_display,<blank>
97,1,error_msg_styles_show_advanced_css,0,error_msg_styles_show_advanced_css,0
98,1,error_msg_styles_advanced,<blank>,error_msg_styles_advanced,<blank>
99,2,title,Contact Me,title,Contact Me
100,2,key,<blank>,key,<blank>
101,2,created_at,2016-08-24 16:39:20,created_at,2016-08-24 16:39:20
102,2,default_label_pos,above,default_label_pos,above
103,2,conditions,a:0:{},conditions,a:0:{}
104,2,objectType,Form Setting,objectType,Form Setting
105,2,editActive,<blank>,editActive,<blank>
106,2,show_title,1,show_title,1
107,2,clear_complete,1,clear_complete,1
108,2,hide_complete,1,hide_complete,1
109,2,wrapper_class,<blank>,wrapper_class,<blank>
110,2,element_class,<blank>,element_class,<blank>
111,2,add_submit,1,add_submit,1
112,2,logged_in,0,logged_in,0
113,2,not_logged_in_msg,<blank>,not_logged_in_msg,<blank>
114,2,sub_limit_number,<blank>,sub_limit_number,<blank>
115,2,sub_limit_msg,<blank>,sub_limit_msg,<blank>
116,2,calculations,a:0:{},calculations,a:0:{}
117,2,formContentData,"a:4:{i:0;s:20:""nombre_1565123612918"";i:1;s:5:""email"";i:2;s:21:""mensaje_1565123628158"";i:3;s:20:""enviar_1565123633618"";}",formContentData,"a:4:{i:0;s:20:""nombre_1565123612918"";i:1;s:5:""email"";i:2;s:21:""mensaje_1565123628158"";i:3;s:20:""enviar_1565123633618"";}"
118,2,container_styles_background-color,<blank>,container_styles_background-color,<blank>
119,2,container_styles_border,<blank>,container_styles_border,<blank>
120,2,container_styles_border-style,<blank>,container_styles_border-style,<blank>
121,2,container_styles_border-color,<blank>,container_styles_border-color,<blank>
122,2,container_styles_color,<blank>,container_styles_color,<blank>
123,2,container_styles_height,<blank>,container_styles_height,<blank>
124,2,container_styles_width,<blank>,container_styles_width,<blank>
125,2,container_styles_font-size,<blank>,container_styles_font-size,<blank>
126,2,container_styles_margin,<blank>,container_styles_margin,<blank>
127,2,container_styles_padding,<blank>,container_styles_padding,<blank>
128,2,container_styles_display,<blank>,container_styles_display,<blank>
129,2,container_styles_float,<blank>,container_styles_float,<blank>
130,2,container_styles_show_advanced_css,0,container_styles_show_advanced_css,0
131,2,container_styles_advanced,<blank>,container_styles_advanced,<blank>
132,2,title_styles_background-color,<blank>,title_styles_background-color,<blank>
133,2,title_styles_border,<blank>,title_styles_border,<blank>
134,2,title_styles_border-style,<blank>,title_styles_border-style,<blank>
135,2,title_styles_border-color,<blank>,title_styles_border-color,<blank>
136,2,title_styles_color,<blank>,title_styles_color,<blank>
137,2,title_styles_height,<blank>,title_styles_height,<blank>
138,2,title_styles_width,<blank>,title_styles_width,<blank>
139,2,title_styles_font-size,<blank>,title_styles_font-size,<blank>
140,2,title_styles_margin,<blank>,title_styles_margin,<blank>
141,2,title_styles_padding,<blank>,title_styles_padding,<blank>
142,2,title_styles_display,<blank>,title_styles_display,<blank>
143,2,title_styles_float,<blank>,title_styles_float,<blank>
144,2,title_styles_show_advanced_css,0,title_styles_show_advanced_css,0
145,2,title_styles_advanced,<blank>,title_styles_advanced,<blank>
146,2,row_styles_background-color,<blank>,row_styles_background-color,<blank>
147,2,row_styles_border,<blank>,row_styles_border,<blank>
148,2,row_styles_border-style,<blank>,row_styles_border-style,<blank>
149,2,row_styles_border-color,<blank>,row_styles_border-color,<blank>
150,2,row_styles_color,<blank>,row_styles_color,<blank>
151,2,row_styles_height,<blank>,row_styles_height,<blank>
152,2,row_styles_width,<blank>,row_styles_width,<blank>
153,2,row_styles_font-size,<blank>,row_styles_font-size,<blank>
154,2,row_styles_margin,<blank>,row_styles_margin,<blank>
155,2,row_styles_padding,<blank>,row_styles_padding,<blank>
156,2,row_styles_display,<blank>,row_styles_display,<blank>
157,2,row_styles_show_advanced_css,0,row_styles_show_advanced_css,0
158,2,row_styles_advanced,<blank>,row_styles_advanced,<blank>
159,2,row-odd_styles_background-color,<blank>,row-odd_styles_background-color,<blank>
160,2,row-odd_styles_border,<blank>,row-odd_styles_border,<blank>
161,2,row-odd_styles_border-style,<blank>,row-odd_styles_border-style,<blank>
162,2,row-odd_styles_border-color,<blank>,row-odd_styles_border-color,<blank>
163,2,row-odd_styles_color,<blank>,row-odd_styles_color,<blank>
164,2,row-odd_styles_height,<blank>,row-odd_styles_height,<blank>
165,2,row-odd_styles_width,<blank>,row-odd_styles_width,<blank>
166,2,row-odd_styles_font-size,<blank>,row-odd_styles_font-size,<blank>
167,2,row-odd_styles_margin,<blank>,row-odd_styles_margin,<blank>
168,2,row-odd_styles_padding,<blank>,row-odd_styles_padding,<blank>
169,2,row-odd_styles_display,<blank>,row-odd_styles_display,<blank>
170,2,row-odd_styles_show_advanced_css,0,row-odd_styles_show_advanced_css,0
171,2,row-odd_styles_advanced,<blank>,row-odd_styles_advanced,<blank>
172,2,success-msg_styles_background-color,<blank>,success-msg_styles_background-color,<blank>
173,2,success-msg_styles_border,<blank>,success-msg_styles_border,<blank>
174,2,success-msg_styles_border-style,<blank>,success-msg_styles_border-style,<blank>
175,2,success-msg_styles_border-color,<blank>,success-msg_styles_border-color,<blank>
176,2,success-msg_styles_color,<blank>,success-msg_styles_color,<blank>
177,2,success-msg_styles_height,<blank>,success-msg_styles_height,<blank>
178,2,success-msg_styles_width,<blank>,success-msg_styles_width,<blank>
179,2,success-msg_styles_font-size,<blank>,success-msg_styles_font-size,<blank>
180,2,success-msg_styles_margin,<blank>,success-msg_styles_margin,<blank>
181,2,success-msg_styles_padding,<blank>,success-msg_styles_padding,<blank>
182,2,success-msg_styles_display,<blank>,success-msg_styles_display,<blank>
183,2,success-msg_styles_show_advanced_css,0,success-msg_styles_show_advanced_css,0
184,2,success-msg_styles_advanced,<blank>,success-msg_styles_advanced,<blank>
185,2,error_msg_styles_background-color,<blank>,error_msg_styles_background-color,<blank>
186,2,error_msg_styles_border,<blank>,error_msg_styles_border,<blank>
187,2,error_msg_styles_border-style,<blank>,error_msg_styles_border-style,<blank>
188,2,error_msg_styles_border-color,<blank>,error_msg_styles_border-color,<blank>
189,2,error_msg_styles_color,<blank>,error_msg_styles_color,<blank>
190,2,error_msg_styles_height,<blank>,error_msg_styles_height,<blank>
191,2,error_msg_styles_width,<blank>,error_msg_styles_width,<blank>
192,2,error_msg_styles_font-size,<blank>,error_msg_styles_font-size,<blank>
193,2,error_msg_styles_margin,<blank>,error_msg_styles_margin,<blank>
194,2,error_msg_styles_padding,<blank>,error_msg_styles_padding,<blank>
195,2,error_msg_styles_display,<blank>,error_msg_styles_display,<blank>
196,2,error_msg_styles_show_advanced_css,0,error_msg_styles_show_advanced_css,0
197,2,error_msg_styles_advanced,<blank>,error_msg_styles_advanced,<blank>
198,2,seq_num,NULL,seq_num,NULL
199,2,allow_public_link,0,allow_public_link,0
200,2,embed_form,<blank>,embed_form,<blank>
201,2,currency,<blank>,currency,<blank>
202,2,unique_field_error,A form with this value has already been submitted.,unique_field_error,A form with this value has already been submitted.
203,2,_seq_num,2,_seq_num,2

