user_id,umeta_id,meta_key,meta_value
2,22,nickname,cfe
2,23,first_name,cfe
2,24,last_name,cfe
2,25,description,<blank>
2,26,rich_editing,true
2,27,syntax_highlighting,true
2,28,comment_shortcuts,false
2,29,admin_color,fresh
2,30,use_ssl,0
2,31,show_admin_bar_front,true
2,32,locale,<blank>
2,33,wp_capabilities,"a:1:{s:10:""subscriber"";b:1;}"
2,34,wp_user_level,0
2,35,dismissed_wp_pointers,"wp496_privacy,theme_editor_notice,text_widget_custom_html,text_widget_paste_html"
2,37,wp_dashboard_quick_press_last_post_id,26359
2,38,community-events-location,"a:1:{s:2:""ip"";s:13:""189.223.145.0"";}"
2,39,wp_user-settings,libraryContent=upload&editor=tinymce&hidetb=1
2,40,wp_user-settings-time,1614974393
2,41,managenav-menuscolumnshidden,"a:5:{i:0;s:11:""link-target"";i:1;s:11:""css-classes"";i:2;s:3:""xfn"";i:3;s:11:""description"";i:4;s:15:""title-attribute"";}"
2,42,metaboxhidden_nav-menus,"a:1:{i:0;s:12:""add-post_tag"";}"
2,49,nav_menu_recently_edited,2
2,50,closedpostboxes_page,a:0:{}
2,51,metaboxhidden_page,a:0:{}
3,53,nickname,Poblacion
3,54,first_name,Población
3,55,last_name,Poblacion
3,56,description,<blank>
3,57,rich_editing,true
3,58,syntax_highlighting,true
3,59,comment_shortcuts,false
3,60,admin_color,blue
3,61,use_ssl,0
3,62,show_admin_bar_front,true
3,63,locale,<blank>
3,64,wp_capabilities,"a:1:{s:10:""subscriber"";b:1;}"
3,65,wp_user_level,0
3,66,dismissed_wp_pointers,"wp496_privacy,theme_editor_notice,plugin_editor_notice"
3,69,wp_dashboard_quick_press_last_post_id,21477
3,70,community-events-location,"a:1:{s:2:""ip"";s:9:""10.25.7.0"";}"
3,71,wp_user-settings,editor=tinymce&hidetb=0&uploader=1
3,72,wp_user-settings-time,1666115919
4,78,nickname,Economia
4,79,first_name,Economia
4,80,last_name,Economia
4,81,description,<blank>
4,82,rich_editing,true
4,83,syntax_highlighting,true
4,84,comment_shortcuts,false
4,85,admin_color,blue
4,86,use_ssl,0
4,87,show_admin_bar_front,true
4,88,locale,<blank>
4,89,wp_capabilities,"a:1:{s:10:""subscriber"";b:1;}"
4,90,wp_user_level,0
4,91,dismissed_wp_pointers,"wp496_privacy,theme_editor_notice,plugin_editor_notice"
4,94,wp_dashboard_quick_press_last_post_id,33609
4,95,community-events-location,"a:1:{s:2:""ip"";s:13:""201.131.132.0"";}"
5,97,nickname,Geografia
5,98,first_name,Geografia
5,99,last_name,Geografia
5,100,description,<blank>
5,101,rich_editing,true
5,102,syntax_highlighting,true
5,103,comment_shortcuts,false
5,104,admin_color,fresh
5,105,use_ssl,0
5,106,show_admin_bar_front,true
5,107,locale,es_MX
5,108,wp_capabilities,"a:1:{s:10:""subscriber"";b:1;}"
5,109,wp_user_level,0
5,110,dismissed_wp_pointers,wp496_privacy
5,112,wp_dashboard_quick_press_last_post_id,33614
5,113,community-events-location,"a:1:{s:2:""ip"";s:13:""177.249.205.0"";}"
6,115,nickname,Gobierno
6,116,first_name,Gobierno
6,117,last_name,Gobierno
6,118,description,<blank>
6,119,rich_editing,true
6,120,syntax_highlighting,true
6,121,comment_shortcuts,false
6,122,admin_color,fresh
6,123,use_ssl,0
6,124,show_admin_bar_front,true
6,125,locale,<blank>
6,126,wp_capabilities,"a:1:{s:10:""subscriber"";b:1;}"
6,127,wp_user_level,0
6,128,dismissed_wp_pointers,"wp496_privacy,theme_editor_notice"
6,130,wp_dashboard_quick_press_last_post_id,33611
6,131,community-events-location,"a:1:{s:2:""ip"";s:13:""201.131.132.0"";}"
4,133,wp_user-settings,editor=tinymce&libraryContent=browse&hidetb=1&editor_plain_text_paste_warning=2
4,134,wp_user-settings-time,1669651014
7,137,nickname,Administracion
7,138,first_name,Administracion
7,139,last_name,Administracion
7,140,description,<blank>
7,141,rich_editing,true
7,142,syntax_highlighting,true
7,143,comment_shortcuts,false
7,144,admin_color,fresh
7,145,use_ssl,0
7,146,show_admin_bar_front,true
7,147,locale,<blank>
7,148,wp_capabilities,"a:1:{s:10:""subscriber"";b:1;}"
7,149,wp_user_level,0
7,150,dismissed_wp_pointers,"wp496_privacy,theme_editor_notice"
8,151,nickname,Coordinacion
8,152,first_name,Coordinacion
8,153,last_name,Coordinacion
8,154,description,<blank>
8,155,rich_editing,true
8,156,syntax_highlighting,true
8,157,comment_shortcuts,false
8,158,admin_color,fresh
8,159,use_ssl,0
8,160,show_admin_bar_front,true
8,161,locale,<blank>
8,162,wp_capabilities,"a:1:{s:10:""subscriber"";b:1;}"
8,163,wp_user_level,0
8,164,dismissed_wp_pointers,"wp496_privacy,theme_editor_notice"
7,166,wp_dashboard_quick_press_last_post_id,21458
7,167,community-events-location,"a:1:{s:2:""ip"";s:13:""201.131.132.0"";}"
8,169,wp_dashboard_quick_press_last_post_id,21447
8,170,community-events-location,"a:1:{s:2:""ip"";s:13:""201.131.132.0"";}"
8,172,closedpostboxes_dashboard,a:0:{}
8,173,metaboxhidden_dashboard,a:0:{}
9,176,nickname,Planeacion
9,177,first_name,Planeacion
9,178,last_name,Planeacion
9,179,description,<blank>
9,180,rich_editing,true
9,181,syntax_highlighting,true
9,182,comment_shortcuts,false
9,183,admin_color,fresh
9,184,use_ssl,0
9,185,show_admin_bar_front,true
9,186,locale,<blank>
9,187,wp_capabilities,"a:1:{s:10:""subscriber"";b:1;}"
9,188,wp_user_level,0
9,189,dismissed_wp_pointers,wp496_privacy
9,190,session_tokens,"a:1:{s:64:""8c600d0ac587667b4142a17abfae38d880faa1b49c1453bb529e98f7514a97b8"";a:4:{s:10:""expiration"";i:1554393195;s:2:""ip"";s:15:""187.188.210.136"";s:2:""ua"";s:78:""Mozilla/5.0 (Windows NT 10.0; Win64; x64; rv:66.0) Gecko/20100101 Firefox/66.0"";s:5:""login"";i:1554220395;}}"
9,191,wp_dashboard_quick_press_last_post_id,361
9,192,community-events-location,"a:1:{s:2:""ip"";s:13:""187.188.210.0"";}"
5,195,closedpostboxes_page,a:0:{}
5,196,metaboxhidden_page,a:0:{}
5,197,wp_user-settings,editor=tinymce&hidetb=1&libraryContent=browse&advImgDetails=show&uploader=1&imgsize=thumbnail
5,198,wp_user-settings-time,1647441521
3,202,closedpostboxes_dashboard,a:0:{}
3,203,metaboxhidden_dashboard,a:0:{}
3,204,closedpostboxes_page,a:0:{}
3,205,metaboxhidden_page,a:0:{}
3,208,nav_menu_recently_edited,2
3,209,managenav-menuscolumnshidden,"a:5:{i:0;s:11:""link-target"";i:1;s:11:""css-classes"";i:2;s:3:""xfn"";i:3;s:11:""description"";i:4;s:15:""title-attribute"";}"
3,210,metaboxhidden_nav-menus,"a:1:{i:0;s:12:""add-post_tag"";}"
5,211,meta-box-order_page,"a:3:{s:6:""normal"";s:23:""supermag_sidebar_layout"";s:4:""side"";s:0:"""";s:8:""advanced"";s:0:"""";}"
4,212,closedpostboxes_page,a:0:{}
4,213,metaboxhidden_page,a:0:{}
8,215,meta-box-order_page,"a:3:{s:6:""normal"";s:16:""subtitle_metabox"";s:8:""advanced"";s:14:""twitter-custom"";s:4:""side"";s:20:""default_page_sidebar"";}"
8,217,closedpostboxes_page,a:0:{}
8,218,metaboxhidden_page,a:0:{}
6,220,closedpostboxes_page,"a:1:{i:0;s:14:""twitter-custom"";}"
6,221,metaboxhidden_page,a:0:{}
6,222,wp_user-settings,editor=tinymce&hidetb=1&libraryContent=browse
6,223,wp_user-settings-time,1669668450
8,225,nav_menu_recently_edited,2
8,226,managenav-menuscolumnshidden,"a:5:{i:0;s:11:""link-target"";i:1;s:11:""css-classes"";i:2;s:3:""xfn"";i:3;s:11:""description"";i:4;s:15:""title-attribute"";}"
8,227,metaboxhidden_nav-menus,"a:1:{i:0;s:12:""add-post_tag"";}"
6,229,nav_menu_recently_edited,2
6,230,managenav-menuscolumnshidden,"a:5:{i:0;s:11:""link-target"";i:1;s:11:""css-classes"";i:2;s:3:""xfn"";i:3;s:11:""description"";i:4;s:15:""title-attribute"";}"
6,231,metaboxhidden_nav-menus,"a:1:{i:0;s:12:""add-post_tag"";}"
6,232,meta-box-order_page,"a:3:{s:6:""normal"";s:23:""supermag_sidebar_layout"";s:4:""side"";s:0:"""";s:8:""advanced"";s:0:"""";}"
8,237,wp_user-settings,editor=tinymce&libraryContent=browse&hidetb=1&advImgDetails=show&imgsize=full&posts_list_mode=excerpt
8,238,wp_user-settings-time,1660338062
3,245,meta-box-order_page,"a:3:{s:6:""normal"";s:23:""supermag_sidebar_layout"";s:4:""side"";s:0:"""";s:8:""advanced"";s:0:"""";}"
2,249,meta-box-order_dashboard,"a:4:{s:6:""normal"";s:59:""dashboard_right_now,dashboard_activity,e-dashboard-overview"";s:4:""side"";s:34:""cerber_quick,dashboard_quick_press"";s:7:""column3"";s:17:""dashboard_primary"";s:7:""column4"";s:30:""monsterinsights_reports_widget"";}"
2,250,closedpostboxes_easy_charts,a:0:{}
2,251,metaboxhidden_easy_charts,"a:1:{i:0;s:7:""slugdiv"";}"
6,252,closedpostboxes_post,a:0:{}
6,253,metaboxhidden_post,a:0:{}
7,260,closedpostboxes_page,a:0:{}
7,261,metaboxhidden_page,a:0:{}
7,263,twitter,<blank>
7,264,periscope,<blank>
7,266,nav_menu_recently_edited,2
7,267,managenav-menuscolumnshidden,"a:5:{i:0;s:11:""link-target"";i:1;s:11:""css-classes"";i:2;s:3:""xfn"";i:3;s:11:""description"";i:4;s:15:""title-attribute"";}"
7,268,metaboxhidden_nav-menus,"a:5:{i:0;s:25:""add-post-type-ai1ec_event"";i:1;s:25:""add-post-type-graphs_lite"";i:2;s:12:""add-post_tag"";i:3;s:21:""add-events_categories"";i:4;s:15:""add-events_tags"";}"
2,274,wp_r_tru_u_x,"a:2:{s:2:""id"";i:0;s:7:""expires"";i:1559662636;}"
2,275,elementor_introduction,"a:1:{s:10:""rightClick"";b:1;}"
2,276,closedpostboxes_ai1ec_event,a:0:{}
2,277,metaboxhidden_ai1ec_event,"a:1:{i:0;s:7:""slugdiv"";}"
8,278,elementor_introduction,"a:1:{s:10:""rightClick"";b:1;}"
8,281,wp_r_tru_u_x,"a:2:{s:2:""id"";i:0;s:7:""expires"";i:1559838559;}"
6,286,elementor_introduction,"a:1:{s:10:""rightClick"";b:1;}"
3,290,elementor_introduction,"a:1:{s:10:""rightClick"";b:1;}"
5,294,elementor_introduction,"a:1:{s:10:""rightClick"";b:1;}"
4,297,elementor_introduction,"a:1:{s:10:""rightClick"";b:1;}"
8,300,closedpostboxes_ai1ec_event,a:0:{}
8,301,metaboxhidden_ai1ec_event,"a:1:{i:0;s:7:""slugdiv"";}"
6,302,wp_r_tru_u_x,"a:2:{s:2:""id"";i:0;s:7:""expires"";i:1560611901;}"
2,307,closedpostboxes_dashboard,"a:3:{i:0;s:20:""e-dashboard-overview"";i:1;s:21:""dashboard_quick_press"";i:2;s:17:""dashboard_primary"";}"
2,308,metaboxhidden_dashboard,a:0:{}
5,309,occupation,<blank>
5,310,twitter,<blank>
5,311,facebook,<blank>
5,312,google,<blank>
5,313,youtube,<blank>
5,314,flickr,<blank>
5,315,vimeo,<blank>
5,316,linkedin,<blank>
5,317,dribbble,<blank>
5,318,pinterest,<blank>
5,319,instagram,<blank>
5,320,periscope,<blank>
5,321,nav_menu_recently_edited,2
5,322,managenav-menuscolumnshidden,"a:5:{i:0;s:11:""link-target"";i:1;s:11:""css-classes"";i:2;s:3:""xfn"";i:3;s:11:""description"";i:4;s:15:""title-attribute"";}"
5,323,metaboxhidden_nav-menus,"a:7:{i:0;s:23:""add-post-type-portfolio"";i:1;s:25:""add-post-type-ai1ec_event"";i:2;s:25:""add-post-type-graphs_lite"";i:3;s:12:""add-post_tag"";i:4;s:18:""add-portfolio-type"";i:5;s:21:""add-events_categories"";i:6;s:15:""add-events_tags"";}"
2,330,elementor_admin_notices,"a:1:{s:16:""rate_us_feedback"";s:4:""true"";}"
4,341,session_tokens,"a:3:{s:64:""26a6ebe956693311163f71e14c102dd71f6b113c3324854985f0044a1d8304c6"";a:4:{s:10:""expiration"";i:1671034603;s:2:""ip"";s:10:""10.25.7.27"";s:2:""ua"";s:110:""Mozilla/5.0 (Windows NT 6.3; Win64; x64) AppleWebKit/537.36 (KHTML, like Gecko) Chrome/108.0.0.0 Safari/537.36"";s:5:""login"";i:1670861803;}s:64:""51ce7817e8deef0e96b9380573a5085f186ecd638e690df4eac0b0d4fd87d806"";a:4:{s:10:""expiration"";i:1671034701;s:2:""ip"";s:14:""201.131.132.19"";s:2:""ua"";s:80:""Mozilla/5.0 (Windows NT 10.0; Win64; x64; rv:107.0) Gecko/20100101 Firefox/107.0"";s:5:""login"";i:1670861901;}s:64:""2ae5a70018bff31b047a97c6b4d31bd4936ae98ab1e2d1e610300e2c83d49f75"";a:4:{s:10:""expiration"";i:1671049753;s:2:""ip"";s:14:""201.131.132.19"";s:2:""ua"";s:80:""Mozilla/5.0 (Windows NT 10.0; Win64; x64; rv:107.0) Gecko/20100101 Firefox/107.0"";s:5:""login"";i:1670876953;}}"
5,344,wp_r_tru_u_x,"a:2:{s:2:""id"";i:0;s:7:""expires"";i:1562702006;}"
7,355,wp_user-settings,editor=tinymce&uploader=1&libraryContent=browse&hidetb=1&mfold=o
7,356,wp_user-settings-time,1670868076
2,363,wp_nf_form_preview_2,"a:4:{s:2:""id"";i:2;s:8:""settings"";a:106:{s:10:""objectType"";s:12:""Form Setting"";s:10:""editActive"";s:0:"""";s:5:""title"";s:10:""Contact Me"";s:10:""created_at"";s:19:""2016-08-24 16:39:20"";s:10:""form_title"";s:10:""Contact Me"";s:17:""default_label_pos"";s:5:""above"";s:10:""show_title"";s:1:""1"";s:14:""clear_complete"";s:1:""1"";s:13:""hide_complete"";s:1:""1"";s:9:""logged_in"";s:1:""0"";s:3:""key"";s:0:"""";s:10:""conditions"";a:0:{}s:13:""wrapper_class"";s:0:"""";s:13:""element_class"";s:0:"""";s:10:""add_submit"";s:1:""1"";s:17:""not_logged_in_msg"";s:0:"""";s:16:""sub_limit_number"";s:0:"""";s:13:""sub_limit_msg"";s:0:"""";s:12:""calculations"";a:0:{}s:15:""formContentData"";a:4:{i:0;s:20:""nombre_1565123612918"";i:1;s:5:""email"";i:2;s:21:""mensaje_1565123628158"";i:3;s:20:""enviar_1565123633618"";}s:33:""container_styles_background-color"";s:0:"""";s:23:""container_styles_border"";s:0:"""";s:29:""container_styles_border-style"";s:0:"""";s:29:""container_styles_border-color"";s:0:"""";s:22:""container_styles_color"";s:0:"""";s:23:""container_styles_height"";s:0:"""";s:22:""container_styles_width"";s:0:"""";s:26:""container_styles_font-size"";s:0:"""";s:23:""container_styles_margin"";s:0:"""";s:24:""container_styles_padding"";s:0:"""";s:24:""container_styles_display"";s:0:"""";s:22:""container_styles_float"";s:0:"""";s:34:""container_styles_show_advanced_css"";s:1:""0"";s:25:""container_styles_advanced"";s:0:"""";s:29:""title_styles_background-color"";s:0:"""";s:19:""title_styles_border"";s:0:"""";s:25:""title_styles_border-style"";s:0:"""";s:25:""title_styles_border-color"";s:0:"""";s:18:""title_styles_color"";s:0:"""";s:19:""title_styles_height"";s:0:"""";s:18:""title_styles_width"";s:0:"""";s:22:""title_styles_font-size"";s:0:"""";s:19:""title_styles_margin"";s:0:"""";s:20:""title_styles_padding"";s:0:"""";s:20:""title_styles_display"";s:0:"""";s:18:""title_styles_float"";s:0:"""";s:30:""title_styles_show_advanced_css"";s:1:""0"";s:21:""title_styles_advanced"";s:0:"""";s:27:""row_styles_background-color"";s:0:"""";s:17:""row_styles_border"";s:0:"""";s:23:""row_styles_border-style"";s:0:"""";s:23:""row_styles_border-color"";s:0:"""";s:16:""row_styles_color"";s:0:"""";s:17:""row_styles_height"";s:0:"""";s:16:""row_styles_width"";s:0:"""";s:20:""row_styles_font-size"";s:0:"""";s:17:""row_styles_margin"";s:0:"""";s:18:""row_styles_padding"";s:0:"""";s:18:""row_styles_display"";s:0:"""";s:28:""row_styles_show_advanced_css"";s:1:""0"";s:19:""row_styles_advanced"";s:0:"""";s:31:""row-odd_styles_background-color"";s:0:"""";s:21:""row-odd_styles_border"";s:0:"""";s:27:""row-odd_styles_border-style"";s:0:"""";s:27:""row-odd_styles_border-color"";s:0:"""";s:20:""row-odd_styles_color"";s:0:"""";s:21:""row-odd_styles_height"";s:0:"""";s:20:""row-odd_styles_width"";s:0:"""";s:24:""row-odd_styles_font-size"";s:0:"""";s:21:""row-odd_styles_margin"";s:0:"""";s:22:""row-odd_styles_padding"";s:0:"""";s:22:""row-odd_styles_display"";s:0:"""";s:32:""row-odd_styles_show_advanced_css"";s:1:""0"";s:23:""row-odd_styles_advanced"";s:0:"""";s:35:""success-msg_styles_background-color"";s:0:"""";s:25:""success-msg_styles_border"";s:0:"""";s:31:""success-msg_styles_border-style"";s:0:"""";s:31:""success-msg_styles_border-color"";s:0:"""";s:24:""success-msg_styles_color"";s:0:"""";s:25:""success-msg_styles_height"";s:0:"""";s:24:""success-msg_styles_width"";s:0:"""";s:28:""success-msg_styles_font-size"";s:0:"""";s:25:""success-msg_styles_margin"";s:0:"""";s:26:""success-msg_styles_padding"";s:0:"""";s:26:""success-msg_styles_display"";s:0:"""";s:36:""success-msg_styles_show_advanced_css"";s:1:""0"";s:27:""success-msg_styles_advanced"";s:0:"""";s:33:""error_msg_styles_background-color"";s:0:"""";s:23:""error_msg_styles_border"";s:0:"""";s:29:""error_msg_styles_border-style"";s:0:"""";s:29:""error_msg_styles_border-color"";s:0:"""";s:22:""error_msg_styles_color"";s:0:"""";s:23:""error_msg_styles_height"";s:0:"""";s:22:""error_msg_styles_width"";s:0:"""";s:26:""error_msg_styles_font-size"";s:0:"""";s:23:""error_msg_styles_margin"";s:0:"""";s:24:""error_msg_styles_padding"";s:0:"""";s:24:""error_msg_styles_display"";s:0:"""";s:34:""error_msg_styles_show_advanced_css"";s:1:""0"";s:25:""error_msg_styles_advanced"";s:0:"""";s:17:""allow_public_link"";i:0;s:10:""embed_form"";s:19:""[ninja_form id='2']"";s:8:""currency"";s:0:"""";s:18:""unique_field_error"";s:50:""A form with this value has already been submitted."";s:11:""public_link"";s:44:""https://iieg.gob.mx/ns/?nf_public_link=2nf5i"";s:15:""public_link_key"";s:5:""2nf5i"";}s:6:""fields"";a:4:{i:5;a:1:{s:8:""settings"";a:74:{s:10:""objectType"";s:5:""Field"";s:12:""objectDomain"";s:6:""fields"";s:10:""editActive"";b:0;s:5:""order"";s:1:""1"";s:5:""label"";s:6:""Nombre"";s:3:""key"";s:20:""nombre_1565123612918"";s:4:""type"";s:7:""textbox"";s:10:""created_at"";s:19:""2016-08-24 16:39:20"";s:9:""label_pos"";s:5:""above"";s:8:""required"";s:1:""1"";s:11:""placeholder"";s:0:"""";s:7:""default"";s:0:"""";s:13:""wrapper_class"";s:0:"""";s:13:""element_class"";s:0:"""";s:15:""container_class"";s:0:"""";s:11:""input_limit"";s:0:"""";s:16:""input_limit_type"";s:10:""characters"";s:15:""input_limit_msg"";s:17:""Character(s) left"";s:10:""manual_key"";s:0:"""";s:13:""disable_input"";s:0:"""";s:11:""admin_label"";s:0:"""";s:9:""help_text"";s:0:"""";s:9:""desc_text"";s:0:"""";s:28:""disable_browser_autocomplete"";s:0:"""";s:4:""mask"";s:0:"""";s:11:""custom_mask"";s:0:"""";s:28:""wrap_styles_background-color"";s:0:"""";s:18:""wrap_styles_border"";s:0:"""";s:24:""wrap_styles_border-style"";s:0:"""";s:24:""wrap_styles_border-color"";s:0:"""";s:17:""wrap_styles_color"";s:0:"""";s:18:""wrap_styles_height"";s:0:"""";s:17:""wrap_styles_width"";s:0:"""";s:21:""wrap_styles_font-size"";s:0:"""";s:18:""wrap_styles_margin"";s:0:"""";s:19:""wrap_styles_padding"";s:0:"""";s:19:""wrap_styles_display"";s:0:"""";s:17:""wrap_styles_float"";s:0:"""";s:29:""wrap_styles_show_advanced_css"";s:1:""0"";s:20:""wrap_styles_advanced"";s:0:"""";s:29:""label_styles_background-color"";s:0:"""";s:19:""label_styles_border"";s:0:"""";s:25:""label_styles_border-style"";s:0:"""";s:25:""label_styles_border-color"";s:0:"""";s:18:""label_styles_color"";s:0:"""";s:19:""label_styles_height"";s:0:"""";s:18:""label_styles_width"";s:0:"""";s:22:""label_styles_font-size"";s:0:"""";s:19:""label_styles_margin"";s:0:"""";s:20:""label_styles_padding"";s:0:"""";s:20:""label_styles_display"";s:0:"""";s:18:""label_styles_float"";s:0:"""";s:30:""label_styles_show_advanced_css"";s:1:""0"";s:21:""label_styles_advanced"";s:0:"""";s:31:""element_styles_background-color"";s:0:"""";s:21:""element_styles_border"";s:0:"""";s:27:""element_styles_border-style"";s:0:"""";s:27:""element_styles_border-color"";s:0:"""";s:20:""element_styles_color"";s:0:"""";s:21:""element_styles_height"";s:0:"""";s:20:""element_styles_width"";s:0:"""";s:24:""element_styles_font-size"";s:0:"""";s:21:""element_styles_margin"";s:0:"""";s:22:""element_styles_padding"";s:0:"""";s:22:""element_styles_display"";s:0:"""";s:20:""element_styles_float"";s:0:"""";s:32:""element_styles_show_advanced_css"";s:1:""0"";s:23:""element_styles_advanced"";s:0:"""";s:7:""cellcid"";s:5:""c3277"";s:11:""field_label"";s:4:""Name"";s:9:""field_key"";s:4:""name"";s:21:""custom_name_attribute"";s:0:"""";s:23:""personally_identifiable"";s:0:"""";s:5:""value"";s:0:"""";}}i:6;a:1:{s:8:""settings"";a:66:{s:10:""objectType"";s:5:""Field"";s:12:""objectDomain"";s:6:""fields"";s:10:""editActive"";b:0;s:5:""order"";s:1:""2"";s:5:""label"";s:5:""Email"";s:3:""key"";s:5:""email"";s:4:""type"";s:5:""email"";s:10:""created_at"";s:19:""2016-08-24 16:39:20"";s:9:""label_pos"";s:5:""above"";s:8:""required"";s:1:""1"";s:11:""placeholder"";s:0:"""";s:7:""default"";s:0:"""";s:13:""wrapper_class"";s:0:"""";s:13:""element_class"";s:0:"""";s:15:""container_class"";s:0:"""";s:11:""admin_label"";s:0:"""";s:9:""help_text"";s:0:"""";s:9:""desc_text"";s:0:"""";s:28:""wrap_styles_background-color"";s:0:"""";s:18:""wrap_styles_border"";s:0:"""";s:24:""wrap_styles_border-style"";s:0:"""";s:24:""wrap_styles_border-color"";s:0:"""";s:17:""wrap_styles_color"";s:0:"""";s:18:""wrap_styles_height"";s:0:"""";s:17:""wrap_styles_width"";s:0:"""";s:21:""wrap_styles_font-size"";s:0:"""";s:18:""wrap_styles_margin"";s:0:"""";s:19:""wrap_styles_padding"";s:0:"""";s:19:""wrap_styles_display"";s:0:"""";s:17:""wrap_styles_float"";s:0:"""";s:29:""wrap_styles_show_advanced_css"";s:1:""0"";s:20:""wrap_styles_advanced"";s:0:"""";s:29:""label_styles_background-color"";s:0:"""";s:19:""label_styles_border"";s:0:"""";s:25:""label_styles_border-style"";s:0:"""";s:25:""label_styles_border-color"";s:0:"""";s:18:""label_styles_color"";s:0:"""";s:19:""label_styles_height"";s:0:"""";s:18:""label_styles_width"";s:0:"""";s:22:""label_styles_font-size"";s:0:"""";s:19:""label_styles_margin"";s:0:"""";s:20:""label_styles_padding"";s:0:"""";s:20:""label_styles_display"";s:0:"""";s:18:""label_styles_float"";s:0:"""";s:30:""label_styles_show_advanced_css"";s:1:""0"";s:21:""label_styles_advanced"";s:0:"""";s:31:""element_styles_background-color"";s:0:"""";s:21:""element_styles_border"";s:0:"""";s:27:""element_styles_border-style"";s:0:"""";s:27:""element_styles_border-color"";s:0:"""";s:20:""element_styles_color"";s:0:"""";s:21:""element_styles_height"";s:0:"""";s:20:""element_styles_width"";s:0:"""";s:24:""element_styles_font-size"";s:0:"""";s:21:""element_styles_margin"";s:0:"""";s:22:""element_styles_padding"";s:0:"""";s:22:""element_styles_display"";s:0:"""";s:20:""element_styles_float"";s:0:"""";s:32:""element_styles_show_advanced_css"";s:1:""0"";s:23:""element_styles_advanced"";s:0:"""";s:7:""cellcid"";s:5:""c3281"";s:11:""field_label"";s:5:""Email"";s:9:""field_key"";s:5:""email"";s:21:""custom_name_attribute"";s:5:""email"";s:23:""personally_identifiable"";s:1:""1"";s:5:""value"";s:0:"""";}}i:7;a:1:{s:8:""settings"";a:73:{s:10:""objectType"";s:5:""Field"";s:12:""objectDomain"";s:6:""fields"";s:10:""editActive"";b:0;s:5:""order"";s:1:""3"";s:5:""label"";s:7:""Mensaje"";s:3:""key"";s:21:""mensaje_1565123628158"";s:4:""type"";s:8:""textarea"";s:10:""created_at"";s:19:""2016-08-24 16:39:20"";s:9:""label_pos"";s:5:""above"";s:8:""required"";s:1:""1"";s:11:""placeholder"";s:0:"""";s:7:""default"";s:0:"""";s:13:""wrapper_class"";s:0:"""";s:13:""element_class"";s:0:"""";s:15:""container_class"";s:0:"""";s:11:""input_limit"";s:0:"""";s:16:""input_limit_type"";s:10:""characters"";s:15:""input_limit_msg"";s:17:""Character(s) left"";s:10:""manual_key"";s:0:"""";s:13:""disable_input"";s:0:"""";s:11:""admin_label"";s:0:"""";s:9:""help_text"";s:0:"""";s:9:""desc_text"";s:0:"""";s:28:""disable_browser_autocomplete"";s:0:"""";s:12:""textarea_rte"";s:0:"""";s:18:""disable_rte_mobile"";s:0:"""";s:14:""textarea_media"";s:0:"""";s:28:""wrap_styles_background-color"";s:0:"""";s:18:""wrap_styles_border"";s:0:"""";s:24:""wrap_styles_border-style"";s:0:"""";s:24:""wrap_styles_border-color"";s:0:"""";s:17:""wrap_styles_color"";s:0:"""";s:18:""wrap_styles_height"";s:0:"""";s:17:""wrap_styles_width"";s:0:"""";s:21:""wrap_styles_font-size"";s:0:"""";s:18:""wrap_styles_margin"";s:0:"""";s:19:""wrap_styles_padding"";s:0:"""";s:19:""wrap_styles_display"";s:0:"""";s:17:""wrap_styles_float"";s:0:"""";s:29:""wrap_styles_show_advanced_css"";s:1:""0"";s:20:""wrap_styles_advanced"";s:0:"""";s:29:""label_styles_background-color"";s:0:"""";s:19:""label_styles_border"";s:0:"""";s:25:""label_styles_border-style"";s:0:"""";s:25:""label_styles_border-color"";s:0:"""";s:18:""label_styles_color"";s:0:"""";s:19:""label_styles_height"";s:0:"""";s:18:""label_styles_width"";s:0:"""";s:22:""label_styles_font-size"";s:0:"""";s:19:""label_styles_margin"";s:0:"""";s:20:""label_styles_padding"";s:0:"""";s:20:""label_styles_display"";s:0:"""";s:18:""label_styles_float"";s:0:"""";s:30:""label_styles_show_advanced_css"";s:1:""0"";s:21:""label_styles_advanced"";s:0:"""";s:31:""element_styles_background-color"";s:0:"""";s:21:""element_styles_border"";s:0:"""";s:27:""element_styles_border-style"";s:0:"""";s:27:""element_styles_border-color"";s:0:"""";s:20:""element_styles_color"";s:0:"""";s:21:""element_styles_height"";s:0:"""";s:20:""element_styles_width"";s:0:"""";s:24:""element_styles_font-size"";s:0:"""";s:21:""element_styles_margin"";s:0:"""";s:22:""element_styles_padding"";s:0:"""";s:22:""element_styles_display"";s:0:"""";s:20:""element_styles_float"";s:0:"""";s:32:""element_styles_show_advanced_css"";s:1:""0"";s:23:""element_styles_advanced"";s:0:"""";s:7:""cellcid"";s:5:""c3284"";s:11:""field_label"";s:7:""Message"";s:9:""field_key"";s:7:""message"";s:5:""value"";s:0:"""";}}i:8;a:1:{s:8:""settings"";a:71:{s:10:""objectType"";s:5:""Field"";s:12:""objectDomain"";s:6:""fields"";s:10:""editActive"";b:0;s:5:""order"";s:1:""5"";s:5:""label"";s:6:""Enviar"";s:3:""key"";s:20:""enviar_1565123633618"";s:4:""type"";s:6:""submit"";s:10:""created_at"";s:19:""2016-08-24 16:39:20"";s:16:""processing_label"";s:10:""Procesando"";s:15:""container_class"";s:0:"""";s:13:""element_class"";s:0:"""";s:28:""wrap_styles_background-color"";s:0:"""";s:18:""wrap_styles_border"";s:0:"""";s:24:""wrap_styles_border-style"";s:0:"""";s:24:""wrap_styles_border-color"";s:0:"""";s:17:""wrap_styles_color"";s:0:"""";s:18:""wrap_styles_height"";s:0:"""";s:17:""wrap_styles_width"";s:0:"""";s:21:""wrap_styles_font-size"";s:0:"""";s:18:""wrap_styles_margin"";s:0:"""";s:19:""wrap_styles_padding"";s:0:"""";s:19:""wrap_styles_display"";s:0:"""";s:17:""wrap_styles_float"";s:0:"""";s:29:""wrap_styles_show_advanced_css"";s:1:""0"";s:20:""wrap_styles_advanced"";s:0:"""";s:29:""label_styles_background-color"";s:0:"""";s:19:""label_styles_border"";s:0:"""";s:25:""label_styles_border-style"";s:0:"""";s:25:""label_styles_border-color"";s:0:"""";s:18:""label_styles_color"";s:0:"""";s:19:""label_styles_height"";s:0:"""";s:18:""label_styles_width"";s:0:"""";s:22:""label_styles_font-size"";s:0:"""";s:19:""label_styles_margin"";s:0:"""";s:20:""label_styles_padding"";s:0:"""";s:20:""label_styles_display"";s:0:"""";s:18:""label_styles_float"";s:0:"""";s:30:""label_styles_show_advanced_css"";s:1:""0"";s:21:""label_styles_advanced"";s:0:"""";s:31:""element_styles_background-color"";s:0:"""";s:21:""element_styles_border"";s:0:"""";s:27:""element_styles_border-style"";s:0:"""";s:27:""element_styles_border-color"";s:0:"""";s:20:""element_styles_color"";s:0:"""";s:21:""element_styles_height"";s:0:"""";s:20:""element_styles_width"";s:0:"""";s:24:""element_styles_font-size"";s:0:"""";s:21:""element_styles_margin"";s:0:"""";s:22:""element_styles_padding"";s:0:"""";s:22:""element_styles_display"";s:0:"""";s:20:""element_styles_float"";s:0:"""";s:32:""element_styles_show_advanced_css"";s:1:""0"";s:23:""element_styles_advanced"";s:0:"""";s:44:""submit_element_hover_styles_background-color"";s:0:"""";s:34:""submit_element_hover_styles_border"";s:0:"""";s:40:""submit_element_hover_styles_border-style"";s:0:"""";s:40:""submit_element_hover_styles_border-color"";s:0:"""";s:33:""submit_element_hover_styles_color"";s:0:"""";s:34:""submit_element_hover_styles_height"";s:0:"""";s:33:""submit_element_hover_styles_width"";s:0:"""";s:37:""submit_element_hover_styles_font-size"";s:0:"""";s:34:""submit_element_hover_styles_margin"";s:0:"""";s:35:""submit_element_hover_styles_padding"";s:0:"""";s:35:""submit_element_hover_styles_display"";s:0:"""";s:33:""submit_element_hover_styles_float"";s:0:"""";s:45:""submit_element_hover_styles_show_advanced_css"";s:1:""0"";s:36:""submit_element_hover_styles_advanced"";s:0:"""";s:7:""cellcid"";s:5:""c3287"";s:11:""field_label"";s:6:""Submit"";s:9:""field_key"";s:6:""submit"";s:14:""drawerDisabled"";b:0;}}}s:7:""actions"";a:4:{i:5;a:1:{s:8:""settings"";a:32:{s:5:""title"";s:0:"""";s:3:""key"";s:0:"""";s:4:""type"";s:4:""save"";s:6:""active"";s:1:""1"";s:10:""created_at"";s:19:""2016-08-24 16:39:20"";s:5:""label"";s:16:""Store Submission"";s:10:""objectType"";s:6:""Action"";s:12:""objectDomain"";s:7:""actions"";s:10:""editActive"";b:0;s:10:""conditions"";a:6:{s:9:""collapsed"";s:0:"""";s:7:""process"";s:1:""1"";s:9:""connector"";s:3:""all"";s:4:""when"";a:1:{i:0;a:6:{s:9:""connector"";s:3:""AND"";s:3:""key"";s:0:"""";s:10:""comparator"";s:0:"""";s:5:""value"";s:0:"""";s:4:""type"";s:5:""field"";s:9:""modelType"";s:4:""when"";}}s:4:""then"";a:1:{i:0;a:5:{s:3:""key"";s:0:"""";s:7:""trigger"";s:0:"""";s:5:""value"";s:0:"""";s:4:""type"";s:5:""field"";s:9:""modelType"";s:4:""then"";}}s:4:""else"";a:0:{}}s:16:""payment_gateways"";s:0:"""";s:13:""payment_total"";s:1:""0"";s:3:""tag"";s:0:"""";s:2:""to"";s:16:""{wp:admin_email}"";s:13:""email_subject"";s:34:""Presentación de formularios ninja"";s:13:""email_message"";s:14:""{fields_table}"";s:9:""from_name"";s:0:"""";s:12:""from_address"";s:0:"""";s:8:""reply_to"";s:0:"""";s:12:""email_format"";s:4:""html"";s:2:""cc"";s:0:"""";s:3:""bcc"";s:0:"""";s:10:""attach_csv"";s:0:"""";s:12:""redirect_url"";s:0:"""";s:19:""email_message_plain"";s:0:"""";s:9:""parent_id"";s:1:""2"";s:7:""message"";s:160:""This action adds users to WordPress' personal data export tool, allowing admins to comply with the GDPR and other privacy regulations from the site's front end."";s:15:""submitter_email"";s:0:"""";s:18:""fields-save-toggle"";s:8:""save_all"";s:16:""exception_fields"";a:0:{}s:18:""set_subs_to_expire"";i:0;s:16:""subs_expire_time"";s:2:""90"";}}i:8;a:1:{s:8:""settings"";a:34:{s:5:""title"";s:0:"""";s:3:""key"";s:0:"""";s:4:""type"";s:14:""successmessage"";s:6:""active"";s:1:""1"";s:10:""created_at"";s:19:""2016-08-24 16:39:20"";s:5:""label"";s:15:""Success Message"";s:7:""message"";s:63:""Thank you {field:nombre_1565123612918} for filling out my form!"";s:10:""objectType"";s:6:""Action"";s:12:""objectDomain"";s:7:""actions"";s:10:""editActive"";b:0;s:10:""conditions"";a:6:{s:9:""collapsed"";s:0:"""";s:7:""process"";s:1:""1"";s:9:""connector"";s:3:""all"";s:4:""when"";a:1:{i:0;a:6:{s:9:""connector"";s:3:""AND"";s:3:""key"";s:0:"""";s:10:""comparator"";s:0:"""";s:5:""value"";s:0:"""";s:4:""type"";s:5:""field"";s:9:""modelType"";s:4:""when"";}}s:4:""then"";a:1:{i:0;a:5:{s:3:""key"";s:0:"""";s:7:""trigger"";s:0:"""";s:5:""value"";s:0:"""";s:4:""type"";s:5:""field"";s:9:""modelType"";s:4:""then"";}}s:4:""else"";a:0:{}}s:16:""payment_gateways"";s:0:"""";s:13:""payment_total"";s:1:""0"";s:3:""tag"";s:0:"""";s:2:""to"";s:16:""{wp:admin_email}"";s:13:""email_subject"";s:34:""Presentación de formularios ninja"";s:13:""email_message"";s:14:""{fields_table}"";s:9:""from_name"";s:0:"""";s:12:""from_address"";s:0:"""";s:8:""reply_to"";s:0:"""";s:12:""email_format"";s:4:""html"";s:2:""cc"";s:0:"""";s:3:""bcc"";s:0:"""";s:10:""attach_csv"";s:0:"""";s:12:""redirect_url"";s:0:"""";s:11:""success_msg"";s:99:""<p>Formulario enviado con éxito</p><p>Un mensaje de confirmación fue enviado a {field:email}.</p>"";s:19:""email_message_plain"";s:0:"""";s:9:""parent_id"";s:1:""2"";s:15:""submitter_email"";s:0:"""";s:18:""fields-save-toggle"";s:8:""save_all"";s:16:""exception_fields"";a:0:{}s:18:""set_subs_to_expire"";i:0;s:16:""subs_expire_time"";s:2:""90"";s:14:""drawerDisabled"";b:0;}}i:6;a:1:{s:8:""settings"";a:28:{s:5:""title"";s:0:"""";s:3:""key"";s:0:"""";s:4:""type"";s:5:""email"";s:6:""active"";s:1:""1"";s:10:""created_at"";s:19:""2016-08-24 16:39:20"";s:5:""label"";s:18:""Email Confirmation"";s:2:""to"";s:13:""{field:email}"";s:7:""subject"";s:24:""This is an email action."";s:7:""message"";s:19:""Hello, Ninja Forms!"";s:10:""objectType"";s:6:""Action"";s:12:""objectDomain"";s:7:""actions"";s:10:""editActive"";b:0;s:10:""conditions"";a:6:{s:9:""collapsed"";s:0:"""";s:7:""process"";s:1:""1"";s:9:""connector"";s:3:""all"";s:4:""when"";a:0:{}s:4:""then"";a:1:{i:0;a:5:{s:3:""key"";s:0:"""";s:7:""trigger"";s:0:"""";s:5:""value"";s:0:"""";s:4:""type"";s:5:""field"";s:9:""modelType"";s:4:""then"";}}s:4:""else"";a:0:{}}s:16:""payment_gateways"";s:0:"""";s:13:""payment_total"";s:1:""0"";s:3:""tag"";s:0:"""";s:13:""email_subject"";s:24:""Submission Confirmation "";s:13:""email_message"";s:29:""<p>{all_fields_table}<br></p>"";s:9:""from_name"";s:0:"""";s:12:""from_address"";s:0:"""";s:8:""reply_to"";s:0:"""";s:12:""email_format"";s:4:""html"";s:2:""cc"";s:0:"""";s:3:""bcc"";s:0:"""";s:10:""attach_csv"";s:0:"""";s:19:""email_message_plain"";s:0:"""";s:9:""parent_id"";s:1:""2"";s:14:""drawerDisabled"";b:0;}}i:7;a:1:{s:8:""settings"";a:27:{s:5:""title"";s:0:"""";s:3:""key"";s:0:"""";s:4:""type"";s:5:""email"";s:6:""active"";s:1:""1"";s:10:""created_at"";s:19:""2016-08-24 16:47:39"";s:5:""label"";s:18:""Email Notification"";s:10:""objectType"";s:6:""Action"";s:12:""objectDomain"";s:7:""actions"";s:10:""editActive"";b:0;s:10:""conditions"";a:6:{s:9:""collapsed"";s:0:"""";s:7:""process"";s:1:""1"";s:9:""connector"";s:3:""all"";s:4:""when"";a:1:{i:0;a:6:{s:9:""connector"";s:3:""AND"";s:3:""key"";s:0:"""";s:10:""comparator"";s:0:"""";s:5:""value"";s:0:"""";s:4:""type"";s:5:""field"";s:9:""modelType"";s:4:""when"";}}s:4:""then"";a:1:{i:0;a:5:{s:3:""key"";s:0:"""";s:7:""trigger"";s:0:"""";s:5:""value"";s:0:"""";s:4:""type"";s:5:""field"";s:9:""modelType"";s:4:""then"";}}s:4:""else"";a:0:{}}s:16:""payment_gateways"";s:0:"""";s:13:""payment_total"";s:1:""0"";s:3:""tag"";s:0:"""";s:2:""to"";s:20:""{system:admin_email}"";s:13:""email_subject"";s:45:""New message from {field:nombre_1565123612918}"";s:13:""email_message"";s:90:""<p>{field:mensaje_1565123628158}</p><p>-{field:nombre_1565123612918} ( {field:email} )</p>"";s:9:""from_name"";s:0:"""";s:12:""from_address"";s:0:"""";s:8:""reply_to"";s:13:""{field:email}"";s:12:""email_format"";s:4:""html"";s:2:""cc"";s:0:"""";s:3:""bcc"";s:0:"""";s:10:""attach_csv"";s:1:""0"";s:19:""email_message_plain"";s:0:"""";s:9:""parent_id"";s:1:""2"";s:7:""message"";s:160:""This action adds users to WordPress' personal data delete tool, allowing admins to comply with the GDPR and other privacy regulations from the site's front end."";s:14:""drawerDisabled"";b:0;}}}}"
2,371,closedpostboxes_attachment,a:0:{}
2,372,metaboxhidden_attachment,"a:4:{i:0;s:16:""commentstatusdiv"";i:1;s:11:""commentsdiv"";i:2;s:7:""slugdiv"";i:3;s:9:""authordiv"";}"
2,378,wp_media_library_mode,list
2,385,meta-box-order_page,"a:3:{s:6:""normal"";s:36:""subtitle_metabox,pagefeature_metabox"";s:8:""advanced"";s:14:""twitter-custom"";s:4:""side"";s:22:""template_page_settings"";}"
4,392,occupation,<blank>
4,393,twitter,<blank>
4,394,facebook,<blank>
4,395,google,<blank>
4,396,youtube,<blank>
4,397,flickr,<blank>
4,398,vimeo,<blank>
4,399,linkedin,<blank>
4,400,dribbble,<blank>
4,401,pinterest,<blank>
4,402,instagram,<blank>
4,403,periscope,<blank>
4,404,nav_menu_recently_edited,2
4,405,managenav-menuscolumnshidden,"a:5:{i:0;s:11:""link-target"";i:1;s:11:""css-classes"";i:2;s:3:""xfn"";i:3;s:11:""description"";i:4;s:15:""title-attribute"";}"
4,406,metaboxhidden_nav-menus,"a:7:{i:0;s:23:""add-post-type-portfolio"";i:1;s:25:""add-post-type-ai1ec_event"";i:2;s:25:""add-post-type-graphs_lite"";i:3;s:12:""add-post_tag"";i:4;s:18:""add-portfolio-type"";i:5;s:21:""add-events_categories"";i:6;s:15:""add-events_tags"";}"
4,413,meta-box-order_page,"a:3:{s:6:""normal"";s:36:""subtitle_metabox,pagefeature_metabox"";s:8:""advanced"";s:14:""twitter-custom"";s:4:""side"";s:22:""template_page_settings"";}"
3,418,wp_r_tru_u_x,"a:2:{s:2:""id"";i:0;s:7:""expires"";i:1576100453;}"
4,419,wp_r_tru_u_x,"a:2:{s:2:""id"";i:0;s:7:""expires"";i:1576362053;}"
6,468,meta-box-order_post,"a:3:{s:6:""normal"";s:51:""post_metabox,post_video_metabox,virtue_post_gallery"";s:8:""advanced"";s:14:""twitter-custom"";s:4:""side"";s:0:"""";}"
7,477,elementor_introduction,"a:1:{s:10:""rightClick"";b:1;}"
12,501,nickname,martha.diaz
12,502,first_name,Martha A.
12,503,last_name,Díaz Núñez
12,504,description,<blank>
12,505,rich_editing,true
12,506,syntax_highlighting,true
12,507,comment_shortcuts,false
12,508,admin_color,fresh
12,509,use_ssl,0
12,510,show_admin_bar_front,true
12,511,locale,<blank>
12,512,wp_capabilities,"a:1:{s:13:""administrator"";b:1;}"
12,513,wp_user_level,10
12,514,dismissed_wp_pointers,wp496_privacy
12,516,wp_dashboard_quick_press_last_post_id,33692
12,517,community-events-location,"a:1:{s:2:""ip"";s:9:""10.25.7.0"";}"
3,520,elementor_admin_notices,"a:1:{s:16:""rate_us_feedback"";s:4:""true"";}"
3,521,show_welcome_panel,0
6,526,wp_media_library_mode,list
7,529,wp_media_library_mode,grid
12,531,elementor_admin_notices,"a:1:{s:16:""rate_us_feedback"";s:4:""true"";}"
2,532,session_tokens,"a:1:{s:64:""8a361fbe821371f24fbd6ed20b8bb68582244a18e0ac5325e4ad764599f220de"";a:4:{s:10:""expiration"";i:1669544555;s:2:""ip"";s:15:""189.223.145.194"";s:2:""ua"";s:129:""Mozilla/5.0 (Windows NT 10.0; Win64; x64) AppleWebKit/537.36 (KHTML, like Gecko) Chrome/107.0.0.0 Safari/537.36 Edg/107.0.1418.56"";s:5:""login"";i:1669371755;}}"
8,535,edit_elementor_library_per_page,20
8,536,closedpostboxes_elementor_library,"a:1:{i:0;s:9:""submitdiv"";}"
8,537,metaboxhidden_elementor_library,a:0:{}
4,564,closedpostboxes_attachment,a:0:{}
4,565,metaboxhidden_attachment,"a:4:{i:0;s:16:""commentstatusdiv"";i:1;s:11:""commentsdiv"";i:2;s:7:""slugdiv"";i:3;s:9:""authordiv"";}"
12,567,elementor_introduction,"a:1:{s:10:""rightClick"";b:1;}"
12,569,wp_user-settings,editor=html
12,570,wp_user-settings-time,1656434021
4,577,closedpostboxes_dashboard,"a:1:{i:0;s:20:""e-dashboard-overview"";}"
4,578,metaboxhidden_dashboard,a:0:{}
3,601,wp_media_library_mode,grid
7,614,session_tokens,"a:2:{s:64:""368d9f30c0b2751b10a3e0d1e93b62a1b55ab1228fbcd4e7feab10ab13b693e8"";a:4:{s:10:""expiration"";i:1671040668;s:2:""ip"";s:14:""201.131.132.19"";s:2:""ua"";s:111:""Mozilla/5.0 (Windows NT 10.0; Win64; x64) AppleWebKit/537.36 (KHTML, like Gecko) Chrome/108.0.0.0 Safari/537.36"";s:5:""login"";i:1670867868;}s:64:""966ef59109358aa137f6c763bf4e20c72db1496044d16d66e192ef2bc07780d2"";a:4:{s:10:""expiration"";i:1671115483;s:2:""ip"";s:15:""187.213.240.210"";s:2:""ua"";s:111:""Mozilla/5.0 (Windows NT 10.0; Win64; x64) AppleWebKit/537.36 (KHTML, like Gecko) Chrome/108.0.0.0 Safari/537.36"";s:5:""login"";i:1670942683;}}"
13,618,nickname,wadminw
13,619,first_name,wadminw
13,620,last_name,<blank>
13,621,description,<blank>
13,622,rich_editing,true
13,623,syntax_highlighting,true
13,624,comment_shortcuts,false
13,625,admin_color,fresh
13,626,use_ssl,0
13,627,show_admin_bar_front,true
13,628,locale,<blank>
13,629,wp_capabilities,"a:1:{s:13:""administrator"";b:1;}"
13,630,wp_user_level,10
13,631,dismissed_wp_pointers,"wp496_privacy,theme_editor_notice,plugin_editor_notice"
6,633,session_tokens,"a:1:{s:64:""6e5f441a403de95b0b2928ea327dc1eea28f02052817ca9d60ab6f2123002500"";a:4:{s:10:""expiration"";i:1671035100;s:2:""ip"";s:15:""187.213.240.210"";s:2:""ua"";s:124:""Mozilla/5.0 (Windows NT 10.0; Win64; x64) AppleWebKit/537.36 (KHTML, like Gecko) Chrome/107.0.0.0 Safari/537.36 OPR/93.0.0.0"";s:5:""login"";i:1670862300;}}"
13,635,wp_dashboard_quick_press_last_post_id,33277
13,636,community-events-location,"a:1:{s:2:""ip"";s:13:""189.223.145.0"";}"
13,640,wp_user-settings,uploader=1
13,641,wp_user-settings-time,1669353225
13,642,closedpostboxes_attachment,a:0:{}
13,643,metaboxhidden_attachment,"a:4:{i:0;s:16:""commentstatusdiv"";i:1;s:11:""commentsdiv"";i:2;s:7:""slugdiv"";i:3;s:9:""authordiv"";}"
13,644,wp_media_library_mode,list
13,645,session_tokens,"a:1:{s:64:""c696cbe9815e932b4f5ed961432907e7dd36e716febdca669b75852652cb207c"";a:4:{s:10:""expiration"";i:1669544655;s:2:""ip"";s:15:""189.223.145.194"";s:2:""ua"";s:129:""Mozilla/5.0 (Windows NT 10.0; Win64; x64) AppleWebKit/537.36 (KHTML, like Gecko) Chrome/107.0.0.0 Safari/537.36 Edg/107.0.1418.56"";s:5:""login"";i:1669371855;}}"
14,647,nickname,adminIIEG
14,648,first_name,Administrador
14,649,last_name,Instituto de Información Estadística y Geográfica
14,650,description,<blank>
14,651,rich_editing,true
14,652,syntax_highlighting,true
14,653,comment_shortcuts,false
14,654,admin_color,fresh
14,655,use_ssl,0
14,656,show_admin_bar_front,true
14,657,locale,<blank>
14,658,wp_capabilities,"a:1:{s:13:""administrator"";b:1;}"
14,659,wp_user_level,10
14,660,dismissed_wp_pointers,wp496_privacy
15,661,nickname,carlos.garibaldi
15,662,first_name,Carlos Eduardo
15,663,last_name,Garibaldi Castillo
15,664,description,<blank>
15,665,rich_editing,true
15,666,syntax_highlighting,true
15,667,comment_shortcuts,false
15,668,admin_color,blue
15,669,use_ssl,0
15,670,show_admin_bar_front,true
15,671,locale,<blank>
15,672,wp_capabilities,"a:1:{s:6:""editor"";b:1;}"
15,673,wp_user_level,7
15,674,dismissed_wp_pointers,wp496_privacy
16,675,nickname,rodolfo.perez
16,676,first_name,Rodolfo
16,677,last_name,Perez Castellanos
16,678,description,<blank>
16,679,rich_editing,true
16,680,syntax_highlighting,true
16,681,comment_shortcuts,false
16,682,admin_color,fresh
16,683,use_ssl,0
16,684,show_admin_bar_front,true
16,685,locale,<blank>
16,686,wp_capabilities,"a:1:{s:13:""administrator"";b:1;}"
16,687,wp_user_level,10
16,688,dismissed_wp_pointers,wp496_privacy
17,689,nickname,susana.galindo
17,690,first_name,Susana
17,691,last_name,Galindo Zamora
17,692,description,<blank>
17,693,rich_editing,true
17,694,syntax_highlighting,true
17,695,comment_shortcuts,false
17,696,admin_color,fresh
17,697,use_ssl,0
17,698,show_admin_bar_front,true
17,699,locale,<blank>
17,700,wp_capabilities,"a:1:{s:10:""subscriber"";b:1;}"
17,701,wp_user_level,0
17,702,dismissed_wp_pointers,wp496_privacy
15,703,occupation,<blank>
15,704,twitter,<blank>
15,705,facebook,<blank>
15,706,google,<blank>
15,707,youtube,<blank>
15,708,flickr,<blank>
15,709,vimeo,<blank>
15,710,linkedin,<blank>
15,711,dribbble,<blank>
15,712,pinterest,<blank>
15,713,instagram,<blank>
15,714,periscope,<blank>
16,715,occupation,<blank>
16,716,twitter,<blank>
16,717,facebook,<blank>
16,718,google,<blank>
16,719,youtube,<blank>
16,720,flickr,<blank>
16,721,vimeo,<blank>
16,722,linkedin,<blank>
16,723,dribbble,<blank>
16,724,pinterest,<blank>
16,725,instagram,<blank>
16,726,periscope,<blank>
17,727,occupation,<blank>
17,728,twitter,<blank>
17,729,facebook,<blank>
17,730,google,<blank>
17,731,youtube,<blank>
17,732,flickr,<blank>
17,733,vimeo,<blank>
17,734,linkedin,<blank>
17,735,dribbble,<blank>
17,736,pinterest,<blank>
17,737,instagram,<blank>
17,738,periscope,<blank>
18,739,nickname,roberto.galindo
18,740,first_name,Roberto
18,741,last_name,Galindo Acosta
18,742,description,<blank>
18,743,rich_editing,true
18,744,syntax_highlighting,true
18,745,comment_shortcuts,false
18,746,admin_color,fresh
18,747,use_ssl,0
18,748,show_admin_bar_front,true
18,749,locale,<blank>
18,750,wp_capabilities,"a:1:{s:6:""editor"";b:1;}"
18,751,wp_user_level,7
18,752,dismissed_wp_pointers,wp496_privacy
18,753,occupation,<blank>
18,754,twitter,<blank>
18,755,facebook,<blank>
18,756,google,<blank>
18,757,youtube,<blank>
18,758,flickr,<blank>
18,759,vimeo,<blank>
18,760,linkedin,<blank>
18,761,dribbble,<blank>
18,762,pinterest,<blank>
18,763,instagram,<blank>
18,764,periscope,<blank>
19,765,nickname,miguel.gonzalez
19,766,first_name,Miguel Angel
19,767,last_name,González Favila
19,768,description,<blank>
19,769,rich_editing,true
19,770,syntax_highlighting,true
19,771,comment_shortcuts,false
19,772,admin_color,fresh
19,773,use_ssl,0
19,774,show_admin_bar_front,true
19,775,locale,<blank>
19,776,wp_capabilities,"a:1:{s:6:""editor"";b:1;}"
19,777,wp_user_level,7
19,778,dismissed_wp_pointers,wp496_privacy
19,779,occupation,<blank>
19,780,twitter,<blank>
19,781,facebook,<blank>
19,782,google,<blank>
19,783,youtube,<blank>
19,784,flickr,<blank>
19,785,vimeo,<blank>
19,786,linkedin,<blank>
19,787,dribbble,<blank>
19,788,pinterest,<blank>
19,789,instagram,<blank>
19,790,periscope,<blank>
20,791,nickname,juan.deltoro
20,792,first_name,Juan José
20,793,last_name,Del Toro Madrueño
20,794,description,<blank>
20,795,rich_editing,true
20,796,syntax_highlighting,true
20,797,comment_shortcuts,false
20,798,admin_color,fresh
20,799,use_ssl,0
20,800,show_admin_bar_front,true
20,801,locale,<blank>
20,802,wp_capabilities,"a:1:{s:6:""editor"";b:1;}"
20,803,wp_user_level,7
20,804,dismissed_wp_pointers,wp496_privacy
20,805,occupation,<blank>
20,806,twitter,<blank>
20,807,facebook,<blank>
20,808,google,<blank>
20,809,youtube,<blank>
20,810,flickr,<blank>
20,811,vimeo,<blank>
20,812,linkedin,<blank>
20,813,dribbble,<blank>
20,814,pinterest,<blank>
20,815,instagram,<blank>
20,816,periscope,<blank>
21,817,nickname,alejandra.delatorre
21,818,first_name,María Alejandra
21,819,last_name,De La Torre Martínez
21,820,description,<blank>
21,821,rich_editing,true
21,822,syntax_highlighting,true
21,823,comment_shortcuts,false
21,824,admin_color,fresh
21,825,use_ssl,0
21,826,show_admin_bar_front,true
21,827,locale,<blank>
21,828,wp_capabilities,"a:1:{s:6:""editor"";b:1;}"
21,829,wp_user_level,7
21,830,dismissed_wp_pointers,wp496_privacy
21,831,occupation,<blank>
21,832,twitter,<blank>
21,833,facebook,<blank>
21,834,google,<blank>
21,835,youtube,<blank>
21,836,flickr,<blank>
21,837,vimeo,<blank>
21,838,linkedin,<blank>
21,839,dribbble,<blank>
21,840,pinterest,<blank>
21,841,instagram,<blank>
21,842,periscope,<blank>
22,843,nickname,conrado.romo
22,844,first_name,Conrado
22,845,last_name,Romo García
22,846,description,<blank>
22,847,rich_editing,true
22,848,syntax_highlighting,true
22,849,comment_shortcuts,false
22,850,admin_color,fresh
22,851,use_ssl,0
22,852,show_admin_bar_front,true
22,853,locale,<blank>
22,854,wp_capabilities,"a:1:{s:6:""editor"";b:1;}"
22,855,wp_user_level,7
22,856,dismissed_wp_pointers,wp496_privacy
22,857,occupation,<blank>
22,858,twitter,<blank>
22,859,facebook,<blank>
22,860,google,<blank>
22,861,youtube,<blank>
22,862,flickr,<blank>
22,863,vimeo,<blank>
22,864,linkedin,<blank>
22,865,dribbble,<blank>
22,866,pinterest,<blank>
22,867,instagram,<blank>
22,868,periscope,<blank>
23,869,nickname,olivia.pena
23,870,first_name,Bertha Olivia
23,871,last_name,Peña Quevedo
23,872,description,<blank>
23,873,rich_editing,true
23,874,syntax_highlighting,true
23,875,comment_shortcuts,false
23,876,admin_color,fresh
23,877,use_ssl,0
23,878,show_admin_bar_front,true
23,879,locale,<blank>
23,880,wp_capabilities,"a:1:{s:6:""editor"";b:1;}"
23,881,wp_user_level,7
23,882,dismissed_wp_pointers,wp496_privacy
23,883,occupation,<blank>
23,884,twitter,<blank>
23,885,facebook,<blank>
23,886,google,<blank>
23,887,youtube,<blank>
23,888,flickr,<blank>
23,889,vimeo,<blank>
23,890,linkedin,<blank>
23,891,dribbble,<blank>
23,892,pinterest,<blank>
23,893,instagram,<blank>
23,894,periscope,<blank>
24,895,nickname,edgar.cossio
24,896,first_name,Edgar Gonzalo
24,897,last_name,Cossio Franco
24,898,description,<blank>
24,899,rich_editing,true
24,900,syntax_highlighting,true
24,901,comment_shortcuts,false
24,902,admin_color,fresh
24,903,use_ssl,0
24,904,show_admin_bar_front,true
24,905,locale,<blank>
24,906,wp_capabilities,"a:1:{s:6:""editor"";b:1;}"
24,907,wp_user_level,7
24,908,dismissed_wp_pointers,wp496_privacy
25,909,nickname,santiago.ruiz
25,910,first_name,Santiago
25,911,last_name,Ruiz Bastida
25,912,description,<blank>
25,913,rich_editing,true
25,914,syntax_highlighting,true
25,915,comment_shortcuts,false
25,916,admin_color,fresh
25,917,use_ssl,0
25,918,show_admin_bar_front,true
25,919,locale,<blank>
25,920,wp_capabilities,"a:1:{s:6:""editor"";b:1;}"
25,921,wp_user_level,7
25,922,dismissed_wp_pointers,wp496_privacy
25,923,occupation,<blank>
25,924,twitter,<blank>
25,925,facebook,<blank>
25,926,google,<blank>
25,927,youtube,<blank>
25,928,flickr,<blank>
25,929,vimeo,<blank>
25,930,linkedin,<blank>
25,931,dribbble,<blank>
25,932,pinterest,<blank>
25,933,instagram,<blank>
25,934,periscope,<blank>
26,935,nickname,gabriela.lara
26,936,first_name,Gabriela
26,937,last_name,Lara Garza
26,938,description,<blank>
26,939,rich_editing,true
26,940,syntax_highlighting,true
26,941,comment_shortcuts,false
26,942,admin_color,fresh
26,943,use_ssl,0
26,944,show_admin_bar_front,true
26,945,locale,<blank>
26,946,wp_capabilities,"a:1:{s:6:""editor"";b:1;}"
26,947,wp_user_level,7
26,948,dismissed_wp_pointers,wp496_privacy
27,949,nickname,alejandra.elias
27,950,first_name,Alejandra
27,951,last_name,Elias Muñoz
27,952,description,<blank>
27,953,rich_editing,true
27,954,syntax_highlighting,true
27,955,comment_shortcuts,false
27,956,admin_color,fresh
27,957,use_ssl,0
27,958,show_admin_bar_front,true
27,959,locale,<blank>
27,960,wp_capabilities,"a:1:{s:6:""editor"";b:1;}"
27,961,wp_user_level,7
27,962,dismissed_wp_pointers,wp496_privacy
3,965,occupation,<blank>
3,966,twitter,<blank>
3,967,facebook,<blank>
3,968,google,<blank>
3,969,youtube,<blank>
3,970,flickr,<blank>
3,971,vimeo,<blank>
3,972,linkedin,<blank>
3,973,dribbble,<blank>
3,974,pinterest,<blank>
3,975,instagram,<blank>
3,976,periscope,<blank>
2,977,occupation,<blank>
2,978,twitter,<blank>
2,979,facebook,<blank>
2,980,google,<blank>
2,981,youtube,<blank>
2,982,flickr,<blank>
2,983,vimeo,<blank>
2,984,linkedin,<blank>
2,985,dribbble,<blank>
2,986,pinterest,<blank>
2,987,instagram,<blank>
2,988,periscope,<blank>
28,989,nickname,monica.garcia
28,990,first_name,Mónica Nyxahtziri
28,991,last_name,García Rangel
28,992,description,<blank>
28,993,rich_editing,true
28,994,syntax_highlighting,true
28,995,comment_shortcuts,false
28,996,admin_color,fresh
28,997,use_ssl,0
28,998,show_admin_bar_front,true
28,999,locale,<blank>
28,1000,wp_capabilities,"a:1:{s:6:""editor"";b:1;}"
28,1001,wp_user_level,7
28,1002,dismissed_wp_pointers,wp496_privacy
29,1003,nickname,raquel.robles
29,1004,first_name,Raquel
29,1005,last_name,Robles Bonilla
29,1006,description,<blank>
29,1007,rich_editing,true
29,1008,syntax_highlighting,true
29,1009,comment_shortcuts,false
29,1010,admin_color,fresh
29,1011,use_ssl,0
29,1012,show_admin_bar_front,true
29,1013,locale,<blank>
29,1014,wp_capabilities,"a:1:{s:6:""editor"";b:1;}"
29,1015,wp_user_level,7
29,1016,dismissed_wp_pointers,wp496_privacy
19,1017,session_tokens,"a:1:{s:64:""5f28961d10d400e9a6045dc359944326d6855fefc9c5d0abef3b26a06f934aef"";a:4:{s:10:""expiration"";i:1682026625;s:2:""ip"";s:15:""201.131.134.200"";s:2:""ua"";s:80:""Mozilla/5.0 (Windows NT 10.0; Win64; x64; rv:109.0) Gecko/20100101 Firefox/112.0"";s:5:""login"";i:1681853825;}}"
19,1018,wp_dashboard_quick_press_last_post_id,35815
19,1019,community-events-location,"a:1:{s:2:""ip"";s:13:""201.131.134.0"";}"
23,1021,wp_dashboard_quick_press_last_post_id,38455
23,1022,community-events-location,"a:1:{s:2:""ip"";s:9:""10.25.7.0"";}"
15,1023,session_tokens,"a:1:{s:64:""5c5d1c2beab6d545b3c9f9e0c814d7d428c08e7446ccd3feed9595972944ea75"";a:4:{s:10:""expiration"";i:1696437051;s:2:""ip"";s:15:""201.131.132.200"";s:2:""ua"";s:111:""Mozilla/5.0 (Windows NT 10.0; Win64; x64) AppleWebKit/537.36 (KHTML, like Gecko) Chrome/116.0.0.0 Safari/537.36"";s:5:""login"";i:1695227451;}}"
15,1024,wp_dashboard_quick_press_last_post_id,38527
15,1025,community-events-location,"a:1:{s:2:""ip"";s:13:""201.131.132.0"";}"
26,1027,wp_dashboard_quick_press_last_post_id,38481
26,1028,community-events-location,"a:1:{s:2:""ip"";s:13:""201.131.132.0"";}"
15,1029,wp_user-settings,editor=tinymce
15,1030,wp_user-settings-time,1670968326
18,1032,wp_dashboard_quick_press_last_post_id,38510
18,1033,community-events-location,"a:1:{s:2:""ip"";s:13:""201.131.132.0"";}"
29,1034,session_tokens,"a:1:{s:64:""946749807ba2546c11c08ef046d8eebc8c96d143e05bf5fab291b133d62e833a"";a:4:{s:10:""expiration"";i:1694902506;s:2:""ip"";s:15:""201.131.132.200"";s:2:""ua"";s:111:""Mozilla/5.0 (Windows NT 10.0; Win64; x64) AppleWebKit/537.36 (KHTML, like Gecko) Chrome/116.0.0.0 Safari/537.36"";s:5:""login"";i:1694729706;}}"
29,1035,wp_dashboard_quick_press_last_post_id,38497
29,1036,community-events-location,"a:1:{s:2:""ip"";s:13:""201.131.132.0"";}"
18,1037,wp_user-settings,editor=tinymce&libraryContent=browse&hidetb=1
18,1038,wp_user-settings-time,1695052308
19,1039,wp_user-settings,libraryContent=browse&editor=tinymce&hidetb=1
19,1040,wp_user-settings-time,1680288452
17,1041,session_tokens,"a:1:{s:64:""0216ca11da61d49ea8815254c692a143c4ad1311cccb799253786232b9496ce1"";a:4:{s:10:""expiration"";i:1676044390;s:2:""ip"";s:15:""201.131.132.200"";s:2:""ua"";s:111:""Mozilla/5.0 (Windows NT 10.0; Win64; x64) AppleWebKit/537.36 (KHTML, like Gecko) Chrome/109.0.0.0 Safari/537.36"";s:5:""login"";i:1675871590;}}"
17,1042,wp_dashboard_quick_press_last_post_id,34334
17,1043,community-events-location,"a:1:{s:2:""ip"";s:13:""201.131.132.0"";}"
17,1044,wp_user-settings,editor=tinymce&libraryContent=browse
17,1045,wp_user-settings-time,1671044047
14,1046,occupation,<blank>
14,1047,twitter,<blank>
14,1048,facebook,<blank>
14,1049,google,<blank>
14,1050,youtube,<blank>
14,1051,flickr,<blank>
14,1052,vimeo,<blank>
14,1053,linkedin,<blank>
14,1054,dribbble,<blank>
14,1055,pinterest,<blank>
14,1056,instagram,<blank>
14,1057,periscope,<blank>
14,1058,session_tokens,"a:1:{s:64:""f33e8ffdf7cf4e0911cf5f1fd7e5b94f1b0e3ee4a35540eddf14a6ac4553b017"";a:4:{s:10:""expiration"";i:1694542303;s:2:""ip"";s:10:""10.25.7.10"";s:2:""ua"";s:117:""Mozilla/5.0 (Macintosh; Intel Mac OS X 10_15_7) AppleWebKit/537.36 (KHTML, like Gecko) Chrome/116.0.0.0 Safari/537.36"";s:5:""login"";i:1693332703;}}"
14,1059,wp_dashboard_quick_press_last_post_id,38274
14,1060,community-events-location,"a:1:{s:2:""ip"";s:9:""10.25.7.0"";}"
7,1061,occupation,<blank>
7,1062,facebook,<blank>
7,1063,google,<blank>
7,1064,youtube,<blank>
7,1065,flickr,<blank>
7,1066,vimeo,<blank>
7,1067,linkedin,<blank>
7,1068,dribbble,<blank>
7,1069,pinterest,<blank>
7,1070,instagram,<blank>
8,1071,occupation,<blank>
8,1072,twitter,<blank>
8,1073,facebook,<blank>
8,1074,google,<blank>
8,1075,youtube,<blank>
8,1076,flickr,<blank>
8,1077,vimeo,<blank>
8,1078,linkedin,<blank>
8,1079,dribbble,<blank>
8,1080,pinterest,<blank>
8,1081,instagram,<blank>
8,1082,periscope,<blank>
6,1083,occupation,<blank>
6,1084,twitter,<blank>
6,1085,facebook,<blank>
6,1086,google,<blank>
6,1087,youtube,<blank>
6,1088,flickr,<blank>
6,1089,vimeo,<blank>
6,1090,linkedin,<blank>
6,1091,dribbble,<blank>
6,1092,pinterest,<blank>
6,1093,instagram,<blank>
6,1094,periscope,<blank>
9,1095,occupation,<blank>
9,1096,twitter,<blank>
9,1097,facebook,<blank>
9,1098,google,<blank>
9,1099,youtube,<blank>
9,1100,flickr,<blank>
9,1101,vimeo,<blank>
9,1102,linkedin,<blank>
9,1103,dribbble,<blank>
9,1104,pinterest,<blank>
9,1105,instagram,<blank>
9,1106,periscope,<blank>
12,1107,occupation,<blank>
12,1108,twitter,<blank>
12,1109,facebook,<blank>
12,1110,google,<blank>
12,1111,youtube,<blank>
12,1112,flickr,<blank>
12,1113,vimeo,<blank>
12,1114,linkedin,<blank>
12,1115,dribbble,<blank>
12,1116,pinterest,<blank>
12,1117,instagram,<blank>
12,1118,periscope,<blank>
23,1119,wp_user-settings,libraryContent=browse&editor=tinymce&hidetb=1
23,1120,wp_user-settings-time,1693509732
16,1122,session_tokens,"a:2:{s:64:""379922354af373728499ffbd07915231e8bd5b432a48ca26052b9f7b9dc5f3fe"";a:4:{s:10:""expiration"";i:1695240133;s:2:""ip"";s:15:""201.131.132.200"";s:2:""ua"";s:111:""Mozilla/5.0 (Windows NT 10.0; Win64; x64) AppleWebKit/537.36 (KHTML, like Gecko) Chrome/116.0.0.0 Safari/537.36"";s:5:""login"";i:1695067333;}s:64:""f3f2a06eccac3d64465f50850b1a5224760d9bc0b4d2ddb8107893629d5e5008"";a:4:{s:10:""expiration"";i:1695240133;s:2:""ip"";s:15:""201.131.132.200"";s:2:""ua"";s:111:""Mozilla/5.0 (Windows NT 10.0; Win64; x64) AppleWebKit/537.36 (KHTML, like Gecko) Chrome/116.0.0.0 Safari/537.36"";s:5:""login"";i:1695067333;}}"
16,1123,wp_dashboard_quick_press_last_post_id,38473
16,1124,community-events-location,"a:1:{s:2:""ip"";s:13:""201.131.132.0"";}"
16,1125,elementor_introduction,"a:1:{s:10:""rightClick"";b:1;}"
26,1128,wp_user-settings,editor=tinymce&hidetb=1&libraryContent=browse
26,1129,wp_user-settings-time,1692306504
16,1133,wp_user-settings,libraryContent=browse&editor=tinymce&uploader=1
16,1134,wp_user-settings-time,1685984244
29,1141,wp_user-settings,editor=tinymce&libraryContent=browse
29,1142,wp_user-settings-time,1675111953
19,1145,elementor_introduction,"a:1:{s:10:""rightClick"";b:1;}"
26,1146,closedpostboxes_page,"a:1:{i:0;s:14:""twitter-custom"";}"
26,1147,metaboxhidden_page,a:0:{}
26,1148,meta-box-order_page,"a:3:{s:6:""normal"";s:16:""subtitle_metabox"";s:8:""advanced"";s:14:""twitter-custom"";s:4:""side"";s:20:""default_page_sidebar"";}"
24,1150,wp_dashboard_quick_press_last_post_id,38344
24,1151,community-events-location,"a:1:{s:2:""ip"";s:9:""10.25.6.0"";}"
24,1152,wp_user-settings,editor=tinymce&libraryContent=browse&hidetb=1
24,1153,wp_user-settings-time,1693521344
21,1155,wp_dashboard_quick_press_last_post_id,35657
21,1156,community-events-location,"a:1:{s:2:""ip"";s:9:""10.25.7.0"";}"
14,1157,elementor_admin_notices,"a:1:{s:16:""rate_us_feedback"";s:4:""true"";}"
16,1159,wp_media_library_mode,list
29,1162,elementor_introduction,"a:1:{s:10:""rightClick"";b:1;}"
23,1172,elementor_introduction,"a:1:{s:10:""rightClick"";b:1;}"
26,1178,elementor_introduction,"a:1:{s:10:""rightClick"";b:1;}"
28,1190,wp_dashboard_quick_press_last_post_id,37625
28,1191,community-events-location,"a:1:{s:2:""ip"";s:9:""10.25.7.0"";}"
28,1192,wp_user-settings,editor=tinymce&hidetb=1
28,1193,wp_user-settings-time,1692205593
14,1203,wp_user-settings,editor=tinymce&libraryContent=browse
14,1204,wp_user-settings-time,1691781692
14,1205,elementor_introduction,"a:1:{s:10:""rightClick"";b:1;}"
16,1206,nav_menu_recently_edited,2
16,1207,managenav-menuscolumnshidden,"a:5:{i:0;s:11:""link-target"";i:1;s:11:""css-classes"";i:2;s:3:""xfn"";i:3;s:11:""description"";i:4;s:15:""title-attribute"";}"
16,1208,metaboxhidden_nav-menus,"a:7:{i:0;s:23:""add-post-type-portfolio"";i:1;s:25:""add-post-type-ai1ec_event"";i:2;s:25:""add-post-type-graphs_lite"";i:3;s:12:""add-post_tag"";i:4;s:18:""add-portfolio-type"";i:5;s:21:""add-events_categories"";i:6;s:15:""add-events_tags"";}"
21,1216,session_tokens,"a:1:{s:64:""39a1468c7a9c02ff34aab2727d2dbfacdfb46b1a8b797bb4ed8405fa814bbabc"";a:4:{s:10:""expiration"";i:1679765293;s:2:""ip"";s:10:""10.25.7.41"";s:2:""ua"";s:111:""Mozilla/5.0 (Windows NT 10.0; Win64; x64) AppleWebKit/537.36 (KHTML, like Gecko) Chrome/111.0.0.0 Safari/537.36"";s:5:""login"";i:1679592493;}}"
21,1221,wp_user-settings,editor=tinymce&libraryContent=browse
21,1222,wp_user-settings-time,1678890922
20,1223,session_tokens,"a:1:{s:64:""59e60ee64cd9c6f000adfa4e6cfcb74852a57ab7f1a35970b47451c1b52b9b45"";a:4:{s:10:""expiration"";i:1685127987;s:2:""ip"";s:15:""201.131.134.200"";s:2:""ua"";s:111:""Mozilla/5.0 (Windows NT 10.0; Win64; x64) AppleWebKit/537.36 (KHTML, like Gecko) Chrome/113.0.0.0 Safari/537.36"";s:5:""login"";i:1683918387;}}"
20,1224,wp_dashboard_quick_press_last_post_id,36221
20,1225,community-events-location,"a:1:{s:2:""ip"";s:13:""201.131.134.0"";}"
20,1226,wp_user-settings,editor=tinymce&libraryContent=browse
20,1227,wp_user-settings-time,1680203923
22,1232,session_tokens,"a:1:{s:64:""c87153873bd5e2c456dbfddee7934b69d52a5bfbd9c6d823bb1355bfec0d9e03"";a:4:{s:10:""expiration"";i:1689266851;s:2:""ip"";s:10:""10.25.7.53"";s:2:""ua"";s:124:""Mozilla/5.0 (Windows NT 10.0; Win64; x64) AppleWebKit/537.36 (KHTML, like Gecko) Chrome/113.0.0.0 Safari/537.36 OPR/99.0.0.0"";s:5:""login"";i:1689094051;}}"
22,1233,wp_dashboard_quick_press_last_post_id,36965
22,1234,community-events-location,"a:1:{s:2:""ip"";s:9:""10.25.7.0"";}"
14,1236,nav_menu_recently_edited,2
14,1237,managenav-menuscolumnshidden,"a:5:{i:0;s:11:""link-target"";i:1;s:11:""css-classes"";i:2;s:3:""xfn"";i:3;s:11:""description"";i:4;s:15:""title-attribute"";}"
14,1238,metaboxhidden_nav-menus,"a:7:{i:0;s:23:""add-post-type-portfolio"";i:1;s:25:""add-post-type-ai1ec_event"";i:2;s:25:""add-post-type-graphs_lite"";i:3;s:12:""add-post_tag"";i:4;s:18:""add-portfolio-type"";i:5;s:21:""add-events_categories"";i:6;s:15:""add-events_tags"";}"
30,1241,nickname,guadalupe.plascencia
30,1242,first_name,Guadalupe
30,1243,last_name,Plascencia
30,1244,description,<blank>
30,1245,rich_editing,true
30,1246,syntax_highlighting,true
30,1247,comment_shortcuts,false
30,1248,admin_color,fresh
30,1249,use_ssl,0
30,1250,show_admin_bar_front,true
30,1251,locale,<blank>
30,1252,wp_capabilities,"a:1:{s:13:""administrator"";b:1;}"
30,1253,wp_user_level,10
30,1254,dismissed_wp_pointers,wp496_privacy
18,1259,session_tokens,"a:2:{s:64:""bced626618a040ccee0d32f8fbe016f51a9ed42cf7256910469f1db0d1663e81"";a:4:{s:10:""expiration"";i:1695225112;s:2:""ip"";s:15:""201.131.132.200"";s:2:""ua"";s:80:""Mozilla/5.0 (Windows NT 10.0; Win64; x64; rv:109.0) Gecko/20100101 Firefox/117.0"";s:5:""login"";i:1695052312;}s:64:""0fa9ae555b62cafef5ec4c88ca1ffcd7076c1a96beb95f5d233d4417c7f85797"";a:4:{s:10:""expiration"";i:1695314254;s:2:""ip"";s:15:""201.131.132.200"";s:2:""ua"";s:80:""Mozilla/5.0 (Windows NT 10.0; Win64; x64; rv:109.0) Gecko/20100101 Firefox/117.0"";s:5:""login"";i:1695141454;}}"
24,1262,elementor_admin_notices,"a:1:{s:16:""rate_us_feedback"";s:4:""true"";}"
24,1264,elementor_introduction,"a:1:{s:10:""rightClick"";b:1;}"
31,1271,nickname,magnolia.lara
31,1272,first_name,Jocelyn Magnolia
31,1273,last_name,Lara Quintero
31,1274,description,<blank>
31,1275,rich_editing,true
31,1276,syntax_highlighting,true
31,1277,comment_shortcuts,false
31,1278,admin_color,fresh
31,1279,use_ssl,0
31,1280,show_admin_bar_front,true
31,1281,locale,<blank>
31,1282,wp_capabilities,"a:1:{s:6:""editor"";b:1;}"
31,1283,wp_user_level,7
31,1284,dismissed_wp_pointers,wp496_privacy
32,1285,nickname,arturo.carrillo
32,1286,first_name,Arturo
32,1287,last_name,Carrillo Villarreal
32,1288,description,<blank>
32,1289,rich_editing,true
32,1290,syntax_highlighting,true
32,1291,comment_shortcuts,false
32,1292,admin_color,fresh
32,1293,use_ssl,0
32,1294,show_admin_bar_front,true
32,1295,locale,<blank>
32,1296,wp_capabilities,"a:1:{s:6:""editor"";b:1;}"
32,1297,wp_user_level,7
32,1298,dismissed_wp_pointers,wp496_privacy
32,1300,community-events-location,"a:1:{s:2:""ip"";s:13:""201.131.132.0"";}"
32,1301,wp_user-settings,mfold=f&editor=tinymce&libraryContent=browse&hidetb=1
32,1302,wp_user-settings-time,1687449339
32,1310,occupation,<blank>
32,1311,twitter,<blank>
32,1312,facebook,<blank>
32,1313,google,<blank>
32,1314,youtube,<blank>
32,1315,flickr,<blank>
32,1316,vimeo,<blank>
32,1317,linkedin,<blank>
32,1318,dribbble,<blank>
32,1319,pinterest,<blank>
32,1320,instagram,<blank>
32,1321,periscope,<blank>
31,1322,occupation,<blank>
31,1323,twitter,<blank>
31,1324,facebook,<blank>
31,1325,google,<blank>
31,1326,youtube,<blank>
31,1327,flickr,<blank>
31,1328,vimeo,<blank>
31,1329,linkedin,<blank>
31,1330,dribbble,<blank>
31,1331,pinterest,<blank>
31,1332,instagram,<blank>
31,1333,periscope,<blank>
32,1334,wp_dashboard_quick_press_last_post_id,38425
20,1335,elementor_admin_notices,"a:1:{s:16:""rate_us_feedback"";s:4:""true"";}"
18,1343,elementor_introduction,"a:1:{s:10:""rightClick"";b:1;}"
32,1351,elementor_introduction,"a:1:{s:10:""rightClick"";b:1;}"
22,1375,elementor_introduction,"a:1:{s:10:""rightClick"";b:1;}"
31,1390,session_tokens,"a:1:{s:64:""3411e8cb8294b561672cee32f451af1e7517c230a80830711169b3245d12f43c"";a:4:{s:10:""expiration"";i:1692126427;s:2:""ip"";s:10:""10.25.7.19"";s:2:""ua"";s:111:""Mozilla/5.0 (Windows NT 10.0; Win64; x64) AppleWebKit/537.36 (KHTML, like Gecko) Chrome/115.0.0.0 Safari/537.36"";s:5:""login"";i:1690916827;}}"
31,1391,wp_dashboard_quick_press_last_post_id,37293
31,1392,community-events-location,"a:1:{s:2:""ip"";s:9:""10.25.7.0"";}"
28,1419,closedpostboxes_post,a:0:{}
28,1420,metaboxhidden_post,a:0:{}
28,1424,elementor_introduction,"a:1:{s:10:""rightClick"";b:1;}"
32,1438,session_tokens,"a:1:{s:64:""7674ee29e04760c17ecc7e5d516bfed23ab32d7a0cfc13ade56b4522e7fa49d5"";a:4:{s:10:""expiration"";i:1694632725;s:2:""ip"";s:15:""201.131.132.200"";s:2:""ua"";s:111:""Mozilla/5.0 (Windows NT 10.0; Win64; x64) AppleWebKit/537.36 (KHTML, like Gecko) Chrome/116.0.0.0 Safari/537.36"";s:5:""login"";i:1694459925;}}"
29,1441,wp_media_library_mode,grid
23,1447,session_tokens,"a:1:{s:64:""c992dad52580b1c4557c9375406dcca7e2988f42f856dfc08a1c9a207417aedd"";a:4:{s:10:""expiration"";i:1694977148;s:2:""ip"";s:10:""10.25.7.48"";s:2:""ua"";s:111:""Mozilla/5.0 (Windows NT 10.0; Win64; x64) AppleWebKit/537.36 (KHTML, like Gecko) Chrome/116.0.0.0 Safari/537.36"";s:5:""login"";i:1694804348;}}"

