ID,user_url,user_pass,user_email,user_login,user_status,display_name,user_nicename,user_registered,user_activation_key
2,<blank>,$P$BK7N4uOOXHvp5aoWz8LFCoNOIJciYQ0,kofrran@hotmail.com,cfe,0,cfe cfe,cfe,2019-03-12 18:19:34,<blank>
3,<blank>,$P$BEQ96tguaqWGOieno88H0WmM4aqMgM.,pys@mail.com,Poblacion,0,Poblacion,poblacion,2019-03-14 18:50:39,1595020085:$P$BSJ01HPMVjIpw18fU6pwk/lYvgwloL0
4,http://Economia,$P$B1lI5MilcutPsJeLpd19McGwqcPxxs/,economia@mail.com,Economia,0,Economia Economia,economia,2019-03-19 22:20:34,1553034095:$P$BFtBYbyp8eTvoU.rUNMhiKXwDBj1tV1
5,<blank>,$P$BAuMPJlmTCFGMptYMlk5/pvqw66w5r.,Geografia@mail.com,Geografia,0,Geografia Geografia,geografia,2019-03-19 22:26:52,<blank>
6,<blank>,$P$BTbvT2W7SYWOjwXhOwBmpQdH7wvBWa0,Gobierno@mail.com,Gobierno,0,Gobierno Gobierno,gobierno,2019-03-19 22:29:11,<blank>
7,<blank>,$P$BwpA6B1/GAEt7bCkk2PjJ5JsJkb5Pr/,admon@mail.com,Administracion,0,Administracion Administracion,administracion,2019-03-25 21:14:19,1553548519:$P$BbJT9IoFeiUne08xJ5mcQm.So93R6U/
8,<blank>,$P$BzaGw1owNOM.d/KROP6KiJ3a6762wM/,coordinacion@mail.com,Coordinacion,0,Coordinacion Coordinacion,coordinacion,2019-03-25 21:18:16,<blank>
9,<blank>,$P$BGNV9rQQ2uPXOX1/N2vhbweIOrmj1O1,Planeacion@mail.com,Planeacion,0,Planeacion Planeacion,planeacion,2019-04-02 15:34:16,<blank>
12,<blank>,$P$BWBWcxfXY.vhzTVAUIn0PVzryLJxJr1,martha.diaz@iieg.gob.mx,martha.diaz,0,Martha A. Díaz Núñez,martha-diaz,2020-12-17 20:19:11,1608236412:$P$B/NFFhsWHXuQI3WuJePsuvmixBF0sW/
14,<blank>,$P$BO1tyJ4uHN9Q9HWHIGEumaDQuKIdNF0,webmaster@iieg.gob.mx,adminIIEG,0,Administrador Instituto de Información Estadística y Geográfica,adminiieg,2022-12-12 17:36:14,1670866634:$P$BwG3qax6zkwn.47.6ytRNO5aMb4nFR1
15,http://www.iieg.gob.mx,$P$BHLS83OlW8OuQtmIw1dmeA4hrbZtUh.,carlos.garibaldi@iieg.gob.mx,carlos.garibaldi,0,carlos.garibaldi,carlos-garibaldi,2022-12-12 19:14:39,1670872539:$P$BrrX.jc38XZEhWE1k3lvPWcY9NtXT6/
16,http://www.iieg.gob.mx,$P$B5BlmIpocowuHHjVyxw.sHUFXyYtk4.,rodolfo.perez@iieg.gob.mx,rodolfo.perez,0,rodolfo.perez,rodolfo-perez,2022-12-12 19:18:13,1670872753:$P$B3d0.bbjVFKcwzzGuUs1uUXohmyPKY/
17,http://www.iieg.gob.mx,$P$BKFY2.5Cy20ggv8fAfWCmgwn2rlPmZ0,susana.galindo@iieg.gob.mx,susana.galindo,0,susana.galindo,susana-galindo,2022-12-12 19:22:12,1670872992:$P$Bfs9wmgIwbI9GTGVGTEyClNj2/ZScS1
18,http://www.iieg.gob.mx,$P$Bnzqvg6/NxhBPuGULmVGAEfl3O5Ipa.,roberto.galindo@iieg.gob.mx,roberto.galindo,0,roberto.galindo,roberto-galindo,2022-12-12 19:27:42,1670873322:$P$Bk43BpXCiTsg7ediJ.RYi5k5loTuBJ1
19,http://www.iieg.gob.mx,$P$Bn09FHnxhE4ENyOVxuQbX29hMNHNUQ1,miguel.gonzalez@iieg.gob.mx,miguel.gonzalez,0,miguel.gonzalez,miguel-gonzalez,2022-12-12 19:31:24,1670873552:$P$B2MoTgaS8kKve0bzZI98NDkcwMVgSJ.
20,http://www.iieg.gob.mx,$P$BEGYWnH06KSshdqIH0o.YN5hk5/93I0,juan.deltoro@iieg.gob.mx,juan.deltoro,0,juan.deltoro,juan-deltoro,2022-12-12 19:35:03,1670873764:$P$BUsC2ri95aNb0Kzdzw6JrO4sZVOIpd0
21,http://www.iieg.gob.mx,$P$BCZAREFEoL.s29Q.OdXgL5fuh38KDL0,alejandra.delatorre@iieg.gob.mx,alejandra.delatorre,0,alejandra.delatorre,alejandra-delatorre,2022-12-12 19:38:54,1670873994:$P$BTakv3w1LbyrRtdE4N7MP/eV39a.g9/
22,http://www.iieg.gob.mx,$P$BmvbNrDU0wzek/z9P13edAzEQgeyHe1,conrado.romo@iieg.gob.mx,conrado.romo,0,conrado.romo,conrado-romo,2022-12-12 19:41:54,1670874174:$P$BjcEmeqnRzvbsC04JIQrML9MBYT.PE/
23,<blank>,$P$BN1/FSrjoUmKh0IudOYR156LFMp3c..,olivia.pena@iieg.gob.mx,olivia.pena,0,olivia.pena,olivia-pena,2022-12-12 19:44:55,1670874355:$P$BCqhz33FwmemUbYKYtw1j4tAFYafPC/
24,http://www.iieg.gob.mx,$P$BtSNGd39WlglW76zxdGpdAYVKDD9r/0,edgar.cossio@iieg.gob.mx,edgar.cossio,0,Edgar Gonzalo Cossio Franco,edgar-cossio,2022-12-12 19:51:24,<blank>
25,<blank>,$P$BP7EZmM90Twxv4oxS8vrrYIiq7JheO/,santiago.ruiz@iieg.gob.mx,santiago.ruiz,0,santiago.ruiz,santiago-ruiz,2022-12-12 20:30:00,1670877060:$P$BWOBWd/KzQm11Q2Dhdo3Ej/47eBhsg1
26,http://www.iieg.gob.mx,$P$BV/5G38VnGC7NPu95NoBz3fn9jGKPJ1,gabriela.lara@iieg.gob.mx,gabriela.lara,0,Gabriela Lara Garza,gabriela-lara,2022-12-12 22:03:55,1670882695:$P$Bj5RJOeawkEChcpHEG5gjWIohuuqAE.
27,http://www.iieg.gob.mx,$P$BIC.rEbUgFBbZzz8CM4cv.3u1wmuEx0,alejandra.elias@iieg.gob.mx,alejandra.elias,0,Alejandra Elias Muñoz,alejandra-elias,2022-12-12 22:11:13,<blank>
28,http://www.iieg.gob.mx,$P$B/13raZVeHkj5N37XEbGAs46QD7RVq/,monica.garcia@iieg.gob.mx,monica.garcia,0,Mónica Nyxahtziri García Rangel,monica-garcia,2022-12-13 20:35:12,1670963774:$P$B8yfKlGwS7JZp484DBPfbnfwk.mV./1
29,http://www.iieg.gob.mx,$P$BbqiBEjDHYzOPmHTww.AD47fhLRbYY0,raquel.robles@iieg.gob.mx,raquel.robles,0,Raquel Robles Bonilla,raquel-robles,2022-12-13 20:38:34,1670963975:$P$Bbn/pEDZpzJMFD0kWtdGgStJVSlSiV0
30,http://www.iieg.gob.mx,$P$BarCn9EmnfTQHiFipH/jj54QXy3OD11,guadalupe.plascencia@iieg.gob.mx,guadalupe.plascencia,0,Guadalupe Plascencia,guadalupe-plascencia,2023-04-03 18:13:35,1680545675:$P$B4D7VMPJiMygouSvtw5G12uleniVaH1
31,<blank>,$P$BgGI4FBpfWZ4F8dg3bDNjrjPVATuqV1,magnolia.quintero@iieg.gob.mx,magnolia.lara,0,Jocelyn Magnolia Lara Quintero,magnolia-lara,2023-05-08 19:22:14,<blank>
32,<blank>,$P$BLdWFbjUse3T8C03kwSDoy42HMd0Qd.,arturo.carrillo@iieg.gob.mx,arturo.carrillo,0,Arturo Carrillo Villarreal,arturo-carrillo,2023-05-08 19:24:29,<blank>

