Id,entry_Id,nex_forms_Id,url,added,name,size,type,publish,plugin,location,last_update
1,14,3,https://iieg.gob.mx/ns/wp-content/uploads/2022/07/Logo-IIEG-Isotipo-amarillo-mini.jpg,0000-00-00 00:00,Logo IIEG Isotipo amarillo mini.jpg,10394,image/jpeg,0,NULL,/var/www/iieg/ns/wp-content/uploads/2022/07/Logo-IIEG-Isotipo-amarillo-mini.jpg,2022-07-05 12:53:46
2,14,3,https://iieg.gob.mx/ns/wp-content/uploads/2022/07/Planta-tratamiento.png,0000-00-00 00:00,Planta tratamiento.png,887998,image/png,0,NULL,/var/www/iieg/ns/wp-content/uploads/2022/07/Planta-tratamiento.png,2022-07-05 12:53:46
3,15,3,https://iieg.gob.mx/ns/wp-content/uploads/2022/07/Logo-IIEG-Isotipo-amarillo-chico.jpg,0000-00-00 00:00,Logo IIEG Isotipo amarillo chico.jpg,24585,image/jpeg,0,NULL,/var/www/iieg/ns/wp-content/uploads/2022/07/Logo-IIEG-Isotipo-amarillo-chico.jpg,2022-07-05 13:27:53
4,15,3,https://iieg.gob.mx/ns/wp-content/uploads/2022/07/Logo-IIEG-Isotipo-amarillo.jpg,0000-00-00 00:00,Logo IIEG Isotipo amarillo.jpg,32955,image/jpeg,0,NULL,/var/www/iieg/ns/wp-content/uploads/2022/07/Logo-IIEG-Isotipo-amarillo.jpg,2022-07-05 13:27:53
5,21,4,https://iieg.gob.mx/ns/wp-content/uploads/2022/08/INVENTARIO-DE-PELIGROS-MAPA-GENERAL-JALISCO.pdf,0000-00-00 00:00,INVENTARIO DE PELIGROS - MAPA GENERAL JALISCO.pdf,931231,application/pdf,0,NULL,/var/www/iieg/ns/wp-content/uploads/2022/08/INVENTARIO-DE-PELIGROS-MAPA-GENERAL-JALISCO.pdf,2022-08-17 10:37:26
6,23,4,https://iieg.gob.mx/ns/wp-content/uploads/2022/09/Curriculum-Vitae-Alejandro-Valladolid-Romero.pdf,0000-00-00 00:00,Curriculum Vitae - Alejandro Valladolid Romero.pdf,69175,application/pdf,0,NULL,/var/www/iieg/ns/wp-content/uploads/2022/09/Curriculum-Vitae-Alejandro-Valladolid-Romero.pdf,2022-09-06 20:54:53
7,27,4,https://iieg.gob.mx/ns/wp-content/uploads/2022/10/WhatsApp-Image-2022-10-14-at-9.17.41-AM.jpeg,0000-00-00 00:00,WhatsApp Image 2022-10-14 at 9.17.41 AM.jpeg,173227,image/jpeg,0,NULL,/var/www/iieg/ns/wp-content/uploads/2022/10/WhatsApp-Image-2022-10-14-at-9.17.41-AM.jpeg,2022-10-14 09:22:10
8,37,4,https://iieg.gob.mx/ns/wp-content/uploads/2023/02/Curso-en-R.jpg,0000-00-00 00:00,Curso en R.jpg,185522,image/jpeg,0,NULL,/var/www/iieg/ns/wp-content/uploads/2023/02/Curso-en-R.jpg,2023-02-23 16:58:06
9,50,4,https://iieg.gob.mx/ns/wp-content/uploads/2023/04/Adobe-Scan-19-abr-2023-3-1.pdf,0000-00-00 00:00,Adobe Scan 19 abr 2023 (3) (1).pdf,954116,application/pdf,0,NULL,/var/www/iieg/ns/wp-content/uploads/2023/04/Adobe-Scan-19-abr-2023-3-1.pdf,2023-04-19 14:14:51
10,56,4,https://iieg.gob.mx/ns/wp-content/uploads/2023/05/PLANO-UBICACION-IIEG-FECHA-CARRETERA-307.pdf,0000-00-00 00:00,PLANO UBICACION IIEG FECHA CARRETERA 307.pdf,108213,application/pdf,0,NULL,/var/www/iieg/ns/wp-content/uploads/2023/05/PLANO-UBICACION-IIEG-FECHA-CARRETERA-307.pdf,2023-05-09 15:32:48
11,57,4,https://iieg.gob.mx/ns/wp-content/uploads/2023/05/curriculum2023.pdf,0000-00-00 00:00,curriculum+2023.pdf,229607,application/pdf,0,NULL,/var/www/iieg/ns/wp-content/uploads/2023/05/curriculum2023.pdf,2023-05-11 09:23:06
12,58,4,https://iieg.gob.mx/ns/wp-content/uploads/2023/05/curriculum2023-1.pdf,0000-00-00 00:00,curriculum+2023.pdf,229607,application/pdf,0,NULL,/var/www/iieg/ns/wp-content/uploads/2023/05/curriculum2023-1.pdf,2023-05-11 09:26:11
13,69,4,https://iieg.gob.mx/ns/wp-content/uploads/2023/06/lazaro-cardenas.jpg,0000-00-00 00:00,lazaro cardenas.jpg,593746,image/jpeg,0,NULL,/var/www/iieg/ns/wp-content/uploads/2023/06/lazaro-cardenas.jpg,2023-06-06 16:00:58
14,71,4,https://iieg.gob.mx/ns/wp-content/uploads/2023/06/CV-MiguelLM-Esp.pdf,0000-00-00 00:00,CV - MiguelLM (Esp).pdf,214678,application/pdf,0,NULL,/var/www/iieg/ns/wp-content/uploads/2023/06/CV-MiguelLM-Esp.pdf,2023-06-13 09:21:12
15,90,4,https://iieg.gob.mx/ns/wp-content/uploads/2023/09/Curriculum_ElhierMontielF.pdf,0000-00-00 00:00,Curriculum_ElhierMontielF.pdf,325737,application/pdf,0,NULL,/var/www/iieg/ns/wp-content/uploads/2023/09/Curriculum_ElhierMontielF.pdf,2023-09-07 13:38:16

