Id,entry_id,0,soy_,anexo,email,nivel,asunto,genero,nombre,sector,mensaje,check_boxes,rango_de_edad,soy_una_persona,grupo_originario
1,3,NULL,Servidor Público,NULL,martha.diaz@iieg.gob.mx,NULL,Prueba de envio de correo,Mujer,Martha A Díaz Núñez,NULL,Esta es la primera prueba de envio de correo desde IIEG,Array,18 a 35 años,Física,Indígena
2,4,NULL,Particular,NULL,martha.diaz@iieg.gob.mx,Estatal,Prueba de envio de correo,NULL,Martha A Díaz Núñez,Gobierno,segunda prueba desde IIEG,Array,NULL,Moral,NULL
3,5,NULL,Servidor Público,NULL,martha.diaz@iieg.gob.mx,Federal,Prueba de envio de correo,NULL,Martha A Díaz Núñez,Gobierno,PRUEBA 3 DESDE iieg,Array,NULL,Moral,NULL
4,6,NULL,Servidor Público,NULL,martha.diaz@iieg.gob.mx,NULL,Correo de prueba del nuevo formato de Contacto,Mujer,Martha A Díaz Núñez,NULL,"Hola Lupita, este es un mensaje de prueba, a partir de hoy te llegarán de esta manera los correos de contacto, con la información completa para su captura en el Colibrí. Saludos !!",Array,35 a 50 años,Física,No aplica
5,7,NULL,Académico,NULL,martha.diaz@iieg.gob.mx,NULL,Prueba de envio de correo,Hombre,Martha A Díaz Núñez,NULL,Prueba 2 favor de ignorar,Array,18 a 35 años,Física,Afro-americano
6,8,NULL,Servidor Público,NULL,joaquin.gallegos@iieg.gob.mx,NULL,Prueba,Hombre,JOAQUIN GALLEGOS TEJEDA,NULL,Información sociodemográfica. ,Array,35 a 50 años,Física,No aplica
7,9,NULL,Empresarial,NULL,martha.diaz@iieg.gob.mx,NULL,Prueba de envio de correo,Hombre,Martha A Díaz Núñez,NULL,Prueba de correo desde el Portal,Array,18 a 35 años,Física,Afro-americano
8,10,NULL,Particular,NULL,martha.diaz@iieg.gob.mx,Federal,Prueba de envio de correo,NULL,Martha A Díaz Núñez,Gobierno,Prueba de error 500 en servidor,Array,NULL,Moral,NULL
9,11,NULL,Sociedad Civil,NULL,jdd_larac@hotmail.com,NULL,Infromación casas en venta,Hombre,Juan Lara,NULL,"Beun día, por favor me pueden compartir el link en donde se peuden ver el valor de las casa en venta en la zona metropolinata de Gdl.\r\n\r\nGracias",Array,18 a 35 años,Física,No aplica
10,12,NULL,Servidor Público,NULL,lupis3926@gmail.com,Estatal,prueba ,NULL,maria guadalupe ,Gobierno,prueba ,Array,NULL,Moral,Otro
11,13,NULL,Empresarial,NULL,lupita.coronado.uribe@hotmail.com,NULL,Solicitud de información de Colima ,Mujer,MARIA GUADALUPE CORONADO URIBE,NULL,"Quisiera solicitar información de población por género y edades, de las colonias de Colima y Villa de Álvarez, ojalá y me pudieran apoyar con información de población de esta zona. Gracias ",Array,35 a 50 años,Física,Otro
12,16,NULL,Académico,"[""""]",andreaestrada324@gmail.com,NULL,Consulta de datos,Mujer,Andrea Estrada,NULL,"Hola que tal, realizo una investigación sobre los hogares de Jalisco 2020 que cuenten con instalaciones de energías limpias, en este caso paneles solares y calentadores solares de manera general o específicamente por hogar. Me pregunto si IIEG cuenta con estos datos que me puedan proporcionar. Muchas gracias",Array,18 a 35 años,Física,No aplica
13,17,NULL,Particular,"[""""]",carlosgramirez@yahoo.com,NULL,DATOS RINEX ESTACION DE REFERENCIA,Hombre,CARLOS RAMIREZ,NULL,TIENEN ALGUNA OTRO LINK PARA DESCAGR DATOS RINEX  ,Array,35 a 50 años,Física,No aplica
14,18,NULL,Particular,"[""""]",rbarajas@planum.com.mx,NULL,Informacion Estacion de Referencia GNSS,NULL,Roberto Barajas Santos,Empresarial,"Buen día, me gustaria saber si ya tienen fecha o como van con la reparación de la Estación GNSS... \r\n",Array,NULL,Moral,NULL
15,19,NULL,Particular,"[""""]",delacruzmaria.midlc@gmail.com,NULL,Información Convocatorias de Empleo,Mujer,María Isabel De La Cruz Luis,NULL,"Buenas tardes. Con el debido respeto me pongo en contacto con ustedes con intención de informarme respecto a si es que cuentan con alguna convocatoria vigente de empleo o hacia quien podría dirigirme para que, de ser posible, se recibiera mi Curriculum. \r\nMi nombre es María Isabel De La Cruz, soy Lic en Arquitectura por parte de la Universidad de Guadalajara y recientemente terminé el Máster en Ingeniería Geodésica y Cartografía por parte de Universidad Politécnica de Madrid y espero desempeñar mi caarera dentro del ámbito que me corresponde, por lo que considero mi perfil podria ser de ayuda dentro del Instituto. \r\nDe antemano muchas gracias,\r\nSaludos.",Array,18 a 35 años,Física,No aplica
16,20,NULL,Particular,"[""""]",M_GONZALEZ_92@HOTMAIL.COM,NULL,¿CUALES EL NOMBRE CORRECTO DE MI COLONIA?,Hombre,MIGUEL ANGEL ANGEL GONZALEZ VILLARREAL,NULL,"A quien corresponda\r\n\r\nPor medio del presente envió un cordial saludo, Y aprovecho para solicitar de su ayuda, ya que quisiera saber cual es el nombre correcto de la colonia del siguiente domicilio Av Unión 454, Col Americana, Obrera, 44140 Guadalajara, Jalisco.\r\n\r\n¿Obrera Centro?  o  ¿Americana?  y con que institución puedo apoyarme para tramitar algún documento que sostente el domicilio real. \r\n\r\nEspero puedan ayudarme ya que he intentado en diferentes instituciones para direccionarme con la autoridad pertinente al tema.\r\n\r\nAgradezco de antemano su atención\r\n\r\nAtentamente \r\n\r\nLic. Miguel Ángel González Villarreal\r\nCel. 55 46 17 58 14\r\nEmail: m_gonzalez_92@hotmail.com \r\n  \r\n\r\n",Array,18 a 35 años,Física,No aplica
17,21,"{""1"":{""_empty_"":""https:\\/\\/iieg.gob.mx\\/ns\\/wp-content\\/uploads\\/2022\\/08\\/INVENTARIO-DE-PELIGROS-MAPA-GENERAL-JALISCO.pdf""}}",Empresario,"https://iieg.gob.mx/ns/wp-content/uploads/2022/08/INVENTARIO-DE-PELIGROS-MAPA-GENERAL-JALISCO.pdf,",daniel.castillo@extintorescapace.com,NULL,PÁGINA INACCESIBLE (MAPA GENERAL DE JALISCO),Hombre,Castillo Ornelas Armando Daniel,NULL,"Buen día con gusto de saludarles, aprovecho para mencionarle que la página http://mapajalisco.gob.mx/mapajalisco/index.php no esta funcionando, por parte de Protección Civil me solicitan análisis de fenomenos perturbadores (inventario de peligros en el mapa general de jalisco) los cuales no estan contemplados en la página https://mapa.jalisco.gob.mx/mapa que me hicieron favor de pasar vía telefónica. \r\n\r\n¿Me podrian informar de favor de donde puedo obtener dicha información? o si en su caso la página sera accesible de nuevo?\r\n\r\ny tambien en caso de que se tengan los archivos SHP de donde puedo obtenerlos para cargarlos en un sistema de información geografica y poder obtener los análisis que me solicitan.\r\n\r\nComparto en anexos las capas o información que solicito.\r\n\r\nQuedo a espera de sus comentarios, saludos.",Array,18 a 35 años,Física,No aplica
18,22,NULL,Académico,"[""""]",nunezc.raul@gmail.com,NULL,Empleo,Hombre,Raúl Núñez Camaño ,NULL,"Buen día,\r\n\r\nUna pregunta, en donde postulas puestos de trabajo?, acabo de egresar de la maestría en estudios económicos y mucho del trabajo que ustedes realizan, me ha servido para mis proyectos de posgrado. Me resulta muy interesante lo que hacen y me gustaria formar parte de ello y aportar a sus publicaciones.\r\n\r\nMuchas gracias. ",Array,18 a 35 años,Física,No aplica
19,23,"{""1"":{""_empty_"":""https:\\/\\/iieg.gob.mx\\/ns\\/wp-content\\/uploads\\/2022\\/09\\/Curriculum-Vitae-Alejandro-Valladolid-Romero.pdf""}}",Particular,"https://iieg.gob.mx/ns/wp-content/uploads/2022/09/Curriculum-Vitae-Alejandro-Valladolid-Romero.pdf,",valladolidalejandro5@gmail.com,NULL,Solicitud de empleo ,Hombre,Alejandro Valladolid Romero,NULL,Mando mi currículum ya que me interesa formar parte de la institución. ,Array,18 a 35 años,Física,No aplica
20,24,NULL,Académico,"[""""]",F.saraimeza@gmail.com,NULL,Censo por colonia,Mujer,fatima meza,NULL,"Hola buen día , me comunico porque quisiera saber si aun tienen activo un censo que tenian por colonia del municipio de Zapopan.\r\n\r\nAntes lo consultaba en esta liga y de pronto dejo de abrir: https://www.iieg.gob.mx/contenido/PoblacionVivienda/ciudadesmedias/zapopan.html/\r\n\r\nGracias.",Array,18 a 35 años,Física,No aplica
21,25,NULL,Servidor Público,"[""""]",salxrizo@gmail.com,NULL,Fotografia aerea antigua,Hombre,Salvador ,NULL,"Hola ¿¡que tal !?\r\n\r\nHe estado buscando los archivos de la fotografia aerea de 1942 que twitearon aqui:\r\n\r\nhttps://twitter.com/iiegj/status/1193620736847613952?lang=de\r\n\r\nDonde puedo encontrar una versión descargable de esta imagen/ mosaico ? y que pueda trabajar en un SIG\r\n\r\nAdicionalmente, no se si existan aerofotografias mas antiguas en su poder\r\n\r\ngracias!",Array,18 a 35 años,Física,No aplica
22,26,NULL,Particular,"[""""]",marissa@net360.com.mx,NULL,"Net360, software para aumentar la productividad",NULL,Marissa Garcia ,Empresarial,"Me permito contactarlos para ofrecerles  informacion de un software que seria muy util para su organizacion. Las funcionalidades van orientadas a aumentar la productividad de los empleados, a ahorrar tiempo y dinero. Algunas funcionalidades son control remoto, prohibicion para ingresar a ciertos sitios en internet,  obtener inventarios de hardware (los componentes internos de la computadora como ejemplo: que disco duro, cuanta memoria, etc. Inventarios de software instalado en la misma y muchas mas funcionalidades.\r\nAdjunto enlace de folletos por si desean ver mas informacion.\r\nhttps://net360.com.mx/wp-content/uploads/2022/07/Net360.-Que-hace-resumen-para-distribuidores-MG.pdf \r\nhttps://net360.com.mx/wp-content/uploads/2022/07/Net360.-Requerimiento-minimo-de-equipo-para-distribuidores-MG.pdf\r\n\r\n",Array,NULL,Moral,NULL
23,27,"{""1"":{""_empty_"":""https:\\/\\/iieg.gob.mx\\/ns\\/wp-content\\/uploads\\/2022\\/10\\/WhatsApp-Image-2022-10-14-at-9.17.41-AM.jpeg""}}",Particular,"https://iieg.gob.mx/ns/wp-content/uploads/2022/10/WhatsApp-Image-2022-10-14-at-9.17.41-AM.jpeg,",jasoto@ho1a.com,NULL,Delimitar si el terreno pertenece a Sayula o a tapalpa ,Hombre,Jose Angel  Soto Valencia ,NULL,"Buenos dias . \r\nNecesito de su ayuda para registrar mi terreno , pero  cuando lo quiero hacer me dicen que pertenece a Tapalpa en sayula y viceversa . Mando las cordenada de donde se encuentra , es en el circulo rojo ",Array,35 a 50 años,Física,Otro
24,28,NULL,Particular,"[""""]",klosdiaz31@gmail.com,NULL,INFORMACIÓN DE TLAJOMULCO ,Mujer,Raquel,NULL,"BUENAS NOCHES, QUISERA SABER COMO BUSCAR INFORMACIÓN ACERCA DEL MUNICIPIO DE TLAJOMULCO EN MATERIA DE VIVIENDA, Y SUS CONDICIONES ACTUALES.",Array,18 a 35 años,Física,Indígena
25,29,NULL,Particular,"[""""]",abel.ruizvelazco@academicos.udg.mx,NULL,Consulta de información,Hombre,Abel Ruiz,NULL,Desearía saber donde encuentro la longitud de caminos y carreteras por municipio. Gracias.,Array,50 a 65 años,Física,No aplica
26,30,NULL,Particular,"[""""]",hectorimex@hotmail.com,NULL,Mapoteca,Hombre,Hector Lopez,NULL,"Buenas tardes!\r\n\r\nEstoy haciendo una investigacion sobre algunas zonas de Nayarit, que pertenecian a Jalisco, principalmente de los siglos XIX y XX. Sus mapas me seran de mucha ayuda, pero tengo una duda. Podria utilizarlos si llegara a publicar un libro? Dando el debido credito por supuesto.\r\n\r\nMe parece son de la mapoteca de Orozco y Berra, pero no estoy seguro. Lo que si vale la pena mencionar, es la buena calidad de los archivos que permiten leer y ver mas a detalle \r\n\r\nUn saludo!",Array,50 a 65 años,Física,No aplica
27,31,NULL,Particular,"[""""]",franma_19@hotmail.com,NULL,empleo,Hombre,francisco flores,NULL,en el boletín de empleo¿ cual formula utilizan para calcular la variación porcentual acumulada,Array,18 a 35 años,Física,No aplica

