id_direccion,id_departamento,descripcion,nombre_departamento
2,1,DEPARTAMENTO DE TECNOLOGIAS DE LA INFORMACI\xd3N,TECNOLOG\xcdAS DE LA INFORMACI\xd3N
0,2,DIRECCI\xd3N DE ADMINISTRACI\xd3N Y FINANZAS,ADMINISTRACI\xd3N Y FINANZAS
0,4,CONTROL DE RECURSOS Y BIENES PATRIMONICALES,CONTROL DE RECURSOS Y BIENES PATRIMONICALES
0,5,ZONAS DEPORTIVAS,ZONAS DEPORTIVAS
0,6,PRENSA COMUDE,PRENSA
0,7,MEGA EVENTOS DEPORTIVOS,MEGA EVENTOS DEPORTIVOS
0,8,DIRECCI\xd3N DE MARAT\xd3N Y MEDIO MARAT\xd3N,DIRECCI\xd3N DE MARAT\xd3N
0,9,DIRECCI\xd3N DE LA UNIDAD DE DEPORTE INCLUYENTE,DIRECCI\xd3N DE LA UNIDAD DE DEPORTE INCLUYENTE
0,10,DIRECCI\xd3N GENERAL,DIRECCI\xd3N GENERAL

