ID,giro
2,ABARROTES  TIENDAS  MISCELANEAS . SIN VENTA DE BEBIDAS ALCOHOLICAS.VENTA
3,ABARROTES  TIENDAS  MISCELANEAS Y TENDAJON CON VENTA DE CERVEZA PARA LLEVAR EN BOTELLA CERRADA..VENT
4,ABARROTES  TIENDAS  MISCELANEAS CON VENTA DE VINO Y CERVEZA PARA LLEVAR EN BOTELLA CERRADA..VENTA
5,ACABADOS METALICOS..INDUSTRIA
6,ACCESORIOS DE SEGURIDAD INDUSTRIAL Y DOMESTICA..VENTA
7,ACCESORIOS PARA AUTO.VENTA
8,ACCESORIOS  REFACCIONES Y EQUIPOS NEUMATICOS E HIDRONEUMATICOS..VENTA
9,ACTIVIDADES NATURALES EN SELVA Y CAMPO..
10,ACUARIOS..VENTA
11,ACUEDUCTOS..
12,ACUICULTURA.- CULTIVO Y COMERCIALIZACION DE PECES..
13,ACUMULADORES Y PILAS ELECTRICAS..INDUSTRIA
14,ADHESIVOS (EXCEPTO LA MANUFACTURA U OBTENCION DE LOS COMPONENTES BASICOS)..INDUSTRIA
15,ADIESTRAMIENTO DE MASCOTAS..
16,AGENCIA DE AUTOCAMIONES..VENTA
17,AGENCIA DE AUTOS CON TALLER..
18,AGENCIA DE AUTOS..VENTA
19,AGENCIAS DE: AUTOTRANSPORTE  VIAJES  PUBLICIDAD..
20,AGUAS FRESCAS  PALETAS..VENTA
21,AISLANTES Y EMPAQUES DE POLIESTIRENO..INDUSTRIA
22,ALBERGUES O POSADAS
23,ALBERGUES.
24,ALFOMBRAS Y TAPETES..INDUSTRIA
25,ALFOMBRAS..VENTA
26,ALMACENAMIENTO DE ESTIERCOL Y ABONOS ORGANICOS Y VEGETALES..
27,ALMACENAMIENTO DE: PRODUCTOS QUIMICOS  SULFATANTES  RESINAS Y SOLVENTES..
28,ALMACENAMIENTO Y DISTRIBUCION DE COMBUSTIBLES DERIVADOS DEL PETROLEO..
29,ALMACENAMIENTO Y DISTRIBUCION DE GAS L.P..
30,ALMACENAMIENTO Y ENVASADO DE LUBRICANTES Y COMBUSTIBLES..
31,ALMACENAMIENTO Y VENTA DE FORRAJE..
32,ALMACENES DE MADERA..
33,ALMACENES Y BODEGAS DE CERVEZAS.
34,ALMACENES Y BODEGAS DE VINOS Y CERVEZAS.
35,ALMACENES Y BODEGAS. EXCEPTO BEBIDAS ALCOHOLICAS.
36,ALMOHADAS  COLCHONES  COLCHAS  EDREDONES..INDUSTRIA
37,ALQUILER DE LONAS  TOLDOS  CUBIERTAS  SILLAS  MESAS  ETC. ..
38,ANTENAS: RADIOFONICAS  TELEVISORAS  TELEFONICAS  MICROONDAS..
39,ANTOJITOS FONDAS  CAFES  CENADURIAS  TAQUERIA CON VENTA CERVEZA.VENTA
40,APARATOS ELECTRICOS..INDUSTRIA
41,ARENA DE BOX Y LUCHA LIBRE CON VENTA DE CERVEZA.
42,ARENA DE BOX Y LUCHA LIBRE CON VENTA DE VINO Y CERVEZA.
43,ARENA DE BOX Y LUCHA LIBRE. SIN VENTA DE BEBIDAS ALCOHOLICAS.
44,ARMADO DE: LAMPARAS Y VENTILADORES  PERSIANAS TOLDOS  JUGUETES  CIRCUITOS ELECTRICOS  PARAGUAS  MOTOCICLETAS  REFRIGERADORES  LAVADORAS  SECADORAS..INDUSTRIA
45,ARMADO Y PEGADO DE CAJAS DE CARTON..
46,ARMADORA DE VEHICULOS..INDUSTRIA
47,ARTESANIAS..ELABORACION Y VENTA
48,ARTESANIAS..VENTA
49,ARTICULOS DE DIBUJO..VENTA
50,ARTICULOS DE JARDINERIA..VENTA
51,ARTICULOS DE LIMPIEZA..VENTA
52,ARTICULOS DE PLASTICO Y/O MADERA. PROCESADOS.VENTA
53,ARTICULOS DEPORTIVOS..INDUSTRIA
54,ARTICULOS DEPORTIVOS..VENTA
55,ARTICULOS DOMESTICOS DE HOJALATA..VENTA
56,ARTICULOS FOTOGRAFICOS..VENTA
57,ARTICULOS MOLDEADOS DE POLIURETANO..INDUSTRIA
58,ARTICULOS PARA MANUALIDADES..VENTA
59,ARTICULOS PIROTECNICOS..VENTA
60,ASEGURADORAS..
61,ASERRADEROS..
62,ASFALTO Y DERIVADOS..INDUSTRIA
63,AUTODROMO..
64,AUTOSERVICIO..VENTA
65,AZULEJOS Y ACCESORIOS..VENTA
66,BANCO Y TRITURACION DE PIEDRA..
67,BANCO. (SUCURSAL).
68,BANCOS DE ARENA (JAL  BARRO  BALASTRE  CAOLIN  ETC.)..
69,BANCOS DE CANTERA..
70,BARES..VENTA
71,BASCULAS..VENTA
72,BASES DE MADERA PARA REGALO..ELABORACION Y VENTA
73,BICICLETAS (VENTA)..VENTA
74,BICICLETAS  CARRIOLAS Y SIMILARES..INDUSTRIA
75,BIENES RAICES..
76,BILLARES CON VENTA DE CERVEZA.
77,BILLARES SIN VENTA DE BEBIDAS ALCOHOLICAS.
78,BLANCOS..VENTA
79,BODEGA DE GRANOS Y SILOS..
80,BODEGA DE PRODUCTOS QUE NO IMPLIQUEN ALTO RIESGO..
81,BOLICHES CON VENTA DE CERVEZA..
82,BOLICHES. SIN VENTA DE BEBIDAS ALCOHOLICAS.
83,BOLSA Y ENVASES DE PLASTICO EXTRUIDO..INDUSTRIA
84,BONETERIA..VENTA
85,BORDADOS Y COSTURAS..
86,BORDADOS Y COSTURAS..ELABORACION Y VENTA
87,BORDOS Y CANALES..
88,BOTANAS Y FRITURAS..ELABORACION Y VENTA
89,BOTANAS Y FRITURAS..VENTA
90,BOUTIQUE..VENTA
91,CABARET CON VENTA DE CERVEZA.
92,CABARET CON VENTA DE VINO Y CERVEZA.
93,CABLEADOS ESTRUCTURADOS.(POR ML).
94,CAFETERIA (CON LECTURA E INTERNET)..VENTA
95,CAJA DE AHORRO..
96,CAJAS DE CARTON  MATERIALES DE EMPAQUE..VENTA
97,CALCETERIA Y ROPA INTERIOR..INDUSTRIA
98,CALCOMANIAS..ELABORACION Y VENTA
99,CALCOMANIAS..VENTA
100,CALERA..INDUSTRIA
101,CALZADO Y ARTICULOS DE PIEL..ELABORACION Y VENTA
102,CALZADO Y ARTICULOS DE PIEL..VENTA
103,CALZADO..VENTA
104,CANTERA  INDUSTRIALIZACION DE..INDUSTRIA
105,CANTERA  LABRADO ARTESANAL DE..INDUSTRIA
106,CARBON..INDUSTRIA
107,CARNICERIA Y/O POLLERIA.VENTA
108,CARPINTERIA..
109,CASAS DE ASISTENCIA..
110,CASAS DE HUESPEDES..
111,CASAS DE: BOLSA  CAMBIO  DECORACION..
112,CE. RE. SO. Y CE. FE. RE. SO..
113,CEMENTO HIDRAULICO..INDUSTRIA
114,CEMENTO..INDUSTRIA
115,CENTRALES DE AUTOBUSES FORANEOS..
116,CENTRALES TELEVISORAS..
117,CENTRO DE BENEFICENCIA PUBLICA..
118,CENTRO DE COPIADO..VENTA
119,CENTRO DEPORTIVO Y RECREATIVO CON VENTA DE CERVEZA.
120,CENTRO DEPORTIVO Y RECREATIVO CON VENTA DE VINO Y CERVEZA.
121,CENTRO DEPORTIVO Y RECREATIVO.  SIN VENTA DE BEBIDAS ALCOHOLICAS.
122,CENTROS COMERCIALES..VENTA
123,CENTROS DE ACOPIO DE PRODUCTOS DE DESECHO DOMESTICO  (CARTON  PAPEL  VIDRIO  BOTE Y PERFIL DE ALUMINIO  TUBO DE COBRE  MUEBLES  COLCHONES  Y ENSERES DOM?TICOS DE LAMINA Y METAL)..
124,CENTROS DE ACOPIO..
125,CENTROS DE FERIA Y EXPOSICIONES..
126,CENTROS FINANCIEROS..
127,CENTROS NOCTURNOS CON VENTA DE VINO Y CERVEZA.
128,CERAMICA (VAJILLA  LOSETAS Y RECUBRIMIENTOS)..INDUSTRIA
129,CERAMICA..ELABORACION Y VENTA
130,CERILLOS..INDUSTRIA
131,CERRAJERIA. (DUPLICADO DE LLAVES).
132,CERVECERIA.
133,CINES..
134,CINTAS PARA CALZADO Y SIMILARES..INDUSTRIA
135,CIRCUITOS ELECTRONICOS RESISTENCIAS Y SIMILARES..INDUSTRIA
136,COCINA ECONOMICA.VENTA
137,COLCHONES..INDUSTRIA
138,COLECTORES..
139,COLOCACION DE PISOS..
140,COMPRA VENTA DE APARATOS PARA SORDERA..VENTA
141,CONCENTRADOS DE SABORES (EXCEPTO LA MANUFACTURA DE LOS COMPONENTES BASICOS)..INDUSTRIA
142,CONDOHOTELES
143,CONSERVAS (MERMELADAS  EMBUTIDOS  ENCURTIDOS Y SIMILARES)..ELABORACION Y VENTA
144,CONSERVAS (MERMELADAS  EMBUTIDOS  ENCURTIDOS Y SIMILARES)..VENTA
145,CONSTRUCTORAS SIN ALMACEN..
146,CONTRATISTAS..
147,CORCHO..INDUSTRIA
148,CORTE DE CANTERA..INDUSTRIA
149,COSMETICOS..INDUSTRIA
150,COSTALES DE PLASTICO..INDUSTRIA
151,COTOS DE CAZA Y PESCA..
152,CREMATORIOS..
153,CREMERIAS..VENTA
154,CRISTALERIA..VENTA
155,CULTIVO Y REPOBLACION DE BOSQUES..
156,DEPOSITO DE CERVEZA..VENTA
157,DEPOSITO DE CHATARRA..
158,DEPOSITO DE DESECHOS INDUSTRIALES
159,DEPOSITO DE EXPLOSIVOS (CUMPLIENDO CON LAS DISPOSICIONES DE SEGURIDAD DE LA MATERIA)..
160,DEPOSITO DE VEHICULOS..
161,DESTILERIAS.
162,DISCOTECAS CON VENTA DE CERVEZA.
163,DISCOTECAS CON VENTA DE VINO Y CERVEZA.
164,DISE? DE ANUNCIOS A MANO Y POR COMPUTADORA..
165,DISQUERAS..VENTA
166,DOBLADO  ROLADO Y TROQUELADO DE METALES (CLAVOS  NAVAJAS  UTENSILIOS DE COCINA  ETC..INDUSTRIA
167,DULCERIA..VENTA
168,DULCES Y CHOCOLATES..INDUSTRIA
169,DULCES  CARAMELOS YSIMILARES..ELABORACION Y VENTA
170,DULCES  CARAMELOS YSIMILARES..VENTA
171,ELABORACION DE ANUNCIOS ESPECTACULARES..
172,ELABORACION DE ANUNCIOS  LONAS Y TOLDOS LUMINOSOS..
173,ELABORACION DE MARCOS..
174,ELABORACION DE PRODUCTOS ARTESANALES..INDUSTRIA
175,ELABORACION DE ROTULOS..
176,ELABORACION DE SUAJES..INDUSTRIA
177,EMBOTELLADORAS DE BEBIDAS: ALCOHOLICAS Y NO ALCOHOLICAS..INDUSTRIA
178,EMPACADORAS DE: CARNES FRIAS  JABON Y DETERGENTE..INDUSTRIA
179,ENCUADERNACION DE LIBROS..
180,ENCUADERNACION DE LIBROS..ELABORACION Y VENTA
181,ENSAMBLAJE DE PRODUCTOS DE ACERO..INDUSTRIA
182,ACADEMIAS DE BAILE..
183,ACADEMIAS EN GENERAL: ATIPICOS  CAPACITACION LABORAL..
184,ADMINISTRACION DE CORREOS..
185,ADMINISTRACION PUBLICA..
186,AGENCIAS Y DELEGACIONES MUNICIPALES..
187,EQUIPAMIENTO DE ALBERCA PUBLICA.
188,ARENAS Y LUCHA LIBRE..
189,AUDITORIO..
190,BALNEARIOS..
191,BIBLIOTECA..
192,CAMPOS DE GOLF..
193,CANCHAS DE FUTBOL 7..
194,EQUIPAMIENTO DE CANCHAS DE FUTBOL RAPIDO.
195,EQUIPAMIENTO DE CANCHAS DEPORTIVAS.
196,CASA CUNA..
197,CASA DE LA CULTURA..
198,CASETA DE VIGILANCIA..
199,CENTRO CULTURAL..
200,CENTRO DE ACOPIO Y DISTRIBUCION DE RECURSOS ECONOMICOS.
201,CENTRO DE INTEGRACION JUVENIL..
202, CENTRO DEPORTIVO..
203,CENTROS PARA EL DESARROLLO DE LA COMUNIDAD (PROMOCION
204,CINETECA..
205,CLINICA HOSPITAL..
206,CLINICA..
207,CONSULTORIO MEDICO Y DENTAL DE 1ER CONTACTO..
208,CONSULTORIO MEDICO Y/O DENTAL..
209,CONVENTO..
210,ESCUELA DE ARTES MARCIALES..
211,ESCUELA DE BACHILLERATO GENERAL Y TECNICO (PREPARATORI.
212,ESCUELA DE IDIOMAS.
213,ESCUELA DE NATACION..
214,ESCUELA DE: CAPACITACION SOCIAL Y/O TECNICA  EDUCACION.
215,ESTACION DE FERROCARRIL DE CARGA Y PASAJEROS..
216,ESTACION DE: BOMBEROS  AUTOBUSES URBANOS..
217,ESTADIOS....
218,FONOTECA...
219,FOTOTECA..
220,GIMNASIO..
221,GUARDERIAS INFANTILES.
222,HEMEROTECA..
223,HOGAR DE ANCIANOS..
224,HOSPITAL DE ESPECIALIDADES.
225,HOSPITAL GENERAL..
226,HOSPITAL REGIONAL..
227,IGLESIA..
228,INSTITUTO DE EDUCACION SUPERIOR..
229,JARDIN DE NI?S.
230,EQUIPAMIENTO DE JARDIN VECINAL.
231,EQUIPAMIENTO DE JARDINES Y/O PLAZAS
232,EQUIPAMIENTO DE JUEGOS INFANTILES.
233,LABORATORIO DE INVESTIGACION CIENTIFICA..
234,EQUIPAMIENTO DE LAGOS ARTIFICIALES.
235,MEDIATECA..
236,MERCADO DE ABASTOS (MAYOREO)..
237,MUSEO DE SITIO..
238,MUSEO REGIONAL..
239,MUSEO..
240,ORFANATOS..
241,EQUIPAMIENTO DE PARQUE DE BARRIO.
242,EQUIPAMIENTO DE PARQUE URBANO DISTRITAL.
243,EQUIPAMIENTO DE PARQUE URBANO GENERAL.
244,PISTA DE HIELO..
245,EQUIPAMIENTO DE PLAZA CIVICA.
246,PLAZAS DE TOROS Y LIENZOS CHARROS.....
247,EQUIPAMIENTO DE PLAZOLETAS Y RINCONADAS.
248,PRIMARIA..
249,SALAS DE REUNION..
250,SANATORIO..
251,SANITARIOS..
252,SECUNDARIAS GENERALES Y TECNICAS..
253,SQUASH..
254,TEATRO..
255,TERMINAL DE AUTOBUSES FORANEOS..
256,UNIDAD DE URGENCIAS..
257,UNIDAD DEPORTIVA..
258,UNIDAD MEDICA DE 1ER CONTACTO..
259,UNIVERSIDAD..
260,VELATORIOS Y FUNERALES..
261,ZOOLOGICO..
262,EQUIPOS DE AIRE ACONDICIONADO..INDUSTRIA
263,EQUIPOS DE SONIDO Y VIDEO..VENTA
264,EQUIPOS HIDRAULICOS..VENTA
265,EQUIPOS Y ACCESORIOS DE COMPUTACION..VENTA
266,ESCOBAS  CEPILLOS Y TRAPEADORES..INDUSTRIA
267,ESCUDOS Y DISTINTIVOS DE METAL Y SIMILARES..
268,ESCUDOS Y DISTINTIVOS DE METAL Y SIMILARES..ELABORACION Y VENTA
269,ESENCIAS AROMATIZANTES (EXCEPTO LA MANUFACTURA DE LOS COMPONENTES BASICOS)..INDUSTRIA
270,ESTABLOS Y ZAHURDAS (GANADO PORCINO  BOVINO  CAPRINO  EQUINO  OVINO).
271,ESTACIONAMIENTOS PUBLICOS..
272,ESTACIONES DE BOMBEO..
273,ESTACIONES DE SERVICIO DE COMBUSTIBLE..
274,ESTADIOS CON VENTA DE CERVEZA..
275,ESTADIOS CON VENTA DE VINO Y CERVEZA..
276,ESTADIOS. SIN VENTA DE BEBIDAS ALCOHOLICAS.
277,ESTOPA..INDUSTRIA
278,ESTUDIOS CINEMATOGRAFICOS..INDUSTRIA
279,EXPENDIO DE AGUA. VENTA
280,EXPENDIO DE BILLETES DE LOTERIA Y SORTEOS VARIOS..VENTA
281,EXPENDIO DE CARBON..VENTA
282,EXPENDIO DE HUEVO..VENTA
283,EXPENDIO DE LE?..VENTA
284,EXPENDIO DE LUBRICANTAS..VENTA
285,EXPENDIO DE PAN. SOLO VENTA.VENTA
286,EXPENDIOS DE REVISTAS..VENTA
287,FABRICACION DE MUEBLES Y ARTICULOS DE HIERRO FORJADO..INDUSTRIA
288,FABRICACION  REPARACION Y ENSAMBLE DE: AUTOMOVILES Y CAMIONES  EMBARCACIONES  EQUIPO FERROVIARIO  MO
289,FARMACIAS  DROGERIA Y HOMEOPATICA..VENTA
290,FERRETERIA DE ARTICULOS ESPECIALIZADOS..VENTA
291,FERRETERIA Y TLAPALERIA..VENTA
292,FERTILIZANTES..INDUSTRIA
293,FIBRA DE VIDRIO Y DERIVADOS..INDUSTRIA
294,FINANZAS Y ADMINISTRACION..
295,FLORERIAS..VENTA
296,FONTANERIA..
297,FOTO ESTUDIO.
298,FRUTERIAS..VENTA
299,FUMIGACIONES..
300,FUNDICION DE ACERO..INDUSTRIA
301,FUNDICION  ALEACION O REDUCCION DE METALES..INDUSTRIA
302,FUNERARIA..
303,GALERIA DE ARTE..VENTA
304,GALGODROMO..
305,GASODUCTOS. POR ML
306,GELATINAS  APRESTO Y COLA..INDUSTRIA
307,GRABACIONES DE AUDIO Y VIDEO..
308,GRAFITO Y DERIVADOS..INDUSTRIA
309,GRANJAS (AVICOLAS  APIARIOS  APICOLAS)  CON CASA HABITACION..
310,GRANJAS DE RECUPERACION
311,GUANTES  LATEX  GLOBOS  PELOTAS Y SUELAS..INDUSTRIA
312,HERRAJES EN GENERAL..VENTA
313,HERRAMIENTAS Y ACCESORIOS..INDUSTRIA
314,HERRERIA PARA VENTANAS Y SIMILARES..INDUSTRIA
315,HIELO SECO. (DIOXIDO DE CARBONO)..INDUSTRIA
316,HIELO..INDUSTRIA
317,HIELO..VENTA
318,HIERBERIA..VENTA
319,HIERRO FORJADO..INDUSTRIA
320,HIPODROMO..
321,HOTEL RETIRO
322,HOTELES CON TODOS LOS SERVICIOS. CON VENTA DE CERVEZA..
323,HOTELES CON TODOS LOS SERVICIOS. CON VENTA DE VINO Y CERVEZA..
324,HOTELES CON TODOS LOS SERVICIOS. SIN VENTA DE BEBIDAS ALCOHOLICAS
325,HOTELES CON TODOS LOS SERVICIOS..
326,HOTELES..
327,HUERTOS (FRUTALES  FLORES  HORTALIZAS)  CON CASA HABITACION..
328,HULE NATURAL..INDUSTRIA
329,HULE SINTETICO O NEOPRENO..INDUSTRIA
330,HULE. (INYECCION DE PLASTICO).INDUSTRIA
331,IMPLEMENTOS ELECTRICOS..INDUSTRIA
332,IMPLEMENTOS Y EQUIPOS PARA GAS DOMESTICO..VENTA
333,IMPRENTA  OFFSET Y/O LITOGRAFIAS..
334,INCINERADOR DE: BASURA  DESECHOS BIOLOGICOINFECCIOSOS..
335,INDUSTRIA QUIMICA  FABRICA DE: ANILINA  ACETILENO  AMONIACO  CARBUROS  SOSA CAUSTICA  CREOSOLA  CLOR
336,INDUSTRIALIZACION DE ROPA..INDUSTRIA
337,INDUSTRIALIZACION DE SABANAS  COLCHONETAS  EDREDONES Y SIMILARES..INDUSTRIA
338,INSECTICIDAS  FUNGICIDAS  DESINFECTANTES  ETC..INDUSTRIA
339,INSTALACION Y REPARACION DE MOFLES Y RADIADORES..
340,INSTALACIONES DE RIEGO..
341,INSTALACIONES GENERADORAS DE ENERGIA..
342,INSTALACIONES MILITARES Y CUARTELES
343,INSTRUMENTAL OPTICO..INDUSTRIA
344,INSTRUMENTOS DE PRECISION Y RELOJES..INDUSTRIA
345,INSTRUMENTOS MUSICALES..INDUSTRIA
346,JABONES Y DETERGENTES..INDUSTRIA
347,JARDINES Y/O PLAZAS..
348,JOYERIA Y BISUTERIA..VENTA
349,JUGOS NATURALES Y LICUADOS..VENTA
350,JUGUETERIA. NO INCLUYE ARTICULOS EROTICOS.VENTA
351,LABORATORIOS DE: ANALISIS CLINICOS  REVELADO FOTOGRAFICO..
352,LABORATORIOS EXPERIMENTALES..INDUSTRIA
353,LABORATORIOS MEDICOS Y DENTALES..
354,LADIES BAR CON VENTA DE VINO Y CERVEZA.
355,LAGOS ARTIFICIALES..
356,LAVANDERIA.
357,LEGUMBRES..VENTA
358,LENCERIA..VENTA
359,LIBRERIA..VENTA
360,LICORERIA (VENTA EN BOTELLA CERRADA). VINATERIA.VENTA
361,LIMPIEZA DE ALFOMBRAS Y MUEBLES Y CORTINAS..
362,LINEA BLANCA Y APARATOS ELECTRICOS..VENTA
363,LINOLEUMS..INDUSTRIA
364,LLANTAS Y CAMARAS..INDUSTRIA
365,LUBRICANTES..INDUSTRIA
366,MALETAS Y EQUIPOS PARA VIAJE..INDUSTRIA
367,MANEJO Y ALMACENAMIENTO DE DESECHOS RADIOACTIVOS..
368,MAQUINARIA PESADA Y NO PESADA..INDUSTRIA
369,MAQUINARIA PESADA..VENTA
370,MAQUINAS DE ESCRIBIR Y CALCULADORAS..INDUSTRIA
371,MARCOS..VENTA
372,MARISCOS Y PESCADOS..VENTA
373,MASCARAS..VENTA
374,MATERIALES PARA LA CONSTRUCCION..VENTA
375,MENSAJERIA Y PAQUETERIA..
376,MERCERIA..VENTA
377,MESAS DE BILLAR  FUTBOLITOS Y VIDEOJUEGOS (COMPRAVENTA)..VENTA
378,MESONES
379,MINAS PARA LA EXTRACCION DE: AZUFRE  AMBAR  CARBON MINERAL  OPALO Y SIMILARES..
380,MINAS PARA LA EXTRACCION Y BENEFICIO DE MATERIALES METALICOS (ORO  HIERRO  NIQUEL  PLATINO  SILICIO COBRE  MERCURIO  BRONCE Y OTROS)..
381,MODULAS DE MADERA PARA MARCOS DE CUADRO..ELABORACION Y VENTA
382,MOLDES PARA INYECCION DE PLASTICO..
383,MOLINOS DE TRIGO  HARINA Y SIMILARES..INDUSTRIA
384,MOLINOS Y PROCESAMIENTO DE GRANOS..INDUSTRIA
385,MOTEL CON VENTA DE VINO Y CERVEZA .
386,MOTEL DE PASO. SIN VENTA DE BEBIDAS ALCOHOLICAS.
387,MOTEL SIN VENTA DE BEBIDAS ALCOHOLICAS.
388,MOTOCICLETAS..VENTA
389,MUDANZAS..
390,MUEBLERIAS..VENTA
391,MUEBLES Y PUERTAS DE MADERA..INDUSTRIA
392,MUTUALIDADES Y FRATERNIDADES..
393,NEVERIAS..VENTA
394,NOTARIA..
395,OBRADORES..
396,OPTICAS..VENTA
397,PALETAS Y HELADOS.(ELABORACION).
398,PALETAS  HELADOS  AGUAS FRESCAS. VENTA
399,PANIFICADORAS..INDUSTRIA
400,PANTEONES Y CEMENTERIOS..
401,PAPEL EN GENERAL..INDUSTRIA
402,PAPELERIA Y ARTICULOS ESCOLARES..VENTA
403,PARQUE URBANO GENERAL..
404,PARQUES NACIONALES..
405,PASTELES Y SIMILARES..
406,PASTEURIZADORA DE PRODUCTOS LACTEOS..INDUSTRIA
407,PATIOS DE ALMACENAMIENTO..
408,PEDICURISTAS..
409,PELETERIA..
410,PELUQUERIAS Y SALON DE BELLEZA..
411,PENSIONES DE AUTOS..
412,PERFILES DE PLASTICO EXTRUIDO..INDUSTRIA
413,PERFUMERIA..VENTA
414,PERFUMES..INDUSTRIA
415,PERIODICOS Y REVISTAS (ROTATIVAS)..INDUSTRIA
416,PERSIANAS Y TOLDOS (FABRICACION)..INDUSTRIA
417,PINTURA DE PIELES Y ACABADOS CON PISTOLA DE AIRE..INDUSTRIA
418,PINTURA VINILICA Y ESMALTES (EXCEPTO LA MANUFACTURA DE LOS COMPONENTES BASICOS)..INDUSTRIA
419,PINTURA Y AEROSOLES..INDUSTRIA
420,PINTURAS..VENTA
421,PI?TAS..ELABORACION Y VENTA
422,PI?TAS..VENTA
423,PISOS DE MOSAICO  GRANITO  TERRAZO  SIN UTILIZAR EQUIPO ESPECIALIZADO..INDUSTRIA
424,PISOS Y CORTINAS..VENTA
425,PISTA DE MOTOCROSS..
426,PLANTAS: DE TRATAMIENTO  POTABILIZADORAS  TERMOELECTRICAS..
427,PLASTICO RECICLADO..INDUSTRIA
428,PLASTICO  MOLIENDA DE..INDUSTRIA
429,PLAZAS DE TOROS Y LIENZOS CHARROS. CON VENTA DE CERVEZA.
430,PLAZAS DE TOROS Y LIENZOS CHARROS. CON VENTA DE VINO Y CERVEZA.
431,PLAZAS DE TOROS Y LIENZOS CHARROS. SIN VENTA DE BEBIDAS ALCOHOLICAS.
432,POLIDUCTOS.   POR ML.
433,PROCESAMIENTO DE ALIMENTOS..ELABORACION Y VENTA
434,PROCESAMIENTO PARA MADERAS Y DERIVADOS..INDUSTRIA
435,PRODUCTOS ALIMENTICIOS..INDUSTRIA
436,PRODUCTOS DE ACERO LAMINADO..INDUSTRIA
437,PRODUCTOS DE ASBESTO CEMENTO..INDUSTRIA
438,PRODUCTOS DE CARTON Y PAPEL. (HOJAS  BOLSAS  CAJAS  ETC.).INDUSTRIA
439,PRODUCTOS DE CERA Y PARAFINA..INDUSTRIA
440,PRODUCTOS DE MADERA..INDUSTRIA
441,PRODUCTOS DE NYLON Y LICRA..INDUSTRIA
442,PRODUCTOS DE PLASTICO DESECHABLES..VENTA
443,PRODUCTOS DE PLASTICO  VAJILLAS  BOTONES  DISCOS (DEPENDIENDO DE LA CANTIDAD DE SUSTANCIAS)..INDUSTRIA
444,PRODUCTOS DE RESINA Y SIMILARES..INDUSTRIA
445,PRODUCTOS ESTRUCTURALES DE ACERO..INDUSTRIA
446,PRODUCTOS FARMACEUTICOS  ALHOPATAS Y HOMEOPATAS..INDUSTRIA
447,PRODUCTOS NATURISTAS (ELABORACION Y EMPAQUE)..INDUSTRIA
448,PRODUCTOS NATURISTAS..VENTA
449,PRODUCTOS PARA REPOSTERIA..VENTA
450,PRODUCTOS TEJIDOS; MEDIAS  CALCETINES  ROPA  MANTELES Y SIMILARES..ELABORACION Y VENTA
451,PROTECCION Y SEGURIDAD POLICIACA  PERSONAL Y NEGOCIOS..
452,PULIDO DE METALES EN SECO..
453,PULIDO DE PISOS..
454,PULQUERIA.
455,PURIFICADORAS..INDUSTRIA
456,RADIODIFUSORAS..
457,RASTROS FRIGORIFICOS..
458,REFACCIONES (SIN TALLER)..VENTA
459,REFINADO DE AZUCAR..INDUSTRIA
460,REFINADO DE PETROLEO Y DERIVADOS..INDUSTRIA
461,REGADERAS Y BA?S PUBLICOS..
462,REGALOS..VENTA
463,RELLENO SANITARIO..
464,RELOJERIA..VENTA
465,RENTA DE MAQUINARIA Y EQUIPO PARA LA CONSTRUCCION..
466,RENTA DE VEHICULOS..
467,RENTA DE VIDEO JUEGOS Y VIDEOS..VENTA
468,REPARACION DE AUTOBUSES  TRAILERS Y SIMILARES..
469,REPARACION DE MAQUINARIA PESADA..
470,REPARACION DE PARABRISAS..
471,REPARACION DE: APARATOS FRIGORIFICOS  EQUIPO MEDICO  AIRE ACONDICIONADO  ELEVADORES AUTOMOTRICES  EQ
472,REPARACION DE: EQUIPO DE COMPUTO  EQUIPO FOTOGRAFICO  SINFONOLAS  CALZADO (LUSTRADO)  MUEBLES  INSTR
473,REPARACION Y DISTRIBUCION DE MAQUINARIA PARA CONSTRUCCION..
474,REPARACIONES DOMESTICAS Y ARTICULOS DEL HOGAR.(A DOMICILIO).
475,REPETIDORAS..
476,RESTAURANTE - BAR.
477,RESTAURANTES CON VENTA DE CERVEZA.
478,RESTAURANTES SIN VENTA DE BEBIDAS ALCOHOLICAS.
479,ROCOLAS..VENTA
480,ROPA..VENTA
481,ROSTICERIA..VENTA
482,SABANAS  COLCHAS  COLCHONETAS  EDREDONES  FUNDAS Y SIMILARES..ELABORACION Y VENTA
483,SALAS DE BAILE SIN VENTA DE BEBIDAS ALCOHOLICAS.
484,SALAS DE REUNION. CENTRO SOCIAL O DE CONVENCIONES SIN VENTA DE BEBIDAS ALCOHOLICAS.
485,SALAS DE REUNION. CENTRO SOCIAL O DE CONVENCIONES.  CON VENTA DE CERVEZA.
486,SALAS DE REUNION. CENTRO SOCIAL O DE CONVENCIONES. CON VENTA DE CERVEZA Y VINO.
487,SALON DE FIESTAS INFANTILES..
488,SALON DE FIESTAS Y EVENTOS CON CONSUMO DE VINO Y CERVEZA.
489,SALON DE FIESTAS Y EVENTOS SIN VENTA DE BEBIDAS ALCOHOLICAS.
490,SALON DE FIESTAS Y EVENTOS. CON CONSUMO DE CERVEZA.
491,SALSAS..ELABORACION Y VENTA
492,SALSAS..VENTA
493,SANDBLASTEADO DE CONDUCTORES Y APARATOS..INDUSTRIA
494,SANTUARIOS NATURALES..
495,SASTRERIA Y COSTURERAS Y/O REPARACION DE ROPA..
496,SASTRERIA Y TALLER DE ROPA..ELABORACION Y VENTA
497,SEMILLAS Y CEREALES..VENTA
498,SERIGRAFIA E IMPRESIONES..ELABORACION Y VENTA
499,SERVICIO DE GRUAS..
500,SERVICIOS DE LUBRICACION VEHICULAR..
501,SILLAS  ESCRITORIOS  ESTANTERIA  ARCHIVEROS Y SIMILARES..INDUSTRIA
502,SILVICULTURA..
503,SITIO DE TAXIS..
504,SUBESTACION ELECTRICA..
505,SUPERMERCADOS CON VENTA DE CERVEZA.VENTA
506,SUPERMERCADOS CON VENTA DE VINO Y CERVEZA.VENTA
507,SUPERMERCADOS. SIN VENTA DE BEBIDAS ALCOHOLICAS.VENTA
508,SUPERMERCADOS..VENTA
509,TABAQUERIA..VENTA
510,TABIQUES  BLOQUES Y SIMILARES..INDUSTRIA
511,TALABARTERIA..
512,TALLER DE APARATOS ELECTRICOS..
513,TALLER DE ARTICULOS DE ALUMINIO..
514,TALLER DE BASCULAS..
515,TALLER DE BICICLETAS..
516,TALLER DE COMPRESORES..
517,TALLER DE EQUIPOS HIDRAULICO Y NEUMATICOS..
518,TALLER DE HERRERIA Y/O ELABORACION DE HERRAJES..
519,TALLER DE HOJALATERIA Y PINTURA.
520,TALLER DE JOYERIA  ORFEBRERIA Y SIMILARES (CON EQUIPO ESPECIALIZADO)..ELABORACION Y VENTA
521,TALLER DE JOYERIA.
522,TALLER DE MAQUINAS DE TORTILLA..
523,TALLER DE MOTOCICLETAS..
524,TALLER DE ORFEBRERIA Y SIMILARES..
525,TALLER DE SOLDADURA..
526,TALLER DE TORNO CONDICIONADO..
527,TALLER DE TROFEOS Y RECONOCIMIENTOS DE CRISTAL  METALICOS  ETC..
528,TALLER MECANICO..
529,TALLERES DE IMPRESION..
530,TALLERES DE: SERIGRAFIA  TORNO  TENERIA  EBANISTERIA  ORFEBRERIA Y SIMILARES..INDUSTRIA
531,TANQUES DE ALMACENAMIENTO DE AGUA..
532,TAPICERIA..
533,TAPICERIA..ELABORACION Y VENTA
534,TELAS Y PRODUCTOS TEXTILES..INDUSTRIA
535,TELEFONIA E IMPLEMENTOS CELULARES..VENTA
536,TENDIDO DE REDES: AGUA POTABLE  DRENAJE  ELECTRICIDAD  TELEFONIA  TELEVISION POR CABLE. POR ANTENA $210) Y POR CABLEADO ML.
537,TERMINALES DE AUTOBUSES DE TRANSPORTE URBANO..
538,TERMOELECTRICAS..INDUSTRIA
539,TIENDA DE ARTICULOS ESPECIALIZADOS..VENTA
540,TIENDAS DE ACCESORIOS DE VESTIR..VENTA
541,TIENDAS DEPARTAMENTALES..VENTA
542,TINAS DE JACUZZI..VENTA
543,TINTAS..INDUSTRIA
544,TINTORERIA..
545,TIRADEROS DE BASURA..
546,TODO TIPO DE CULTIVOS (AGOSTADEROS  PASTIZALES)..
547,TORNO PARA MADERA  EBANISTERIA Y ACABADOS EN LACA..ELABORACION Y VENTA
548,TORTILLERIA..VENTA
549,TRAILER PARK
550,TROFEOS Y RECONOCIMIENTOS DE CRISTAL  METALICOS  ETC..VENTA
551,TUBOS Y POSTES DE ACERO..INDUSTRIA
552,VENTA ARTICULOS CERAMICA..
553,VENTA DE ANTIGUEDADES.VENTA
554,VENTA DE MUSICA GRABADA.
555,VENTA Y RENTA DE INSTRUMENTOS MEDICOS  ORTOPEDICOS  QUIRURGICOS Y MOBILIARIO HOSPITALARIO..VENTA
556,VETERINARIA..
557,VIALES REGIONALES..
558,VIDEO BARES..VENTA
559,VIDRIERA..INDUSTRIA
560,VIDRIO SOPLADO ARTESANAL..INDUSTRIA
561,VIDRIO SOPLADO  ALTA PRODUCCION ARTESANAL..INDUSTRIA
562,VIDRIOS Y ESPEJOS..VENTA
563,VILLAS HOTELERAS. SIN VENTA DE BEBIDAS ALCOHOLICAS.
564,VILLAS HOTELERAS..
565,VIVEROS FORESTALES..
566,VIVEROS..VENTA
567,YESERA..INDUSTRIA
568,YOGHURT..ELABORACION Y VENTA
569,YOGHURT..VENTA
570,YUTE  ZIZAL  Y CA?MO (UNICAMENTE PRODUCTOS)..INDUSTRIA
571,ZAPATOS..INDUSTRIA
572,VIDEO JUEGOS
573,ARTICULOS PARA EL HOGAR
574,AUTOLAVADO
575,RENTA DE INTERNET
576,LIENZO CHARRO SIN VENTA DE BEBIDAS ALCOHOLICAS
577,LIENZO CHARRO CON VENTA DE CERVEZA
578,LIENZO CHARRO CON VENTA DE VINO Y CERVEZA
579,ACADEMIA DE BELLEZA
580,MINISUPER CON VENTA DE VINO Y CERVEZA
581,JUEGOS MECANICOS
582,JARDIN DE FIESTAS
583,CASETA TELEFONICA
584,ESTETICA CANINA
585, VENTA DE ARTICULOS NUEVOS Y USADOS
586,MINISUPER CON VENTA DE CERVEZA
587,PLOMERIA
588,COMPRA VENTA DE TELAS
589,CAMBIOS DE ACEITE
590,VULCANIZADORA
591,SERVICIO DE BANQUETES
592,JARCIERIA
593,MUEBLES Y ARTICULOS PARA OFICINA
594,BILLARES.
595,ELABORACION Y VENTA DE LAPIDAS
596,fabricacion y venta de sellos 
597,ELABORACION Y VENTA DE PAN
598,AUTOPARTES VENTA
599,TALLER DE HERRERIA
600,VENTA DE SOPORTES PARA T.V.
601,TALLER ELECTRICO AUTOMOTRIZ
602,REPARACION DE CALZADO
603,MOLIENDA DE MINERALES
604,COMPRA VENTA DE POLIURETANO
605,COMPRA VENTA DE JUGUETES
606,FABRICACION DE AUTOPARTES
607,COMPRA VENTA DE SOMBREROS
608,IINSTALACION Y VENTA DE ALARMAS  AUDIO PARA VEHICULOS 
609,VENTA DE MATERIAL DIDACTICO
610,PASTELES Y SIMILARES..ELABORACION Y VENTA.
611,ANTOJITOS FONDAS  CAFES  CENADURIAS  TAQUERIA. SIN VENTA DE BEBIDAS ALCOHOLICAS..VENTA.
612,REFACCIONES Y ACCESORIOS PARA AUTO
613,COMPRA VENTA DE MALLA
614,ALQUILER Y  VENTA DE ROPA DE VESTIR
615,COMPRA VENTA DE REMOLQUES
616,COMPRA VENTA DE AUTOS
617,CASA DE EMPE?
618,PELUQUERIAS Y SALON DE BELLEZA EQUIPAMIENTO
619,RENTA TRANSPORTE DE CARGA
620,FABRICACION DE SOLDADURA
621,RADIOCOMUNICACIONES  VENTA Y REPARACION
622,VENTA DE ARTICULOS RELIGIOSOS
623,TRATAMIENTO DE RESIDUOS HOSPITALARIOS..INDUSTRIA
624,RENTA Y VENTA DE VIDEOS ROPA Y ACCESORIOS
625,SOPORTES Y ACCESORIOS PARA TV
626,FABRICACION DE  MOTORES
627,VENTA DE EQUIPO PARA SOLADADURA
628,COMPRA VENTA Y REPARACION DE MAQUINAS DE COCER
629,COMPRA  VENTA Y REPARACION DE BICICLETAS
630,JARDIN DE FIESTAS CON VENTA DE VINO Y CERVEZA
631,INDUSTRIA QUIMICA
632,TALLER ARTESANAL
633,CASA DE ANCIANOS
634,COCINA ECONOMICA
635,INSTRUMENTOS MUSICALES REPARACION Y VENTA
636,DISTRIBUCION DE AGUA...
637,COMPRA VENTA DE MASCOTAS Y ACCESORIOS
638,MINISUPER (SIN VENTA DE BEBIDAS ALCOHOLICAS)
639,BASCULA PUBLICA
640,ARTICULOS PARA DECORACION  VENTA
641,JARDIN PARA FIESTAS Y EVENTOS
642,Jardin para Fiestas Infantiles
643,JARDIN DE FIESTAS CON VENTA DE VINO Y CERVEZA (3)
644,LUDOTECA
645,FARMACIAS CON TIENDA DE AUTOSERVICIO
646,TORTILLERIA (MOLINOS DE TRIGO  HARINA  GRANOS Y SIMILARES)
647,PISTA DE PATINAJE
648,ELABORACION Y VENTA DE CONCRETO
649,VENTA DE REFACCIONES Y ACCESORIOS DE ELECTRONICA
650,VENTA Y/O REPARACION DE ARTICULOS RELIGIOSOS
651,TALLER DE REPARACION Y MANTENIMIENTO INDUSTRIAL (ANALISIS DE VIBRACIONES  BALANCEO  ETC.)
652,OFICINAS DE PROFESIONALES
653,OFICINAS
654,CENTRO DE REHABILITACION FISICA Y MENTAL
655,CEMENTERIO  Y CREMATORIO
656,SERVICIOS DE LIMPIEZA Y REPARACION DE ARTICULOS EN GENERAL
657,PRODUCTOS DE ALUMINIO..INDUSTRIA
658,ARTICULOS DE DISE?...VENTA
659,RESTAURANTE Y CENTRO DE ENTRETENIMIENTO ( JUEGOS ELECTRONICOS Y DE MESA)

