ID,listo,ronda,vinculo,status,observacion,base_licitacion,tipo_licitacion,clave_licitacion,fallo_licitacion,nombre_licitacion,concepto_licitacion,juntaaclaratoria_licitacion
5,0,1,5,1,<blank>,https://www.deportesguadalajara.gob.mx/modulo_compras/licitaciones/base/LPNCCC 003-2022 Pimtura e Impermeabilizante.pdf,<blank>,LPNCCC 003/2022,<blank>,ADQUISICION DE PINTURA E IMPERMEABILIZANTE PARA LAS INSTALACIONES DEL CONSEJO,<blank>,https://www.deportesguadalajara.gob.mx/modulo_compras/licitaciones/junta/Acta JA LPNCCC 003-2022 Pintura e Impermeabilizante.pdf
7,0,1,7,2,<blank>,https://www.deportesguadalajara.gob.mx/modulo_compras/licitaciones/base/LPNCCC 05 2022 MANTENIMIENTO MENOR UNIDADES DEPORTIVAS.pdf,<blank>,LPNCCC 005/2022,<blank>,CONTRATACION DEL SERVICIO DE JARDINERIA Y MTTO MENOR PARA UNIDADES,<blank>,https://www.deportesguadalajara.gob.mx/modulo_compras/licitaciones/junta/JA 005 2022 MANTENIMIENTO MENOR UNIDIDADES.pdf
8,0,1,8,1,<blank>,https://www.deportesguadalajara.gob.mx/modulo_compras/licitaciones/base/LPNCCC 004 -2022 SERVICIO DE SEGURIDAD PRIVADA.pdf,<blank>,LPNCCC 004/2022,<blank>,CONTRATACION DEL SERVICIO DE SEGURIDAD PRIVADA,<blank>,https://www.deportesguadalajara.gob.mx/modulo_compras/licitaciones/junta/Junta de Aclaraciones Seguridad Privada jun-Ago.pdf
18,0,1,18,2,<blank>,https://www.deportesguadalajara.gob.mx/modulo_compras/licitaciones/base/LPLSCC 043.2022 CREDENCIALES.pdf,<blank>,LPLSCC 043/2022,<blank>,Adquisición de Credenciales para Escuela de Iniciación Deportiva de Zonas De Guadalajara.,<blank>,https://www.deportesguadalajara.gob.mx/modulo_compras/licitaciones/junta/ACTA JUNTA ACLARACIONES 043.2022 CREDENCIALES.pdf
19,0,1,19,1,<blank>,https://www.deportesguadalajara.gob.mx/modulo_compras/licitaciones/base/LPLSCC 044.2022 Sellos Institucionales.pdf,<blank>,LPLSCC 044/2022,https://www.deportesguadalajara.gob.mx/modulo_compras/licitaciones/fallos/Fallo LPNCCC 044.2022 Sellos Institucionales.pdf,ADQUISICION DE SELLOS INSTITUCIONALES,<blank>,https://www.deportesguadalajara.gob.mx/modulo_compras/licitaciones/junta/Acta JA LPLSCC 044-2022 Sellos Institucionales.pdf
20,0,1,20,1,<blank>,https://www.deportesguadalajara.gob.mx/modulo_compras/licitaciones/base/LPNCCC 006.2022 Gasolina y Diesel.pdf,<blank>,LPNCCC 006/2022,<blank>,SERVICIO DE GASOLINA Y DIESEL,<blank>,https://www.deportesguadalajara.gob.mx/modulo_compras/licitaciones/junta/ACTA JUNTA ACLARACIONES 006-2022 GASOLINA.pdf
21,0,1,21,1,<blank>,https://www.deportesguadalajara.gob.mx/modulo_compras/licitaciones/base/LPLSCC 044.2022 Segunda Ronda Sellos Institucionales.pdf,<blank>,LPLSCC 044/2022 SEGUNDA RONDA,https://www.deportesguadalajara.gob.mx/modulo_compras/licitaciones/fallos/Fallo LPLSCC 044.2022 Segunda Ronda Sellos Institucionales.pdf,SELLOS INSTITUCIONALES,<blank>,https://www.deportesguadalajara.gob.mx/modulo_compras/licitaciones/junta/JA LPLSCC 044.2022 Segunda Ronda Sellos Institucionales.pdf
22,0,1,22,1,<blank>,https://www.deportesguadalajara.gob.mx/modulo_compras/licitaciones/base/LPNCCC 007-2022 MEDALLAS TROFEOS SERIAL SIG..pdf,<blank>,LPNCCC 007/2022,<blank>,"MEDALLAS Y TROFEOS I SERIAL DE CARRERAS ATLETICAS GUADALAJARA 2022, LA CIUDAD QUE QUIERO CORRE, ETAPAS MINERVA, ANALCO, OBLATOS, ZAPOPAN-GUADALAJARA, SAN ANDRES TECNOLÓGICO, PASEO ALCALDE",<blank>,https://www.deportesguadalajara.gob.mx/modulo_compras/licitaciones/junta/ACTA JA LPNCCC 007-2022 MEDALLAS Y TROFEOS SERIAL.pdf
24,0,1,24,2,<blank>,https://www.deportesguadalajara.gob.mx/modulo_compras/licitaciones/base/LPNCCC 015-2022 Baños.pdf,<blank>,LPNCCC 015/2022,<blank>,RENTA BAÑOS PORTATILES,<blank>,<blank>
25,0,1,25,1,<blank>,https://www.deportesguadalajara.gob.mx/modulo_compras/licitaciones/base/LPNCCC 017.2022 Material Ferretero boca tormenta.pdf,<blank>,LPNCCC 017/2022,<blank>,MATERIAL PARA REPARACION DE BOCA DE TORMENTA,<blank>,https://www.deportesguadalajara.gob.mx/modulo_compras/licitaciones/junta/JA LPNCCC 017.2022 Material Bocas de Tormenta.pdf
26,0,1,26,1,<blank>,https://www.deportesguadalajara.gob.mx/modulo_compras/licitaciones/base/LPNCCC 013.2022 Ferretería I Serial 6 Etapas.pdf,<blank>,LPNCCC 013/2022,<blank>,FERRETERÍA I SERIAL 6 ETAPAS,<blank>,https://www.deportesguadalajara.gob.mx/modulo_compras/licitaciones/junta/JA LPNCCC 013.2022 Ferre Serial.pdf
27,0,1,27,1,<blank>,https://www.deportesguadalajara.gob.mx/modulo_compras/licitaciones/base/LPNCCC 011-2022. NUMEROS SERIAL SIG..pdf,<blank>,LPNCCC 011/2022,<blank>,"NUMEROS DE PARTICIPANTE I SERIAL DE CARRERAS ATLETICAS GUADALAJARA 2022, LA CIUDAD QUE QUIERO CORRE, ETAPAS MINERVA, ANALCO, OBLATOS, ZAPOPAN-GUADALAJARA, SAN ANDRES TECNOLOGICO, PASEO ALCALDE",<blank>,https://www.deportesguadalajara.gob.mx/modulo_compras/licitaciones/junta/ACTA JA LPNCCC 01-2022 NUMEROS SERIAL.pdf
28,0,1,28,2,<blank>,https://www.deportesguadalajara.gob.mx/modulo_compras/licitaciones/base/LPNCCC 016-2022 Renta ambulancias .pdf,<blank>,LPNCCC 016/2022,<blank>,RENTA AMBULANCIAS,<blank>,<blank>
29,0,1,29,1,<blank>,https://www.deportesguadalajara.gob.mx/modulo_compras/licitaciones/base/LPNCCC 019.2022 Material de ferretería Gran Giro.pdf,<blank>,LPNCCC 019/2022,<blank>,MATERIAL FERRETERIA GRAN GIRO,<blank>,https://www.deportesguadalajara.gob.mx/modulo_compras/licitaciones/junta/JA LPNCCC 019.2022 Ferre Gran Giro.pdf
31,0,1,31,1,<blank>,https://www.deportesguadalajara.gob.mx/modulo_compras/licitaciones/base/LPNCCC 018-2022 RADIOS GRAN FONDO.docx.pdf,<blank>,LPNCCC 018/2022,<blank>,RENTA DE RADIOS GRAN GIRO GUADALAJARA 2022,<blank>,<blank>
32,0,1,32,2,<blank>,https://www.deportesguadalajara.gob.mx/modulo_compras/licitaciones/base/LPNCCC 020-2022 motobombas .pdf,<blank>,LPNCCC 20/2022,<blank>,MOTOBOMBAS,<blank>,<blank>
34,0,1,34,2,<blank>,https://www.deportesguadalajara.gob.mx/modulo_compras/licitaciones/base/LPNCCC 024-2022 Seguro  .pdf,<blank>,LPNCCC 024/2022,<blank>,SEGURO MEDICO PARA EL GRAN GIRO,<blank>,<blank>
35,0,1,35,2,<blank>,https://www.deportesguadalajara.gob.mx/modulo_compras/licitaciones/base/LPNCCC 025 2022 ARENA SILICA PARA ALBERCAS.pdf,<blank>,LPNCCC 025/2022,<blank>,ADQUISICIÓN DE ARENA SILICA PARA LAS ALBERCAS DEL CONSEJO,<blank>,https://www.deportesguadalajara.gob.mx/modulo_compras/licitaciones/junta/Junta de Aclaraciones Arena Sílica LPNCCC 025.2022.pdf
36,0,1,36,1,<blank>,https://www.deportesguadalajara.gob.mx/modulo_compras/licitaciones/base/LPNCCC 008-2022 CRONOMETRAJE.pdf,<blank>,LPNCCC 008/2022,<blank>,CONTRATACIÓN DEL SERVICIO DE CRONOMETRAJE PARA EL I SERIAL DE CARRERAS ,<blank>,https://www.deportesguadalajara.gob.mx/modulo_compras/licitaciones/junta/Junta de Aclaraciones Contratación del Servicio de Cronometraje LPNCCC 008.2022.pdf
37,0,1,37,1,<blank>,https://www.deportesguadalajara.gob.mx/modulo_compras/licitaciones/base/LPNCCC 009-2022 VALLAS.pdf,<blank>,LPNCCC 009/2022,<blank>,CONTRATACION DEL SERVICIO DE ARRENDAMIENTO DE VALLAS PARA EL I SERIAL DE CARRERAS ,<blank>,https://www.deportesguadalajara.gob.mx/modulo_compras/licitaciones/junta/Servicio de Arrendamiento de Valla LPNCCC 009.2022.pdf
38,0,1,38,2,<blank>,https://www.deportesguadalajara.gob.mx/modulo_compras/licitaciones/base/LPNCCC 010 2022 ALIMENTOS SERIAL.pdf,<blank>,LPNCCC 010/2022 ,<blank>,CONTRATACIÓN DEL SERVICIO DE ALIMENTOS PARA EL I SERIAL DE CARRERAS,<blank>,https://www.deportesguadalajara.gob.mx/modulo_compras/licitaciones/junta/Junta de Aclaraciones Alimentos I serial de carreras LPNCCC 010.2022.pdf
39,0,1,39,1,<blank>,https://www.deportesguadalajara.gob.mx/modulo_compras/licitaciones/base/LPNCCC 014-2022 MEDICAMENTOS.pdf,<blank>,LPNCCC 014/2022,<blank>,ADQUISICIÓN DE MEDICAMENTOS PARA EL I SERIAL DE CARRERAS ,<blank>,https://www.deportesguadalajara.gob.mx/modulo_compras/licitaciones/junta/Junta de Aclaraciones Medicamentos LPNCCC 014.2022.pdf
40,0,1,40,2,<blank>,https://www.deportesguadalajara.gob.mx/modulo_compras/licitaciones/base/LPNCCC 022 2022 ALIMENTOS GRAN GIRO.pdf,<blank>,LPNCCC 022/2022,<blank>,CONTRATACIÓN DEL SERVICIO DE ALIMENTOS PARA EL PERSONAL TECNICO Y OPERATIVO I SERIAL DE CARRERAS,<blank>,https://www.deportesguadalajara.gob.mx/modulo_compras/licitaciones/junta/Junta de Aclaraciones Alimentos para el personal técnico LPNCCC 022.2022.pdf
42,0,1,42,2,<blank>,https://www.deportesguadalajara.gob.mx/modulo_compras/licitaciones/base/LPNCCC 028-2022 Renta baños  .pdf,<blank>,LPNCCC 028/2022,<blank>,RENTA BAÑOS PARA EL GRAN GIRO,<blank>,<blank>
43,0,1,43,1,<blank>,https://www.deportesguadalajara.gob.mx/modulo_compras/licitaciones/base/LPNCCC 032-2022 PUBLICIDAD DE TRANSMISIÓN EN VIVO.pdf,<blank>,LPNCCC 032/2022,<blank>,PUBLICIDAD DE TRANSMISION EN VIVO GRAN GIRO GUADALAJARA 2022,<blank>,<blank>
44,0,1,44,2,<blank>,https://www.deportesguadalajara.gob.mx/modulo_compras/licitaciones/base/LPNCCC 033-2022 Renta motos  .pdf,<blank>,LPNCCC 033/2022,<blank>,RENTA DE MOTOS,<blank>,<blank>
45,0,1,45,2,<blank>,https://www.deportesguadalajara.gob.mx/modulo_compras/licitaciones/base/BASES LPNCCC031.2022 CONCERTINA.pdf,<blank>,LPLSCC 031/2022,<blank>,ADQUISICIÓN DE CONCERTINA (TIPO ALAMBRE DE PUAS),<blank>,https://www.deportesguadalajara.gob.mx/modulo_compras/licitaciones/junta/ACTA JUNTA DE ACLARCIONES CONCERTINA.pdf
46,0,1,46,2,<blank>,https://www.deportesguadalajara.gob.mx/modulo_compras/licitaciones/base/LPNCCC 035-2022 pirotecnia y confeti .pdf,<blank>,LPNCCC 035/2022,<blank>,PIROTECNIA Y CONFETI,<blank>,<blank>
48,0,1,48,2,<blank>,https://www.deportesguadalajara.gob.mx/modulo_compras/licitaciones/base/BASES LPNCCC 040.2022 BANDERAS DE TELA.pdf,<blank>,LPNCCC 040/2022,<blank>,ADQUISICIÓN DE BANDERAS DE TELA,<blank>,<blank>
49,0,1,49,1,<blank>,https://www.deportesguadalajara.gob.mx/modulo_compras/licitaciones/base/LPNCCC 026-2022 RENTA DE DRONE.pdf,<blank>,LPNCCC 026/2022,<blank>,RENTA DE DRONE PARA EL GRAN GIRO GUADALAJARA 2022,<blank>,<blank>
50,0,1,50,1,<blank>,https://www.deportesguadalajara.gob.mx/modulo_compras/licitaciones/base/LPNCCC 034-2022 GASOLINA GRAN GIRO.pdf,<blank>,LPNCCC 034/2022,<blank>,CONSUMO DE GASOLIN PARA GRAN GIRO 2022,<blank>,https://www.deportesguadalajara.gob.mx/modulo_compras/licitaciones/junta/LPNCCC  034-2022 GASOLINA GRAN GIRO.pdf
51,0,1,51,1,<blank>,https://www.deportesguadalajara.gob.mx/modulo_compras/licitaciones/base/lpnccc 029-2022 CIRCUITO CERRADO.pdf,<blank>,LPNCCC 029/2022,<blank>,SERVICIO CCTV CIRCUITO CERRADO EN VIVO TRANSMISION DE EVENTOS,<blank>,https://www.deportesguadalajara.gob.mx/modulo_compras/licitaciones/junta/LPNCCC 029-2022 CIRCUITO CERRADO GRAN GIRO.pdf
52,0,1,52,1,<blank>,https://www.deportesguadalajara.gob.mx/modulo_compras/licitaciones/base/LPNCCC 038-2022 RENTA DE CAMIONES.pdf,<blank>,LPNCCC 038/2022,<blank>,RENTA DE CAMIONES GRAN GIRO GUADALAJARA 2022,<blank>,<blank>
53,0,1,53,1,<blank>,https://www.deportesguadalajara.gob.mx/modulo_compras/licitaciones/base/LPNCCC 027-2022 PANTALLA GRAN GIRO.pdf,<blank>,LPNCCC 027/2022,<blank>,RENTA DE PANTALLA GIGANTE PARA GRAN GIRO 2022,<blank>,https://www.deportesguadalajara.gob.mx/modulo_compras/licitaciones/junta/LPNCCC 027-2022 PANTALLA GIGANTE GRAN GIRO.pdf
54,0,1,54,1,<blank>,https://www.deportesguadalajara.gob.mx/modulo_compras/licitaciones/base/LPNCCC 039-2022 PANTALLAS LEED Y SILLAS.pdf,<blank>,LPNCCC 039/2022,https://www.deportesguadalajara.gob.mx/modulo_compras/licitaciones/fallos/Acta Centésima Cuadragésima Quinta Sesión del Comité de Adquisiciones.pdf,PANTALLAS LEED Y SILLAS PARA EL GRAN GIRO GUADALAJARA 2022,<blank>,https://www.deportesguadalajara.gob.mx/modulo_compras/licitaciones/junta/Junta de Aclaraciones Renta de Pantallas y Sillas LPNCCC 039.2022.pdf
56,0,1,56,2,<blank>,https://www.deportesguadalajara.gob.mx/modulo_compras/licitaciones/base/LPNCCC 036-2022 PLAYERAS TIPO POLO PARA COMITÉ ORGANIZADOR.pdf,<blank>,LPNCCC 036 2022 ,<blank>,"ADQUISICION DE PLAYERAS TIPO POLOPARA COMITE ORGANIZADORDEL EVENTO DENOMINADO ""GRAN GIRO GUADALAJARA 2022""",<blank>,<blank>
57,0,1,57,2,<blank>,https://www.deportesguadalajara.gob.mx/modulo_compras/licitaciones/base/LPNCCC 037-2022 PLAYERAS PARA STAFF DEL GRAN GIRO.pdf,<blank>,LPNCCC 037 2022 ,<blank>,"ADQUISICION DE PLAYERAS PARA PARA EL STAFF Y VOLUNTARIOS DEL EVENTO DENOMINADO ""GRAN GIRO GUADALAJARA 2022""",<blank>,https://www.deportesguadalajara.gob.mx/modulo_compras/licitaciones/junta/JUNTA ACLARACIONES PLAYERAS DE ALGODÓN.pdf
58,0,1,58,1,<blank>,https://www.deportesguadalajara.gob.mx/modulo_compras/licitaciones/base/LPNCCC 030-2022 MATERIAL MEDICO CONSUMIBLE.pdf,<blank>,LPNCCC 030/2022,<blank>,ADQUISICIÓN DE MATERIAL MEDICO PARA EL GRAN GIRO 2022,<blank>,https://www.deportesguadalajara.gob.mx/modulo_compras/licitaciones/junta/Junta de Aclaraciones Material médico Consumible LPNCCC 030.2022.pdf
59,1,1,59,1,<blank>,https://www.deportesguadalajara.gob.mx/modulo_compras/licitaciones/base/LPNSCC-001-2022- MATERIAL DE LONAS Y COROPLAST PARA I SERIAL.pdf,<blank>,LPNSCC 001/2022,https://www.deportesguadalajara.gob.mx/modulo_compras/licitaciones/fallos/FALLO DE LPNSCC 001-2022 LONAS I SERIAL.pdf,ADQUISICIÓN DE LONAS Y COROPLAST PARA EL I SERIAL DE CARRERAS,<blank>,https://www.deportesguadalajara.gob.mx/modulo_compras/licitaciones/junta/LPNSCC-001-2022- ACTA JUNTA DE ACLARACIONES LONAS I SERIAL 27 JUNIO 2022.pdf
60,0,1,60,2,<blank>,https://www.deportesguadalajara.gob.mx/modulo_compras/licitaciones/base/LPLSCC 045.2022 IMPERMEABLES.pdf,<blank>,LPLSCC 045/2022,https://www.deportesguadalajara.gob.mx/modulo_compras/licitaciones/fallos/fallo impem.pdf,Impermeables para Personal Operativo de Vía RecreActiva,<blank>,https://www.deportesguadalajara.gob.mx/modulo_compras/licitaciones/junta/JUNTA DE ACLARACIONES LPLSCC 045.2022 IMPERMEABLES.pdf
61,0,1,61,2,<blank>,https://www.deportesguadalajara.gob.mx/modulo_compras/licitaciones/base/LPLSCC 046.2022 MEDALLAS.pdf,<blank>,LPLSCC 046/2022,https://www.deportesguadalajara.gob.mx/modulo_compras/licitaciones/fallos/fallo impr.pdf,Medallas para Evento Exprésate y Baila,<blank>,https://www.deportesguadalajara.gob.mx/modulo_compras/licitaciones/junta/junta impermeables.pdf
62,0,1,62,1,<blank>,https://www.deportesguadalajara.gob.mx/modulo_compras/licitaciones/base/LPNCCC 044-2022 MAT DEPORTIVO C. VERANO..pdf,<blank>,LPNCCC 044/2022,<blank>,MATERIAL DEPORTIVO PARA CURSOS DE VERANO 2022,<blank>,https://www.deportesguadalajara.gob.mx/modulo_compras/licitaciones/junta/ACTA ACLARAC LPNCCC 044-2022 MAT. DEP C VERANO.pdf
63,0,1,63,2,<blank>,https://www.deportesguadalajara.gob.mx/modulo_compras/licitaciones/base/LPNCCC 041 2022 Playeras Cursos de Verano.pdf,<blank>,LPNCCC 041 2022 ,<blank>,ADQUISICIÓN DE PLAYERAS DE ALGODON PARA CURSOS DE VERANO 2022,<blank>,https://www.deportesguadalajara.gob.mx/modulo_compras/licitaciones/junta/JUNTA ACLARACIONES 041 2022.pdf
64,0,1,64,1,<blank>,https://www.deportesguadalajara.gob.mx/modulo_compras/licitaciones/base/LPNCCC 020-2022 lonas .pdf,<blank>,LPNCCC 042/2022,<blank>,LONAS PARA LOS CURSOS DE VERANO 2022,<blank>,https://www.deportesguadalajara.gob.mx/modulo_compras/licitaciones/junta/Junta aclaraciones LPNCCC 042-2022 Lonas.pdf
65,0,1,65,1,<blank>,https://www.deportesguadalajara.gob.mx/modulo_compras/licitaciones/base/LPNCCC 043.2022 Papelería cursos verano.pdf,<blank>,LPNCCC 043/2022,<blank>,MATERIAL DE PAPELERIA PARA LOS CURSOS DE VERANO,<blank>,<blank>
66,1,2,59,2,<blank>,https://www.deportesguadalajara.gob.mx/modulo_compras/licitaciones/base/LPNSCC-001-2022- SEGUNDA RONDA BASES (1).pdf,<blank>,LPNSCC 001/2022,<blank>,ADQUISICIÓN DE LONAS Y COROPLAST PARA EL I SERIAL DE CARRERAS,<blank>,<blank>
67,1,1,67,1,<blank>,https://www.deportesguadalajara.gob.mx/modulo_compras/licitaciones/base/LPLSCC 047.2022 VINILOS.pdf,<blank>,LPLSCC 047/2022 VINILOS,<blank>,“ROTULACIÓN Y/O IMPRESIÓN DE VINILOS PARA VÍA RECRACTIVA”,<blank>,https://www.deportesguadalajara.gob.mx/modulo_compras/licitaciones/junta/junta vinilos.pdf
68,1,1,68,1,<blank>,https://www.deportesguadalajara.gob.mx/modulo_compras/licitaciones/base/LPLSCC 048.2022 REPARACION VALLAS.pdf,<blank>,LPLSCC 048/2022 ,<blank>,“MATERIAL PARA REPARACIÓN DE VALLAS PARA VÍA RECREACTIVA”,<blank>,https://www.deportesguadalajara.gob.mx/modulo_compras/licitaciones/junta/JUNTA 48.pdf
69,0,1,69,1,<blank>,https://www.deportesguadalajara.gob.mx/modulo_compras/licitaciones/base/LPNCCC 046-2022 ACEITE PARA FLOTILLA VEHICULAR.pdf,<blank>,LPNCCC 046/2022 ,<blank>,ACEITE PARA LA FLOTILLA VEHICULAR,<blank>,https://www.deportesguadalajara.gob.mx/modulo_compras/licitaciones/junta/Acta junta de aclaraciones LPNCCC 046-2022 Aceite.pdf
71,0,1,71,1,<blank>,https://www.deportesguadalajara.gob.mx/modulo_compras/licitaciones/base/LPNCCC 049-2022 BUZONES DE ACRILICO.pdf,<blank>,LPNCCC 049/2022,<blank>,BUZONES DE ACRÍLICO PARA CENTROS DE INFORMACIÓN,<blank>,https://www.deportesguadalajara.gob.mx/modulo_compras/licitaciones/junta/ACTA ACLARACIONES LPNCC049-2022 BUZONES.pdf
72,0,1,72,1,<blank>,https://www.deportesguadalajara.gob.mx/modulo_compras/licitaciones/base/LPNCCC 047.2022 Material Médico Vía.pdf,<blank>,LPNCCC 047/2022,<blank>,ADQUISICION DE MATERIAL MEDICO VIA RECREACTIVA,<blank>,<blank>
73,0,1,73,1,<blank>,https://www.deportesguadalajara.gob.mx/modulo_compras/licitaciones/base/LPNCCC 045.2022 Contratación del servicio de Capacitacion del Sistema de Contabilidad.pdf,<blank>,LPNCCC 045/2022,<blank>,CONTRATACION DEL SERVICIO DE CAPACITACION SOBRE EL SISTEMA DE CONTABILIDAD DEL CONSEJO,<blank>,<blank>
74,0,1,74,1,<blank>,https://www.deportesguadalajara.gob.mx/modulo_compras/licitaciones/base/LPNCCC-048-2022- BASES CREDENCIALES.pdf,<blank>,LPNCCC/048/2022,<blank>,ADQUISICIÓN DE CREDENCIALES ,<blank>,<blank>
76,1,2,67,1,<blank>,https://www.deportesguadalajara.gob.mx/modulo_compras/licitaciones/base/LPLSCC 047.2022 VINILOS 2da RONDA.pdf,<blank>,LPNCCC 047/2022 2DA RONDA,<blank>,ADQUISICIÓN DE “ROTULACIÓN Y/O IMPRESIÓN DE VINILOS PARA VÍA RECRACTIVA” SEGUNDA RONDA,<blank>,<blank>
78,1,2,77,1,<blank>,https://www.deportesguadalajara.gob.mx/modulo_compras/licitaciones/base/LPLSCC 048.2022 REPARACION VALLAS 2da RONDA.pdf,<blank>,LPLSCC 048/2022 2DA RONDA,<blank>,“MATERIAL PARA REPARACIÓN DE VALLAS PARA VÍA RECREACTIVA” SEGUNDA RONDA,<blank>,<blank>
79,0,1,79,2,<blank>,https://www.deportesguadalajara.gob.mx/modulo_compras/licitaciones/base/LPLSCC 049 2022 RELOJ CHECADOR.pdf,<blank>,LPLSCC 049/2022 ,https://www.deportesguadalajara.gob.mx/modulo_compras/licitaciones/fallos/FALLO LPLSCC 049 2022.pdf,RELOJ CHECADOR,<blank>,https://www.deportesguadalajara.gob.mx/modulo_compras/licitaciones/junta/JA 1ERA Y 2DA RONDA LPLSCC 049 2022.pdf
80,0,1,80,1,<blank>,https://www.deportesguadalajara.gob.mx/modulo_compras/licitaciones/base/LPLSCC 050-2022 FESTER.pdf,<blank>,LPLSCC 050/2022,<blank>,ADQUISICIÓN DE CUBETAS DE FESTER INTEGRAL  PARA LAS ALBERCAS DEL CONSEJO,<blank>,<blank>
81,0,1,81,1,<blank>,https://www.deportesguadalajara.gob.mx/modulo_compras/licitaciones/base/LPLSCC 051.2022 Pinturas Vinilicas.pdf,<blank>,LPLSCC 051/2022,https://www.deportesguadalajara.gob.mx/modulo_compras/licitaciones/fallos/Fallo LPLSCC 051.2022 Pinturas.pdf,ADQUISICIÓN DE PINTURAS VINILICAS,<blank>,https://www.deportesguadalajara.gob.mx/modulo_compras/licitaciones/junta/JA LPLSCC 051.2022 Pinturas.pdf
83,1,1,83,2,<blank>,https://www.deportesguadalajara.gob.mx/modulo_compras/licitaciones/base/LPLSCC 049 2022 SEGUNDA RONDA RELOJ CHECADOR.pdf,<blank>,LPLSCC 049/2022 SEGUNDA RONDA,https://www.deportesguadalajara.gob.mx/modulo_compras/licitaciones/fallos/FALLO LPLSCC 049 2022 2DA RONDA.pdf,RELOJ CHECADOR PARA OFICINAS DEL CONSEJO,<blank>,https://www.deportesguadalajara.gob.mx/modulo_compras/licitaciones/junta/JUNTA ACLARACIONES 1ERA Y 2DA RONDA.pdf
84,0,1,84,1,<blank>,"https://www.deportesguadalajara.gob.mx/modulo_compras/licitaciones/base/LPNCCC 050.2022 Limpieza, Jardinería y Mtto de Unidades.pdf",<blank>,LPNCCC 050/2022,<blank>,CONTRATACION DEL SERVICIO DE JARDINERIA Y MTTO PARA UNIDADES,<blank>,<blank>
85,0,1,85,1,<blank>,https://www.deportesguadalajara.gob.mx/modulo_compras/licitaciones/base/LPNCCC 051.2022 Seguridad Privada para las Unidades.pdf,<blank>,LPNCCC 051/2022,<blank>,CONTRATACION DEL SERVICIO DE SEGURIDAD PRIVADA,<blank>,<blank>
86,0,1,86,1,<blank>,https://www.deportesguadalajara.gob.mx/modulo_compras/licitaciones/base/LPNCCC 052.2022 Adquisicion de Impresos.pdf,<blank>,LPNCCC 052/2022,<blank>,ADQUISICIÓN DE IMPRESO PARA LOS EVENTOS DEL CONSEJO,<blank>,<blank>
88,0,1,88,1,<blank>,https://www.deportesguadalajara.gob.mx/modulo_compras/licitaciones/base/LPNCCC 054.2022 Motobombas para albercas.pdf,<blank>,LPNCCC 054/2022,<blank>,ADQUISICION DE MOTOBOMBAS PARA LAS ALBERCAS DEL CONSEJO,<blank>,<blank>
92,0,1,92,1,<blank>,https://www.deportesguadalajara.gob.mx/modulo_compras/licitaciones/base/LPLSCC 052-2022 REP. PMU.docx.pdf,<blank>,LPLSCC 052-2022,https://www.deportesguadalajara.gob.mx/modulo_compras/licitaciones/fallos/FALLO LPLSCC 052-2022 REP PMU.pdf,REPARACION DEL PMU DE VÍA RECREACTIVA,<blank>,https://www.deportesguadalajara.gob.mx/modulo_compras/licitaciones/junta/LPLSCC 052-2022 REP. PMU.pdf
93,0,1,93,1,<blank>,https://www.deportesguadalajara.gob.mx/modulo_compras/licitaciones/base/LPLSCC 054.2022 Baños T21.pdf,<blank>,LPLSCC 054/2022,https://www.deportesguadalajara.gob.mx/modulo_compras/licitaciones/fallos/Fallo LPLSCC 054.2022.pdf,ARRENDAMIENTO DE BAÑOS PARA T21 2022,<blank>,https://www.deportesguadalajara.gob.mx/modulo_compras/licitaciones/junta/JA LPLSCC 054.2022 Baños T21 GDL 2022.pdf
94,0,1,94,1,<blank>,https://www.deportesguadalajara.gob.mx/modulo_compras/licitaciones/base/LPLSCC 055.2022 Material Ferretería T21.pdf,<blank>,LPLSCC 055/2022,https://www.deportesguadalajara.gob.mx/modulo_compras/licitaciones/fallos/Fallo LPLSCC 054.2022.pdf,MATERIAL FERRETERIA T21 2022,<blank>,https://www.deportesguadalajara.gob.mx/modulo_compras/licitaciones/junta/JA LPLSCC 055.2022 Ferre T21 GDL 2022.pdf
95,0,1,95,2,<blank>,https://www.deportesguadalajara.gob.mx/modulo_compras/licitaciones/base/LPLSCC 056-2022 PAPELERIA T21.pdf,<blank>,LPLSCC 056-2022,https://www.deportesguadalajara.gob.mx/modulo_compras/licitaciones/fallos/FALLO LPLSCC 056-2022 PAPELERIA T21.pdf,ADQUISICION DE PAPELERIA T21 GUTBOL 5 DOWN GDL 2022,<blank>,https://www.deportesguadalajara.gob.mx/modulo_compras/licitaciones/junta/LPLSCC 056-2022 PAPELERIA T21.pdf
96,0,1,96,2,<blank>,https://www.deportesguadalajara.gob.mx/modulo_compras/licitaciones/base/LPLSCC 057-2022 TROFEOS T21.pdf,<blank>,LPLSCC 057-2022,https://www.deportesguadalajara.gob.mx/modulo_compras/licitaciones/fallos/FALLO LPLSCC 057-2022 TROFEOS T21.pdf,ADQUISICION DE TROFEOS T21 FUTBOL 5 DOWN GDL 2022,<blank>,https://www.deportesguadalajara.gob.mx/modulo_compras/licitaciones/junta/LPLSCC 057-2022 TROFEOS T21.pdf
97,1,1,97,1,<blank>,https://www.deportesguadalajara.gob.mx/modulo_compras/licitaciones/base/LPLSCC 053 2022 Servicio Seguridad Privada.pdf,<blank>,LPLSCC 053/2022 ,<blank>,"CONTRATACIÓN SERVICIO DE SEGURIDAD PRIVADA PARA EVENTO ""T21 FUTBOL DOWN GDL 2022""",<blank>,<blank>
98,0,1,98,1,<blank>,https://www.deportesguadalajara.gob.mx/modulo_compras/licitaciones/base/LPLSCC 051.2022 Pinturas Vinilicas Segunda Ronda.pdf,<blank>,LPLSCC 051/2022 SEGUNDA RONDA,https://www.deportesguadalajara.gob.mx/modulo_compras/licitaciones/fallos/Fallo LPLSCC 051.2022 Segunda Ronda Pinturas.pdf,PINTURAS VINILICAS,<blank>,https://www.deportesguadalajara.gob.mx/modulo_compras/licitaciones/junta/JA LPLSCC 051.2022 Segunda Ronda Pinturas.pdf
99,1,2,83,2,<blank>,https://www.deportesguadalajara.gob.mx/modulo_compras/licitaciones/base/LPLSCC 049 2022 RELOJ CHECADOR 2DA RONDA.pdf,<blank>,LPNCCC 049/2022,https://www.deportesguadalajara.gob.mx/modulo_compras/licitaciones/fallos/JA LPLSCC 049 2022.pdf,ADQUISICION DE RELOJ CHECADOR PARA PERSONAL DEL CONSEJO,<blank>,https://www.deportesguadalajara.gob.mx/modulo_compras/licitaciones/junta/FALLO LPLSCC 049 2022.pdf
100,0,1,100,2,<blank>,https://www.deportesguadalajara.gob.mx/modulo_compras/licitaciones/base/LPLSCC 052-2022 REP. PMU 2DA RONDA.docx.pdf,<blank>,LPLSCC 052/2022,https://www.deportesguadalajara.gob.mx/modulo_compras/licitaciones/fallos/FALLO LPLSCC 052-2022 REP PMU 2DA RONDA.pdf,REPARACION DEL PMU DE LA VÍA RECREACTIVA 2DA RONDA,<blank>,https://www.deportesguadalajara.gob.mx/modulo_compras/licitaciones/junta/JUNTA DE ACLARACIÓNES LPLSCC 052-2022 REP PMU 2DA RONDA.pdf
101,0,1,101,1,<blank>,https://www.deportesguadalajara.gob.mx/modulo_compras/licitaciones/base/LPNCCC 057-2022 MEDALLAS T21.pdf,<blank>,LPNCCC 057/2022,<blank>,MEDALLAS T21 FUTBOL 5 DOWN GDL 2022,<blank>,https://www.deportesguadalajara.gob.mx/modulo_compras/licitaciones/junta/ACTA J. ACL MEDALLAS T21.pdf
102,0,1,102,1,<blank>,https://www.deportesguadalajara.gob.mx/modulo_compras/licitaciones/base/LPNCCC 060-2022 HOSPEDAJE Y ALIMENTOS T21.pdf,<blank>,LPNCCC 060/2022,<blank>,HOSPEDAJE Y ALIMENTOS T21 FUTBOL 5 DOWN GDL 2022,<blank>,https://www.deportesguadalajara.gob.mx/modulo_compras/licitaciones/junta/LPNCCC 060-2022 HOSPEDAJE Y ALIMENTOS T21 FUTBOL 5 DOWN GDL 2022.pdf
103,0,1,103,1,<blank>,https://www.deportesguadalajara.gob.mx/modulo_compras/licitaciones/base/LPNCCC 063-2022 PIROTECNIA T21.pdf,<blank>,LPNCCC 063/2022,<blank>,PIROTECNIA T21 FUTBOL 5 DOWN GDL 2022,<blank>,https://www.deportesguadalajara.gob.mx/modulo_compras/licitaciones/junta/LPNCCC 063-2022 PIROTECNIA T21 FUTBOL 5 DOWN GDL 2022.pdf
104,0,1,104,1,<blank>,https://www.deportesguadalajara.gob.mx/modulo_compras/licitaciones/base/LPNCCC 058 2022 PLAYERAS T21.pdf,<blank>,LPNCCC 058 2022 ,<blank>,ADQUISICION DE PLAYERAS T21,<blank>,https://www.deportesguadalajara.gob.mx/modulo_compras/licitaciones/junta/JA LPNCCC 058 2022.pdf
105,0,1,105,2,<blank>,https://www.deportesguadalajara.gob.mx/modulo_compras/licitaciones/base/LPNCCC 061 2022 MALLA SOMBRA.pdf,<blank>,LPNCCC 061 2022 ,<blank>,ADQUISICION MALLA SOMBRA UNIDADES DEPORTIVAS,<blank>,https://www.deportesguadalajara.gob.mx/modulo_compras/licitaciones/junta/JA LPNCCC 061 2022.pdf
107,0,1,107,1,<blank>,https://www.deportesguadalajara.gob.mx/modulo_compras/licitaciones/base/LPNCCC 056-2022 Ambulancia T21.pdf,<blank>,LPNCCC 056/2022,<blank>,ARRENDAMIENTO DE AMBULANCIAS T21 GDL 2022,<blank>,<blank>
108,0,1,108,1,<blank>,https://www.deportesguadalajara.gob.mx/modulo_compras/licitaciones/base/LPNCCC 059-2022 Malla y Pasto.pdf,<blank>,LPNCCC 059/2022,<blank>,MALLA PERIMETRAL Y PASTO SINTETICO T21 GDL 2022,<blank>,https://www.deportesguadalajara.gob.mx/modulo_compras/licitaciones/junta/JA LPNCCC 059.2022 Malla y Pasto T21.pdf
109,0,1,109,1,<blank>,https://www.deportesguadalajara.gob.mx/modulo_compras/licitaciones/base/LPNCCC 065.2022 Pintura y Sellador.pdf,<blank>,LPLSCC 065/2022,<blank>,ADQUISICIÓN DE PINTURA Y SELLADOR PARA LA REHABILITACION DE LAS UNIDADES DEPORTIVAS ,<blank>,<blank>
110,0,1,110,1,<blank>,https://www.deportesguadalajara.gob.mx/modulo_compras/licitaciones/base/LPNCCC 062-2022 Pantalla y luces T21.pdf,<blank>,LPNCCC 062/2022,<blank>,PANTALLA Y LUCES ROBOTICAS T21 GDL 2022,<blank>,https://www.deportesguadalajara.gob.mx/modulo_compras/licitaciones/junta/JA LPNCCC 062.2022 Pantalla y luces T21.pdf
112,0,1,112,1,<blank>,https://www.deportesguadalajara.gob.mx/modulo_compras/licitaciones/base/LPNCCC 064 2022 ALIMENTOS T21 FUTBOL DOWN.pdf,<blank>,LPNCCC 064 2022 ,<blank>,ADQUISICION DE ALIMENTOS EVENTO T21,<blank>,https://www.deportesguadalajara.gob.mx/modulo_compras/licitaciones/junta/JA LPNCCC 064 2022.pdf
114,0,1,114,1,<blank>,https://www.deportesguadalajara.gob.mx/modulo_compras/licitaciones/base/LPNCCC055.2022MONTAJE.pdf,<blank>,LPNCCC 055/2022,<blank>,"ADQUISICIÓN DE SERVICIO DE  RENTA DE MONTAJE Y DESMONTAJE DE ESCENARIOS, TOLDOS Y VALLAS ",<blank>,https://www.deportesguadalajara.gob.mx/modulo_compras/licitaciones/junta/ACTA ACLARATORIA LPNCCC055.pdf
115,1,2,97,2,<blank>,https://www.deportesguadalajara.gob.mx/modulo_compras/licitaciones/base/LPLSCC 053 2022 2DA RONDA.pdf,<blank>,LPNCCC 053/2022 SEGUNDA RONDA,<blank>,CONTRATACION DE SEGURIDAD PRIVADA EVENTO T21 FUTBOL DOWN,<blank>,https://www.deportesguadalajara.gob.mx/modulo_compras/licitaciones/junta/JA 053 2022 SEGURIDAD PRIVADA T21.pdf
118,0,1,118,1,<blank>,https://www.deportesguadalajara.gob.mx/modulo_compras/licitaciones/base/LPLSCC 054.2022 Segunda Ronda Baños T21.pdf,<blank>,LPLSCC 054/2022 SEGUNDA RONDA,<blank>,ARRENDAMIENTO DE BAÑOS PARA T21 2022,<blank>,<blank>
119,0,1,119,1,<blank>,https://www.deportesguadalajara.gob.mx/modulo_compras/licitaciones/base/LPLSCC 055.2022 Segunda Ronda Material Ferretería T21.pdf,<blank>,LPLSCC 055/2022 SEGUNDA RONDA,<blank>,ADQUISICION DE FERRETERIA T21 GDL 2022,<blank>,<blank>
120,1,2,91,1,<blank>,<blank>,<blank>,LPNCCC 003/2022 SEGUNDA RONDA,<blank>,ADQUISICION DE PINTURA E IMPERMEABILIZANTE PARA LAS INSTALACIONES DEL CONSEJO,<blank>,<blank>
122,0,1,122,1,<blank>,https://www.deportesguadalajara.gob.mx/modulo_compras/licitaciones/base/LPLSCC 057-2022 TROFEOS T21 2DA RONDA.pdf,<blank>,LPLSCC 057/2022 SEGUNDA RONDA,<blank>,ADQUISICION DE TROFEOS PARA EL T21 FUTBOL 5 DOWN GDL 2022,<blank>,https://www.deportesguadalajara.gob.mx/modulo_compras/licitaciones/junta/MEMO CANCELACIÓN.pdf
123,0,1,123,1,<blank>,https://www.deportesguadalajara.gob.mx/modulo_compras/licitaciones/base/LPLSCC 056-2022 PAPELERIA T21 2DA ronda.pdf,<blank>,LPLSCC 056/2022 2DA RONDA,<blank>,PAPELERÍA T21 FUTBOL 5 DOWN GDL 2022,<blank>,https://www.deportesguadalajara.gob.mx/modulo_compras/licitaciones/junta/ACTA JUNTA ACLARACIONES LPLSCC 056-2022 PAPELERIA T21.pdf
125,0,1,125,1,<blank>,https://www.deportesguadalajara.gob.mx/modulo_compras/licitaciones/base/LPNCCC 066-2022 CEMENTO.pdf,<blank>,LPNCCC 066/2022,<blank>,CEMENTO GRIS ,<blank>,<blank>
126,0,1,126,1,<blank>,https://www.deportesguadalajara.gob.mx/modulo_compras/licitaciones/base/LPNCCC 073-2022 FERRETERIA UD.pdf,<blank>,LPNCCC 073/2022,<blank>,MATERIAL FERRETERIA U DEP,<blank>,<blank>
127,0,1,127,1,<blank>,https://www.deportesguadalajara.gob.mx/modulo_compras/licitaciones/base/LPNCCC 068.2022 Soga Plástica.pdf,<blank>,LPNCCC 068/2022,<blank>,ADQUISICION DE SOGA PLASTICA PARA LAS UNIDADES,<blank>,<blank>
128,0,1,128,1,<blank>,https://www.deportesguadalajara.gob.mx/modulo_compras/licitaciones/base/LPNCCC 070-2022 REVISTA.pdf,<blank>,LPNCCC 070/2022,<blank>,SERVICIO DE PROMOCIÓN Y DIFUSIÓN DEL COMUDE GUADALAJARA A TRAVES DE LA REVISTA SOY COMUDE,<blank>,<blank>
129,0,1,129,2,<blank>,https://www.deportesguadalajara.gob.mx/modulo_compras/licitaciones/base/LPNCCC 067.2022 CHAPAS Y CERRADURAS.pdf,<blank>,LPNCCC 067/2022,https://www.deportesguadalajara.gob.mx/modulo_compras/licitaciones/fallos/Acta Centésima Quincuagesima Segunda Sesión Ordinaria.pdf,ADQUISICION DE CHAPAS Y CERRADURAS PARA LAS UNIDADES DEPORTIVAS DEL CONSEJO,<blank>,https://www.deportesguadalajara.gob.mx/modulo_compras/licitaciones/junta/Junta de Aclaraciones  LPNCCC 067.2022 Chapas y cerraduras.pdf
130,0,1,130,1,<blank>,https://www.deportesguadalajara.gob.mx/modulo_compras/licitaciones/base/LPNCCC 069 2022 MATERIAL FERRETERIA.pdf,<blank>,LPNCCC 069 2022 ,<blank>,MATERIAL DE FERRETERIA PARA CUADRILLAS,<blank>,<blank>
131,0,1,131,1,<blank>,https://www.deportesguadalajara.gob.mx/modulo_compras/licitaciones/base/LPNCCC 072 2022 CIRCUITO CERRADO CONSEJO.pdf,<blank>,LPNCCC 072 2022 ,<blank>,REPARACION DE SISTEMA CIRCUITO CERRADO TV DEL CONSEJO,<blank>,<blank>
132,0,1,132,1,<blank>,https://www.deportesguadalajara.gob.mx/modulo_compras/licitaciones/base/SCANER PLAYERAS.pdf,<blank>,LPNCCC 071/2022,<blank>,ADQUISICION DE PALYERAS CONMEMORATIVAS,<blank>,<blank>
134,0,1,134,1,<blank>,https://www.deportesguadalajara.gob.mx/modulo_compras/licitaciones/base/LPNCCC 075.2022 Pantalla Led.pdf,<blank>,LPNCCC 075/2022,<blank>,"ARRENDAMIENTO DE PANTALLA LED 3.9 MM DE 4X3 MTS PARA LA EXPO XXXVIII MARATON INT GDL MEGA 2022, HIDRATADO POR ELECTROLIT",<blank>,https://www.deportesguadalajara.gob.mx/modulo_compras/licitaciones/junta/Arrendamiento Pantalla Led.pdf
135,0,1,135,1,<blank>,https://www.deportesguadalajara.gob.mx/modulo_compras/licitaciones/base/LONCCC 076.2022 HD Scren Wall.pdf,<blank>,LPNCCC 076/2022,<blank>,"ARRENDAMIENTO DE HD SCREN WALL CON 4 PANTALLAS PARA XXXVIII MARATON INT GDL MEGA 2022, HIDRATADO POR ELECTROLIT",<blank>,https://www.deportesguadalajara.gob.mx/modulo_compras/licitaciones/junta/Aclaraciones HD Scren.pdf
136,0,1,136,1,<blank>,"https://www.deportesguadalajara.gob.mx/modulo_compras/licitaciones/base/LPNCCC 077.2022 Montaje Expo, Ruta y Meta.pdf",<blank>,LPNCCC 077/2022,<blank>,"MONTAJE DE EXPO, RUTA Y META PARA EL XXXVIII MARATON INT GDL MEGA 2022, HIDRATADO POR ELECTROLIT",<blank>,"https://www.deportesguadalajara.gob.mx/modulo_compras/licitaciones/junta/Montaje, Expo Ruta y Meta.pdf"
137,0,1,137,1,<blank>,https://www.deportesguadalajara.gob.mx/modulo_compras/licitaciones/base/LPNCCC 078-2022 CONSUMIBLES MEDICOS.pdf,<blank>,LPNCCC 078/2022,<blank>,"CONSUMIBLES MEDICOS XXXVIII MARATON INT GDL MEGA 2022, HITRADATO POR ELECTROLIT",<blank>,https://www.deportesguadalajara.gob.mx/modulo_compras/licitaciones/junta/ACTA JUNTA ACLARACIONES LPNCCC 078-2022 CONSUMIBLES MEDICOS MARATON 2022.pdf
138,0,1,138,1,<blank>,https://www.deportesguadalajara.gob.mx/modulo_compras/licitaciones/base/LPNCCC 079.2022 Arcos de Salida y Meta.pdf,<blank>,LPNCCC 079/2022,<blank>,"INSTALACION DE ARCOS DE SALIDA Y META PARA EL XXXVIII MARATON INT GDL MEGA 2022, HIDRATADO POR ELECTROLIT",<blank>,https://www.deportesguadalajara.gob.mx/modulo_compras/licitaciones/junta/Aclaraciones Arcos.pdf
139,0,1,139,1,<blank>,https://www.deportesguadalajara.gob.mx/modulo_compras/licitaciones/base/LPNCCC 080-2022 CANAPES.pdf,<blank>,LPNCCC 080/2022,<blank>,"ADQUISICIÓN DE CANAPES PARA AGRADECIMIENTO PARA EL XXXVIII MARATON INT GDL MEGA 2022, HIDRATADO POR ELECTROLIT",<blank>,https://www.deportesguadalajara.gob.mx/modulo_compras/licitaciones/junta/LPNCCC 080 2022.pdf
140,0,1,140,1,<blank>,https://www.deportesguadalajara.gob.mx/modulo_compras/licitaciones/base/LPNCCC 081 2022.pdf,<blank>,LPNCCC 081/2022,<blank>,"CONTRATACION DE SERVICIO DE COCTELERIA PARA AGRADECIMIENTO DEL  XXXVIII MARATON INT GDL MEGA 2022, HITRADATO POR ELECTROLIT",<blank>,https://www.deportesguadalajara.gob.mx/modulo_compras/licitaciones/junta/LPNCCC 081 2022.pdf
141,0,1,141,1,<blank>,https://www.deportesguadalajara.gob.mx/modulo_compras/licitaciones/base/LPNCCC 082 2022.pdf,<blank>,LPNCCC 082/2022,<blank>,"ADQUISICIÓN DE ALIMENTOS PARA EL  XXXVIII MARATON INT GDL MEGA 2022, HITRADATO POR ELECTROLIT",<blank>,https://www.deportesguadalajara.gob.mx/modulo_compras/licitaciones/junta/LPNCCC 082 2022.pdf
142,0,1,142,1,<blank>,https://www.deportesguadalajara.gob.mx/modulo_compras/licitaciones/base/LPNCCC 083-2022 MEDICAMENTOS.pdf,<blank>,LPNCCC 083/2022,<blank>,"ADQUISICIÓN DE MEDICAMENTOS PARA EL XXXVIII MARATON INT GDL MEGA 2022, HITRADATO POR ELECTROLIT",<blank>,https://www.deportesguadalajara.gob.mx/modulo_compras/licitaciones/junta/ACTA JUNTA ACLARACIONES LPNCCC 083-2022 MEDICAMENTOS MARATON 2022.pdf
143,0,1,143,1,<blank>,https://www.deportesguadalajara.gob.mx/modulo_compras/licitaciones/base/LPNCCC 084.2022 periqueras.pdf,<blank>,LPNCCC 084/2022,<blank>,"ARRENDAMIENTO DE PERIQUERAS PARA EL XXXVIII MARATON INT GDL MEGA 2022, HITRADATO POR ELECTROLIT",<blank>,https://www.deportesguadalajara.gob.mx/modulo_compras/licitaciones/junta/Aclaracion Periqueras.pdf
144,0,1,144,1,<blank>,https://www.deportesguadalajara.gob.mx/modulo_compras/licitaciones/base/LPNCCC 085-2022 ESPONJAS.pdf,<blank>,LPNCCC 085/2022,<blank>,"ADQUISICIÓN DE ESPONJAS XXXVIII MARATON INT GDL MEGA 2022, HITRADATO POR ELECTROLIT",<blank>,https://www.deportesguadalajara.gob.mx/modulo_compras/licitaciones/junta/ACTA JUNTA ACLARACIONES LPNCCC 085-2022 ESPONJAS MARATON 2022.pdf
145,0,1,145,1,<blank>,https://www.deportesguadalajara.gob.mx/modulo_compras/licitaciones/base/LPNCC 086-2022 SHOWS DE ANIMACION.pdf,<blank>,LPNCCC 086/2022,<blank>,"CONTRATACIÓN DEL SERVICIO DE SHOW PARA EL XXXVIII MARATON INT GDL MEGA 2022, HIDRATADO POR ELECTROLIT",<blank>,https://www.deportesguadalajara.gob.mx/modulo_compras/licitaciones/junta/LPNCCC 086-2022 ACTA J.A..pdf
146,0,1,146,1,<blank>,https://www.deportesguadalajara.gob.mx/modulo_compras/licitaciones/base/LPNCCC 087.2022 Circuito Cerrado Maratón 2022.pdf,<blank>,LPNCCC 087/2022,<blank>,"CONTRATACIÓN DEL SERVICIO DE ARRENDAMIENTO DEL CIRCUITO CERRADO PARA EL XXXVIII MARATON INT GDL MEGA 2022, HIDRATADO POR ELECTROLIT",<blank>,<blank>
147,0,1,147,1,<blank>,https://www.deportesguadalajara.gob.mx/modulo_compras/licitaciones/base/LPNCCC 088-2022 RADIOS.pdf,<blank>,LPNCCC 088/2022,<blank>,"CONTRATACIÓN DEL SERVICIO RADIOS PORTATILES PARA EL XXXVIII MARATON INT GDL MEGA 2022, HIDRATADO POR ELECTROLIT",<blank>,https://www.deportesguadalajara.gob.mx/modulo_compras/licitaciones/junta/ACTA JUNTA ACLARACIONES LPNCCC 088-2022 RADIOS MARATON 2022.pdf
148,0,1,148,1,<blank>,https://www.deportesguadalajara.gob.mx/modulo_compras/licitaciones/base/LPNCCC 089-2022 PAPELERIA.pdf,<blank>,LPNCCC 089/2022,<blank>,"ADQUISICIÓN DE MATERIAL DE PAPELERIA PARA EL XXXVIII MARATON INT GDL MEGA 2022, HIDRATADO POR ELECTROLIT",<blank>,https://www.deportesguadalajara.gob.mx/modulo_compras/licitaciones/junta/ACTA JUNTA ACLARACIONES LPNCCC 089-2022 PAPELERIA MARATON 2022.pdf
149,0,1,149,1,<blank>,https://www.deportesguadalajara.gob.mx/modulo_compras/licitaciones/base/LPNCCC 090.2022 Ferretería Maratón 2022.pdf,<blank>,LPNCCC 090/2022,<blank>,"ADQUISICION DE MATERIAL DE FERRETERIA PARA EL XXXVIII MARATON INT GDL MEGA 2022, HIDRATADO POR ELECTROLIT",<blank>,<blank>
150,0,1,150,1,<blank>,https://www.deportesguadalajara.gob.mx/modulo_compras/licitaciones/base/LPNCCC 091.2022 Baños Maratón 2022.pdf,<blank>,LPNCCC 091/2022,<blank>,"CONTRATACIÓN DEL SERVICIO DE ARRENDAMIENTO DE BAÑOS PARA EL XXXVIII MARATON INT GDL MEGA 2022, HIDRATADO POR ELECTROLIT",<blank>,<blank>
151,0,1,151,1,<blank>,https://www.deportesguadalajara.gob.mx/modulo_compras/licitaciones/base/LPNCCC 092-2022 VUELOS.pdf,<blank>,LPNCCC 092/20222,<blank>,"ADQUISICIÓN DE VUELOS Y TRANSPORTE TERRESTRE PARA EL XXXVIII MARATON INT GDL MEGA 2022, HIDRATADO POR ELECTROLIT",<blank>,https://www.deportesguadalajara.gob.mx/modulo_compras/licitaciones/junta/LPNCCC 092 2022.pdf
152,0,1,152,1,<blank>,https://www.deportesguadalajara.gob.mx/modulo_compras/licitaciones/base/LPNCCC 093-2022 SEGURO ACCIDENTES.pdf,<blank>,LPNCCC 093/2022,<blank>,"CONTRATACIÓN DEL SERVICIO DE SEGURO DE ACCIDENTES PARA EL XXXVIII MARATON INT GDL MEGA 2022, HIDRATADO POR ELECTROLIT",<blank>,https://www.deportesguadalajara.gob.mx/modulo_compras/licitaciones/junta/ACTA JUNTA ACLARACIONES LPNCCC 093-2022 SEGURO MARATON 2022.pdf
153,0,1,153,1,<blank>,https://www.deportesguadalajara.gob.mx/modulo_compras/licitaciones/base/LPNCCC 094.2022 Camiones Maratón 2022.pdf,<blank>,LPNCCC 094/2022,<blank>,"CONTRATACIÓN DEL SERVICIO DE CAMIONES PARA TRANSPORTE DE PERSONAL PARA EL XXXVIII MARATON INT GDL MEGA 2022, HIDRATADO POR ELECTROLIT",<blank>,<blank>
154,0,1,154,2,<blank>,https://www.deportesguadalajara.gob.mx/modulo_compras/licitaciones/base/LPNCCC 095.2022 Hospedaje Maratón 2022.pdf,<blank>,LPNCCC 095/2022,<blank>,"CONTRATACIÓN DEL SERVICIO DE HOSPEDAJE Y ALIMENTACION PARA EL XXXVIII MARATON INT GDL MEGA 2022, HIDRATADO POR ELECTROLIT",<blank>,<blank>
155,0,1,155,1,<blank>,https://www.deportesguadalajara.gob.mx/modulo_compras/licitaciones/base/LPNCCC 096.2022 Sueguridad Privada.pdf,<blank>,LPNCCC 096/2022,<blank>,"CONTRATACIÓN DEL SERVICIO DE SEGURIDAD PRIVADA PARA EL XXXVIII MARATON INT GDL MEGA 2022, HIDRATADO POR ELECTROLIT",<blank>,https://www.deportesguadalajara.gob.mx/modulo_compras/licitaciones/junta/Aclaraciones Seguridad Privada.pdf
157,0,1,157,1,<blank>,https://www.deportesguadalajara.gob.mx/modulo_compras/licitaciones/base/LPNCCC 098 2022.pdf,<blank>,LPNCCC 098/2022,<blank>,"ADQUISICION DE RAMILLETE DE FLORES PARA PREMIACION DEL XXXVIII MARATON INT GDL MEGA 2022, HIDRATADO POR ELECTROLIT",<blank>,https://www.deportesguadalajara.gob.mx/modulo_compras/licitaciones/junta/LPNCCC 098 2022.pdf
158,0,1,158,1,<blank>,https://www.deportesguadalajara.gob.mx/modulo_compras/licitaciones/base/Scanned-image.pdf,<blank>,LPNCCC 097 2022 ,<blank>,"CONTRATACION SERVICIO DE PIROTECNIA PARA XXXVIII MARATON INTERNACIONAL GUADALAJARA MEGA 2022, HIDRATADO POR ELECTROLIT",<blank>,https://www.deportesguadalajara.gob.mx/modulo_compras/licitaciones/junta/LPNCCC 097 2022.pdf
159,0,1,159,1,<blank>,https://www.deportesguadalajara.gob.mx/modulo_compras/licitaciones/base/LPNCCC 099.2022 CRONOMETRAJE.pdf,<blank>,LPNCCC 99/2022,<blank>,"CONTRATACION DEL SERVICIO DE CRONOMETRAJE ELECTRONICO PARA EL XXXVIII MARATON INTERNACIONAL GUADALAJARA MEGA 2022, HIDRATADO POR ELECTROLIT",<blank>,<blank>
160,0,1,160,1,<blank>,https://www.deportesguadalajara.gob.mx/modulo_compras/licitaciones/base/LPNCCC 100-2022.pdf,<blank>,LPNCCC 100/2022,<blank>,"ADQUISICION DE BOLSAS DE TELA PARA EL XXXVIII MARATON INTERNACIONAL GUADALAJARA MEGA 2022, HIDRATADO POR ELECTROLIT",<blank>,https://www.deportesguadalajara.gob.mx/modulo_compras/licitaciones/junta/LPNCCC 100-2022 ACTA J.A..pdf
161,0,1,161,1,<blank>,https://www.deportesguadalajara.gob.mx/modulo_compras/licitaciones/base/LPNCCC 101-2022 NUMEROS DE CORREDOR MARATON 2022.pdf,<blank>,LPNCCC 101/2022,<blank>,"ADQUISICION DE NUMEROS DE CORREDOR PARA EL XXXVIII MARATON INTERNACIONAL GUADALAJARA MEGA 2022, HIDRATADO POR ELECTROLIT",<blank>,https://www.deportesguadalajara.gob.mx/modulo_compras/licitaciones/junta/ACTA JUNTA ACLARACIONES LPNCCC 101-2022 NUMEROS MARATON.pdf
162,0,1,162,1,<blank>,"https://www.deportesguadalajara.gob.mx/modulo_compras/licitaciones/base/LPNCCC 102.2022 FOTOGRAFIA, VIDEO Y DRONE.pdf",<blank>,LPNCCC 102/2022,<blank>,"CONTRATACION DEL SERVICIO DE FOTOGRAFIA, VIDEO Y DRONE PARA EL XXXVIII MARATON INTERNACIONAL GUADALAJARA MEGA 2022, HIDRATADO POR ELECTROLIT",<blank>,"https://www.deportesguadalajara.gob.mx/modulo_compras/licitaciones/junta/LPNCCC 102.2022 Fotografía, video y dron Maratón 2022.pdf"
163,0,1,163,1,<blank>,https://www.deportesguadalajara.gob.mx/modulo_compras/licitaciones/base/LPNCCC 103 2022.pdf,<blank>,LPNCCC 103/2022,<blank>,ADQUISICION DE UNIFORMES PARA LOS TRABAJADORES DEL ORGANISMO PÚBLICO DESCENTRALIZADO DE LA ADMINISTRACION PUBLICA MUNICIPAL DENOMINADO CONSEJO MUNICIPAL DEL DEPORTE DE GUADALAJARA,<blank>,https://www.deportesguadalajara.gob.mx/modulo_compras/licitaciones/junta/JA 103 2022.pdf
164,0,1,164,1,<blank>,https://www.deportesguadalajara.gob.mx/modulo_compras/licitaciones/base/LPNCCC 104 REPARACION DE VEHICULOS Y REFACCIONES.pdf,<blank>,LPNCCC 104/2022,<blank>,CONTRATACION DEL SERVICIO DE REPARACION DE UNIDADES VEHICULARES Y ADQUISICION DE REFACCIONES PARA EL ORGANISMO PUBLICO DESCENTRALIZADO DE LA ADMINISTRACION PUBLICA MUNICIPAL DENOMINADO CONSEJO MUNICIPAL DEL DEPORTE DE GUADALAJARA,<blank>,<blank>
165,0,1,165,1,<blank>,https://www.deportesguadalajara.gob.mx/modulo_compras/licitaciones/base/LPNCCC 105.2022 Coctelería Merito Deportivo 2022.pdf,<blank>,LPNCCC 105/2022,<blank>,CONTRATACION DEL SERVICIO DE COCTELERIA PARA EL EVENTO DENOMINADO RECONOCIMIENTO AL MERITO DEPORTIVO 2022,<blank>,<blank>
166,0,1,166,1,<blank>,https://www.deportesguadalajara.gob.mx/modulo_compras/licitaciones/base/LPNCCC 106.2022 Cabezal para desbrozadora.pdf,<blank>,LPNCCC 106/2022,<blank>,ADQUISICION DE CABEZAL PARA DESBROZADORA PARA LA CUADRILLA DE JARDINERIA DEL ORGANISMO PUBLICO DESCENTRALIZADO DE LA ADMINISTRACION PUBLICA MUNICIPAL DENOMINADO CONSEJO MUNICIPAL DEL DEPORTE DE GUADALAJARA,<blank>,<blank>
167,0,1,167,1,<blank>,https://www.deportesguadalajara.gob.mx/modulo_compras/licitaciones/base/LPNCCC 107 2022 MESAS PERIQUERA.pdf,<blank>,LPNCCC 107/2022,<blank>,CONTRATACION DEL SERVICIO DE ARRENDAMIENTO DE PERIQUERAS PARA EL EVENTO DENOMINADO RECONOCIMIENTO AL MERITO DEPORTIVO 2022,<blank>,<blank>
168,0,1,168,1,<blank>,https://www.deportesguadalajara.gob.mx/modulo_compras/licitaciones/base/LPNCCC 108-2022 MEDALLAS PARA MEDALLA AL MÉRITO DEPORTIVO 2022.pdf,<blank>,LPNCCC 108/2022,<blank>,ADQUISICION DE MEDALLAS PARA EL EVENTO DENOMINADO RECONOCIMIENTO AL MERITO DEPORTIVO 2022,<blank>,<blank>
169,0,1,169,1,<blank>,https://www.deportesguadalajara.gob.mx/modulo_compras/licitaciones/base/LPNCCC 109.2022 Actualización Software Contable.pdf,<blank>,LPNCCC 109/2022,<blank>,CONTRATACION DEL SERVICIO DE ACTUALIZACION DE SOFTWARE CONTABLE PARA EL ORGANISMO PUBLICO DESCENTRALIZADO DE LA ADMINISTRACION PUBLICA MUNICIPAL DENOMINADO CONSEJO MUNICIPAL DEL DEPORTE DE GUADALAJARA,<blank>,<blank>
171,0,1,171,1,<blank>,https://www.deportesguadalajara.gob.mx/modulo_compras/licitaciones/base/LPNCCC 111.2022 Canapés Merito Deportivo 2022.pdf,<blank>,LPNCCC 111/2022,<blank>,CONTRATACION DEL SERVICIO DE CANAPES PARA EL EVENTO DENOMINADO RECONOCIMIENTO AL MERITO DEPORTIVO 2022,<blank>,<blank>
174,0,1,174,1,<blank>,https://www.deportesguadalajara.gob.mx/modulo_compras/licitaciones/base/LPNCCC 110-2022 Dictaminacion de estados financieros.pdf,<blank>,LPNCCC 110/2022 ,<blank>,CONTRATACION DE SERVICIO PARA DICTAMINACION DE ESTADOS FINANCIEROS DEL 2021 Y 2022 PARA EL ORGANISMO PUBLICO DESCENTRALIZADO DE LA ADMINISTRACION PUBLICA MUNICIPAL DENOMINADO CONSEJO MUNICIPAL DEL DEPORTE DE GUADALAJARA,<blank>,<blank>
175,0,1,175,1,<blank>,https://www.deportesguadalajara.gob.mx/modulo_compras/licitaciones/base/LPNCCC 113-2022 ADQUISICION DE MEMORIAS Y UNIDADES DE ESTADO SOLIDO PARA UNIDADES DE COMPUTO.pdf,<blank>,LPNCCC 113/2022,<blank>,ADQUISICIÓN DE MEMORIAS Y UNIDADES DE ESTADO SÓLIDO PARA EL MANTENIMIENTO DE UNIDADES DE COMPUTO DEL ÁREA DE ADQUISICIONES ,<blank>,<blank>
176,0,1,176,1,<blank>,https://www.deportesguadalajara.gob.mx/modulo_compras/licitaciones/base/LPNCCC 114-2022 CONTRATACION DEL SERVICIO DE ARRENDAMIENTO DE BAÑOS PORTATILES PARA DIFERENTES EVENTOS.pdf,<blank>,LPNCCC 114/2022,<blank>,CONTRATACION DEL SERVICIO DE ARRENDAMIENTO DE BAÑOS PORTATILES PARA DIFERENTES EVENTOS ,<blank>,<blank>
177,0,1,177,1,<blank>,"https://www.deportesguadalajara.gob.mx/modulo_compras/licitaciones/base/LPNCCC 115-2022 CONTRATACION DEL SERVICIO DE ARRENDAMIENTO DE LIMPIEZA, JARDINERIA Y MANTENIMIENTO MENOR PARA LAS UNIDADES DEPORTIVAS.pdf",<blank>,LPNCCC 115/2022,<blank>,"CONTRATACION DEL SERVICIO DE ARRENDAMIENTO DE LIMPIEZA, JARDINERIA Y MANTENIMIENTO MENOR PARA LAS UNIDADES DEPORTIVAS ",<blank>,https://www.deportesguadalajara.gob.mx/modulo_compras/licitaciones/junta/JA MANTENIMIENTO UNIDADES.pdf
178,0,1,178,1,<blank>,https://www.deportesguadalajara.gob.mx/modulo_compras/licitaciones/base/LPNCCC 116-2022 CONTRATACION DEL SERVICIO DE ARRENDAMIENTO DE EQUIPOS MULTIFUNCIONALES.pdf,<blank>,LPNCCC 116/2022,<blank>,CONTRATACION DEL SERVICIO DE ARRENDAMIENTO DE EQUIPOS MULTIFUNCIONALES,<blank>,<blank>
179,0,1,179,2,<blank>,https://www.deportesguadalajara.gob.mx/modulo_compras/licitaciones/base/LPNCCC 117-2022 CONTRATACION DEL SERVICIO DE SEGUROS PARA LOS VEHICULOS.pdf,<blank>,LPNCCC 117/2022,https://www.deportesguadalajara.gob.mx/modulo_compras/licitaciones/fallos/Centesima Quincuagésima Octava Sesión Ordinaria.pdf,CONTRATACION DEL SERVICIO DE SEGUROS PARA LOS VEHICULOS,<blank>,https://www.deportesguadalajara.gob.mx/modulo_compras/licitaciones/junta/Junta de Aclaraciones LPNCCC 117.2022 Seguro Vehicular.pdf
180,0,1,180,2,<blank>,https://www.deportesguadalajara.gob.mx/modulo_compras/licitaciones/base/LPNCCC 118-2022 CONTRATACION DEL SERVICIO DE SEGUROS DE VIDA PARA EL PERSONAL.pdf,<blank>,LPNCCC 118/2022,https://www.deportesguadalajara.gob.mx/modulo_compras/licitaciones/fallos/Centesima Quincuagésima Octava Sesión Ordinaria.pdf,CONTRATACION DEL SERVICIO DE SEGUROS DE VIDA PARA EL PERSONAL ,<blank>,https://www.deportesguadalajara.gob.mx/modulo_compras/licitaciones/junta/Junta de Aclaraciones LPNCCC 118.2022 Seguro de Vida.pdf
181,0,1,181,1,<blank>,https://www.deportesguadalajara.gob.mx/modulo_compras/licitaciones/base/LPNCCC 119-2022 CONTRATACION DEL SERVICIO DE SUMINISTRO DE GASOLINA Y DIESEL PARA VEHICULOS.pdf,<blank>,LPNCCC 119/2022,<blank>,CONTRATACION DEL SERVICIO DE SUMINISTRO DE GASOLINA Y DIESEL PARA VEHICULOS ,<blank>,<blank>
182,0,1,182,1,<blank>,https://www.deportesguadalajara.gob.mx/modulo_compras/licitaciones/base/LPNCCC 120-2022 CONTRATACION DEL SERVICIO DE SEGURIDAD PRIVADA.pdf,<blank>,LPNCCC 120/2022,<blank>,CONTRATACION DEL SERVICIO DE SEGURIDAD PRIVADA,<blank>,https://www.deportesguadalajara.gob.mx/modulo_compras/licitaciones/junta/Junta de Aclaraciones LPNCCC 120.2022 Seguridad Privada.pdf
184,0,1,184,1,<blank>,https://www.deportesguadalajara.gob.mx/modulo_compras/licitaciones/base/LPNCCC 001-2023 CEDULAS.pdf,<blank>,LPNCCC 001/2023,<blank>,ADQUISICION DE 100 CEDULAS DE INSCRIPCION Y CREDENCIALES PARA ESCUELAS DE INICIACION,<blank>,https://www.deportesguadalajara.gob.mx/modulo_compras/licitaciones/junta/JA LPNCCC 001-2023 CEDULAS Y CREDENCIALES.pdf
185,0,1,185,1,<blank>,https://www.deportesguadalajara.gob.mx/modulo_compras/licitaciones/base/LPNCCC 002.2023 Seguridad Privada.pdf,<blank>,LPNCCC 002/2023,<blank>,CONTRATACION DEL SERVICIO DE SEGURIDAD PARA DISTINTOS EVENTOS,<blank>,https://www.deportesguadalajara.gob.mx/modulo_compras/licitaciones/junta/Scanned-image-4.pdf
186,0,1,186,1,<blank>,https://www.deportesguadalajara.gob.mx/modulo_compras/licitaciones/base/VUELOS.pdf,<blank>,LPNCCC 003/2023,<blank>,CONTRATACION DEL SERVICIO DE VUELOS NACIONALES E INTERNACIONALES PARA DIVERSOS EVENTOS,<blank>,https://www.deportesguadalajara.gob.mx/modulo_compras/licitaciones/junta/JA LPNCCC 003-2023 VUELOS.pdf
187,0,1,187,1,<blank>,https://www.deportesguadalajara.gob.mx/modulo_compras/licitaciones/base/LPNCCC 004.2023 Quimicos.pdf,<blank>,LPNCCC 004/2023,<blank>,ADQUISICION DE PRODUCTOS QUIMICOS PARA LAS ALBERCAS DE LAS UNIDADES,<blank>,https://www.deportesguadalajara.gob.mx/modulo_compras/licitaciones/junta/JA LPNCCC 004-2023 PROD. QUIMICOS.pdf
188,0,1,188,1,<blank>,https://www.deportesguadalajara.gob.mx/modulo_compras/licitaciones/base/LPNCCC 005-2023 SEGURO DE GASTOS M.pdf,<blank>,LPNCCC 005/2023,<blank>,CONTRATACION DEL SERVICIO DE SEGUROS DE COMPETIDORES PARA XXXVII MEDIO MARATON INT GDL ELECTROLIT,<blank>,https://www.deportesguadalajara.gob.mx/modulo_compras/licitaciones/junta/JA LPNCCC 005-2023 SEGUROS.pdf
190,0,1,190,1,<blank>,https://www.deportesguadalajara.gob.mx/modulo_compras/licitaciones/base/LPNCCC 007-2023 CAMILLAS.pdf,<blank>,LPNCCC 007/2023,<blank>,ADQUISICION DE 30 CAMILLAS PARA MASAJE PARA MACRO EVENTOS DE GDL Y TERAPIAS FISICAS,<blank>,https://www.deportesguadalajara.gob.mx/modulo_compras/licitaciones/junta/Junta Aclaraciones LPNCCC 007.2023 Camillas.pdf
191,0,1,191,1,<blank>,https://www.deportesguadalajara.gob.mx/modulo_compras/licitaciones/base/LPNCCC 008.2023 Radios.pdf,<blank>,LPNCCC 008/2023,<blank>,ADQUISICION DE RADIOS TORNCALES PARA LOS EVENTOS DE 2023,<blank>,https://www.deportesguadalajara.gob.mx/modulo_compras/licitaciones/junta/Scanned-image-10.pdf
192,0,1,192,1,<blank>,https://www.deportesguadalajara.gob.mx/modulo_compras/licitaciones/base/LPNCCC 009-2023 FRASCOS PLÁSTICO.pdf,<blank>,LPNCCC 009/2023,<blank>,ADQUISICION DE FRASCOS PLASTICOS PARA LOS EVENTOS DE 2023,<blank>,https://www.deportesguadalajara.gob.mx/modulo_compras/licitaciones/junta/JA LPNCCC 009-2023 CONTENEDORES PLÁSTICOS.pdf
193,0,1,193,1,<blank>,https://www.deportesguadalajara.gob.mx/modulo_compras/licitaciones/base/LPNCCC 010.3023 Ambulancias.pdf,<blank>,LPNCCC 010/2023,<blank>,CONTRATACION DEL SERVICIO DE ARRENDAMIENTO DE AMBULANCIAS DE CUIDADOS INTENSIVOS PARA LOS EVENTOS DE 2023,<blank>,https://www.deportesguadalajara.gob.mx/modulo_compras/licitaciones/junta/Scanned-image-8.pdf
195,0,1,195,1,<blank>,https://www.deportesguadalajara.gob.mx/modulo_compras/licitaciones/base/LPNCCC 012.2023 Playeras Conmemorativas.pdf,<blank>,LPNCCC 012/2023,<blank>,ADQUISICION DE PLAYERAS PARA LOS EVENTOS DE 2023,<blank>,https://www.deportesguadalajara.gob.mx/modulo_compras/licitaciones/junta/Scanned-image-3.pdf
196,0,1,196,1,<blank>,"https://www.deportesguadalajara.gob.mx/modulo_compras/licitaciones/base/LPNCCC 013.2023 Coroplast, Impresos.pdf",<blank>,LPNCCC 013/2023,<blank>,ADQUISICION DE MATERIAL IMPRESO PARA LOS EVENTOS DE 2023,<blank>,"https://www.deportesguadalajara.gob.mx/modulo_compras/licitaciones/junta/JA LPNCCC 013-2023 MAT. IMPRESO, COROPLAST Y VINILOS.pdf"
197,0,1,197,1,<blank>,https://www.deportesguadalajara.gob.mx/modulo_compras/licitaciones/base/LPNCCC 014-2023 RAMILLETES DE FLORES.pdf,<blank>,LPNCCC 014/2023,<blank>,ADQUISICION DE RAMILLETES DE FLORES PARA LOS EVENTOS DE 2023,<blank>,https://www.deportesguadalajara.gob.mx/modulo_compras/licitaciones/junta/JA LPNCCC 014-2023 RAMILLETES DE FLORES.pdf
198,0,1,198,1,<blank>,https://www.deportesguadalajara.gob.mx/modulo_compras/licitaciones/base/LPNCCC 015-2023 CRONOMETRAJE.pdf,<blank>,LPNCCC 015/2023,<blank>,CONTRATACION DEL SERVICIO DE ARRENDAMIENTO DE CRONOMETRAJE PARA LOS EVENTOS DE 2023,<blank>,https://www.deportesguadalajara.gob.mx/modulo_compras/licitaciones/junta/Scanned-image-12.pdf
199,0,1,199,1,<blank>,https://www.deportesguadalajara.gob.mx/modulo_compras/licitaciones/base/LPNCCC 016.2023 Transporte de Autobus.pdf,<blank>,LPNCCC 016/2023,<blank>,CONTRATACION DEL SERVICIO DE ARRENDAMIENTO DE CAMIONES PARA LOS EVENTOS DE 2023,<blank>,https://www.deportesguadalajara.gob.mx/modulo_compras/licitaciones/junta/JA LPNCCC 016-2023 TRANSPORTE AUTOBUS.pdf
200,0,1,200,1,<blank>,https://www.deportesguadalajara.gob.mx/modulo_compras/licitaciones/base/LPNCCC 017-2023 ALIMENTOS.pdf,<blank>,LPNCCC 017/2023,<blank>,ADQUISICION DE ALIMENTOS PARA LOS EVENTOS DE 2023,<blank>,https://www.deportesguadalajara.gob.mx/modulo_compras/licitaciones/junta/Junta Aclaraciones LPNCCC 017.2023 Alimentos.pdf
201,0,1,201,1,<blank>,https://www.deportesguadalajara.gob.mx/modulo_compras/licitaciones/base/LPNCCC 018-2023 DRONE.pdf,<blank>,LPNCCC 018/2023,<blank>,"CONTRATACION DEL SERVICIO DE ARRENDAMIENTO DE FOTOGRAFIA, VIDEO Y DRONE PARA LOS EVENTOS DE 2023",<blank>,https://www.deportesguadalajara.gob.mx/modulo_compras/licitaciones/junta/JA LPNCCC 018-2023 FOTOGRAFIA Y DRONE.pdf
202,0,1,202,1,<blank>,https://www.deportesguadalajara.gob.mx/modulo_compras/licitaciones/base/LPNCCC 019-2023 SHOWS.pdf,<blank>,LPNCCC 019/2023,<blank>,CONTRATACION DEL SERVICIO DE SHOWS DE ANIMACION PARA LOS EVENTOS DE 2023,<blank>,https://www.deportesguadalajara.gob.mx/modulo_compras/licitaciones/junta/JA 019 2023.pdf
204,0,1,204,1,<blank>,https://www.deportesguadalajara.gob.mx/modulo_compras/licitaciones/base/LPNCCC 021-2023 MEDALLAS Y TROFEOS.pdf,<blank>,LPNCCC 021/2023,<blank>,ADQUISICION DE MEDALLAS Y TROFEOS PARA LOS EVENTOS DE 2023,<blank>,https://www.deportesguadalajara.gob.mx/modulo_compras/licitaciones/junta/Junta Aclaraciones LPNCCC 021.2023 Medallas y Trofeos.pdf
205,0,1,205,1,<blank>,https://www.deportesguadalajara.gob.mx/modulo_compras/licitaciones/base/LPNCCC 022.2023 Laptops.pdf,<blank>,LPNCCC 022/2023,<blank>,CONTRATACION DEL SERVICIO DE ARRENDAMIENTO DE LAP TOP PARA LOS EVENTOS DE 2023,<blank>,https://www.deportesguadalajara.gob.mx/modulo_compras/licitaciones/junta/JA 022 2023.pdf
206,0,1,206,1,<blank>,https://www.deportesguadalajara.gob.mx/modulo_compras/licitaciones/base/LPNCCC 023-2023 COFFEE BREACK.pdf,<blank>,LPNCCC 023/2023,<blank>,ADQUISICION DE PRODUCTOS PARA COFFEE BREACK PARA LOS EVENTOS DE 2023,<blank>,https://www.deportesguadalajara.gob.mx/modulo_compras/licitaciones/junta/JA LPNCCC 023-2023 COFFEE BREACK.pdf
207,0,1,207,1,<blank>,https://www.deportesguadalajara.gob.mx/modulo_compras/licitaciones/base/LPNCCC 025.2022 Adquisición de Bolsas Impresas.pdf,<blank>,LPNCCC 025/2023,<blank>,ADQUISICION DE BOLSA IMPRESA PARA LOS EVENTOS DE 2023,<blank>,https://www.deportesguadalajara.gob.mx/modulo_compras/licitaciones/junta/Junta Aclaraciones LPNCCC 025.2023 Morrales.pdf
208,0,1,208,1,<blank>,https://www.deportesguadalajara.gob.mx/modulo_compras/licitaciones/base/LPNCCC 026-2023 TOTEM.pdf,<blank>,LPNCCC 026/2023,<blank>,ADQUISICION DE 2 TOTEM DE ALUMINIO PARA LOS EVENTOS DE 2023,<blank>,https://www.deportesguadalajara.gob.mx/modulo_compras/licitaciones/junta/JA LPNCCC 026-2023 TOTEM.pdf
209,0,1,209,1,<blank>,https://www.deportesguadalajara.gob.mx/modulo_compras/licitaciones/base/LPNCCC 027-2023 PANTALLAS.pdf,<blank>,LPNCCC 027/2023,<blank>,"ADQUISICION DE 2 PANTALLAS DE 55"" PARA LOS EVENTOS DE 2023",<blank>,https://www.deportesguadalajara.gob.mx/modulo_compras/licitaciones/junta/Junta Aclaraciones LPNCCC 027.2023 Pantalla.pdf
210,0,1,210,1,<blank>,https://www.deportesguadalajara.gob.mx/modulo_compras/licitaciones/base/LPNCCC 028.2023 Sistema inalambrico UHF.pdf,<blank>,LPNCCC 028/2023,<blank>,ADQUISICION DE SISTEMA INALAMBRICO DOBLE MANO UHF PARA EVENTOS DE 2023,<blank>,https://www.deportesguadalajara.gob.mx/modulo_compras/licitaciones/junta/Scanned-image-9.pdf
211,0,1,211,1,<blank>,https://www.deportesguadalajara.gob.mx/modulo_compras/licitaciones/base/LPNCCC 29.2023 Papelería.pdf,<blank>,LPNCCC 029/2023,<blank>,ADQUISICION DE PAPELERIA PARA OFICINAS Y EVENTOS DE 2023,<blank>,https://www.deportesguadalajara.gob.mx/modulo_compras/licitaciones/junta/Scanned-image-11.pdf
212,0,1,212,1,<blank>,https://www.deportesguadalajara.gob.mx/modulo_compras/licitaciones/base/LPNCCC 030.2023 Material de Limpieza.pdf,<blank>,LPNCCC 030/2023,<blank>,ADQUISICION DE MATERIAL DE LIMPIEZA PARA UNIDADES DEPORTIVAS Y EVENTOS DE 2023,<blank>,https://www.deportesguadalajara.gob.mx/modulo_compras/licitaciones/junta/JA LPNCCC 030-2023 MAT LIMPIEZA.pdf
213,0,1,213,1,<blank>,https://www.deportesguadalajara.gob.mx/modulo_compras/licitaciones/base/LPNCCC 031-2023 FERRETERIA.pdf,<blank>,LPNCCC 031/2023,<blank>,ADQUISICION DE MATERIAL DE FERRETERIA PARA UNIDADES Y EVENTOS DE 2023,<blank>,https://www.deportesguadalajara.gob.mx/modulo_compras/licitaciones/junta/Junta Aclaraciones LPNCCC 031.2023 Ferretería.pdf
214,0,1,214,1,<blank>,https://www.deportesguadalajara.gob.mx/modulo_compras/licitaciones/base/LPNCCC 032-2023 POPOTONA.pdf,<blank>,LPNCCC 032/2023,<blank>,ADQUISICION DE POPOTONA PARA UNIDADES,<blank>,https://www.deportesguadalajara.gob.mx/modulo_compras/licitaciones/junta/JA 032 2023.pdf
215,0,1,215,1,<blank>,https://www.deportesguadalajara.gob.mx/modulo_compras/licitaciones/base/LPNCCC 034-2023 ESPONJAS.pdf,<blank>,LPNCCC 034/2023,<blank>,ADQUISICION DE ESPONJAS PARA EVENTOS DE 2023,<blank>,https://www.deportesguadalajara.gob.mx/modulo_compras/licitaciones/junta/JA LPNCCC 034-2023 ESPONJAS.pdf
217,0,1,217,1,<blank>,https://www.deportesguadalajara.gob.mx/modulo_compras/licitaciones/base/LPNCCC 033-2023  CORNTAS DE AIRE.pdf,<blank>,LPNCCC 033/2023,<blank>,ADQUISICION DE CORNETAS DE AIRE PARA SALIDAS DE CARRERAS PARA DIVERSOS EVENTOS,<blank>,https://www.deportesguadalajara.gob.mx/modulo_compras/licitaciones/junta/ACTA J.A.- LPNCCC 033-2023 CORNETAS DE AIRE.pdf
218,0,1,218,1,<blank>,https://www.deportesguadalajara.gob.mx/modulo_compras/licitaciones/base/LPNCCC 036-2023 RENTA DE PANTALLAS.pdf,<blank>,LPNCCC 036/2023,<blank>,CONTRATACION DEL SERVICIO DE RENTA DE PANTALLAS Y LUCES ROBOTICAS PARA DIVERSOS EVENTOS,<blank>,https://www.deportesguadalajara.gob.mx/modulo_compras/licitaciones/junta/ACTA J.A.- LPNCCC 036-2023 RENTA DE PANTALLAS.pdf
219,0,1,219,1,<blank>,https://www.deportesguadalajara.gob.mx/modulo_compras/licitaciones/base/LPNCCC 037-2023 REFACCIONES Y REP VEHICULOS.pdf,<blank>,LPNCCC 037/2023,<blank>,ADQUISICION DE REFACCIONES Y SERVICIO DE REPARACIONES DE VEHICULOS ,<blank>,https://www.deportesguadalajara.gob.mx/modulo_compras/licitaciones/junta/ACTA J.A.- LPNCCC 037-2023 REFACCIONES Y REPARACIONES VEHICULOS.pdf
220,0,1,220,1,<blank>,https://www.deportesguadalajara.gob.mx/modulo_compras/licitaciones/base/LPNCCC 035-2023 VALLAS Y TOLDOS.pdf,<blank>,LPNCCC 035/2023,<blank>,CONTRATACION DEL SERVICO DE VALLAS Y TOLDOS PARA EVENTOS DEL 2023,<blank>,https://www.deportesguadalajara.gob.mx/modulo_compras/licitaciones/junta/JA 035 2023.pdf
221,0,1,221,1,<blank>,https://www.deportesguadalajara.gob.mx/modulo_compras/licitaciones/base/LPNCCC 006-2023 NUMEROS.pdf,<blank>,LPNCCC 006/2023,<blank>,ADQUISICION DE NUMEROS PARA PARTICIPANTES PARA LOS EVENTOS DE 2023,<blank>,https://www.deportesguadalajara.gob.mx/modulo_compras/licitaciones/junta/Junta Aclaraciones LPNCCC 006.2023 Números.pdf
224,0,1,224,1,<blank>,https://www.deportesguadalajara.gob.mx/modulo_compras/licitaciones/base/LPNCCC 024-2023 MATERIAL MEDICO.pdf,<blank>,LPNCCC 024/2023,<blank>,ADQUISICION DE MATERIAL MEDICO PARA DIVERSOS EVENTOS,<blank>,https://www.deportesguadalajara.gob.mx/modulo_compras/licitaciones/junta/ACTA J.A. LPNCCC 024-2023 MATERIAL MEDICO.pdf
226,0,1,226,1,<blank>,https://www.deportesguadalajara.gob.mx/modulo_compras/licitaciones/base/LPNCCC 011.2023 Montaje y desmontaje.pdf,<blank>,LPNCCC 011/2023,<blank>,CONTRATACION DEL SERVICIO DE MONTAJES PARA EVENTOS Y EXPO PARA LOS EVENTOS DE 2023,<blank>,https://www.deportesguadalajara.gob.mx/modulo_compras/licitaciones/junta/Junta Aclaraciones LPNCCC 011.2023 Montaje y Desmontaje.pdf
227,0,1,227,1,<blank>,https://www.deportesguadalajara.gob.mx/modulo_compras/licitaciones/base/Scanned-image-2.pdf,<blank>,LPNCCC 020.2023,<blank>,SERVICIO DE PIROTECNIA PARA DIVERSOS EVENTOS,<blank>,https://www.deportesguadalajara.gob.mx/modulo_compras/licitaciones/junta/Scanned-image-1.pdf
228,0,1,228,1,<blank>,https://www.deportesguadalajara.gob.mx/modulo_compras/licitaciones/base/LPNCCC 038 2023 BALONES Y KIT TOCHO.pdf,<blank>,LPNCCC 038.2023 ,<blank>,ADQUISICION DE BALONES Y KIT DE TOCHO FLAGS PARA CURSOS DE VERANO,<blank>,https://www.deportesguadalajara.gob.mx/modulo_compras/licitaciones/junta/JA LPNCCC 038 2023 BALONES Y TOCHO FLAGS.pdf
229,0,1,229,1,<blank>,https://www.deportesguadalajara.gob.mx/modulo_compras/licitaciones/base/LPNCCC 039 REVISTA SOY COMUDE.pdf,<blank>,LPNCCC 039.2023,<blank>,"CONTRATACION DEL SERVICIO DE IMPRESION DE REVISTA ""SOY COMUDE""",<blank>,https://www.deportesguadalajara.gob.mx/modulo_compras/licitaciones/junta/ACTA JUNTA ACLAR. LPNCCC 039-2023 REVISTA SOY COMUDE.pdf
230,0,1,230,1,<blank>,https://www.deportesguadalajara.gob.mx/modulo_compras/licitaciones/base/LPNCCC 040.2023 Pinturas.pdf,<blank>,LPNCCC 040.2023,<blank>,ADQUISICION DE PINTURA PARA UNIDADES DEPORTIVAS,<blank>,https://www.deportesguadalajara.gob.mx/modulo_compras/licitaciones/junta/JA LPNCCC 040.2023 Pinturas.pdf
231,0,1,231,1,<blank>,https://www.deportesguadalajara.gob.mx/modulo_compras/licitaciones/base/LPNCCC 041.2023 Consumibles Médicos.pdf,<blank>,LPNCCC 041.2023,<blank>,ADQUISICION DE CONSUMIBLES MEDICOS PARA DIVERSOS EVENTOS,<blank>,<blank>
232,0,1,232,1,<blank>,https://www.deportesguadalajara.gob.mx/modulo_compras/licitaciones/base/LPNCCC 042-2023 SERVICIO ESPECIALIZADO DICTAMINACION IMSS.pdf,<blank>,LPNCCC 042.2023,<blank>,CONTRATACION DE SERVICIOS ESPECIALIZADOS PARA EMITIR EL DICTAMEN DEL IMSS RESPECTO DEL CUMPLIMIENTO DE OBLIGACIONES PATRONALES EJERCICIO 2022,<blank>,<blank>
234,0,1,234,1,<blank>,https://www.deportesguadalajara.gob.mx/modulo_compras/licitaciones/base/LPNCCC 044-2023 UNIFORMES.pdf,<blank>,LPNCCC 044.2023,<blank>,ADQUISICION DE UNIFORMES PARA EL PERSONAL OPERATIVO,<blank>,https://www.deportesguadalajara.gob.mx/modulo_compras/licitaciones/junta/ACTA JUNTA ACLAR. LPNCCC 044-2023 UNIFORMES.pdf
235,0,1,235,1,<blank>,https://www.deportesguadalajara.gob.mx/modulo_compras/licitaciones/base/LPNCCC 045 2023 DICTAMINACIÓN ESTADOS FINANCIEROS.pdf,<blank>,LPNCCC 045.2023,<blank>,ADQUISICION DE SERVICIOS PROFESIONALES PARA DICTAMINACION DE ESTADOS FINANCIEROS EJERCICIO 2022,<blank>,https://www.deportesguadalajara.gob.mx/modulo_compras/licitaciones/junta/JA LPNCCC 045 2023 DICTAMINACIÓN ESTADOS DINANCIEROS 2022.pdf
236,0,1,236,1,<blank>,https://www.deportesguadalajara.gob.mx/modulo_compras/licitaciones/base/LPNCCC 043 2023 FERRETERIA.pdf,<blank>,LPNCCC 043.2023,<blank>,ADQUISICION DE MATERIAL DE FERRETERIA ,<blank>,https://www.deportesguadalajara.gob.mx/modulo_compras/licitaciones/junta/JA LPNCCC 043 2023 MATERIAL DE FERRETERIA.pdf
237,0,1,237,1,<blank>,https://www.deportesguadalajara.gob.mx/modulo_compras/licitaciones/base/LPNCC 046-2023 RENTA PANTALLA.pdf,<blank>,LPNCCC 046.2023,<blank>,ARRENDAMIENTO DE PANTALLA CON CIRCUITO CERRADO PARA EVENTOS,<blank>,https://www.deportesguadalajara.gob.mx/modulo_compras/licitaciones/junta/ACTA JUNTA ACLAR. LPNCCC 046-2023 PANTALLA Y SILLAS.pdf
238,0,1,238,1,<blank>,https://www.deportesguadalajara.gob.mx/modulo_compras/licitaciones/base/LPNCCC 047.2023 Recarga de extintores.pdf,<blank>,LPNCCC 047.2023,<blank>,CONTRATACION DE RECARGA Y/O MANTENIMIENTO DE EXTINTORES ,<blank>,<blank>
239,0,1,239,1,<blank>,https://www.deportesguadalajara.gob.mx/modulo_compras/licitaciones/base/LPNCCC 048-2023 ADQUISICION CALENTADOR SOLA PARA INSTALACIONES.pdf,<blank>,LPNCCC 048.2023,<blank>,ADQUISICION DE CALENTADOR SOLAR PARA INSTALACIONES,<blank>,https://www.deportesguadalajara.gob.mx/modulo_compras/licitaciones/junta/Junta de Aclaraciones Calentador.pdf
240,0,1,240,1,<blank>,https://www.deportesguadalajara.gob.mx/modulo_compras/licitaciones/base/LPNCCC 044-2023 UNIFORMES 2DA RONDA.pdf,<blank>,LPNCCC 044-2023 SEGUNDA RONDA,<blank>,UNIFORMES PARA EL PERSONAL OPERATIVO,<blank>,https://www.deportesguadalajara.gob.mx/modulo_compras/licitaciones/junta/ACTA J ACLAR LPNCCC 044-2023 2DA RONDA UNIFORMES.pdf
243,0,1,243,1,<blank>,https://www.deportesguadalajara.gob.mx/modulo_compras/licitaciones/base/Untitled_05182023_053217.pdf,<blank>,LPNCCC 045/2023 SEGUNDA RONDA,<blank>,ADQUISION DE SERVICIO DE PROFESIONALES PARA DICTAMINACION DE ESTADOS FINANCIEROS EJERCICIO 2022,<blank>,<blank>
244,0,1,244,1,<blank>,https://www.deportesguadalajara.gob.mx/modulo_compras/licitaciones/base/BASES LPNCCC 049 2023 SEGURO CURSOS Y 10 K.pdf,<blank>,LPNCCC 049/2023 ,<blank>,CONTRATACION DE SERVICIOS DE SEGUROS DE GASTOS MEDICOS PARA PARTICIPATES DE DIVERSOS DEL ORGANISMO,<blank>,<blank>
245,0,1,245,1,<blank>,https://www.deportesguadalajara.gob.mx/modulo_compras/licitaciones/base/Bases LPNCCC 048.2023 Contratación del servicio de Suministro de Gasolina y Diesel.pdf,<blank>,LPNCC 048/2023,<blank>,CONTRATACION DEL SERVICIO DE SUMINISTRO DE GASOLINA Y DIESEL PARA VEHICULOS DEL COMUDE,<blank>,https://www.deportesguadalajara.gob.mx/modulo_compras/licitaciones/junta/Junta de aclaraciones LPNCCC 048.2023 Contratación del servicio de Suministro de Gasolina y Diesel.pdf

