id,documento,info_comunicado,autor_comunicado,fecha_comunicado,titulo_comunicado
1,https://www.deportesguadalajara.gob.mx/modulo_portal/recursos/comunicados/PDF-5m994svn2.pdf,<p>Acuerdo de suspensi\xf3n de la unidad de transparencia por contingencia de COVID-19</p>,1 - admin - 02-04-2020 05:46:11 PM,2020-03-30,SUSPENSIÓN TRANSPARENCIA
2,https://www.deportesguadalajara.gob.mx/modulo_portal/recursos/comunicados/PDF-wx2wpn6wa.pdf,<p>Sobre suspensi\xf3n de actividades en general por contingencia COVID-19</p>,1 - admin - 02-04-2020 05:49:16 PM,2020-03-30,SUSPENSIÓN GENERAL
3,https://www.deportesguadalajara.gob.mx/modulo_portal/recursos/comunicados/PDF-lut1x89a4.pdf,<p>ACUERDO SUSPENSI\xd3N TERMINOS PROC. ADMINISTRATIVOS</p>,1 - admin - 27-04-2020 03:11:39 PM,2020-03-18,SESPENSIÓN DE PROCEDIMIENTOS ADMINISTRATIVOS
4,https://www.deportesguadalajara.gob.mx/modulo_portal/recursos/comunicados/ACUERDO-q0y7z82d4.pdf,"<p>ACUERDO DEL DIRECTOR GENERAL DEL ORGANISMO P\xdaBLICO DESCENTRALIZADO DE LA ADMINISTRACI\xd3N P\xdaBLICA MUNICIPAL DE GUADALAJARA DENOMINADO CONSEJO MUNICIPAL DEL DEPORTE DE GUADALAJARA, MEDIANTE EL CUAL SE EMITEN LOS LINEAMIENTOS GENERALES DE SEGURIDAD E HIG\xcdENE EN EL ENTORNO LABORAL DE LAS ACTIVIDADES DEL CITADO ORGANISMO P\xdaBLICO DESCENTRALIZADO ANTE LA CONTINGENCIA SANITARIA COVID-19 (CORONAVIRUS)</p>",1 - admin - 31-05-2020 10:16:43 AM,2020-05-25,ACUERDO DEL COMUDE MEDIANTE EL CUAL SE EMITEN LOS LINEAMIENTOS GENERALES DE SEGURIDAD E HIGIENE PARA EL ENTORNO LABORAL
5,https://www.deportesguadalajara.gob.mx/modulo_portal/recursos/comunicados/ACUERDO-7crp0syuo.pdf,<p>ACUERDO DEL DIRECTOR GENERAL DEL ORGANISMO P\xdaBLICO DESCENTRALIZADO DE LA ADMINISTRACI\xd3N P\xdaBLICA MUNICIPAL DENOMINADO CONSEJO MUNICIPAL DEL DEPORTE DE GUADALAJARA MEDIANTE EL CUAL SE DECLARA SUSPENSI\xd3N DE T\xc9RMINOS DE LA UNIDAD DE TRANSPARENCIA Y PROTECCI\xd3N DE DATOS PERSONALES DERIVADO DE LA CONTINGENCIA\xa0 SANITARIA DEL COVID-19 (CORONAVIRUS)</p>,1 - admin - 17-06-2020 02:45:40 PM,2020-06-15,ACUERDO SOBRE SUSPENSIÓN DE TÉRMINOS DE LA UNIDAD DE TRANSPARENCIA Y PROTECCIÓN DE DATOS PERSONALES DERIVADO DE LA CONTINGENCIA SANITARIA  DEL COVID-19
6,https://www.deportesguadalajara.gob.mx/modulo_portal/recursos/comunicados/ACUERDO-qf21yl7mn.pdf,"<p>ACUERDO DEL DIRECTOR GENERAL DEL ORGANISMO P\xdaBLICO DESCENTRALIZADO DE LA ADMINISTRACI\xd3N P\xdaBLICA MUNICIPAL DENOMINADO CONSEJO MUNICIPAL DEL DEPORTE DE GUADALAJARA, MEDIANTE EL CUAL SE DECLARA SUSPENSI\xd3N DE T\xc9RMINOS PARA LAS DIRECCIONES Y \xc1REAS A CARGO DE ESTAS ANTE LA CONTINGENCIA SANITARIA DEL COVID-19 (CORONAVIRUS)</p>",1 - admin - 17-06-2020 02:50:26 PM,2020-06-01,ACUERDO SOBRE SUSPENSIÓN DE TÉRMINOS PARA LAS DIRECCIONES Y ÁREAS A CARGO DE ESTAS ANTE LA CONTINGENCIA SANITARIA DEL COVID-19
7,https://www.deportesguadalajara.gob.mx/modulo_portal/recursos/comunicados/ACUERDO-p6rw8sx11.pdf,"<p>ACUERDO DEL DIRECTOR GENERAL DEL ORGANISMO PUBLICO DESCENTRALIZADO DE LA ADMINISTRACI\xd3N P\xdaBLICA MUNICIAPAL DENONIMADO CONSEJO MUNICIPAL DEL DEPORTE DE GUADALAJARA, MEDIANTE EL CUAL SE REUNADAN T\xc9RMINOS PARA LOS PROCEDIMIENTOS PREVISTOS POR LA LEY PARA LOS SERVIDORES P\xdaBLICOS DEL ESTADO DE JALISCO Y SUS MUNICIPIOS</p>",1 - admin - 17-06-2020 02:53:09 PM,2020-06-15,ACUERDO SOBRE REANUDACIÓN DE TÉRMINOS PARA LOS PROCEDIMIENTOS PREVISTOS POR LA LEY PARA LOS SERVIDORES PÚBLICOS DEL ESTADO DE JALISCO Y SUS MUNICIPIOS
8,https://www.deportesguadalajara.gob.mx/modulo_portal/recursos/comunicados/ACUERDO 16 DE JUNIO SUSPENSIÓN DE CANCHAS-pq41lszq7.pdf,"<p>ACUERDO DEL DIRECTOR GENERAL DEL ORGANISMO P\xdaBLICO DESCENTRALIZADO DE LA ADMINISTRACI\xd3N PUBLICA MUNICIPAL DENOMINADO CONSEJO MUNICIPAL DEL DEPORTE DE GUADALAJARA, MEDIANTE EL CUAL SUSPENDE USO DE CANCHAS UBICADAS EN EL INTERIOR DE LOS CENTROS DEPORTIVOS ANTE LA CONTINGENCIASANITARIADEL COVID-19 (CORONAVIRUS).</p>",52 - Luis - 26-06-2020 03:45:48 PM,2020-06-26,ACUERDO DEL DIRECTOR GENERAL DEL ORGANISMO PÚBLICO DESCENTRALIZADO DE LA ADMINISTRACIÓN PUBLICA MUNICIPAL DENOMINADO CONSEJO MUNICIPAL DEL DEPORTE DE GUADALAJARA
10,https://www.deportesguadalajara.gob.mx/modulo_portal/recursos/comunicados/Acuerdo-dsw4bph8p.pdf,"<p>ACUERDO DEL DIRECTOR GENERAL DEL ORGANISMO P\xdaBLICO DESCENTRALIZADO DE LA ADMINISTRACI\xd3N P\xdaBLICA MUNICIPAL DENOMINADO CONSEJO MUNICIPAL DEL DEPORTE DE GUADALAJARA, MEDIANTE EL CUAL SE EMITEN LOS LINEAMIENTOS GENERALES DE SEGURIDAD E HIGIENE EN EL ENTORNO LABORAL DEL CONSEJO MUNICIPAL DEL DEPORTE DE GUADALAJARA PARA EL DESARROLLO DE LAS ACTIVIDADES DEL CITADO ORGANISMO P\xd9BLICO DESCENTRALIZADO DURANTE LA CONTINGENCIA SANITARIA DEL COVID-19 (CORONAVIRUS).</p>",1 - admin - 03-07-2020 11:38:11 AM,2020-07-01,ACUERDO DEL DIRECTOR GENERAL LINEAMIENTOS GENERALES DE SEGURIDAD E HIGIENE EN EL ENTORNO LABORAL DEL CONSEJO MUNICIPAL DEL DEPORTE DE GUADALAJARA PARA EL DESARROLLO DE LAS ACTIVIDADES
11,https://www.deportesguadalajara.gob.mx/modulo_portal/recursos/comunicados/AcuerdoSeptiembre2020-wv9ku2aqt.pdf,"<p>ACUERDO DEL DIRECTOR GENERAL DEL ORGANISMO PUBLICO DESCENTRALIZADO DE LA ADMINISTRACI\xd3N PUBLICA MUNICIPAL DENOMINADO CONSEJO MUNICIPAL DEL DEPORTE DE GUADALAJARARA, MEDIANTE EL CUAL\xa0 SE REABREN UNIDADES DEPORTIVAS Y ALBERCAS P\xdaBLICAS.</p>",1 - admin - 04-09-2020 06:18:03 PM,2020-09-04,ACUERDO DEL DIRECTOR PARA REAPERTURA DE UNIDADES DEPORTIVAS Y ALBERCAS PÚBLICAS

