term_id,slug,name,term_group
1,sin-categoria,Sin categoría,0
2,cars,Cars,0
3,dayoff,Day off,0
4,design,Design,0
5,fashion_style,Fashion & Style,0
6,style-life,Style Life,0
7,video,Video,0
8,art,Art,0
9,audio,audio,0
10,awesome,Awesome,0
11,beauty,beauty,0
12,building,building,0
13,content,content,0
14,custom,Custom,0
15,data,Data,0
16,levelup,levelup,0
17,london,london,0
18,nyc,NYC,0
19,photography,Photography,0
20,puzzlerbox,puzzlerbox,0
21,sound,sound,0
22,standard,Standard,0
23,studio,studio,0
24,template,template,0
25,tips,Tips,0
26,trip,trip,0
27,videos,Videos,0
28,wordpress,Wordpress,0
29,menu,Menu,0
30,menuesp,menuEsp,0

