term_id,term_taxonomy_id,parent,count,taxonomy,description
1,1,0,2,category,<blank>
2,2,0,0,category,<blank>
3,3,0,0,category,<blank>
4,4,0,0,category,"Curabitur non massa lacinia, mattis erat quis, maximus nisi. Morbi vitae lorem venenatis, lobortis dolor et, mollis nulla. Quisque imperdiet dui sed ligula varius volutpat. Integer ornare euismod tellus at."
5,5,0,0,category,<blank>
6,6,0,0,category,<blank>
7,7,0,0,category,<blank>
8,8,0,0,post_tag,<blank>
9,9,0,0,post_tag,<blank>
10,10,0,0,post_tag,<blank>
11,11,0,0,post_tag,<blank>
12,12,0,0,post_tag,<blank>
13,13,0,0,post_tag,<blank>
14,14,0,0,post_tag,<blank>
15,15,0,0,post_tag,<blank>
16,16,0,0,post_tag,<blank>
17,17,0,0,post_tag,<blank>
18,18,0,0,post_tag,<blank>
19,19,0,0,post_tag,<blank>
20,20,0,0,post_tag,<blank>
21,21,0,0,post_tag,<blank>
22,22,0,0,post_tag,<blank>
23,23,0,0,post_tag,<blank>
24,24,0,0,post_tag,<blank>
25,25,0,0,post_tag,<blank>
26,26,0,0,post_tag,<blank>
27,27,0,0,post_tag,<blank>
28,28,0,0,post_tag,<blank>
29,29,0,0,nav_menu,<blank>
30,30,0,6,nav_menu,<blank>

