user_id,umeta_id,meta_key,meta_value
1,1,nickname,agenda
1,2,first_name,<blank>
1,3,last_name,<blank>
1,4,description,<blank>
1,5,rich_editing,true
1,6,comment_shortcuts,false
1,7,admin_color,fresh
1,8,use_ssl,0
1,9,show_admin_bar_front,true
1,10,locale,<blank>
1,11,wp_capabilities,"a:1:{s:13:""administrator"";b:1;}"
1,12,wp_user_level,10
1,13,dismissed_wp_pointers,<blank>
1,14,show_welcome_panel,1
1,15,session_tokens,"a:1:{s:64:""f49b07ca6c53e704d6920dd58f9862f0d050eddc8b23dddfec2458a2759c2773"";a:4:{s:10:""expiration"";i:1498407356;s:2:""ip"";s:15:""187.188.210.136"";s:2:""ua"";s:115:""Mozilla/5.0 (Windows NT 10.0; Win64; x64) AppleWebKit/537.36 (KHTML, like Gecko) Chrome/58.0.3029.110 Safari/537.36"";s:5:""login"";i:1498234556;}}"
1,16,wp_dashboard_quick_press_last_post_id,3
1,17,community-events-location,"a:1:{s:2:""ip"";s:13:""187.188.210.0"";}"
2,18,nickname,admin
2,19,first_name,<blank>
2,20,last_name,<blank>
2,21,description,<blank>
2,22,rich_editing,true
2,23,comment_shortcuts,false
2,24,admin_color,fresh
2,25,use_ssl,0
2,26,show_admin_bar_front,true
2,27,locale,<blank>
2,28,wp_capabilities,"a:1:{s:10:""subscriber"";b:1;}"
2,29,wp_user_level,0
2,30,dismissed_wp_pointers,<blank>
1,31,wp_user-settings,editor=html
1,32,wp_user-settings-time,1498236319

