label,name,value,helptext,item_group
NULL,app_installed,1476374529,NULL,NULL
Application version,app_version,4.0.0-06.02.2013,NULL,NULL
Cache expiry (in mili seconds),cache_default_expires,7200,NULL,NULL
Enable/disable site caching,cache_disabled,0,NULL,NULL
Site cache folder,cache_path,cache/,NULL,NULL
Catalog search page - records per page,catalog_records_per_page,15,NULL,NULL
Survey catalog folder,catalog_root,datafiles,NULL,NULL
survey collections vocabulary,collections_vocab,2,NULL,NULL
NULL,collection_search,no,NULL,NULL
NULL,collection_search_weight,5,NULL,NULL
NULL,da_search,yes,NULL,NULL
NULL,da_search_weight,2,NULL,NULL
Database version,db_version,4.0.0-06.02.2013,NULL,NULL
Survey catalog import folder,ddi_import_folder,imports,NULL,NULL
Default home page,default_home_page,inicio,Default home page,NULL
NULL,html_folder,/pages,NULL,NULL
JS/CSS version,js_css_version,1476374142,NULL,NULL
Site Language,lang,en-us,Site Language code,NULL
NULL,language,spanish,NULL,NULL
Login timeout (minutes),login_timeout,40,NULL,NULL
Select method for sending emails,mail_protocol,smtp,"Supported protocols: MAIL, SMTP, SENDMAIL",NULL
Minimum password length,min_password_length,5,NULL,NULL
<blank>,news_feed_url,http://ihsn.org/nada/index.php?q=news/feed,<blank>,<blank>
Enable regional search,regional_search,no,NULL,NULL
NULL,regional_search_weight,3,NULL,NULL
Repository Identifier,repository_identifier,default,NULL,NULL
Password protect website,site_password_protect,no,NULL,NULL
SMTP Host name,smtp_host,<blank>,NULL,NULL
SMTP password,smtp_pass,<blank>,NULL,NULL
SMTP port,smtp_port,25,NULL,NULL
SMTP username,smtp_user,<blank>,NULL,NULL
Site theme name,theme,default,NULL,NULL
Vocabulary ID for Topics,topics_vocab,-,NULL,NULL
Topic search,topic_search,yes,NULL,NULL
NULL,topic_search_weight,6,NULL,NULL
Use HTML editor for entering HTML for static pages,use_html_editor,yes,NULL,NULL
Website footer text,website_footer,"Administrado por <a href="" http://iieg.gob.mx"">iieg.gob.mx</a>",NULL,NULL
Website title,website_title,Red Estatal de Metadatos,Provide the title of the website,website
Website URL,website_url,http://localhost/nada,URL of the website,website
Site webmaster email address,website_webmaster_email,dante.delgadillo@jalisco.gob.mx,-,website
Webmaster name,website_webmaster_name,noreply,-,website
NULL,year_search,yes,NULL,NULL
NULL,year_search_weight,1,NULL,NULL

