countryid,iso,name
1,AFG,Afghanistan
2,ALB,Albania
3,ATA,Antartica
4,DZA,Algeria
5,ASM,American Samoa
6,AND,Andorra
7,AGO,Angola
8,ATG,Antigua and Barbuda
9,AZE,Azerbaijan
10,ARG,Argentina
11,AUS,Australia
12,AUT,Austria
13,BHS,Bahamas
14,BHR,Bahrain
15,BGD,Bangladesh
16,ARM,Armenia
17,BRB,Barbados
18,BEL,Belgium
19,BMU,Bermuda
20,BTN,Bhutan
21,BOL,Bolivia
22,BIH,Bosnia-Herzegovina
23,BWA,Botswana
24,BVT,Bouvet Island
25,BRA,Brazil
26,BLZ,Belize
27,IOT,British Indian Ocean Territory
28,SLB,Solomon Islands
29,VGB,Virgin Isld. (British)
30,BRN,Brunei
31,BGR,Bulgaria
32,MMR,Myanmar
33,BDI,Burundi
34,BLR,Belarus
35,KHM,Cambodia
36,CMR,Cameroon
37,CAN,Canada
38,CPV,Cape Verde
39,CYM,Cayman Islands
40,CAF,Central African Republic
41,LKA,Sri Lanka
42,TCD,Chad
43,CHL,Chile
44,CHN,China
45,TWN,Taiwan
46,CXR,Christmas Island
47,CCK,Cocos Isld.
48,COL,Colombia
49,COM,Comoros
50,MYT,Mayotte
51,COG,"Congo, Rep."
52,COD,"Congo, Dem. Rep."
53,COK,Cook Island
54,CRI,Costa Rica
55,HRV,Croatia
56,CUB,Cuba
57,CYP,Cyprus
58,CZE,Czech Republic
59,BEN,Benin
60,DNK,Denmark
61,DMA,Dominica
62,DOM,Dominican Republic
63,ECU,Ecuador
64,SLV,El Salvador
65,GNQ,Equatorial Guinea
66,ETH,Ethiopia
67,ERI,Eritrea
68,EST,Estonia
69,FRO,Faeroe Isld.
70,FLK,Falkland Isld.
71,SGS,S. Georgia & S. Sandwich Isld.
72,FJI,Fiji
73,FIN,Finland
74,FXX,"France, Metrop."
75,FRA,France
76,GUF,French Guiana
77,PYF,French Polynesia
78,ATF,French S.T.
79,DJI,Djibouti
80,GAB,Gabon
81,GEO,Georgia
82,GMB,Gambia
83,PSE,West Bank and Gaza
84,DEU,Germany
85,GHA,Ghana
86,GIB,Gibraltar
87,KIR,Kiribati
88,GRC,Greece
89,GRL,Greenland
90,GRD,Grenada
91,GLP,Guadeloupe
92,GUM,Guam
93,GTM,Guatemala
94,GIN,Guinea
95,GUY,Guyana
96,HTI,Haiti
97,HMD,Heard / McDonald Isld
98,VAT,Holy See
99,HND,Honduras
100,HUN,Hungary
101,ISL,Iceland
102,IND,India
103,IDN,Indonesia
104,IRN,"Iran, Islamic Rep."
105,IRQ,Iraq
106,IRL,Ireland
107,ISR,Israel
108,ITA,Italy
109,CIV,Cote d'Ivoire
110,JAM,Jamaica
111,JPN,Japan
112,KAZ,Kazakhstan
113,JOR,Jordan
114,KEN,Kenya
115,PRK,"Korea, Dem. Rep."
116,KOR,"Korea, Rep."
117,KWT,Kuwait
118,KGZ,Kyrgyz Republic
119,LAO,Lao PDR
120,LBN,Lebanon
121,LSO,Lesotho
122,LVA,Latvia
123,LBR,Liberia
124,LBY,Libya
125,LIE,Liechtenstein
126,LTU,Lithuania
127,LUX,Luxembourg
128,MAC,Macao
129,MDG,Madagascar
130,MWI,Malawi
131,MYS,Malaysia
132,MDV,Maldives
133,MLI,Mali
134,MLT,Malta
135,MTQ,Martinique
136,MRT,Mauritania
137,MUS,Mauritius
138,MEX,Mexico
139,MCO,Monaco
140,MNG,Mongolia
141,MDA,Moldova
142,MSR,Montserrat
143,MAR,Morocco
144,MOZ,Mozambique
145,OMN,Oman
146,NAM,Namibia
147,NRU,Nauru
148,NPL,Nepal
149,NLD,Netherlands
150,ANT,Neth.Antilles
151,ABW,Aruba
152,NCL,New Caledonia
153,VUT,Vanuatu
154,NZL,New Zealand
155,NIC,Nicaragua
156,NER,Niger
157,NGA,Nigeria
158,NIU,Niue
159,NFK,Norfolk Isld.
160,NOR,Norway
161,MNP,N. Mariana Isld.
162,UMI,US minor outlying Islands
163,FSM,Micronesia
164,MHL,Marshall Isld.
165,PLW,Palau
166,PAK,Pakistan
167,PAN,Panama
168,PNG,Papua New Guinea
169,PRY,Paraguay
170,PER,Peru
171,PHL,Philippines
172,PCN,Pitcairn Island
173,POL,Poland
174,PRT,Portugal
175,GNB,Guinea Bissau
176,TLS,Timor-Leste
177,PRI,Puerto Rico
178,QAT,Qatar
179,ROM,Romania
180,RUS,Russian Federation
181,RWA,Rwanda
182,SHN,St. Helena
183,KNA,St.Kitts and Nevis
184,AIA,Anguilla
185,LCA,St. Lucia
186,SPM,St. Pierre and Miquelon
187,VCT,St. Vincent and Grenadines
188,SMR,San Marino
189,STP,São Tomé and Príncipe
190,SAU,Saudi Arabia
191,SEN,Senegal
192,SYC,Seychelles
193,SLE,Sierra Leone
194,SGP,Singapore
195,SVK,Slovak Republic
196,VNM,Viet Nam
197,SVN,Slovenia
198,SOM,Somalia
199,ZAF,South Africa
200,ZWE,Zimbabwe
201,ESP,Spain
202,ESH,West. Sahara
203,SDN,Sudan
204,SUR,Suriname
205,SJM,Svalbard and Jan Mayen Islands
206,SWZ,Swaziland
207,SWE,Sweden
208,CHE,Switzerland
209,SYR,Syrian Arab Republic
210,TJK,Tajikistan
211,THA,Thailand
212,TGO,Togo
213,TKL,Tokelau
214,TON,Tonga
215,TTO,Trinidad and Tobago
216,ARE,United Arab Emirates
217,TUN,Tunisia
218,TUR,Turkey
219,TKM,Turkmenistan
220,TCA,Turks and Caicos Islands
221,TUV,Tuvalu
222,UGA,Uganda
223,UKR,Ukraine
224,MKD,"Macedonia, FYR"
225,EGY,"Egypt, Arab Rep."
226,GBR,United Kingdom
227,TZA,Tanzania
228,USA,United States
229,VIR,"Virgin Islands, U.S."
230,BFA,Burkina Faso
231,URY,Uruguay
232,UZB,Uzbekistan
233,VEN,"Venezuela, RB"
234,WLF,Wallis and Futuna
235,WSM,Samoa
236,YEM,Yemen
237,SCG,Serbia and Montenegro
238,ZMB,Zambia
239,WBG,Westbank and Gaza
240,JER,Jerusalem

