id,title
1,"Compressed, Generic [application/x-compressed]"
2,"Compressed, ZIP [application/zip]"
3,"Data, CSPro [application/x-cspro]"
4,"Data, dBase [application/dbase]"
5,"Data, Microsoft Access [application/msaccess]"
6,"Data, SAS [application/x-sas]"
7,"Data, SPSS [application/x-spss]"
8,"Data, Stata [application/x-stata]"
9,"Document, Generic [text]"
10,"Document, HTML [text/html]"
11,"Document, Microsoft Excel [application/msexcel]"
12,"Document, Microsoft PowerPoint [application/mspowerpoint"
13,"Document, Microsoft Word [application/msword]"
14,"Document, PDF [application/pdf]"
15,"Document, Postscript [application/postscript]"
16,"Document, Plain [text/plain]"
17,"Document, WordPerfect [text/wordperfect]"
18,"Image, GIF [image/gif]"
19,"Image, JPEG [image/jpeg]"
20,"Image, PNG [image/png]"
21,"Image, TIFF [image/tiff]"

