id,name,weight,group_type,access_type,description,is_collection_group
1,admin,0,admin,unlimited,It is the site administrator and has access to all site content,0
2,user,-99,user,none,General user account with no access to site administration,0
3,Collection administrators,0,admin,limited,Users can manage and review studies for collections they are assigned to,1
5,Report viewer,0,admin,limited,Can only generate/view reports,0
11,Citation manager,0,admin,limited,has full control over the citations,0
12,Global Licensed Reviewer,0,admin,limited,This account can review licensed data requests from all collections,0

