id,pid,body,url,title,target,weight,linktype,changed,published
53,0,<blank>,catalog,Catálogo de proyectos,0,1,1,1476377271,1
55,0,NULL,citations,Citations,0,0,1,1476375749,0
56,0,NULL,home,Home,0,0,1,1476376332,0
58,0,"<h2>Bienvenidos al cat\xe1logo de datos mantenido por el IIEG</h2>\n<p>El Programa Acelerado de Datos tiene la finalidad de realizar mejoras urgentes y necesarias para fortalecer el seguimiento de los Objetivos del Desarrollo del Milenio, principalmente por la medici\xf3n y seguimiento de informaci\xf3n oportuna, confiable, comparable, pertinente y accesible.</p>\n<p>Los objetivos espec\xedficos son:</p>\n<div>\n<ul>\n<li>1) Armonizar instrumentos de encuestas, censos y registros administrativos.</li>\n<li>2) Mejorar comparabilidad de los datos en el tiempo y entre entidades.</li>\n<li>3) Construir y mantener un cat\xe1logo central de encuestas, censos y registros administrativos.</li>\n<li>4) Desarrollar herramientas y gu\xedas para documentaci\xf3n, diseminaci\xf3n y preservaci\xf3n de microdatos.\xa0</li>\n</ul>\n</div>\n<p>\xa0</p>\n<p>Este cat\xe1logo forma parte del <a href=""http://www.adp.ihsn.org/node/1414"">Programa Acelerado de Datos</a> del Banco Mundial y PARIS21. Agradecemos la contribuci\xf3n de la <a href=""http://www.surveynetwork.org/"">Red Internacional de Encuestas a Hogares</a> por proveer de herramientas, gu\xedas y capacitaci\xf3n para elaborar el cat\xe1logo de datos y metadatos.</p>\n<p>Haga clic en el men\xfa superior para acceder al <a href=""index.php/catalog"">Cat\xe1logo de proyectos</a>.</p>\n<p><img src=""http://iieg.gob.mx/img/principal/sieglogo.png"" alt="""" /></p>",inicio,Presentación,0,0,NULL,1476389866,1

