id,permission_id,url
1,1,admin/catalog/upload
4,4,admin/menu
5,5,admin/menu/add
6,6,admin/menu/edit/*
7,7,admin/menu/add_link
8,8,admin/menu/menu_sort
9,9,admin/vocabularies
10,10,admin/terms/*
12,12,admin/users/*
14,14,ddibrowser
16,16,page/*
18,18,citations
22,22,backup*
23,23,access_licensed*
25,25,switch_language*
27,27,translate/*
34,1,admin/catalog/do_upload
48,40,admin/datadeposit*
51,42,admin/catalog/delete
52,43,admin/catalog/export-ddi
53,44,admin/catalog/import-rdf
54,45,admin/repositories/*
55,45,admin/repositories
88,46,admin/catalog/replace_ddi/*
100,49,admin/catalog/edit/*
101,49,admin/catalog/update/*
102,49,admin/catalog/update
103,49,admin/managefiles/*
104,49,admin/resources/*
112,2,admin/catalog
113,2,admin/catalog/survey/*
114,2,admin/catalog/search
116,30,access_public/*
119,62,admin/catalog/copy_ddi
124,61,admin/repositories/select
125,61,admin/repositories/active/*
126,41,admin/catalog/publish
127,41,admin/catalog/publish/*
131,63,admin/catalog/copy_study
132,63,admin/catalog/do_copy_study/*
133,64,admin/citations
134,65,admin/citations/edit
135,65,admin/citations/edit/*
136,66,admin/citations/delete/*
137,67,admin/citations/import
138,68,admin/citations/export
141,3,admin
142,3,admin/users/exit_impersonate
143,69,admin/licensed_requests
145,70,admin/licensed_requests/*
147,11,admin/users
148,71,admin/reports/*
149,71,admin/reports

