id,label,weight,section,description
1,Upload DDI file,3,catalog,this is a test description
2,View catalog,0,catalog,this is a test description
3,Access site administration,0,site_admin,this is a test description
4,Access Menus,0,menu_admin,this is a test description
5,Add menu page,0,menu_admin,this is a test description
6,Edit menu,0,menu_admin,this is a test description
7,Add menu link,0,menu_admin,this is a test description
8,Sort menu items,0,menu_admin,this is a test description
9,Access vocabularies,0,vocab,this is a test description
10,Access vocabulary terms,0,vocab,this is a test description
11,View user accounts,0,user_admin,View list of all user accounts
12,Edit user information,0,user_admin,this is a test description
14,Access DDI Browser,0,ddibrowser,this is a test description
16,Access site pages,0,general_site,this is a test description
18,View citations,0,general_site,this is a test description
22,Site backup,0,site_admin,this is a test description
23,View licensed request form,0,general_site,this is a test description
25,Switch site language,0,general_site,this is a test description
27,Translate site,0,site_admin,this is a test description
30,Public use files,0,general_site,this is a test description
40,Data Deposit,0,site_admin,Data Deposit
41,Publish/Unpublish study,3,catalog,Allows publishing study
42,Delete Study,4,catalog,delete study
43,Export DDI,5,catalog,Export
44,Import RDF,5,catalog,Import RDF for study resources
45,Manage Repositories,9,repositories,Manage repositories
46,Replace DDI,3,catalog,Replace a DDI file
49,Edit survey,4,catalog,Edit survey
61,Select collection,1,repositories,<blank>
62,Copy DDI,0,catalog,copy DDI
63,Copy studies from other collections,6,catalog,<blank>
64,View citations,1,citation,<blank>
65,Edit citation,2,citation,<blank>
66,Delete citation,3,citation,Delete a citation
67,Import citations,4,citation,<blank>
68,Export citations,5,citation,Export citations to various formats
69,View licensed requests,0,Licensed requests,View list of licensed data requests
70,Edit request,1,Licensed requests,Edit a licensed data request
71,Reports,0,reports,View and generate admin reports

