id,repo_pg_id,url
5,2,admin/catalog/copy_ddi
6,2,admin/catalog/copy_study
7,2,admin/catalog/delete
8,2,admin/catalog/do_copy_study/*
9,2,admin/catalog/do_upload
10,2,admin/catalog/edit/*
11,2,admin/catalog/export-ddi
12,2,admin/catalog/import-rdf
15,2,admin/catalog/repladce_ddi/*
16,2,admin/catalog/search
17,2,admin/catalog/survey/*
18,2,admin/catalog/update
19,2,admin/catalog/update/*
20,2,admin/catalog/upload
28,3,admin/licensed_requests
29,3,admin/licensed_requests/*
30,2,admin/managefiles/*
41,2,admin/resources/*
64,1,admin/catalog/*
67,2,admin/pdf_generator/*
68,1,admin/pdf_generator/*
69,1,admin/catalog/add_study
70,1,admin/catalog/batch_import
71,1,admin/catalog/refresh/*

