id_number,survey_id,resource_id,toc,title,author,dcdate,dctype,rights,country,abstract,dcformat,filename,subjects,subtitle,changed,publisher,language,contributor,description
NULL,2,13,"Estructura de la TIGIE 2012\nLa TIGIE está compuesta por cinco niveles de desagregación: sección, capítulo, partida, subpartida y fracción arancelaria. La sección es el nivel más general; la fracción arancelaria, el más desagregado. La sección se divide en capítulos. Cada capítulo está formado por partidas, las cuales se dividen en subpartidas. Las fracciones arancelarias, por su parte, son desgloses de las subpartidas.\n\nEstructura del SCIAN México 2007\nEl SCIAN México 2007 consta de cinco niveles de agregación: sector, subsector, rama, subrama y clase de actividad económica. Cabe recordar que no existe una publicación trinacional, cada país tiene su propia versión y en ella reconoce el nivel de acuerdo trilateral. El sector es el nivel más general; la clase, el más desagregado. El sector se divide en subsectores. Cada subsector está formado por ramas de actividad, las cuales se dividen en subramas. Las clases, por su parte, son desgloses de las subramas",Tabla de correlación entre la Tarifa de la Ley de los Impuestos Generales de Importación y Exportación y el Sistema de Clasificación Industrial de América del Norte,Secretaría de Economía,2012-06-29,Norma y/o Ley [web/pdf],NULL,México [Mex],<blank>,"Documento, PDF [application/pdf]",http://www3.inegi.org.mx/sistemas/clasificaciones/tigie/tigie.aspx,NULL,TIGIE vs SCIAN,1476391245,INEGI,Español [Esp],<blank>,"Da a conocer la estructura y la relación unívoca entre la TIGIE y el SCIAN, la correlación se efectuó a nivel de mayor detalle de ambos clasificadores, es decir, a fracción arancelaria de la TIGIE y en el caso del SCIAN a clase de actividad, convirtiendo la Tabla en una herramienta única de análisis del sector externo, cuya utilidad es invaluable para los analistas y expertos en el tema."
NULL,3,15,Sección de herraientas del sistema.\nSección de datos generales del usuario.\nDetalles del asunto.\nProceso.\nPantalla de historia de proceso\nProceso de Canalización,MANUAL DE USO DEL SISTEMA DE REGISTRO Y CONTROL DE USUARIOS EWO,Procuraduria Social del Estado de Jalisco,2011-09-12,"Document, Reference [doc/ref]",NULL,México [Mex],<blank>,"Document, Microsoft Word [application/msword]",Manual sistema EWO Atencion Ciudadana 2011.doc,NULL,<blank>,1476661066,Direccion de Atencion Ciudadana,Español [Esp],"Procuraduria social del Estado a traves de la Direccion de atencion ciudadana, subprocuraduria de servicios juridicos asistenciales, direccion de informatica","Constituye un manual de utilización del sistema electrónico de registro de actividades EWO correspondiente a la Dirección de Atención Ciudadana y Conciliación, en el que se describen la utilización del sistema,  los campos de registro de datos, así como el proceso del registro de la toma de datos al usuario, así como la descripción del asunto y la oponión técnica jurídica, la canalización de usuarios."
NULL,3,16,<blank>,Estadistica de Atencion ciudadana septiembre 2016,<blank>,2016,Database [dat],NULL,<blank>,<blank>,"Document, Microsoft Excel [application/msexcel]",Estadistica de Atencion ciudadana septiembre 2016_1.xls,NULL,NULL,1476661103,<blank>,<blank>,<blank>,<blank>
NULL,4,17,Índice:\nIntroducción\nOperación de Estaciones de Medición de la Calidad del Aire\nMantenimiento\nCalibración\nReferencias,"Manual 4. Operación de Estaciones de Medición de la Calidad del Aire, Mantenimiento y Calibración de sus Componentes",Instituto Nacional de Ecología y Cambio Climatico,2010-01-01,Web Site [web],NULL,México [Mex],<blank>,"Document, HTML [text/html]",http://www2.inecc.gob.mx/publicaciones/consultaPublicacion.html?id_pub=624,NULL,<blank>,1476464752,INECC,Español [Esp],Instituto Nacional de Ecología y Cambio Climático (INECC) Secretaría de Medio Ambinete y Recursos Naturales (SEMARNAT),"La operación de un Sistema de Medición de la Calidad del Aire (SMCA) implica diversas tareas y actividades coordinadas y realizadas por personal capacitado y entrenado que garantice, tanto la correcta medición de los contaminantes atmosféricos y los parámetros meteorológicos, como la adecuada adquisición,  almacenamiento y procesamiento de los datos generados."
NULL,4,18,0. Introducción. 1. Objetivo y campo de aplicación. 2. Referencias. 3. Definiciones. 4. Símbolos. 5. Especificaciones. 6. Métodos de prueba. 7. Concordancia con normas internacionales y mexicanas. 8. Bibliografía. 9. Observancia de la Norma. 10. Vigencia.,Normas Oficiales Mexicanas de Salud Ambiental que establecen los limites permisibles de exposiciòn a contaminantes atmòsfericos.,Secretaria de Salud y Secretaria de Medio Ambiente y Recursos Naturales,1993-08-18,Sitios web [web],NULL,México [Mex],<blank>,"Documento, PDF [application/pdf]",http://siga.jalisco.gob.mx/aire/Normas.html,NULL,"NORMA Oficial Mexicana NOM-020-SSA1-2014, Salud ambiental. Valor límite permisible para la concentración de ozono (O3) en el aire ambiente y criterios para su evaluación.",1476460344,<blank>,Español [Esp],Secretaría de Salud,"Esta Norma tiene por objeto establecer los valores límite permisibles de concentración de ozono en el aire ambiente para la protección de la salud humana; así como los criterios para su evaluación. \n  Esta Norma es de observancia obligatoria en todo el territorio nacional y servirá como referencia, para las autoridades federales y locales que tengan a su cargo la vigilancia y evaluación de la calidad del aire, con fines de protección de la salud de la población. \n\n."
NULL,4,26,"MANUAL HISTORY....................................................................................................................................................1\nNOTICE .....................................................................................................................................................................2\nINTERNATIONALLY RECOGNIZED SYMBOLS USED ON ECOTECH EQUIPMENT ............................................................4\nSAFETY REQUIREMENTS ...........................................................................................................................................5\nFACTORY SERVICE....................................................................................................................................................6\nCLAIMS FOR DAMAGED SHIPMENTS AND SHIPPING DISCREPANCIES ..........................................................................7\nSERVICE AND SPARE PARTS......................................................................................................................................8\nWARNING..............................................................................................................................................................9\n1. 0 DESCRIPTION................................................................................................................................................ 1-1\n1.1 SPECIFICATIONS .............................................................................................................................................. 1-2\n1.1.1 Range ..................................................................................................................................................... 1-2\n1.1.2 Noise (RMS) ........................................................................................................................................... 1-2\n1.1.3 Lower Detectable Limit.......................................................................................................................... 1-2\n1.1.4 Zero Drift ............................................................................................................................................... 1-2\n1.1.5 Span Drift............................................................................................................................................... 1-2\n1.1.6 Lag Time ................................................................................................................................................ 1-3\n1.1.7 Rise/Fall Time, 95% of Final Value........................................................................................................ 1-3\n1.1.8 Linearity Error....................................................................................................................................... 1-3\n1.1.9 Precision ................................................................................................................................................ 1-3\n1.1.10 Sample Flow Rate ................................................................................................................................ 1-3\n1.1.11 Sample Pressure Dependence ............................................................................................................... 1-3\n1.1.12 Temperature Range.............................................................................................................................. 1-3\n1.1.13 Power ................................................................................................................................................... 1-3\n1.1.14 Weight .................................................................................................................................................. 1-3\n1.1.15 Analog Output...................................................................................................................................... 1-3\n1.1.16 Digital Output ...................................................................................................................................... 1-4\n1.2 U.S. EPA EQUIVALENT METHOD..................................................................................................................... 1-4\n2. 0 INSTALLATION AND OPERATION........................................................................................................... 2-1\n2.1 MECHANICAL INSTALLATION.......................................................................................................................... 2-1\n2.1.1 Selecting a Location............................................................................................................................... 2-1\n2.1.2 Connections............................................................................................................................................ 2-1\n2.2 AC POWER CONNECTION................................................................................................................................ 2-8\n2.2.1 Display Adjustments............................................................................................................................... 2-8\n2.2.2 Warmup................................................................................................................................................ 2-10\n2.3 OPERATION................................................................................................................................................... 2-11\n2.3.1 General Operation Information ............................................................................................................ 2-11\n2.3.2 Using the Menu and Making Entries .................................................................................................... 2-12\n2.3.3 Setting the Date and Time..................................................................................................................... 2-13\n2.4 ANALYZER CALIBRATION .............................................................................................................................. 2-14\n2.4.1 Precision Checks.................................................................................................................................. 2-14\n2.4.2 Automatic ............................................................................................................................................. 2-14\n2.4.3 Manual ................................................................................................................................................. 2-14\n2.4.4 Analyzer Calibration Instructions......................................................................................................... 2-15\n2.5 MENUS AND SCREENS................................................................................................................................... 2-16\n2.5.1 Primary Screen .................................................................................................................................... 2-17\n2.5.2 Main Menu ........................................................................................................................................... 2-18\n2.5.3 Instrument Menu .................................................................................................................................. 2-18\n2.5.4 Measurement Menu.............................................................................................................................. 2-20\n2.5.5 Calibration Menu................................................................................................................................. 2-21\n2.5.6 Test Menu............................................................................................................................................. 2-24","EC9850 A&E SERIES ""Sulfur Dioxide Analyzer""",ECOTECH,2005-11-01,"Document, Reference [doc/ref]",NULL,Australia,<blank>,"Document, PDF [application/pdf]",9850 Operation Manual SO2.pdf,NULL,Operation Manual,1476660960,ECOTECH,Inglés [Ing],ECOTECH,Manual de operación para el analizador de Dióxido de Azufre
NULL,4,27,"MANUAL HISTORY................................................................................................................................................ 1-1\nNOTICE ................................................................................................................................................................. 1-2\nMARK DECLARATION..................................................................................................................................... 1-3\nINTERNATIONALLY RECOGNIZED SYMBOLS USED ON ECOTECH EQUIPMENT ........................................................ 1-4\nSAFETY REQUIREMENTS ....................................................................................................................................... 1-5\nFACTORY SERVICE................................................................................................................................................ 1-6\nCLAIMS FOR DAMAGED SHIPMENTS AND SHIPPING DISCREPANCIES ...................................................................... 1-7\nSERVICE AND SPARE PARTS.................................................................................................................................. 1-8\nWARNING.......................................................................................................................................................... 1-9\n1.0 DESCRIPTION................................................................................................................................................. 1-1\n1.1 SPECIFICATIONS .............................................................................................................................................. 1-2\n1.1.1 Range ..................................................................................................................................................... 1-2\n1.1.2 Noise (RMS) ........................................................................................................................................... 1-2\n1.1.3 Lower Detectable Limit.......................................................................................................................... 1-2\n1.1.4 Zero Drift ............................................................................................................................................... 1-2\n1.1.5 Span Drift............................................................................................................................................... 1-2\n1.1.6 Lag Time ................................................................................................................................................ 1-3\n1.1.7 Rise/Fall Time, 95% of Final Value........................................................................................................ 1-3\n1.1.8 Linearity Error....................................................................................................................................... 1-3\n1.1.9 Precision ................................................................................................................................................ 1-3\n1.1.10 Sample Flow Rate ................................................................................................................................ 1-3\n1.1.11 Sample Pressure Dependence ............................................................................................................... 1-3\n1.1.12 Temperature Range.............................................................................................................................. 1-3\n1.1.13 Power ................................................................................................................................................... 1-3\n1.1.14 Weight .................................................................................................................................................. 1-3\n1.1.15 Analog Output...................................................................................................................................... 1-3\n1.1.16 Digital Output ...................................................................................................................................... 1-4\n1.2 U.S. EPA REFERENCE METHOD ...................................................................................................................... 1-4\n2.0 INSTALLATION AND OPERATION............................................................................................................ 2-1\n2.1 MECHANICAL INSTALLATION.......................................................................................................................... 2-1\n2.1.1 Selecting a Location............................................................................................................................... 2-1\n2.1.2 Connections............................................................................................................................................ 2-1\n2.2 AC POWER CONNECTION................................................................................................................................ 2-7\n2.2.1 Display Adjustments............................................................................................................................... 2-8\n2.2.2 Warmup.................................................................................................................................................. 2-9\n2.3 OPERATION..................................................................................................................................................... 2-9\n2.3.1 General Operation Information ............................................................................................................ 2-10\n2.3.2 Using the Menu and Making Entries .................................................................................................... 2-10\n2.3.3 Setting the Date and Time..................................................................................................................... 2-11\n2.4 ANALYZER CALIBRATION .............................................................................................................................. 2-12\n2.4.1 Precision Checks.................................................................................................................................. 2-12\n2.4.2 Automatic ............................................................................................................................................. 2-12\n2.4.3 Manual ................................................................................................................................................. 2-12\n2.4.4 Analyzer Calibration Instructions......................................................................................................... 2-13\n2.5 MENUS AND SCREENS................................................................................................................................... 2-15\n2.5.1 Primary Screen .................................................................................................................................... 2-16\n2.5.2 Main Menu ........................................................................................................................................... 2-17\n2.5.3 Instrument Menu .................................................................................................................................. 2-17\n2.5.4 Measurement Menu.............................................................................................................................. 2-19",EC9841 A&B Series Nitrogen Oxides Analyzer,ECOTECH,2005-11-01,"Document, Reference [doc/ref]",NULL,Australia,<blank>,"Document, PDF [application/pdf]",9841 Operation ManualNO2.pdf,NULL,<blank>,1476660877,ECOTECH,Inglés [Ing],ECOTECH,Manual de operación para el analizador de óxidos de nitrógeno
NULL,4,28,"MANUAL HISTORY....................................................................................................................................................1\nNOTICE .....................................................................................................................................................................2\nCE MARK DECLARATION...................................................................................................................................3\nINTERNATIONALLY RECOGNIZED SYMBOLS USED ON ECOTECH EQUIPMENT ............................................................4\nSAFETY REQUIREMENTS ...........................................................................................................................................5\nFACTORY SERVICE....................................................................................................................................................6\nCLAIMS FOR DAMAGED SHIPMENTS AND SHIPPING DISCREPANCIES ..........................................................................7\nSERVICE AND SPARE PARTS......................................................................................................................................8\nWARNING..............................................................................................................................................................9\n1. 0 DESCRIPTION................................................................................................................................................ 1-1\n1.1 SPECIFICATIONS .............................................................................................................................................. 1-2\n1.1.1 Range ..................................................................................................................................................... 1-2\n1.1.2 Noise (RMS) ........................................................................................................................................... 1-2\n1.1.3 Lower Detectable Limit.......................................................................................................................... 1-2\n1.1.4 Zero Drift ............................................................................................................................................... 1-2\n1.1.5 Span Drift............................................................................................................................................... 1-2\n1.1.6 Lag Time ................................................................................................................................................ 1-3\n1.1.7 Rise/Fall Time, 95% of Final Value........................................................................................................ 1-3\n1.1.8 Linearity Error....................................................................................................................................... 1-3\n1.1.9 Precision ................................................................................................................................................ 1-3\n1.1.10 Sample Flow Rate ................................................................................................................................ 1-3\n1.1.11 Sample Pressure Dependence ............................................................................................................... 1-3\n1.1.12 Temperature Range.............................................................................................................................. 1-3\n1.1.13 Power ................................................................................................................................................... 1-3\n1.1.14 Weight .................................................................................................................................................. 1-3\n1.1.15 Analog Output...................................................................................................................................... 1-3\n1.1.16 Digital Output ...................................................................................................................................... 1-4\n1.2 U.S. EPA REFERENCE METHOD ...................................................................................................................... 1-4\n2. 0 INSTALLATION AND OPERATION........................................................................................................... 2-1\n2.1 MECHANICAL INSTALLATION.......................................................................................................................... 2-1\n2.1.1 Selecting a Location............................................................................................................................... 2-1\n2.1.2 Connections............................................................................................................................................ 2-1\n2.2 AC POWER CONNECTION................................................................................................................................ 2-7\n2.2.1 Display Adjustments............................................................................................................................... 2-8\n2.2.2 Warmup.................................................................................................................................................. 2-9\n2.3 OPERATION................................................................................................................................................... 2-10\n2.3.1 General Operation Information ............................................................................................................ 2-10\n2.3.2 Using the Menu and Making Entries .................................................................................................... 2-11\n2.3.3 Setting the Date and Time..................................................................................................................... 2-12\n2.4 ANALYZER CALIBRATION .............................................................................................................................. 2-13\n2.4.1 Precision Checks.................................................................................................................................. 2-13\n2.4.2 Automatic ............................................................................................................................................. 2-13\n2.4.3 Manual ................................................................................................................................................. 2-13\n2.4.4 Analyzer Calibration Instructions......................................................................................................... 2-14\n2.5 MENUS AND SCREENS................................................................................................................................... 2-15\n2.5.1 Primary Screen .................................................................................................................................... 2-16\n2.5.2 Main Menu ........................................................................................................................................... 2-17\n2.5.3 Instrument Menu .................................................................................................................................. 2-17\n2.5.4 Measurement Menu.............................................................................................................................. 2-18\n2.5.5 Calibration Menu................................................................................................................................. 2-20",EC9830 A&B SERIES CARBON MONOXIDE ANALYZER,ECOTECH,2005-11-01,"Document, Technical [doc/tec]",NULL,Australia,<blank>,"Document, PDF [application/pdf]",9830 Operation ManualCO.pdf,NULL,OPERATION MANUAL,1476660910,ECOTECH,<blank>,ECOTECH,Manual de operación para el analizador de Monóxido de Carbono
NULL,4,29,"MANUAL HISTORY....................................................................................................................................................1\nNOTICE .....................................................................................................................................................................2\nMARK DECLARATION.........................................................................................................................................3\nINTERNATIONALLY RECOGNIZED SYMBOLS USED ON ECOTECH EQUIPMENT ............................................................4\nSAFETY REQUIREMENTS...................................................................................................................................5\nFACTORY SERVICE....................................................................................................................................................6\nCLAIMS FOR DAMAGED SHIPMENTS AND SHIPPING DISCREPANCIES .........................................................................7\nSERVICE AND SPARE PARTS......................................................................................................................................8\nWARNING..............................................................................................................................................................9\n1. 0 DESCRIPTION................................................................................................................................................ 1-1\n1.1 SPECIFICATIONS .............................................................................................................................................. 1-2\n1.1.1 Range ..................................................................................................................................................... 1-2\n1.1.2 Noise (RMS) ........................................................................................................................................... 1-2\n1.1.3 Lower Detectable Limit.......................................................................................................................... 1-2\n1.1.4 Zero Drift ............................................................................................................................................... 1-2\n1.1.5 Span Drift............................................................................................................................................... 1-2\n1.1.6 Lag Time ................................................................................................................................................ 1-3\n1.1.7 Rise/Fall Time, 95% of Final Value........................................................................................................ 1-3\n1.1.8 Precision ................................................................................................................................................ 1-3\n1.1.9 Sample Flow Rate .................................................................................................................................. 1-3\n1.1.10 Sample Pressure Dependence ............................................................................................................... 1-3\n1.1.11 Temperature Range.............................................................................................................................. 1-3\n1.1.12 Power ................................................................................................................................................... 1-3\n1.1.13 Weight .................................................................................................................................................. 1-3\n1.1.14 Analog Output...................................................................................................................................... 1-3\n1.1.15 Digital Output ...................................................................................................................................... 1-4\n1.2 U.S. EPA EQUIVALENT METHOD..................................................................................................................... 1-4\n2. 0 INSTALLATION AND OPERATION........................................................................................................... 2-1\n2.1 MECHANICAL INSTALLATION.......................................................................................................................... 2-1\n2.1.1 Selecting a Location............................................................................................................................... 2-1\n2.1.2 Connections............................................................................................................................................ 2-1\n2.2 AC POWER CONNECTION................................................................................................................................ 2-8\n2.2.1 Display Adjustments............................................................................................................................... 2-9\n2.2.2 Warmup................................................................................................................................................ 2-10\n2.3 OPERATION................................................................................................................................................... 2-10\n2.3.1 General Operation Information ............................................................................................................ 2-11\n2.3.2 Using the Menu and Making Entries .................................................................................................... 2-11\n2.3.3 Setting the Date and Time..................................................................................................................... 2-12\n2.4 ANALYZER CALIBRATION .............................................................................................................................. 2-13\n2.4.1 Precision Checks.................................................................................................................................. 2-13\n2.4.2 Automatic ............................................................................................................................................. 2-13\n2.4.3 Manual ................................................................................................................................................. 2-13\n2.4.4 Analyzer Calibration Instructions......................................................................................................... 2-14\n2.5 MENUS AND SCREENS................................................................................................................................... 2-15\n2.5.1 Primary Screen .................................................................................................................................... 2-16\n2.5.2 Main Menu ........................................................................................................................................... 2-17\n2.5.3 Instrument Menu .................................................................................................................................. 2-17\n2.5.4 Measurement Menu.............................................................................................................................. 2-19\n2.5.5 Calibration Menu................................................................................................................................. 2-20",EC9810 A&B Series Ozono Analyzer,ECOTECH,2005-11-01,"Document, Technical [doc/tec]",NULL,Australia,<blank>,"Document, PDF [application/pdf]",9810 Operation Manual O3.pdf,NULL,operation Manual,1476660935,ECOTECH,Inglés [Ing],ECOTECH,Manual de operación para el analizador de Ozono
NULL,6,30,1. Intrroducción\n2. Objetivo\n3. Fundamento Legal\n4. Definiciones\n5. Ámbito de Aplicación\n6. Sistema Integral de Información\n7. Participantes en el proceso\n8. Caracteristicas de la Información\n9. Proceso de Actualización\n10. Analisis de la base de datos \n11. Formato de Padrón Único (FPU)\n12. Transitorios,MANUAL OPERATIVO DEL PADRÓN ÚNICO DE BENEFICIARIOS,DIRECCIÓN DE EVALUACIÓN Y SEGUIMIENTO,2016-01-01T00:00,Manual [doc/ref],NULL,México [Mex],<blank>,"Documento, PDF [application/pdf]",http://padronunico.jalisco.gob.mx/sites/default/files/manual_operativo_del_padron_unico_de_beneficiarios_1.pdf,NULL,SISTEMA DEL PADRÓN ÚNICO DE BENEFICIARIOS DE PRORGRAMAS GUBERNAMENTALES DEL ESTADO DE JALISCO,1476465511,DIRECCION DE POLITICA SOCIAL,Español [Esp],SECRETARIA DE DESARROLLO E INTEGRACION SOCIAL,"En el siguiente manual se explica y muestra cada proceso que este coorelacionado con el padrón pasando desde el objetivo, utilidad incluyendo referencias desde el marco legal."
NULL,8,31,NO tiene ÍNDICE,Convocatoria del Programa Bienempleo 2016,Consejo Estatal de Promoción Económica (CEPE),2016-05-23,Decreto [doc/adm],NULL,México [Mex],<blank>,"Documento, PDF [application/pdf]",http://www.bienempleojalisco.com/FilePDF/Convocatoria-y-Reglas-de-operación-BIENEMPLEO-2016.pdf,NULL,Reglas de Operación del programa Bienempleo 2016 y convocatoria.,1476471562,CEPE,Español [Esp],CEPE,"Incluye Reglas de operación y convocatoria del programa del BIenempleo 2016, describiendo fechas de apertura y fin de la convocatoria vigencia y aplicable para 2016, requisitos para participar, rubros de apoyo por parte del CEPE e importes máximos, reglas para números de empelos a generar, sectores económicos participantes, página web."
NULL,9,32,"Contiene fecha de hechos, fecha de levantamiento, nombre del ofendido e inculpado, lugar de los hechos, ministerio público responsable y titular del área, que es lo que se muestra en la base de datos.",Homicidio Doloso,Politica Criminal y Estadísticas,2015-07-14T09:15,"Document, Questionnaire [doc/qst]",NULL,México [Mex],<blank>,"Document, PDF [application/pdf]",HOMICIDIO INTENCIONAL (DOLOSO).pdf,NULL,<blank>,1476660343,Politica Criminal y Estadística,Español [Esp],Politica Criminal y Estadística,Las boletas institucionales son un formato el cúal se encarga de recabar información de la averiguación previa para posteriormente ser capturada en la base de datos.
NULL,10,33,<blank>,Flujo de los módulos,UNICEF,2000-01-01,"Document, Questionnaire [doc/qst]",NULL,<blank>,<blank>,"Document, PDF [application/pdf]",other_materials/flow_of_questionnaire_modules.pdf,NULL,<blank>,1476471564,<blank>,Spanish [spa],<blank>,<blank>
NULL,10,34,<blank>,Cuestionario de Hogares,UNICEF,2000-01-01,"Document, Questionnaire [doc/qst]",NULL,<blank>,<blank>,"Document, PDF [application/pdf]",other_materials/household_questionnaire.pdf,NULL,<blank>,1476471564,<blank>,Spanish [spa],<blank>,<blank>
NULL,10,35,<blank>,Cuestionario para mujeres,UNICEF,2000-01-01,"Document, Questionnaire [doc/qst]",NULL,Popstan,<blank>,"Document, PDF [application/pdf]",other_materials/womens_questionnaire.pdf,NULL,<blank>,1476471564,<blank>,Spanish [spa],<blank>,<blank>
NULL,10,36,<blank>,Cuestionario para menores de 5 años,UNICEF,2000-01-01,"Document, Questionnaire [doc/qst]",NULL,Popstan,<blank>,"Document, PDF [application/pdf]",other_materials/children_under5_questionnaire.pdf,NULL,<blank>,1476471564,<blank>,Spanish [spa],<blank>,<blank>
NULL,10,37,<blank>,Hoja de control del conglomerado,UNICEF,2000-01-01,"Document, Questionnaire [doc/qst]",NULL,Popstan,<blank>,"Document, PDF [application/pdf]",other_materials/cluster_control_sheet.pdf,NULL,<blank>,1476471564,<blank>,spanish [spa],<blank>,<blank>
NULL,10,38,"Prefacio\nCAPÍTULO 1: INTRODUCCIÓN\nLa Evaluación de Finales de Década: Antecedentes\nLa Experiencia de Mitad de Década\nMedición de la Situación a Finales de la Década\nDesarrollo de un Conjunto Básico de Indicadores\nHerramientas de Seguimiento Apropiadas\nDatos de los Censos Poblacionales\nDatos Rutinarios de los Servicios de Salud\nSitios de Vigilancia Epidemiológica\nDatos Rutinarios del Sistema Educacional\nEncuestas de Hogares por Muestreo\nEl Papel de las MICS de Fin de Década\nAdaptación de las MICS de Fin de Década a las Situaciones Específicas de los Países\nCapacidad Nacional y Uso de la Encuesta\n\nCAPÍTULO 2: DECISIONES ANTES DE EMPEZAR\nIdentificación y Contacto de Recursos Humanos Potenciales\nDefinición del Nivel de Agregación de los Indicadores\nEstimación de la Duración de la Encuesta\nCálculo de Cuánto Costará la Encuesta\n\nCAPÍTULO 3: EL DISEÑO DEL CUESTIONARIO\n¿Cuáles Metas de la CMI se Pueden Monitorear con una Encuesta?\nUn Cuestionario Modelo para el Monitoreo de Finales de Década\n¿Por qué Necesitamos un Cuestionario Modelo?\n¿Cómo Diseño un Buen Cuestionario?\nDecida Cómo Hacer las Preguntas\nAdaptación y Traducción del Cuestionario\nPrueba Piloto del Cuestionario\nDecida Quiénes Serán los Informantes\n\nMANUAL DE LA ENCUESTA CONGLOMERADA DE INDICADORES MULTIPLES\nEl Cuestionario Modelo: ¿Qué Tiene de Nuevo?\n\nParte I: El Cuestionario de Hogar\nRecuadro de Información del Hogar\nHoja de Listado de los Miembros del Hogar\nMódulo de Educación (Meta 6 de la CMI)\nMódulo de Trabajo de los Niños (Derechos de los Niños)\nMódulo Opcional de Niños Discapacitados  (Meta 8 de la CMI)\nMódulo Opcional de Mortalidad Materna (Meta 2 de la CMI)\nMódulo de Agua y Saneamiento (Metas 4 y 5 de la CMI)\nMódulo de Yodación de la Sal (Meta 14 de la CMI)\n\nParte II: El Cuestionario Individual de Mujeres\nRecuadro de Información de la Mujer\nMódulo de Mortalidad en la Niñez (Meta 1 de la CMI)\nMódulo de Toxoide Tetánico (Meta 22 de la CMI)\nMódulo de Salud Materna y del Recién Nacido (Metas 11, 12 y 15 de la CMI)\nMódulo de Uso de Métodos Anticonceptivos (Meta 10 de la CMI)\nMódulo de VIH/SIDA\n\nParte III: El Cuestionario para Niños Menores de Cinco Años\nRegistro de Nacimiento (Derechos del Niño) y Aprendizaje Temprano (Meta 26 de la CMI)\nMódulo de Vitamina A (Meta 15 de la CMI)\nMódulo de Lactancia (Meta 16 de la CMI)\nMódulo de Atención a Enfermedades (Metas 23 y 24  de la CMI)\nMódulo de Malaria (Para Utilizar en Áreas de Alto Riesgo de Malaria)\nMódulo de Vacunación (Meta 22 de la CMI)\nMódulo de Antropometría (Meta 3 de la CMI)\n\nCUESTIONARIO MODELO\nFlujo de los Módulos\nCaracterísticas del Diseño\nCuestionario de Hogar\nRecuadro de Información del Hogar\t\nHoja de Listado de los Miembros del Hogar\nMódulo de Educación\nMódulo de Trabajo de los Niños\nMódulo de Agua y Saneamiento\nMódulo de Yodación de la Sal\n\nCuestionario Individual de Mujeres\nRecuadro de Información de la Mujer\nMódulo de Mortalidad en la Niñez\nMódulo de Toxoide Tetánico (TT)\nMódulo de Salud Materna y del Recién Nacido\nMódulo de Uso de Métodos Anticonceptivos\nMódulo de VIH/SIDA\nEl Cuestionario para Niños Menores de Cinco Años\nMódulo de Registro del Nacimiento y Aprendizaje Temprano\nMódulo de Vitamina A\nMódulo de Lactancia\nMódulo de Atención a Enfermedades\nMódulo de Malaria\nMódulo de Vacunación\nMódulo de Antropometría\nHoja de Control del Conglomerado\n\nCAPÍTULO 4: DISEÑO Y SELECCIÓN DE LA MUESTRA\nCaracterísticas de un Diseño Muestral Probabilístico Adecuado\nDeterminación de la Muestra a Utilizar para la MICS\nUso de Una Muestra Existente-Opción 1\nUn Diseño Muestral Específico para MICS\nDiseño de Segmentos Estándar-Opción 2\nDiseño Modificado de Segmentos-Opción 3\t\nDiseños No Recomendados\nDecisión sobre el Tamaño de la Muestra, Número de UPMs, Tamaño del Conglomerado\nCálculo del Tamaño Muestral\nDefinición y Selección del Indicador Clave para el Cálculo del Tamaño Muestral\nUso de los Cuadros de Tamaño de Muestra\nIlustración del Tamaño Muestral según Tamaño del Conglomerado y Número de UPMs\nTamaño Muestral para Estimaciones Subnacionales, Cambios, Análisis de Subgrupos\nPreparación de las Estimaciones y Errores de Muestreo\nNecesidad de Calcular Errores de Muestreo\n\t\nCAPÍTULO 5: PREPARATIVOS PARA LA RECOLECCIÓN DE DATOS\nArreglos Logísticos\nEstablecimiento de la Sede Local\nContacto con las Autoridades Locales\nTamaño y Composición de los Equipos (Brigadas) de Campo\nArreglos para Transporte, Hospedaje y Seguridad\nObtención y Preparación de Copias de Mapas Locales\nPreparación del Cuestionario\nPrueba Piloto del Cuestionario\nSelección del Personal de Campo\nSelección y Preparación del Equipo y Materiales de Campo\nBalanzas\nTableros para Altura y Longitud\nAvíos para la Prueba de Yodación de la Sal\nEntrenamiento del Personal de Campo\nInstrucciones para los Choferes\nEjecución de la Prueba Piloto de Procedimientos\nInstalación de los Computadores y Reclutamiento del Personal de Procesamiento de Datos\nDefinición de Procedimientos para el Envio de Cuestionarios a la Sede\nPlanifique Temprano para Obtener Información Suplementaria\nConsideraciones Éticas\n\nCAPÍTULO 6: EJECUCIÓN DEL TRABAJO DE CAMPO\nComo Preparar Mapas, Segmentos y Listas Hogares\nLa Creación de Segmentos - Opciones Muestrales 2 y 3\nProcedimientos de Campo para la Recolección de Información\nLo que Cada Entrevistadora Debe Hacer\nConducción de la Entrevista\nCreación de una Buena Relación con la Entrevistada\nSugerencias para la Conducción de la Entrevista\nProcedimientos de Campo\nActividades Preparatorias y Hojas de Control de las Entrevistadoras\nContacto con los Hogares\nIdentificación de Informantes Elegibles\nRevisitas\nChequeo de los Cuestionarios Completos\nReasignación de Trabajo\nSuministros Requeridos para el Trabajo de Campo\nLo que Cada Supervisor y Editor Debe Hacer\nResponsabilidades de los Supervisores de Campo\nResponsabilidades del Editor de Campo\n\nCAPÍTULO 7: PROCESAMIENTO DE LOS DATOS\nIntroducción\nEquipo y Espacio de Computación\nPersonal de Procesamiento de Datos\nAdaptación de los Programas\nOrganización de las Actividades de Procesamiento de Datos\nRecepción del Campo y Preparación para Entrada\nIngreso de Datos\nVerificación\nArchivo de Datos sin Editar (Crudos)\nEdición Secundaria\nArchivo con los Datos Finales\nRecepción de los Cuestionarios del Terreno y Preparación para Entrada de Datos\nEntrada de Datos\nEdición (Crítica) de los Datos\nCálculo de las Ponderaciones para Muestras No Ponderadas\nCreación de Variables y Archivos de Datos\nPreparación para la Corrida de Tabulaciones\t\nArchivo y Distribución de los Datos\nChequeos de Consistencia y Guías para la Corrección\nPanel de Información del Hogar\nHoja de Listado del Hogar\nCustionarios Individuales para Mujeres y Ni?os Menores de Cinco Años\t\n\nCAPÍTULO 8: ANÁLISIS DE LA INFORMACIÓN Y PRODUCCIÓN DE INFORMES\nInforme de Fin de Década\nAnálisis de los Datos: Primeros Pasos\nProducción del Informe Preliminar\nAntecedentes y Objetivos de la Encuesta\nResultados\nMuestra y Metodología\nCirculación del Informe Preliminar y Diseminación de los Hallazgos\nProducción del Informe Técnico Completo\nEl Resumen Ejecutivo\nIntroducción y Antecedentes\nMetodología de la Encuesta\nCalidad de los Datos y Características de la Muestra\nResultados\nDiseño e Implementación de la Muestra\nCuestionarios\nCirculación del Informe Completo y Diseminación de los Resultados\nAnálisis Más Allá del Informe Completo\n\nGuía para la Interpretación de las Estimaciones de Mortalidad Materna con el Método de las Hermanas en el Módulo MICS\t\nAntecedentes\nPrecisión de las Estimaciones de Mortalidad Materna\nEl Período de Referencia\nSeguimiento del Progreso Hacia el Año 2000\n\nAPÉNDICE TRES: INDICADORES PARA REPORTE GLOBAL\nDefiniciones de los Indicadores para el Reporte Global\nIndicadores de Fin de Década para la Cumbre Mundial de los Niños\nIndicadores Adicionales para el Seguimiento de los Derechos de los Niños\nIndicadores Adicionales para el Monitoreo de los Derechos de los Niños\t\nIndicadores de Manejo Integrado de las Enfermedades en la Niñez, MIEN (Menores de Cinco Años)\nIndicadores para el Monitoreo de VIH/SIDA (Mujeres 15-49)\n\nAPÉNDICE CUATRO: TÉCNICAS ANTROPOMÉTRICAS\nLa Báscula Electrónica 890 de UNICEF\nInstrucciones para las Supervisoras\nMedición del Estado Nutricional: Resumen de Procedimientos\nResumen del Procedimiento para Medir la Talla del Niño (Ilustración 1)\nResumen del Procedimiento para Medir la Longitud del Niño (Ilustración 2)\n\nAPÉNDICE CINCO: INSTRUCCIONES PARA LAS SUPERVISORAS \tA5.1\nIntroducción a las Encuestas MICS\nResponsabilidades de la Supervisora de Campo\nResponsabilidades de la Editora\nPreparación para el Trabajo de Campo\nRecolección de Materiales para el Trabajo de Campo\nAdelantos Monetarios para los Gastos de Campo\nArreglos para el Transporte y Alojamiento\nContacto con las Autoridades Locales\nUso de Mapas para Localizar los Conglomerados\nLocalización de los Hogares Seleccionados\nOrganización y Supervisión del Trabajo de Campo\nAsignación del Trabajo a las Entrevistadoras\nReducción de la No Respuesta\nManejo de Entrevistas Pendientes\nMantenimiento de la Motivación y la Moral\nManejo de las Hojas de Control de Trabajo de Campo\t\nHoja de Control del Supervisor\nAsignación de Entrevistas\nVisitas a los Hogares y Entrevistas Individuales: Columnas 4-8\t\nObservaciones: Columna 9\nHoja de Control del Conglomerado de la Entrevistadora\nChequeo Sistemático en el Terreno de la Composición de los Hogares\nMonitoreo del Desempeño de la Entrevistadora\nObservación de Entrevistas\nEvaluación del Desempeño de la Entrevistadora\nEdición o Crítica de Cuestionarios\nInstrucciones Generales\nEdición del Cuestionario de Hogar\nEdición (Crítica) del Cuestionario Individual de Mujeres\nEdición (Crítica) del Cuestionario para Niños Menores de Cinco\nOrganización de los Cuestionarios para su Envío a la Oficina\nRemisión de los Cuestionarios a la Oficina Central\nAnexo A5.1: Limites para la Talla y Peso de los Niños\t\nAnexo A5.2: Hoja de Control de la Supervisora/Editora en MICS2\nAnexo A5.3: Hoja de Control de la Entrevistadora\n\nAPÉNDICE SEIS: GUÍA DE TABULACIONES \nLista de Cuadros\nIndicadores de la Cumbre Mundial de los Niños por Número de Cuadro\nCuadros Recomendados para Ser Incluidos en un Informe Preliminar\nNotas Generales para las Tabulaciones\n\nAPÉNDICE SIETE: DETALLES MUESTRALES\nCálculo del Tamaño Muestral\nProcedimientos para Muestreo con PPT - Opción 2\nProcedimientos para Muestreo con PPT - Opción 3\nCálculo de las Ponderaciones de Post-Estratificación\nAlternativa (i) Ponderación a Nivel de los Casos Muestreados\nAlternativa (ii) Ponderación a Nivel de Agregación de Indicadores",Manual para la encuesta a base de indicadores múltiples de final de decenio,"UNICEF, División de Evaluación, Políticas y Planificación - División de Programas",2000-02-01,"Document, Technical [doc/tec]",NULL,Popstan,<blank>,"Document, PDF [application/pdf]",other_materials/Demo file - link to UNICEF website.pdf,NULL,<blank>,1476471564,<blank>,spanish [spa],"La producción de este manual fue coordinada por la División de Evaluación, Políticas y Planificación de UNICEF, con insumos de la División de Programas y de las Oficinas Regionales de UNICEF. El texto de este manual fue preparado por varios individuos.","Este manual se basa en Un Manual Práctico para las Encuestas de Indicadores Múltiples preparado para monitorear el progreso hacia las metas de mitad de década de la Cumbre Mundial de los Niños. Ha sido expandido y revisado para reflejar todas las metas del  fin del decenio y para incorporar las experiencias ganadas en la conducción de alrededor de 60 Encuestas de Indicadores Múltiples por Conglomerados entre 1995 y 1996.  También tiene en cuenta los desafíos específicos que fueron identificados en la Evaluación de las Encuestas de Indicadores Múltiples por Conglomerados realizada en 1997, y nos lleva un paso más cerca de la medición del progreso en la implementación de los derechos de los niños."
NULL,10,39,<blank>,ISSA,UNICEF and DHS/Macro International,2000-01-01,Program [prg],NULL,Popstan,<blank>,"Compressed, ZIP [application/zip]",other_materials/Demo file - link to UNICEF website.pdf,NULL,<blank>,1476471564,<blank>,<blank>,<blank>,"El sistema de procesamiento genérico de data de las encuestas MICS permite a los países escoger entre tres programas de entrada y consistencia de datos: EpiInfo, IMPS e ISSA. Los programas en SPSS son proporcionados para producir tabulados con la base de datos depurada.\n\nNotas:\n-Documentación sobre MICS se encuentra disponible en formato pdf.\n-Programas en MICS se encuentran disponibles en archivo comprimido, al descomprimirse genera un subdirectorio MICS/ISSA."
NULL,10,40,Reconocimientos\n\nI.  Antecedentes\n    Introducción\n    Objetivos de la Encuesta\n\nII. Muestra y Metodología\n    Diseño muestral \n    Cuestionarios\n    Trabajo de campo y Procesamiento de los Datos \n    Cobertura muestral \n    Características de los Entrevistados \n \nII. Resultados \n    Asistencia a Escuela Primaria\n    Agua y Saneamiento\n    Lactancia Materna\n    Vitamina A\n    Yodación de la Sal\n    Inmunización\n    Conocimiento sobre la Transmisión del VIH/SIDA\n    Atención en el Parto\n    Registro de Nacimiento,Encuesta de Conglomerados para Indicadores Múltiples - Modelo de Informe Preliminar,UNICEF,2004-09-01,"Document, Report [doc/rep]",NULL,Popstan,<blank>,"Document, PDF [application/pdf]",other_materials/Demo file - link to UNICEF website.pdf,NULL,<blank>,1476471564,<blank>,spanish [spa],<blank>,<blank>
NULL,10,41,<blank>,"Cuadro 1: Número de hogares, mujeres y niños, y tasas de respuesta, País, Año",UNICEF,2000-01-01,Table [tbl],NULL,Popstan,<blank>,"Document, PDF [application/pdf]",other_materials/table01.pdf,NULL,<blank>,1476471564,<blank>,spanish [spa],<blank>,<blank>
NULL,10,42,<blank>,"Cuadro 2: Distribución por edad de la población de hogares por años simples y por sexo,",UNICEF,2000-01-01,table [tbl],NULL,Popstan,<blank>,"Document, PDF [application/pdf]",other_materials/table02.pdf,NULL,<blank>,1476471564,<blank>,Spanish [spa],<blank>,<blank>
NULL,10,43,<blank>,"Cuadro 3: Porcentaje de casos con información faltante para preguntas seleccionadas,",UNICEF,2000-01-01,Table [tbl],NULL,Popstan,<blank>,"Document, PDF [application/pdf]",other_materials/table03.pdf,NULL,<blank>,1476471564,<blank>,spanish [spa],<blank>,<blank>
NULL,10,44,<blank>,"Cuadro 4: Distribución porcentual de hogares por características seleccionadas, País, Año",UNICEF,2000-01-01,Video [vid],NULL,Popstan,<blank>,"Document, PDF [application/pdf]",other_materials/table04.pdf,NULL,<blank>,1476471564,<blank>,spanish [spa],<blank>,<blank>
NULL,10,45,<blank>,"Cuadro 5: Distribución porcentual de mujeres 15-49 por características seleccionadas,",UNICEF,2000-01-01,Table [tbl],NULL,Popstan,<blank>,"Document, PDF [application/pdf]",other_materials/table05.pdf,NULL,<blank>,1476471564,<blank>,spanish [spa],<blank>,<blank>
NULL,10,46,<blank>,"Cuadro 6: Distribución porcentual de niños menores de cinco años por características seleccionadas, País, Año",UNICEF,2000-01-01,Table [tbl],NULL,Popstan,<blank>,"Document, PDF [application/pdf]",other_materials/table06.pdf,NULL,<blank>,1476471564,<blank>,spanish [spa],<blank>,<blank>
NULL,10,47,<blank>,"Cuadro 7: Número promedio de hijos alguna vez nacidos y proporción que ha fallecido, por edad de la madre, País, Año",UNICEF,2000-01-01,table [tbl],NULL,Popstan,<blank>,"Document, PDF [application/pdf]",other_materials/table07.pdf,NULL,<blank>,1476471564,<blank>,spanish [spa],<blank>,<blank>
NULL,10,48,<blank>,"Cuadro 8: Tasas de mortalidad infantil y en la niñez, País, Año",UNICEF,2000-01-01,Table [tbl],NULL,Popstan,<blank>,"Document, PDF [application/pdf]",other_materials/table08.pdf,NULL,<blank>,1476471564,<blank>,spanish [spa],<blank>,<blank>
NULL,10,49,<blank>,"Cuadro 9: Porcentaje de niños de 36-59 meses que atienden alguna forma de programa organizado de educación en la primera infancia, País, Año",UNICEF,2000-01-01,table [tbl],NULL,Popstan,<blank>,"Document, PDF [application/pdf]",other_materials/table09.pdf,NULL,<blank>,1476471564,<blank>,spanish [spa],<blank>,<blank>
NULL,10,50,<blank>,"Cuadro 10: Porcentaje de niños que asisten el primer grado de escuela primaria y que eventualmente alcanzan el grado 5, País, Año",UNICEF,2000-01-01,table [tbl],NULL,Popstan,<blank>,"Document, PDF [application/pdf]",other_materials/table10.pdf,NULL,<blank>,1476471564,<blank>,spanish [spa],<blank>,<blank>
NULL,10,51,<blank>,"Cuadro 11: Porcentaje de niños en edad escolar que atienden escuela primaria, País, Año",UNICEF,2000-01-01,Table [tbl],NULL,Popstan,<blank>,"Document, PDF [application/pdf]",other_materials/table11.pdf,NULL,<blank>,1476471564,<blank>,spanish [spa],<blank>,<blank>
NULL,10,52,<blank>,"Cuadro 12: Porcentaje de la población de 15 años o más que es alfabeta, País, Año",UNICEF,2000-01-01,Table [tbl],NULL,Popstan,<blank>,"Document, PDF [application/pdf]",other_materials/table12.pdf,NULL,<blank>,1476471564,<blank>,spanish [spa],<blank>,<blank>
NULL,10,53,<blank>,"Cuadro 13: Distribución de la población por fuente de agua potable y porcentaje de la población con acceso a agua potable segura, por características seleccionadas, País, Año",UNICEF,2000-01-01,Table [tbl],NULL,Popstan,<blank>,"Document, PDF [application/pdf]",other_materials/table13.pdf,NULL,<blank>,1476471564,<blank>,spanish [spa],<blank>,<blank>
NULL,10,54,<blank>,"Cuadro 14: Distribución porcentual de la población por tipo de servicio sanitario y porcentaje de la población con acceso a medios sanitarios de disposición de excretas, según Características seleccionadas, País, Año",UNICEF,2000-01-01,Table [tbl],NULL,Popstan,<blank>,"Document, PDF [application/pdf]",other_materials/table14.pdf,NULL,<blank>,1476471564,<blank>,spanish [spa],<blank>,<blank>
NULL,10,55,<blank>,"Cuadro 15: Porcentaje de menores de cinco años con desnutrición severa o moderada,",UNICEF,2000-01-01,Table [tbl],NULL,Popstan,<blank>,"Document, PDF [application/pdf]",other_materials/table15.pdf,NULL,<blank>,1476471564,<blank>,spanish [spa],<blank>,<blank>
NULL,10,56,<blank>,"Cuadro 16: Porcentaje de niños vivos por situación de lactancia, País, Año",UNICEF,2000-01-01,Table [tbl],NULL,Popstan,<blank>,"Document, PDF [application/pdf]",other_materials/table16.pdf,NULL,<blank>,1476471564,<blank>,spanish [spa],<blank>,<blank>
NULL,10,57,<blank>,"Cuadro 17: Porcentaje of hogares que consumen adecuada sal yodada, País, Año",UNICEF,2000-01-01,Table [tbl],NULL,Popstan,<blank>,"Document, PDF [application/pdf]",other_materials/table17.pdf,NULL,<blank>,1476471564,<blank>,spanish [spa],<blank>,<blank>
NULL,10,58,<blank>,"Cuadro 18: Distribución porcentual de niños de 6-59 meses según si han recibido una alta dosis de suplemento de Vitamina A en los últimos 6 meses, País, Año",UNICEF,2000-01-01,Table [tbl],NULL,Popstan,<blank>,"Document, PDF [application/pdf]",other_materials/table18.pdf,NULL,<blank>,1476471564,<blank>,spanish [spa],<blank>,<blank>
NULL,10,59,<blank>,"Cuadro 19: Porcentaje de mujeres con una nacimiento en los últimos 12 meses según si recibieron una alta dosis de suplemento de Vitamina A antes que el niño tuviera 8 semanas, País, Año",UNICEF,2000-01-01,Table [tbl],NULL,Popstan,<blank>,"Document, PDF [application/pdf]",other_materials/table19.pdf,NULL,<blank>,1476471564,<blank>,spanish [spa],<blank>,<blank>
NULL,10,60,<blank>,"Cuadro 20: Porcentaje de nacidos vivos en los últimos 12 meses que pesaron menos de 2,500 gramos al nacer, País, Año",UNICEF,2000-01-01,Table [tbl],NULL,Popstan,<blank>,"Document, PDF [application/pdf]",other_materials/table20.pdf,NULL,<blank>,1476471564,<blank>,spanish [spa],<blank>,<blank>
NULL,10,61,<blank>,"Cuadro 21: Porcentaje de niños de 12-23 meses inmunizados contra enfermedades de la niñez en cualquier momento antes del primer cumpleaños, País, Año",UNICEF,2000-01-01,table [tbl],NULL,Popstan,<blank>,"Document, PDF [application/pdf]",other_materials/table21.pdf,NULL,<blank>,1476471564,<blank>,english [en],<blank>,<blank>
NULL,10,62,<blank>,"Cuadro 22: Porcentaje de niños de 12-23 meses actualmente vacunados contra enfermedades de la niñez, País, Año",UNICEF,2000-01-01,Table [tbl],NULL,Popstan,<blank>,"Document, PDF [application/pdf]",other_materials/table22.pdf,NULL,<blank>,1476471564,<blank>,spanish [spa],<blank>,<blank>
NULL,10,63,<blank>,"Cuadro 23: Porcentaje de niños menores de cinco años con diarrea en las dos últimas semanas y tratamiento de SRO y TRO, País, Año",UNICEF,2000-01-01,Table [tbl],NULL,<blank>,<blank>,"Document, PDF [application/pdf]",other_materials/table23.pdf,NULL,<blank>,1476471564,<blank>,spanish [spa],<blank>,<blank>
NULL,10,64,<blank>,"Cuadro 24: Porcentaje de menores de cinco años con diarrea en las dos últimas semanas a quienes se les aumentó los líquidos y que continuaron siendo alimentados durante el episodio, País, Año",UNICEF,2000-01-01,Table [tbl],NULL,Popstan,<blank>,"Document, PDF [application/pdf]",other_materials/table24.pdf,NULL,<blank>,1476471564,<blank>,spanish [spa],<blank>,<blank>
NULL,10,65,<blank>,"Cuadro 25: Porcentaje de niños menores de cinco años con enfermedades respiratorias agudas (ERA) en las dos últimas semanas y tratamiento por proveedores de salud, País, Año",UNICEF,2000-01-01,Table [tbl],NULL,Postan,<blank>,"Document, PDF [application/pdf]",other_materials/table25.pdf,NULL,<blank>,1476471564,<blank>,spanish [spa],<blank>,<blank>
NULL,10,66,<blank>,"Cuadro 26: Porcentaje de niños de 0-59 meses que estuvieron enfermos en las últimas dos semanas y que recibieron aumento de líquidos y alimentación continuada, País, Año",UNICEF,2000-01-01,Table [tbl],NULL,Popstan,<blank>,"Document, PDF [application/pdf]",other_materials/table26.pdf,NULL,<blank>,1476471564,<blank>,spanish [spa],<blank>,<blank>
NULL,10,67,<blank>,"Cuadro 27: Porcentaje de madres/guardianes de niños 0-59 meses que conocen por lo menos dos síntomas para buscar atención inmediatamente, País, Año",UNICEF,2000-01-01,table [tbl],NULL,Popstan,<blank>,"Document, PDF [application/pdf]",other_materials/table27.pdf,NULL,<blank>,1476471564,<blank>,spanish [spa],<blank>,<blank>
NULL,10,68,<blank>,"Cuadro 28: Porcentaje de niños de 0-59 meses que durmieron la noche anterior a la encuesta bajo un mosquitero rociado con insecticida, País, Año",UNICEF,2000-01-01,Table [tbl],NULL,Popstan,<blank>,"Document, PDF [application/pdf]",other_materials/table28.pdf,NULL,<blank>,1476471564,<blank>,spanish [spa],<blank>,<blank>
NULL,10,69,<blank>,"Cuadro 29: Porcentaje de niños 0-59 meses de edad que estuvieron enfermos con fiebre en las dos últimas semanas que recibieron remedios contra la malaria, País, Año",UNICEF,2000-01-01,Table [tbl],NULL,Popstan,<blank>,"Document, PDF [application/pdf]",other_materials/table29.pdf,NULL,<blank>,1476471564,<blank>,spanish [spa],<blank>,<blank>
NULL,10,70,<blank>,"Cuadro 30: Porcentaje de mujeres de 15-49 años que saben las principales formas de prevención de la transmisión de VIH, País, Año",UNICEF,2000-01-01,Table [tbl],NULL,Popstan,<blank>,"Document, PDF [application/pdf]",other_materials/table30.pdf,NULL,<blank>,1476471564,<blank>,spanish [spa],<blank>,<blank>
NULL,10,71,<blank>,"Cuadro 31: Porcentaje de mujeres de 15-49 años que identifican correctamente ideas preconcebidas sobre VIH/SIDA, País, Año",UNICEF,2000-01-01,table [tbl],NULL,Popstan,<blank>,"Document, PDF [application/pdf]",other_materials/table31.pdf,NULL,<blank>,1476471564,<blank>,spanish [spa],<blank>,<blank>
NULL,10,72,<blank>,Cuadro 32: Porcentaje de mujeres de 15-49 años que identifican correctamente formas de,UNICEF,2000-01-01,Table [tbl],NULL,Popstan,<blank>,"Document, PDF [application/pdf]",other_materials/table32.pdf,NULL,<blank>,1476471564,<blank>,spanish [spa],<blank>,<blank>
NULL,10,73,<blank>,"Cuadro 33: Porcentaje de mujeres de 15-49 años que expresan una actitud discriminatoria hacia personas con VIH/SIDA, Country Year",UNICEF,2000-01-01,table [tbl],NULL,Popstan,<blank>,"Document, PDF [application/pdf]",other_materials/table33.pdf,NULL,<blank>,1476471564,<blank>,spanish [spa],<blank>,<blank>
NULL,10,74,<blank>,"Cuadro 34: Porcentaje de mujeres de 15-49 años que tienen un conocimiento suficiente de la transmisión de VIH/SIDA, País, Año",UNICEF,2000-01-01,Table [tbl],NULL,Popstan,<blank>,"Document, PDF [application/pdf]",other_materials/table34.pdf,NULL,<blank>,1476471564,<blank>,spanish [spa],<blank>,<blank>
NULL,10,75,<blank>,"Cuadro 35: Porcentaje de mujeres de 15-49 años que saben donde hacerse la prueba del SIDA y que se han hecho la prueba, País, Año",UNICEF,2000-01-01,Table [tbl],NULL,Popstan,<blank>,"Document, PDF [application/pdf]",other_materials/table35.pdf,NULL,<blank>,1476471564,<blank>,spanish [spa],<blank>,<blank>
NULL,10,76,<blank>,"Cuadro 36: Porcentaje de mujeres en unión de 15-49 años que están usando (o el compañero está usando) un método anticonceptivo, País, Año",UNICEF,2000-01-01,Table [tbl],NULL,Popstan,<blank>,"Document, PDF [application/pdf]",other_materials/table36.pdf,NULL,<blank>,1476471564,<blank>,spanish [spa],<blank>,<blank>
NULL,10,77,<blank>,"Cuadro 37: Porcentaje de madres con un nacimiento en los últimos 12 meses protegido contra el tétano neonatal, País, Año",UNICEF,2000-01-01,Table [tbl],NULL,Popstan,<blank>,"Document, PDF [application/pdf]",other_materials/table37.pdf,NULL,<blank>,1476471564,<blank>,spanish [spa],<blank>,<blank>
NULL,10,78,<blank>,"Cuadro 38: Distribución porcentual de mujeres de 15-49 con un nacimiento en el último año por tipo de personal que proporcionó la atención prenatal, País, Año",UNICEF,2000-01-01,table [tbl],NULL,Popstan,<blank>,"Document, PDF [application/pdf]",other_materials/table38.pdf,NULL,<blank>,1476471564,<blank>,spanish [spa],<blank>,<blank>
NULL,10,79,<blank>,"Cuadro 39: Distribución porcentual de mujeres de 15-49 años con un nacimiento en el último año por tipo de personal que atendió el parto, País, Año",UNICEF,2000-01-01,Table [tbl],NULL,Popstan,<blank>,"Document, PDF [application/pdf]",other_materials/table39.pdf,NULL,<blank>,1476471564,<blank>,spanish [spa],<blank>,<blank>
NULL,10,80,<blank>,"Cuadro 40: Distribución porcentual de niños de 0-59 meses según si el nacimiento fue registrado o no, por razones para no registrarlo, País, Año",UNICEF,2000-01-01,Table [tbl],NULL,Popstan,<blank>,"Document, PDF [application/pdf]",other_materials/table40.pdf,NULL,<blank>,1476471564,<blank>,spanish [spa],<blank>,<blank>
NULL,10,81,<blank>,"Cuadro 41: Porcentaje de niños de 0-14 años en hogares que no viven con un padre biológico, País, Año",UNICEF,2000-01-01,Table [tbl],NULL,Popstan,<blank>,"Document, PDF [application/pdf]",other_materials/table41.pdf,NULL,<blank>,1476471564,<blank>,spanish [spa],<blank>,<blank>
NULL,10,82,<blank>,"Cuadro 42: Porcentaje de niños de 5-14 años que trabajan en la actualidad, País, Año",UNICEF,2000-01-01,Table [tbl],NULL,Popstan,<blank>,"Document, PDF [application/pdf]",other_materials/table42.pdf,NULL,<blank>,1476471564,<blank>,spanish [spa],<blank>,<blank>
NULL,10,83,<blank>,Familia campesina,Fotógrafo: Alfredo Srur,<blank>,Photo [pic],NULL,<blank>,<blank>,"Image, GIF [image/gif]",other_materials/Photo01.gif,NULL,<blank>,1476471564,<blank>,<blank>,<blank>,"A unos 180 kilómetros de Tegucigalpa, una familia campesina posa mientras se toma un descanso de su siembra de maíz Yarula."
NULL,10,84,<blank>,Mujeres cosechando piñas (ananás),Fotógrafo: Sebastian Szyd,<blank>,Photo [pic],NULL,<blank>,<blank>,"Image, GIF [image/gif]",other_materials/Photo02.gif,NULL,<blank>,1476471564,<blank>,<blank>,<blank>,Un grupo de mujeres cosecha piñas (ananás) de su cooperativa en Garifuna. Las mujeres han formado una cooperativa para mancomunadamente cultivar y vender estos bienes.
NULL,10,85,<blank>,Asentamiento Rural Fortaleza,Fotógrafo: Alejandro Lipszyc,<blank>,Photo [pic],NULL,<blank>,<blank>,<blank>,other_materials/Photo03.gif,NULL,<blank>,1476471564,<blank>,<blank>,<blank>,"Joaquin Oliveira seleciona granos de café en el ""Asentamiento Rural Fortaleza"". Este Asentamiento, que fue tomado por los gente para cultivar la tierra, se encuentra ubicado a 70 kilometros de Ilheus, en el estado de Bahia - Brasil."
NULL,10,86,<blank>,Ciudad Capital - Imagen satelital,Google (http://maps.google.com/),2000-01-01,Map [map],NULL,<blank>,<blank>,"Image, GIF [image/gif]",other_materials/Map01.gif,NULL,<blank>,1476471564,<blank>,<blank>,<blank>,Ejemplo de mapas (foto aérea de Bamako).
NULL,10,87,<blank>,Otra ciudad - imagen satelital,Google (http://maps.google.com/),2000-01-01,Map [map],NULL,<blank>,<blank>,"Image, GIF [image/gif]",other_materials/Map02.gif,NULL,<blank>,1476471564,<blank>,<blank>,<blank>,Ejemplo de mapas (foto aérea de Bangkok).
NULL,11,88,"No contiene índice, es un cuestionario.",Encuesta de Expectativas,Instituto de Información Estadística y Geográfica,2016-05-01,"Document, Questionnaire [doc/qst]",NULL,<blank>,<blank>,"Document, PDF [application/pdf]",Encuesta expectativas 2016 s2 (1).pdf,NULL,Encuesta Expectativas,1476659722,<blank>,<blank>,"Instituto Tecnológico de Monterrey COPARMEX, Jalisco",Cuestionario aplicado a socios de Coparmex
NULL,11,89,No aplica,Carta a Socios COPARMEX,Instituto de Información Esrtadística y Geográfica,<blank>,"Document, Administrative [doc/adm]",NULL,<blank>,<blank>,"Document, PDF [application/pdf]",Carta a socios Coparmex.pdf,NULL,<blank>,1476659736,<blank>,<blank>,"Instituto Tecnológico de Monterrey COPARMEX, Jalisco","Documento dirigido a socios empresarios que serán encuestados con la finalidad que conozcan el propósito de la encuesta, invitandolos a participar en ella."
NULL,11,90,No aplica.,Guía de entrevistador de la encuesta de expectativas empresariales en Jalisco,Instituto de Información Estadística y Geográfica de Jalisco,<blank>,"Document, Reference [doc/ref]",NULL,México [Mex],<blank>,"Document, PDF [application/pdf]",Guia entrevistador.pdf,NULL,<blank>,1476659781,<blank>,Español [Esp],"Instituto Tecnológico de Monterrey COPARMEX, Jalisco","Documento que describe aspectos escenciales a considerar en el momento de realizar la entrevista, por parte de los encuestadores."
NULL,12,91,<blank>,BASE DE DATOS DE SISTEMA DE NACIMIENTO,SECRETARIA DE SALUD JALISCO,2009-01-01,0,NULL,México [Mex],<blank>,"Document, Microsoft Word [application/msword]",Alta_Certificado_Nacimiento.docx,NULL,SINAC,1476659412,SECRETARIA DE SALUD DE JALISCO,Español [Esp],<blank>,EL CONTENIDO DEL CERTIFICADO SE COPIO EN UNA HOJA DE PAIN PARA PODER VISUALISARLO YA QUE ES UN PROGRAMA QUE SOLO EL PERSONAL DEL DEPARTAMENTO DE ESTADISTICA DE LA SECRETARIA DE SALU.
NULL,13,92,Información Operativa de la PTAR,Bitácora de Planta de Tratamiento de Aguas Residuales,Comisión Estatal de Agua de Jalisco,2016-10-10,0,NULL,México [Mex],<blank>,"Document, PDF [application/pdf]",HOJAS BITACORA.pdf,NULL,<blank>,1476658704,Comisión Estatal del Agua de Jalisco,Español [Esp],Comisión Estatal del Agua de Jalisco,Información General de la Planta de Tratamiento de Aguas Residuales
NULL,13,93,"Resultados de análisis físico-químicos, metales pesados, microbiólogicos y datos de campo.",Informe de ensayos,Comisión Estatal del Agua de Jalisco,2016-10-13,0,NULL,México [Mex],<blank>,"Document, PDF [application/pdf]",doc12318820161014104636.pdf,NULL,<blank>,1476658854,<blank>,español [Esp],<blank>,Resultados de los análisis de calidad del agua realizados a plantas de tratamiento de aguas residuales del Estado de Jalisco
NULL,14,94,xxx,Mujeres avanzando,DIF Jalisco,2016-10-13,0,NULL,México [Mex],<blank>,0,METADATOS_MA.pdf,NULL,<blank>,1476472744,xxx,Español [Esp],xxx,Reglas de operación delprograma mujeres avanzando
NULL,14,95,NINGUNO,ENHINA,<blank>,2014-01-01,0,NULL,México [Mex],<blank>,0,Entrevista.pdf,NULL,MANUAL,1476472588,<blank>,Español [Esp],<blank>,ENCUESTA PARA FOCALIZAR HOGARES CON INSEGURIDAD ALIMENTARIA
NULL,2,96,"__________________________________________________________________________________________________________________________________________________________\n\nSección I ANIMALES VIVOS Y PRODUCTOS DEL REINO ANIMAL\n\nSección II PRODUCTOS DEL REINO VEGETAL\n\nSección III GRASAS Y ACEITES ANIMALES O VEGETALES; PRODUCTOS DE SU DESDOBLAMIENTO; GRASAS ALIMENTICIAS ELABORADAS; CERAS DE ORIGEN ANIMAL O VEGETAL\n\nSección IV PRODUCTOS DE LAS INDUSTRIAS ALIMENTARIAS; BEBIDAS, LÍQUIDOS ALCOHÓLICOS Y VINAGRE; TABACO Y SUCEDÁNEOS DEL TABACO ELABORADOS\n\nSección V PRODUCTOS MINERALES\n\nSección VI PRODUCTOS DE LAS INDUSTRIAS QUÍMICAS O DE LAS INDUSTRIAS CONEXAS\n\nSección VII PLÁSTICO Y SUS MANUFACTURAS; CAUCHO Y SUS MANUFACTURAS\n\nSección VIII PIELES, CUEROS, PELETERÍA Y MANUFACTURAS DE ESTAS MATERIAS; ARTÍCULOS DE TALABARTERÍA O GUARNICIONERÍA; ARTÍCULOS DE VIAJE, BOLSOS DE MANO (CARTERAS) Y CONTINENTES SIMILARES; MANUFACTURAS DE TRIPA\n\nSección IX MADERA, CARBÓN VEGETAL Y MANUFACTURAS DE MADERA; CORCHO Y SUS MANUFACTURAS; MANUFACTURAS DE ESPARTERÍA O CESTERÍA\n\nSección X PASTA DE MADERA O DE LAS DEMÁS MATERIAS FIBROSAS CELULÓSICAS; PAPEL O CARTÓN PARA RECICLAR (DESPERDICIOS Y DESECHOS); PAPEL O CARTÓN Y SUS APLICACIONES\n\nSección XI MATERIAS TEXTILES Y SUS MANUFACTURAS\n\nSección XII CALZADO, SOMBREROS Y DEMÁS TOCADOS, PARAGUAS, QUITASOLES, BASTONES, LÁTIGOS, FUSTAS, Y SUS PARTES; PLUMAS PREPARADAS Y ARTÍCULOS DE PLUMAS; FLORES ARTIFICIALES; MANUFACTURAS DE CABELLO\n\nSección XIII MANUFACTURAS DE PIEDRA, YESO FRAGUABLE, CEMENTO, AMIANTO (ASBESTO), MICA O MATERIAS ANÁLOGAS; PRODUCTOS CERÁMICOS; VIDRIO Y SUS MANUFACTURAS\n\nSección XIV PERLAS NATURALES O CULTIVADAS, PIEDRAS PRECIOSAS O SEMIPRECIOSAS, METALES PRECIOSOS, CHAPADOS DE METAL PRECIOSO (PLAQUÉ) Y MANUFACTURAS DE ESTAS MATERIAS; BISUTERÍA; MONEDAS\n\nSección XV METALES COMUNES Y MANUFACTURAS DE ESTOS METALES\n\nSección XVI MÁQUINAS Y APARATOS, MATERIAL ELÉCTRICO Y SUS PARTES; APARATOS DE GRABACIÓN O REPRODUCCIÓN DE SONIDO, APARATOS DE GRABACIÓN O REPRODUCCIÓN DE IMAGEN Y SONIDO EN TELEVISIÓN, Y LAS PARTES Y ACCESORIOS DE ESTOS APARATOS\n\nSección XVII MATERIAL DE TRANSPORTE\n\nSección XVIII INSTRUMENTOS Y APARATOS DE ÓPTICA, FOTOGRAFÍA O CINEMATOGRAFÍA, DE MEDIDA, CONTROL O PRECISIÓN; INSTRUMENTOS Y APARATOS MEDICOQUIRÚRGICOS; APARATOS DE RELOJERÍA; INSTRUMENTOS MUSICALES; PARTES Y ACCESORIOS DE ESTOS INSTRUMENTOS O APARATOS\n\nSección XIX ARMAS, MUNICIONES, Y SUS PARTES Y ACCESORIOS\nSección XX MERCANCÍAS Y PRODUCTOS DIVERSOS\n\nSección XXI OBJETOS DE ARTE O COLECCIÓN Y ANTIGÜEDADES\n\nSección XXII Operaciones Especiales",LEY DE LOS IMPUESTOS GENERALES DE IMPORTACIÓN Y DE EXPORTACIÓN,CÁMARA DE DIPUTADOS DEL H. CONGRESO DE LA UNIÓN,2007-06-18,Norma y/o Ley [web/doc],NULL,México [Mex],<blank>,"Documento, PDF [application/pdf]",http://www.diputados.gob.mx/LeyesBiblio/pdf/LIGIE.pdf,NULL,Nueva Ley publicada en el Diario Oficial de la Federación el 18 de junio de 2007,1476471568,Camára de diputados Diario oficial de la federación,Español [Esp],Secretaría General Secretaría de Servicios Parlamentarios,"El congreso general de los estados unidos mexicanos, decreta que:\nSe expide la ley de los impuestos generales de importación y de exportación donde se especifica que los impuestos generales de importación y de exportación se causarán,"
NULL,2,97,Contiene los 5 niveles de desagregación\nSector\n   Subsector\n      Rama\n         Subrama\n            Clase,SCIAN 2013,INEGI,<blank>,Documento metodológico [doc/tec],NULL,<blank>,<blank>,Digital,http://www.inegi.org.mx/est/contenidos/proyectos/SCIAN/presentacion.aspx?_file=/est/contenidos/proyectos/SCIAN/doc/Estructura13.pdf,NULL,<blank>,1476471568,INEGI,Español e Inglés,<blank>,"El sistema de clasificación industrial de america de norte es un agrupamiento de actividades economicas con 5 niveles de desagregación el cual homoga la actividad economica de manera armonizada entre Estados Unidos, Canada y México."
NULL,7,98,1. Intrroducción\n2. Objetivo\n3. Fundamento Legal\n4. Definiciones\n5. Ámbito de Aplicación\n6. Sistema Integral de Información\n7. Participantes en el proceso\n8. Caracteristicas de la Información\n9. Proceso de Actualización\n10. Analisis de la base de datos \n11. Formato de Padrón Único (FPU)\n12. Transitorios,MANUAL OPERATIVO DEL PADRÓN ÚNICO DE BENEFICIARIOS,DIRECCIÓN DE EVALUACIÓN Y SEGUIMIENTO,2016-01-01T00:00,Manual [doc/ref],NULL,México [Mex],<blank>,"Documento, PDF [application/pdf]",http://padronunico.jalisco.gob.mx/sites/default/files/manual_operativo_del_padron_unico_de_beneficiarios_1.pdf,NULL,SISTEMA DEL PADRÓN ÚNICO DE BENEFICIARIOS DE PRORGRAMAS GUBERNAMENTALES DEL ESTADO DE JALISCO,1476471569,DIRECCION DE POLITICA SOCIAL,Español [Esp],SECRETARIA DE DESARROLLO E INTEGRACION SOCIAL,"En el siguiente manual se explica y muestra cada proceso que este coorelacionado con el padrón pasando desde el objetivo, utilidad incluyendo referencias desde el marco legal."
NULL,15,99,Subir perfil de proyecto,PERFIL DE PROYECTO,SECRETARIA DE DESARROLLO ECONOMICO,2016-03-01,0,NULL,México [Mex],<blank>,0,Perfil_de_Proyecto(1).pdf,NULL,PROGRAMA JALISCO COMPETITIVO,1476472448,Secretaria de Desarrollo Economico,Español [Esp],"Direccion General de Planeación, Secretaria de Desarrollo Economico",Este documento se basa en una descripcion breve del proyecto productivo que los solicitantes de apoyo deberan entregar a la Secretaria de Desarrollo Economico durante el proceso de apertura de las convocatorias publicas para cada año fiscal.
NULL,16,100,<blank>,CERTIFICADO DE DEFUNCIONES AÑO 2016,SECRETARIA DE SALUD,2016-01-01,0,NULL,México [Mex],<blank>,0,alta de certificado de defuncion.docx,NULL,SEED,1476472216,SECRETARIA DE SALUD,Español [Esp],<blank>,"DATOS DEL DIFUNTO, CAUSA DE MUERTE, DECLARACION DE FORENSE,LUGAR DE DEFUNCION"
NULL,16,101,<blank>,REPORTES DE RESULTADOS DE CERTIFICADOS DE DEFUNCION 2016,<blank>,<blank>,0,NULL,<blank>,<blank>,0,rptSEED_GBD_GRANDES_GRUPOS.txt,NULL,<blank>,1476658069,<blank>,<blank>,<blank>,<blank>
NULL,17,102,Antecedentes generales ....................................................................... 3 \nResultados. ......................................................................................... 75 \nCapital Social ........................................................................................ 8 \nCapital Humano .................................................................................. 12 \nAfectividad y sexualidad dentro de la juventud. ...................... 17 \nAdicciones. ............................................................................... 23 \nCapital Financiero ............................................................................... 31 \nPrimer empleo ......................................................................... 39 \nCapital Físico ...................................................................................... 44 \nCapital Territorio y Movilidad ............................................................. 51,Resultados de la CEJ,Instituto Jalisciense de la Juventud,<blank>,0,NULL,México [Mex],<blank>,0,Resultados de la CEJ2013.pdf,NULL,Documento resumen de los resultados,1476471950,<blank>,Español [Esp],<blank>,CEJ2013
NULL,17,103,--,Descripción de los datos de la Consulta Estatal de Juventud 2013,Instituto Jalisciense de la Juventud,2014-03-15,0,NULL,México,<blank>,0,Descriptores.docx,NULL,<blank>,1476471961,<blank>,Español [Esp],<blank>,Es el listado de las variables tal cual del cuestionario.

