id,pid,url,depth,title,weight,module
1,0,admin,0,Dashboard,0,admin
2,0,admin/catalog,0,Studies,1,catalog
4,0,admin/citations,0,Citations,3,citations
5,0,admin/users,0,Users,4,users
6,0,admin/menu,0,Menu,5,menu
7,0,admin/reports,0,Reports,6,reports
8,0,admin/configurations,0,Settings,7,configurations
12,2,-,1,-,70,catalog
13,2,admin/licensed_requests,1,Licensed requests,80,catalog
14,2,-,1,-,90,catalog
15,2,admin/repositories,1,Manage collections,60,repositories
17,4,admin/citations,1,All citations,100,citations
18,4,admin/citations/import,1,Import citations,90,citations
19,4,admin/citations/export,1,Export citations,80,citations
20,5,admin/users,1,All users,100,users
21,5,admin/users/add,1,Add user,99,users
22,5,-,1,-,65,users
27,6,admin/menu,1,All pages,0,menu
28,7,admin/reports,1,All reports,0,reports
29,8,admin/configurations,1,Settings,0,configurations
30,8,admin/countries,1,Countries,0,vocabularies
31,8,admin/regions,1,Regions,0,vocabularies
32,8,-,1,-,0,vocabularies
33,8,admin/vocabularies,1,Vocabularies,-9,vocabularies
34,2,admin/catalog,1,Manage studies,100,catalog
35,5,admin/users/impersonate,1,Impersonate user,50,users
36,2,-,1,-,50,catalog
37,2,admin/da_collections,1,Bulk access collections,40,catalog

