id,formid,surveyid,countryid,project_id,repositoryid,ie_project_id,titl,refno,topic,ddi_sh,nation,scope,created,dirpath,link_da,sername,sponsor,authenty,isshared,keywords,proddate,producer,titlstmt,varcount,changed,geogcover,isdeleted,published,ie_program,kindofdata,link_study,ddifilename,link_report,project_uri,total_views,abbreviation,project_name,data_coll_end,ie_project_uri,link_indicator,link_technical,data_coll_start,ie_project_name,ie_team_leaders,total_downloads,link_questionnaire,stats_last_updated
7,6,MEX-SEDIS-PUB-2016-B01,NULL,<blank>,central,<blank>,"Padrón Único de Beneficiarios, Periodo 2016-B",MEX-SEDIS-PUB-2016-B01,"a:1:{s:5:""topic"";a:3:{s:4:""name"";s:13:""Beneficiarios"";s:5:""vocab"";s:16:""Manual Operativo"";s:8:""vocabURI"";s:110:""http://padronunico.jalisco.gob.mx/sites/default/files/manual_operativo_del_padron_unico_de_beneficiarios_1.pdf"";}}",NULL,México,Gobierno,1476465960,central/283b00d3c07f4d5276aaa572d40e17f6,NULL,Aprovechamiento de Registro Administrativo,<blank>,Secretaría de Desarrollo e Integración Social - Gobierno del Estado de Jalisco<BR> Dirección General de Política Social - Secretaría de Desarrollo e Integración Social<BR> Dirección de Evaluaci,1,Padrón  Único  Beneficiarios,2016,SECRETARIA DE DESARROLLO E INTEGRACION SOCIAL,Padrón Único de Beneficiarios Periodo 2016-B PUB Single Register of Beneficiaries MEX-SEDIS-PUB-2016-B01,20,1476465960,- Localidad - Colonia - Municipio - Estado,0,1,<blank>,Registro administrativo,NULL,MEX-SEDIS-PUB-2016-B01.xml,NULL,<blank>,566,PUB,<blank>,2016,<blank>,NULL,NULL,2016,"DDI-MEX-SEDIS-2016-A01, Periodo 2016-B","s:0:"""";",0,NULL,NULL
8,6,DDI-MEX-CEPE-BIENEMPLEO-2016-V02,NULL,<blank>,central,<blank>,"Base General del Programa Bienempleo 2016, Estadisticas de Solicitudes y Apoyos a través del Bienempleo 2016",DDI-MEX-CEPE-BIENEMPLEO-2016-V02,"s:0:"""";",NULL,México,Otro,1476471562,central/30a2d76dc17232f02b954286752805b8,NULL,Registro administrativo,<blank>,"Consejo Estatal de Promoción Económica, Area de análisis, seguimiento de proyectos e informática - Secretaría de Desarrollo Económica",1,Solicitud  Apoyo  Económico  Gobierno,2016,Coordinación de Información,Base General del Programa Bienempleo 2016 Estadisticas de Solicitudes y Apoyos a través del Bienempleo 2016 B.E. 2016 DDI-MEX-CEPE-BIENEMPLEO-2016-V02,41,1476471562,Estado de Jalisco,0,1,<blank>,Registro administrativo,NULL,DDI-MEX-CEPE-BIENEMPLEO-2016-V02.xml,NULL,<blank>,826,B.E. 2016,<blank>,2016,<blank>,NULL,NULL,2016,"DDI-MEX-CEPE-BASEGENERAL-2016-V03, Estadisticas de Solicitudes y Apoyos a través del Bienempleo 2016","s:0:"""";",0,NULL,NULL
2,6,DDI-MEX-IIEG-CEJ-2016-RA-V01,NULL,<blank>,central,<blank>,Comercio Exterior de Jalisco,DDI-MEX-IIEG-CEJ-2016-RA-V01,"a:1:{s:5:""topic"";a:3:{i:0;a:1:{s:4:""name"";s:22:""Comercio Internacional"";}i:1;a:1:{s:4:""name"";s:16:""Balanza de Pagos"";}i:2;a:1:{s:4:""name"";s:43:""International trade and balance of payments"";}}}",NULL,Mexico,Sector externo,1476391245,central/1612e5a7979f6f24849426dd5a7c260b,NULL,Registro administrativo,"Secretaría de Planeación, Administración y Finanzas - SEPAF - Gasto Corriente del IIEG<BR />",Instituto de Información Estadística y Geográfica del Estado de Jalisco - Gobierno Estatal,1,Comercio Exterior de Jalisco  Importaciones de Jalisco  Exportaciones de Jalisco  Fracciones Arancelarias,2016,Instituto de Información Estadística y Geográfica del Estado de Jalisco,Comercio Exterior de Jalisco CEJ 2016 Jalisco Foreign Trade Operations DDI-MEX-IIEG-CEJ-2016-RA-V01,24,1476391245,Estado de Jalisco y sus municipios,0,1,<blank>,Registro administrativo,NULL,DDI-MEX-IIEG-CEJ-2016-RA-V01.xml,NULL,<blank>,1295,CEJ 2016,<blank>,2016,<blank>,NULL,NULL,2016,Comercio Exterior de Jalisco,"s:0:"""";",0,NULL,NULL
3,1,MEX-JAL-USU-2106-RA-001,NULL,<blank>,central,<blank>,"Usuarios Asistidos Juridicamente, Septiembre 2016",MEX-JAL-USU-2106-RA-001,"a:1:{s:5:""topic"";a:2:{s:4:""name"";s:73:""Solicitud de algun tipo de asesoria legal en cualquier materia de derecho"";s:5:""vocab"";s:17:""Asesoria juridica"";}}",NULL,México,Procuración de justicia,1476393959,central/6df7502ee497c2f4d16c91dd462df0bf,<blank>,Registro administrativo,"Secretaría de Planeacíon, Administracíon y Finanzas - SEPAF - Tiene participacion en cuanto a la asignacion del presupuesto anual para la dependencia, sin que se encuentre etiquetado para tales fines, si no que es una actividad propia de la dependenci",Procuraduria Social del Estado de Jalisco - Gobierno del Estado de Jalisco<BR> Dirección de Atención Ciudadana y Conciliacíon - Sub Procuraduría de Servicios Juridicos Asistenciales,1,Asesoria juridica legal y gratuita  Asistencia social  Abogado defensor de oficio  Defensor de oficio,2016,Direccion de Atencion Ciudadana y Conciliacion,Usuarios Asistidos Juridicamente Septiembre 2016 USU MEX-JAL-USU-2106-RA-001,14,1476395178,Zona Metropolitana de Guadalajara,0,1,<blank>,Registro administrativo,NULL,MEX-JAL-USU-2106-RA-001.xml,NULL,<blank>,641,USU,<blank>,2016,<blank>,NULL,NULL,2016,"MEX-JAL-USU-2016-RA-001, Septiembre 2016","s:0:"""";",34,NULL,NULL
4,6,MEX-DGCA-CCA-2015,NULL,<blank>,central,<blank>,"Base de datos de la Calidad del aire 2015, Concentración de contaminantes Criterio reportados durante el año 2015",MEX-DGCA-CCA-2015,"a:1:{s:5:""topic"";a:3:{i:0;a:1:{s:4:""name"";s:19:""Gases contaminantes"";}i:1;a:1:{s:4:""name"";s:20:""Material particulado"";}i:2;a:1:{s:4:""name"";s:46:""Estaciones de monitoreo de la calidad del aire"";}}}",NULL,México,Atmósfera,1476460344,central/542744cc0c3bf175f50259d980be928c,NULL,Registro de concentración de contaminantes,"Secretaria de Planeacion Administracion y Finanzas - SEPAF - Otorga el presupuesto necesario para acciones de mantenimiento de analizadores, infraestructura y compras de refacciones así como la nómina de personal,<BR />",Secretaría de Medio Ambiente y Desarrollo Territorial - Gobierno del Estado<BR> Dirección de Gestión de la Calidad del Aire - SEMADET,1,O3  PM10  PM2.5  NO2  SO2  CO  SIMAJ,2016,Dirección de Gestión de la calidad del Aire,Base de datos de la Calidad del aire 2015 Concentración de contaminantes Criterio reportados durante el año 2015 BDCA2015 Air Quality Database 2015 MEX-DGCA-CCA-2015,10,1476460344,Área Metropolitana de Guadalajara (AMG),0,1,<blank>,Registro administrativo,NULL,MEX-DGCA-CCA-2015.xml,NULL,<blank>,545,BDCA2015,<blank>,2016,<blank>,NULL,NULL,2014,"MEX-JAL-CCA-2015-002, Concentración de contaminantes Criterio reportados durante el año 2015","s:0:"""";",134,NULL,NULL
6,6,MEX-SEDIS-PUB-2016-A01,NULL,<blank>,central,<blank>,"Padrón Único de Beneficiarios, Periodo 2016-A",MEX-SEDIS-PUB-2016-A01,"a:1:{s:5:""topic"";a:3:{s:4:""name"";s:13:""Beneficiarios"";s:5:""vocab"";s:16:""Manual Operativo"";s:8:""vocabURI"";s:110:""http://padronunico.jalisco.gob.mx/sites/default/files/manual_operativo_del_padron_unico_de_beneficiarios_1.pdf"";}}",NULL,México,Gobierno,1476465511,central/2b8dc150cf62f0b59a80918f3b8a5985,NULL,Aprovechamiento de Registro Administrativo,<blank>,Secretaría de Desarrollo e Integración Social - Gobierno del Estado de Jalisco<BR> Dirección General de Política Social - Secretaría de Desarrollo e Integración Social<BR> Dirección de Evaluaci,1,Padrón  Único  Beneficiarios,2016,SECRETARIA DE DESARROLLO E INTEGRACION SOCIAL,Padrón Único de Beneficiarios Periodo 2016-A PUB Single Register of Beneficiaries MEX-SEDIS-PUB-2016-A01,20,1476465511,- Localidad - Colonia - Municipio - Estado,0,1,<blank>,Registro administrativo,NULL,MEX-SEDIS-PUB-2016-A01.xml,NULL,<blank>,367,PUB,<blank>,2016,<blank>,NULL,NULL,2016,"DDI-MEX-SEDIS-2016-A01, Periodo 2016-A","s:0:"""";",0,NULL,NULL
9,6,DDI-MEX-FGE-GENERAL-2014,NULL,<blank>,central,<blank>,Incidencia delictiva 2014,DDI-MEX-FGE-GENERAL-2014,"a:1:{s:5:""topic"";a:11:{i:0;a:1:{s:4:""name"";s:16:""Homicidio Doloso"";}i:1;a:1:{s:4:""name"";s:10:""Parricidio"";}i:2;a:1:{s:4:""name"";s:11:""Feminicidio"";}i:3;a:1:{s:4:""name"";s:13:""Robo a Bancos"";}i:4;a:1:{s:4:""name"";s:19:""Robo a Carga Pesada"";}i:5;a:1:{s:4:""name"";s:14:""Robo a Negocio"";}i:6;a:1:{s:4:""name"";s:23:""Robo a Casa Habitación"";}i:7;a:1:{s:4:""name"";s:30:""Robo a Vehículos Particulares"";}i:8;a:1:{s:4:""name"";s:14:""Robo a Persona"";}i:9;a:1:{s:4:""name"";s:9:""Secuestro"";}i:10;a:1:{s:4:""name"";s:10:""Violación"";}}}",NULL,México,Seguridad pública,1476471562,central/d0f7729f84972b7174a41841c44a912d,NULL,Integración de estadísticas,<blank>,Atención Temprana - Fiscalia Genral del Estado<BR> Litigación e Investigación - Fiscalia Genral del Estado,1,Tipo de Delito,2015,Politica Criminal y Estadística,Incidencia delictiva 2014 ID2014 CRIME RATE DDI-MEX-FGE-GENERAL-2014,38,1476471562,RegiónDistritosMunicipioColoniaZona,0,1,<blank>,Otro,NULL,DDI-MEX-FGE-GENERAL-2014.xml,NULL,<blank>,618,ID2014,<blank>,2015,<blank>,NULL,NULL,2014,DDI-MEX-FGE-GENERAL-2014-V01,"s:0:"""";",17,NULL,NULL
10,6,IHSN-DDI-ECIM-2000-03,NULL,<blank>,central,<blank>,Encuesta de Conglomerados para Indicadores Múltiples,IHSN-DDI-ECIM-2000-03,"s:0:"""";",NULL,<blank>,"La Encuesta de Conglomerados para Indicadores Múltiples tiene como objetivos principales: - Determinar la situación de niños y de mujeres en Popstan; - Evaluar el progreso hacia la realización de las metas de la Cumbre Mundial en Favor de la Infancia; - Consolidar el conocimiento técnico en el país; - Sentar las bases para actividades futuras. Los temas cubiertos por la encuesta incluyen: A nivel de hogar: Características de la Vivienda, Educación, Trabajo Infantil y Sal Yodada. A nivel de mujeres (15-49): Toxoide Tetánico, Salud Maternal y del Recién Nacido y VIH/SIDA A nivel de niños: Registro del nacimiento, Vitamina ""A"" y Atención de enfermedades.",1476471563,central/1ce0c0a42e922bdd4319764879ed4c06,NULL,Encuestas de Conglomerados para Indicadores Múltiples - 3ra Ronda [hh/mics-3],United Nations Children Fund - UNICEF - Funding and technical assistance<BR />,UNICEF,1,MICS,2000,UNICEF,Encuesta de Conglomerados para Indicadores Múltiples ECIM Encuestas de Conglomerados para Indicadores Múltiples IHSN-DDI-ECIM-2000-03,402,1476471563,"La muestra fue diseñada para proporcionar estimaciones de los indicadores a nivel nacional, urbano y",0,1,<blank>,Encuestapor muestreo (ssd),NULL,IHSN-DDI-ECIM-2000-03.xml,NULL,<blank>,4328,ECIM,<blank>,2000,<blank>,NULL,NULL,2000,Encuestas de Conglomerados para Indicadores Múltiples,"s:0:"""";",0,NULL,NULL
11,6,MEX-JAL-IIEG-EXPEC-2016,NULL,<blank>,central,<blank>,Encuesta de Expectativas Empresariales 2016 1S,MEX-JAL-IIEG-EXPEC-2016,"a:1:{s:5:""topic"";a:3:{i:0;a:2:{s:4:""name"";s:31:""Situación actual de la empresa"";s:5:""vocab"";s:12:""Cuestionario"";}i:1;a:2:{s:4:""name"";s:26:""Prospectivas de la empresa"";s:5:""vocab"";s:12:""Cuestionario"";}i:2;a:2:{s:4:""name"";s:19:""Contexto económico"";s:5:""vocab"";s:12:""Cuestionario"";}}}",NULL,México,Otro,1476471564,central/35b6bd915f1e652fbaae14395e950c42,NULL,Encuesta,Instituto de Información Estadística y Geográfica - IIEG - Levantamiento de encuesta y diseño gráfico de documento final<BR />,Unidad Económico Financiera - IIEG,1,Empleo  Producción  Inversión  Ventas  Expectativas  Financiemiento  Economía  Costos  Insumos  Expansión,2016,Unidad Económico Financiera,Encuesta de Expectativas Empresariales 2016 1S EXPEC Expectation Survey MEX-JAL-IIEG-EXPEC-2016,43,1476471564,"Estado de Jalisco, área urbana",0,1,<blank>,Encuesta determinística en establecimientos,NULL,MEX-JAL-IIEG-EXPEC-2016.xml,NULL,<blank>,417,EXPEC,<blank>,2016,<blank>,NULL,NULL,2016,MEX-JAL-IIEG-EXPEC-2016-V01,"s:0:"""";",42,NULL,NULL
12,6,MEX-JAL-SINAC-2016-RA-001,NULL,<blank>,central,<blank>,"SISTEMA DE INFORMACION DE NACIMIENTO, CERTIFICADOS DE NACIMIENTO",MEX-JAL-SINAC-2016-RA-001,"a:1:{s:5:""topic"";a:2:{i:0;a:3:{s:4:""name"";s:48:""CLASIFICACION DE PADECIMIENTOS DEL RECIEN NACIDO"";s:5:""vocab"";s:6:""SALUD "";s:8:""vocabURI"";s:60:""https://eciemaps.mspsi.es/ecieMaps/browser/linder_10_mc.html"";}i:1;a:3:{s:4:""name"";s:26:""MEDICION DE NIÑOS NACIDOS"";s:5:""vocab"";s:9:""POBLACION"";s:8:""vocabURI"";s:62:""www.inegi.org.mx/est/registros/vitales/natalidad/default.aspx "";}}}",NULL,México,Salud,1476471565,central/e9e2a7f655e137ea5a3ec8b43d236616,NULL,Registro administrativo,<blank>,SECRETARIA DE SALUD JALISCO (OFICINA CENTRAL) - ESTADISTICA Y PLANEACION<BR> REGION SANITARIA x CENTRO ZAPOPAN - ESTADISTICA Y PLANEACION<BR> HOSPITALES PUBLICOS Y PRIVADOS DE LA ZONA DE ZAPOPAN - ADM,1,"EL CERTIFICADO DE NACIMIENTO ES UN DOCUMENTO OFICIAL DE CARACTER INDIVIDUAL E INTRASFERIBLE QUE CERTIFICA EL NACIMIENTO DE U PRODUCTO VIVO EN EL MOMENTO MISMO DE SU OCURRENCIA, PROPORCIONANDO A LA MADRE UN COMPROBANTE DE STE HECHO. EL CERTIFICADO DE NACIMIENTO ES UN DOCUMENTO OFICIAL DE CARACTER INDIVIDUAL E INTRASFERIBLE QUE CERTIFICA EL NACIMIENTO DE U PRODUCTO VIVO EN EL MOMENTO MISMO DE SU OCURRENCIA, PROPORCIONANDO A LA MADRE UN COMPROBANTE DE STE HECHO.",2016,ESTADISTICAESTADISTICA Y PLANEACION,SISTEMA DE INFORMACION DE NACIMIENTO CERTIFICADOS DE NACIMIENTO SINAC BIRTH INFORMATION SYSTEM MEX-JAL-SINAC-2016-RA-001,207,1476471565,EL MUNICIPIO DE ZAPOPAN,0,1,<blank>,Registro administrativo,NULL,MEX-JAL-SINAC-2016-RA-001.xml,NULL,<blank>,2569,SINAC,<blank>,2016,<blank>,NULL,NULL,2016,"MEX-JAL-SINAC-2016-RA-001, CERTIFICADOS DE NACIMIENTO","s:0:"""";",24,NULL,NULL
13,6,MEX-CEA-PTAR-2016,NULL,<blank>,central,<blank>,CEDULA DE OPERACIÓN DE PLANTAS DE TRATAMIENTO DE AGUAS RESIDUALES DEL ESTADO DE JALISCO SEP-2016,MEX-CEA-PTAR-2016,"a:1:{s:5:""topic"";a:5:{i:0;a:1:{s:4:""name"";s:40:""Datos Generales y Ubicación Geográfica"";}i:1;a:1:{s:4:""name"";s:36:""Datos Básicos Operaciones Mensuales"";}i:2;a:1:{s:4:""name"";s:21:""Datos Complementarios"";}i:3;a:1:{s:4:""name"";s:16:""Calidad del Agua"";}i:4;a:1:{s:4:""name"";s:19:""Costo de Operación"";}}}",NULL,México,Agua,1476471566,central/4b3f80ce203a9595333d26e3aa91b27b,NULL,Registro administrativo,GOBIERNO DEL ESTADO DE JALISCO - EDO JAL - PÚBLICO<BR />,COMISIÓN ESTATAL DEL AGUA DE JALISCO - DIRECCIÓN DE OPERACIÓN DE PLANTAS DE TRATAMIENTO DE AGUAS RESIDUALES,1,PTAR,2016,Comisión Estatal del Agua de JaliscoDirección Operación de Plantas de tratamiento,CEDULA DE OPERACIÓN DE PLANTAS DE TRATAMIENTO DE AGUAS RESIDUALES DEL ESTADO DE JALISCO SEP-2016 CEA-PTAR WASTEWATER PLANTS MEX-CEA-PTAR-2016,50,1476471566,"ESTADO DE JALISCO, MUNICIPIOS, LOCALIDADES",0,1,<blank>,Registro administrativo,NULL,MEX-CEA-PTAR-2016.xml,NULL,<blank>,1242,CEA-PTAR,<blank>,2016,<blank>,NULL,NULL,2016,DDI-MEX-CEA-PTAR-2016-V02,"s:0:"""";",68,NULL,NULL
14,6,MEX-JAL-DIF-2016-RA-001,NULL,<blank>,central,<blank>,DIF Jalisco Mujeres Avanzando,MEX-JAL-DIF-2016-RA-001,"a:1:{s:5:""topic"";a:11:{i:0;a:1:{s:4:""name"";s:23:""FICHA DE IDENTIFICACION"";}i:1;a:1:{s:4:""name"";s:25:""DIRECCIÓN DE LA VIVIENDA"";}i:2;a:1:{s:4:""name"";s:22:""COMPOSICIÓN DEL HOGAR"";}i:3;a:1:{s:4:""name"";s:20:""INFORMACIÓN ESCOLAR"";}i:4;a:1:{s:4:""name"";s:25:""INGRESO Y GASTO DEL HOGAR"";}i:5;a:1:{s:4:""name"";s:33:""APOYOS ALIMENTARIOS (EXCEPTO DIF)"";}i:6;a:1:{s:4:""name"";s:27:""ACCESO A SERVICIOS DE SALUD"";}i:7;a:1:{s:4:""name"";s:32:""CALIDAD Y ESPACIO DE LA VIVIENDA"";}i:8;a:1:{s:4:""name"";s:42:""ACCESO A SERVICIOS BÁSICOS DE LA VIVIENDA"";}i:9;a:1:{s:4:""name"";s:73:""CALIDAD DE LA DIETA FAMILIAR SEGÚN EL ÍNDICE DE ALIMENTACIÓN SALUDABLE"";}i:10;a:1:{s:4:""name"";s:37:""CUESTIONARIO DE SEGURIDAD ALIMENTARIA"";}}}",NULL,México,Otro,1476471567,central/f254f57a8bcad82455bb39494f4757a4,NULL,Registro administrativo,Desarrollo Indegral para las Familias del Estado de Jalisco - DIF Jalisco - xxxxxxx<BR />,DIF JALISCO - MUJERES AVANZANDO,1,Pobreza  Vulnerabilida  Desempleo  Jefas de familia,2016,Mujerez Avanzando,DIF Jalisco Mujeres Avanzando DIF- 2016 MEX-JAL-DIF-2016-RA-001,243,1476471567,"Zona Metropolitana de Guadalajara cubriendo las localidades más vulnerable de los 12 municipio, part",0,1,<blank>,Registro administrativo,NULL,MEX-JAL-DIF-2016-RA-001.xml,NULL,<blank>,2240,DIF- 2016,<blank>,2016,<blank>,NULL,NULL,2016,DDI-MEX-DIF-MA-2016-V02,"s:0:"""";",72,NULL,NULL
15,6,MEX-JAL-SEDECO-RDEREG-2016,NULL,<blank>,central,<blank>,"REGISTRO DE USUARIOS AL PROGRAMA JALISCO COMPETITIVO, PROYECTOS DE CADENAS PRODUCTIVAS Y CLÚSTERS",MEX-JAL-SEDECO-RDEREG-2016,"a:1:{s:5:""topic"";a:9:{i:0;a:1:{s:4:""name"";s:33:""DESARROLLO ECONÓMICO TRANSVERSAL"";}i:1;a:1:{s:4:""name"";s:25:""FOMENTO COMERCIO NACIONAL"";}i:2;a:1:{s:4:""name"";s:28:""FOMENTO AL COMERCIO EXTERIOR"";}i:3;a:1:{s:4:""name"";s:33:""CERTIFICACION Y PROCESO DE MEJORA"";}i:4;a:1:{s:4:""name"";s:47:""FORMACION EMPRESARIAL, INCUBACION Y ACELERACION"";}i:5;a:1:{s:4:""name"";s:22:""PROYECTOS ESTRATEGICOS"";}i:6;a:1:{s:4:""name"";s:20:""DESARROLLO ARTESANAL"";}i:7;a:1:{s:4:""name"";s:22:""PROYECTOS CONCURRENTES"";}i:8;a:1:{s:4:""name"";s:46:""MEJORA DE HERRAMIENTAS OPERATIVAS Y EVALUACION"";}}}",NULL,México,Otro,1476471569,central/8641713366638f25da98feb668715f09,NULL,Registro administrativo,<blank>,Dirección General de Planeación - Secretaría de Desarrollo Económico,1,ECONOMIC,2016,Dirección General de PlaneaciónDirección JurídicaDirección General de Desarrollo y Sectores Prodructivos,REGISTRO DE USUARIOS AL PROGRAMA JALISCO COMPETITIVO PROYECTOS DE CADENAS PRODUCTIVAS Y CLÚSTERS RDEREG-2016 MEX-JAL-SEDECO-RDEREG-2016,54,1476471569,El programa tiene una cobertura en los 125 municipios de las 12 regiones que conforman el Estado de ,0,1,<blank>,Registro administrativo,NULL,MEX-JAL-SEDECO-RDEREG-2016.xml,NULL,<blank>,720,RDEREG-2016,<blank>,2016,<blank>,NULL,NULL,2016,"MEX-JAL-SEDECO-RDEREG-2016-V01, PROYECTOS DE CADENAS PRODUCTIVAS Y CLÚSTERS","s:0:"""";",0,NULL,NULL
16,6,MEX-JAL-SEED-2016-RA-001,NULL,<blank>,central,<blank>,"SISTEMA ESTADISTICO EPIDEMIOLOGICO DE LAS DEFUNCIONES, CERTIFICADO DE DEFUNCION",MEX-JAL-SEED-2016-RA-001,"a:1:{s:5:""topic"";a:3:{s:4:""name"";s:29:""CLASIFICACION DE ENFERMEDADES"";s:5:""vocab"";s:5:""SALUD"";s:8:""vocabURI"";s:16:""www.msssi.gob.mx"";}}",NULL,México,Salud,1476471570,central/69a79cf5a8e6fc03b683ec6ecf6bfca5,NULL,Registro administrativo,<blank>,SECRETARIA DE SALUD JALISCO (OFICINAS CENTRALES) - PLANEACION Y ESTADISTICAS<BR> REGION SANITARIA X CENTRO ZAPOPAN - PLANEACION Y ESTADISTICAS<BR> HOSPITALES PUBLICOS Y PRIVADOS (ZONA ZAPOPAN) - ADMIN,1,<blank>,2016,CERTIFICADOS DE DEFUNCIONESTADISTICAS,SISTEMA ESTADISTICO EPIDEMIOLOGICO DE LAS DEFUNCIONES CERTIFICADO DE DEFUNCION SEED SYSTEM STATISTICAL EPIDEMIOLOGICAL DEATHS MEX-JAL-SEED-2016-RA-001,150,1476471570,"EL AREA A CUBRIR ES EL MUNICIPIO DE ZAPOPAN, JALISCO.",0,1,<blank>,Registro administrativo,NULL,MEX-JAL-SEED-2016-RA-001.xml,NULL,<blank>,2078,SEED,<blank>,2016,<blank>,NULL,NULL,2016,"MEX-JAL-SEED-2016-RA-001, CERTIFICADO DE DEFUNCION","s:0:"""";",40,NULL,NULL
17,6,MEX-JAL-CEJ-2016,NULL,<blank>,central,<blank>,Consulta Estatal de Juventud 2013,MEX-JAL-CEJ-2016,"a:1:{s:5:""topic"";a:6:{i:0;a:1:{s:4:""name"";s:10:""Adicciones"";}i:1;a:1:{s:4:""name"";s:6:""Empleo"";}i:2;a:1:{s:4:""name"";s:7:""Laboral"";}i:3;a:1:{s:4:""name"";s:18:""Espacios Públicos"";}i:4;a:1:{s:4:""name"";s:10:""Sexualidad"";}i:5;a:1:{s:4:""name"";s:5:""Salud"";}}}",NULL,México,Población,1476471571,central/72c793007f47d9b3fe38bafc0a45262b,NULL,Encuesta,<blank>,INSTITUTO JALISCIENSE DE LA JUVENTUD - GOBIERNO DEL ESTADO,1,Encuesta  Jovenes  Instituto de la Juventud  Becas  Reinserción,2013,Instituto Jalisciense de la JuventudUnidad Sociodemográfica,Consulta Estatal de Juventud 2013 CEJ State Youth Consultation 2013 MEX-JAL-CEJ-2016,186,1476471571,Municipal Tepatitlán de Morelos Guadalajara Ocotlán Cihuatlán Puerto Vallarta Sayula Mezquitic Autlá,0,1,<blank>,Otro,NULL,MEX-JAL-CEJ-2016.xml,NULL,<blank>,841,CEJ,<blank>,2013,<blank>,NULL,NULL,2013,MEX-JAL-ENCIJJ-2016-ENC-V02,"s:0:"""";",26,NULL,NULL

