id,salt,email,active,authtype,password,username,created_on,ip_address,last_login,remember_code,activation_code,forgotten_password_code
17,NULL,dante.delgadillo@jalisco.gob.mx,1,NULL,$2a$08$aUy4XsvuaHx7NTc3nXCFaOrW.NSLSK3ugqnbwmEVmC7D2/pahTW32,dante delgadillo,1476374528,187.188.210.136,1476390593,NULL,1f06967eef9b4a37b53cc6c2faf6bb38977ce914,NULL
18,NULL,jaliscomexico@hotmail.com,1,NULL,$2a$08$w3.lIWKnHWBvFwjD8C8I1edDmsVKhv.vWH6/uZf3jPAwZjYtxtnkm,Dante Delgadillo1,1476383888,187.188.210.136,1476384615,NULL,14991b10d37d1193435dac08c06cd0e9fee3365f,NULL
19,NULL,azulmario@yahoo.com.mx,1,NULL,$2a$08$tq1Kyg5ffttSbR9dJQMOw.rFQgnQSYASUR8SgERAcjDMlQKtyEYQ2,mhernanm,1476390256,187.188.210.136,1476642356,NULL,e5f4ecc242a7f35b63d50b16677cac5334fba071,NULL
20,NULL,q113170@mvrht.net,0,NULL,$2a$08$luM55Z1pBpCVWzMsS9eLsOWycwlUQrNFOicgfReKmwoZ0R1Ni.Bhq,hehe ahehe,1506587002,201.197.251.95,1506587002,NULL,4f89d4b1e74eee561d23f32283772e395600faf9,NULL
21,NULL,victoriarobleschavez@gmail.com,0,NULL,$2a$08$tgP/ebrX5E382Oum53ak4eBu9shwMwhF/XAQqxCSvDj6yafavbFz2,Ana Victoria Robles Chavez,1542679984,91.118.86.53,1542679984,NULL,1b86979e4a9ef12528b90552fbe7d4aa0cbded5c,NULL

