id,orden,regex,name,type,objtype,multiple,valueset,maxvalues,minvalues
1,9,<blank>,Sector,3,2,0,#Academia#Gobierno Estatal#Gobierno Federal#Gobierno Municipal#Particular,1,1
2,4,<blank>,Tipo de Solicitud,3,2,0,#Email#InfoMex#Oficio#Redes Sociales#Vía Telefónica#Verbal#WEB#Correspondencia en general,1,1
4,1,<blank>,Fecha de elaboración,1,2,0,<blank>,0,0
5,2,<blank>,No.Oficio,1,2,0,<blank>,0,0
6,6,<blank>,Solicitante,3,2,0,<blank>,0,0
7,7,<blank>,Cargo,3,2,0,<blank>,0,0
8,8,<blank>,Dependencia,3,2,0,<blank>,0,0
9,10,<blank>,Telefono,3,2,0,<blank>,0,0
10,11,<blank>,Email,3,2,0,<blank>,0,0
11,12,<blank>,Web,3,2,0,<blank>,0,0
12,5,<blank>,Fecha de recepción,1,2,0,<blank>,0,0
13,3,<blank>,Folio interno,1,2,0,<blank>,0,0
14,13,<blank>,Dirigido a,3,2,0,"#Mtro. Augusto Valencia#Administración#Asuntos Jurídicos#Económico-Financiera#Geográfica-Ambiental#Gobierno, Seguridad y Justicia#Socio-Demográfica#Tecnologías de la Información#Transparencia#Contacto IIEG#Control y vigilancia#IIEG#Con copia#Coordinación del Sistema#Coordinación General de Organización y Planeación",0,0
15,14,<blank>,Respuesta del especialista,3,2,0,<blank>,0,0
16,15,<blank>,Cobertura,3,2,0,<blank>,0,0
17,16,<blank>,Objetivo,3,2,0,<blank>,0,0
18,17,<blank>,Componente,3,2,1,#Análisis#Contenido para sistema#Estudio Territorial#Producto cartográfico#Proyecto especial#Tablas/Documentos,0,0
19,18,<blank>,Entregable,3,2,0,#CD - DVD#Email - archivos adjuntos# Email - link de descarga#Inf. en Disco Duro#Impresión de planos#Oficio,0,0
20,19,<blank>,Tiempo Invertido (horas),2,2,0,<blank>,0,0
21,20,<blank>,Tamaño archivo(s) entregado,3,2,0,<blank>,0,0
22,21,<blank>,Requiere certificación,3,2,0,#Sin certificación#Certificado,0,0
23,22,<blank>,Ubicación del entregable,3,2,0,<blank>,0,0
24,0,<blank>,¿Cuesta?,4,2,0,#Sí#No,0,0
25,0,<blank>,Tema,3,2,0,<blank>,0,0
26,25,NULL,Tipo de usuario,3,2,0,#Académico#Profesor#Sociedad#Servidor público,1,1

