id,value,attrdef,document
320,10-09-2014,4,29
321,S/N,5,29
322,236,13,29
323,Email,2,29
324,10-09-2014,12,29
325,Ing. Mario Alberto Gutierrez Padilla,6,29
326,Particular,1,29
327,33333186,9,29
328,mario_gutierrezp@hotmail.com,10,29
329,Contacto IIEG,14,29
373,20-11-2014,4,35
374,s/n,5,35
375,000249,13,35
376,Email,2,35
377,20-11-2014,12,35
378,RAQUEL MEDA GONZÁLEZ ,6,35
379,Docente ,7,35
380,Universidad Privada ,8,35
381,Academia,1,35
382,cel. 3312799438/part.3810-41-10-cons. 3812-45-21,9,35
383,raquel.maeda@uteg.edu.mx,10,35
384,Económico-Financiera,14,35
405,26-01-2015,4,38
406,0936,5,38
407,000248,13,38
408,Oficio,2,38
409,26-01-2015,12,38
410,Mtro. Josué Díaz Vázquez,6,38
411,Dir. Gen. de Politica Pública y Gobernanza Ambiental,7,38
412,SEMADET,8,38
413,Gobierno Estatal,1,38
414,Mto. Rogelio Campos,14,38
415,10-09-2014,4,39
416,S/N,5,39
417,000251,13,39
418,Email,2,39
419,10-09-2014,12,39
420,ARQ. VERÓNICA OSORIO GÁNDARA/D.P.I.,6,39
421,REPRESENTANTE LEGAL,7,39
422,EMPRESA ,8,39
423,Particular,1,39
424,3616-39-87/3123-94-76,9,39
425,dpimexico_planeacion@yahoo.com.mx ,10,39
426,Mto. Rogelio Campos,14,39
427,10-09-2014,4,40
428,S/N,5,40
429,000253,13,40
430,Email,2,40
431,10-09-2014,12,40
432,ARQ. JOSÉ PADRÓN HUILTRON ,6,40
433,ENCARGADO DEL PROYECTO ,7,40
434,JILOTLAN DE LOS DOLORES JALISCO ,8,40
435,Gobierno Municipal,1,40
436,424-574-01-20/424-574-00-25,9,40
437,jilotlan_ayto@hotmail.com ,10,40
438,www.jilotlan.gob.mx,11,40
439,Geográfica-Ambiental,14,40
440,30-09-2014,4,41
441,2123/2014,5,41
442,000254,13,41
443,Email,2,41
444,30-09-2014,12,41
445,LIC. MARIO VLADIMIR AVILÉS MÁRQUEZ,6,41
446,DIRECTOR GENERAL DE ASUNTOS AGRARIOS ,7,41
447,SECRETARIA GENERAL DE GOBIERNO ,8,41
448,Gobierno Estatal,1,41
449,3819-24-90/3819-24-91,9,41
450,S/C,10,41
451,Mto. Rogelio Campos,14,41
464,10-09-2014,4,43
465,0069/2014,5,43
466,000252,13,43
467,Email,2,43
468,10-09-2014,12,43
469,ING. ENRIQUE GUERRERO BARON ,6,43
470,DIR. DE OBRAS PÚBLICAS MUNICIPALES ,7,43
471,"JILOTLAN DE LOS DOLORES, JALISCO ",8,43
472,Gobierno Municipal,1,43
473,01424-574-01-20 01424-574-00-25,9,43
474,jilotlan_ayto@hotmail.com,10,43
475,www.jilotlan.gob.mx,11,43
476,Mto. Rogelio Campos,14,43
477,04-09-2014,4,44
478,Oficio JICOSUR-DG-127-2014,5,44
479,000255,13,44
480,Email,2,44
481,04-09-2014,12,44
482,ING. MARDUCK CRUZ BUSTAMANTE ,6,44
483,DIRECTOR DE LA JUNTA INTERMUNICIPAL DE MEDIO AMBIENTE DE LA COSTA SUR ,7,44
484,JUNTA INTERMUNICIPAL DE MEDIO AMBIENTE DE LA COSTA SUR ,8,44
485,Gobierno Municipal,1,44
486,01357-384-18-17,9,44
487,jicosur.jalisco@gmail.com ,10,44
488,Mto. Rogelio Campos,14,44
489,16-01-2015,4,45
490,S/N,5,45
491,000256,13,45
492,Email,2,45
493,16-01-2015,12,45
494,RICARDO SÁNCHEZ BERUBEN ,6,45
495,S/C,7,45
496,particular ,8,45
497,Particular,1,45
498,S/T,9,45
499,rsberuben@hotmail.com ,10,45
500,Contacto IIEG,14,45
501,10-09-2014,4,46
502,0063,5,46
503,000258,13,46
504,Email,2,46
505,10-09-2014,12,46
506,Líc. Fabiola Vallejo Robledo ,6,46
507,Directora de Planeación Muncipal ,7,46
508,"Ayuntamiento de Valle de Juárez, Jalisco ",8,46
509,Gobierno Municipal,1,46
510,01-382-571-10-02 Ext. 106 - cel. 3310388581,9,46
511,fabyvallejo@gmail.com ,10,46
512,Contacto IIEG,14,46
513,10-09-2014,4,47
514,134,5,47
515,000257,13,47
516,Email,2,47
517,10-09-2014,12,47
518,M.C. Mónica Díaz López Negrete,6,47
519,Directora de Gestión Transversal ante el cambio climático ,7,47
520,SEMADET ,8,47
521,Gobierno Estatal,1,47
522,Mto. Rogelio Campos,14,47
523,10-09-2014,4,48
524,000259,13,48
525,Email,2,48
526,10-09-2014,12,48
527,Alcaraz Aceves Karen ,6,48
528,Alumna de Ingenieria Ambiental ,7,48
529,ITESO ,8,48
530,Academia,1,48
531,AB677801@iteso.mx,10,48
532,Contacto IIEG,14,48
533,16-01-2015,4,49
534,000260,13,49
535,Email,2,49
536,16-01-2015,12,49
537,Ricardo Sánchez Berumen ,6,49
538,Particular,1,49
539,rsberuben@hotmail.com,10,49
540,Contacto IIEG,14,49
541,03-09-2014,4,50
542,000262,13,50
543,Email,2,50
544,04-09-2014,12,50
545,José Miguel Ruíz Alejandre ,6,50
546,Particular,1,50
547,jmra108@gmail.com,10,50
548,Mto. Rogelio Campos,14,50
549,03-09-2014,4,51
550,000263,13,51
551,Email,2,51
552,04-09-2014,12,51
553,José Miguel Arriaga Sánchez,6,51
554,Secretario Técnico ,7,51
555,Universidad de Guadalajara ,8,51
556,Academia,1,51
557,Miguel.Arriaga@uniterra.udg.mx ,10,51
558,Geográfica-Ambiental,14,51
559,04-09-2014,4,52
560,000267,13,52
561,Email,2,52
562,04-09-2014,12,52
563,Líc. Alejandro Allera,6,52
564,Director Master in international business ,7,52
565,Tec de Monterrey ,8,52
566,Academia,1,52
567,3669-30-00 Ext. 3939,9,52
568,alejandro.allera@itesm.mx,10,52
569,Contacto IIEG,14,52
570,12-09-2014,4,53
571,000265,13,53
572,Email,2,53
573,12-09-2014,12,53
574,Andres Martinez,6,53
575,Reportero ,7,53
576,Mural ,8,53
577,Particular,1,53
578,andresmartinez84gmail.com,10,53
579,Contacto IIEG,14,53
580,04-09-2014,4,54
581,000266,13,54
582,Email,2,54
583,04-09-2014,12,54
584,José Antonio González ,6,54
585,Equipo de Socialiación de Politicas Públicas ,7,54
586,Gobierno Estatal,1,54
587,jago2210@gmail.com ,10,54
588,Contacto IIEG,14,54
589,"En respuesta a la solicitud de información, se entregan los datos en formato shape del recorte poligonal correspondiente al Mpo. de Valle de Juárez del Censo del 2010 y las curvas de nivel 1:50,000 de INEGI, los metadatos del  Atlas de Caminos y Carreteras del Estado de Jalisco del IIEG , con esto se cubren los siguientes temas: \r\nCartografía\r\nAtributos físicos asociados\r\nMetadatos   (solo ACCEJ)\r\nCurvas de nivel del territorio municipal\r\nMedia: zipfile adjunto a este mensaje \r\n\r\nA los temas siguientes, se les hace recomendaciones y se da respuesta solo informativa:  \r\nOrtofotos: el IIEG no cuenta con vuelos fotogramétricos recientes para esta área geográfica\r\n\r\nCartas topográficas: pueden ser descargadas del sitio web de INEGI, para este municipio le corresponden las siguientes claves: E13B16, E13B17, E13B26 y E13B27 \r\n\r\nDescarga: http://www3.inegi.org.mx/sistemas/biblioteca/detalle2.aspx?c=2031&upc=0&s=geo&tg=999&f=2&cl=0&pf=prod&ef=0&ct=206000000\r\nCarreteras y Vialidades: se invita a descargar el Atlas de Caminos y Carreteras del Estado de Jalisco desde el sitio del IIEG. \r\n\r\nDescarga: http://www.iieg.gob.mx/destino.php?l=""contenido/GeografiaMedioAmbiente/ACCEJ2012.zip""&s=406&c=5837 \r\n\r\nNota: en la descarga del ACCJ no se encuentran los metadatos, es por ello que se integran en el zipfile adjunto. \r\nInventario de productos geográficos digitales: pueden consultarse los temas que desarrolla el Instituto desde el sitio web del IIEG \r\n\r\nLiga: http://www.iieg.gob.mx/index.php \r\n",15,46
590,Municipal,16,46
591,Planes de Desarrollo Urbano de Centro de Población,17,46
592,#Producto cartográfico,18,46
594,1,20,46
595,7.5 Mb,21,46
596,Sin certificación,22,46
597,correo electrónico,23,46
598,05-09-2014,4,55
599,000268,13,55
600,Email,2,55
601,05-09-2014,12,55
602,Karina Pérez Rodriguez ,6,55
603,Promotor de Inversión ,7,55
604,Secretaria de Desarrollo Económico,8,55
605,Gobierno Estatal,1,55
606,3678-20-00 Ext. 55042,9,55
607,karina.perez@jalisco.gob. mx/sedeco.jalisco.gob.mx,10,55
608,Contacto IIEG,14,55
609,05-09-2014,4,56
610,000271,13,56
611,Email,2,56
612,05-09-2014,12,56
613,Ing. Guillermo A. González Muñoz,6,56
614,Particular,1,56
615,3613-88-22/3613-32-90,9,56
616,serviciodetopografia@yahoo.com.mx,10,56
617,Contacto IIEG,14,56
618,05-09-2014,4,57
619,000270,13,57
620,Email,2,57
621,05-09-2014,12,57
622,Eusebio Marquez Villarreal ,6,57
623,Particular,1,57
624,amarquezv@live.com.mx,10,57
625,Contacto IIEG,14,57
626,05-09-2014,4,58
627,000272,13,58
628,Email,2,58
629,08-09-2014,12,58
630,L.N Raquel Meda ,6,58
631,Docente Universidad privada ,7,58
632,Academia,1,58
633,raquel.maeda@uteg.edu.mx,10,58
634,Contacto IIEG,14,58
635,08-09-2014,4,59
636,0260/2014,5,59
637,000273,13,59
638,Email,2,59
639,08-09-2014,12,59
640,Arq. Felipe de Jesús Rua Váquez,6,59
641,Presidente Municpal ,7,59
642,Tuxpan ,8,59
643,Gobierno Municipal,1,59
644,01371-41-73839/01371-41-74317,9,59
645,www.tuxpan-jal.gob.mx ,11,59
646,Mto. Rogelio Campos,14,59
647,09-09-2014,4,60
648,000277,13,60
649,Email,2,60
650,09-09-2014,12,60
651,Norma Zuñiga ,6,60
652,Reportera del Mural ,7,60
653,Particular,1,60
654,31343727/3339544513,9,60
655,norma.zuñigav@gmail.com ,10,60
656,Contacto IIEG,14,60
657,09-09-2014,4,61
658,000278,13,61
659,Email,2,61
660,09-09-2014,12,61
661,Arq. Julio Cesar Rincón Pineda ,6,61
662,Planeación Urbana ,7,61
663,Particular,1,61
664,3853-95-07,9,61
665,juliocesarrp@hotmail.com ,10,61
666,Contacto IIEG,14,61
667,09-09-2014,4,62
668,000279,13,62
669,Email,2,62
670,09-09-2014,12,62
671,Líc. Maria del Carmen García Carbajal,6,62
672,Abogada estatal de corett en Jalisco ,7,62
673,CORETT ,8,62
674,Gobierno Estatal,1,62
675,3824-51-18 term. 44 y 72,9,62
676,corettconveniosjalisco@gmail.com,10,62
677,Contacto IIEG,14,62
678,01-09-2014,4,63
679,134,5,63
680,000264,13,63
681,Oficio,2,63
682,04-09-2014,12,63
683,Monica Díaz López Negrete ,6,63
684,Directora de Gestión Transversal ante el cambio climatico,7,63
685,Semadet ,8,63
686,Gobierno Estatal,1,63
687,Mto. Rogelio Campos,14,63
688,08-09-2014,4,64
689,000274,13,64
690,Email,2,64
691,08-09-2014,12,64
692,Federico Pérez Garduño ,6,64
693,Director de Auditoria a la Obra Pública,7,64
694,Auditoria Superior del Estado de Jalisco ,8,64
695,Gobierno Estatal,1,64
696,3779-45-00 ext. 1541 y 1545,9,64
697,tpady7@hotmail.com ,10,64
698,Contacto IIEG,14,64
699,"Shp de inventarios de peligros 2013 recortados (UEPCB)\r\nShp de especies por cuencas recortados (INECC)\r\nLiga a pagina web IIEG de cuadernillos municipales, sistema de biodiversidad y nota sobre servicios WMS RAN",15,38
700,Cuencas costeras,16,38
701,"proyecto ""Implementación de Acciones Tempranas REDD+ en cuencas prioritarias de México a través de la construcción de mecanismos de gobernanza a nivel local"" - ""Análisis de política pública y propuesta de programa integral para el desarrollo rural sustentable en Cuencas Costeras de Jalisco""",17,38
702,#Producto cartográfico,18,38
704,1.5,20,38
705,16 Mb,21,38
706,Sin certificación,22,38
707,https://www.dropbox.com/s/aj1ga1mo308z4eg/SEMADET_CuencasCosteras.zip,23,38
708,Mosaico estatal de ortofotos (INEGI)\r\nOrto AMG 2011,15,41
709,Jalisco y AMG,16,41
710,Proyecto de modernización y vinculación catastral - registral,17,41
711,#Producto cartográfico,18,41
712,Inf. en Disco Duro,19,41
713,1.5,20,41
714,41.3 Gb,21,41
715,Sin certificación,22,41
716,Biblioteca,23,41
717,Shp de cartografía censal 2010\r\nshp y metadatos ACCEJ 2012,15,43
718,Municipio Jilotlán,16,43
719,Información vectorial para la elaboración del Plan de Desarrollo Urbano de Centros de Población,17,43
720,#Producto cartográfico,18,43
721,Email,19,43
722,1,20,43
723,5.8 Mb,21,43
724,Sin certificación,22,43
725,Biblioteca,23,43
726,shp y metadatos de inventario de peligros 2013 (UEPCB)\r\nshp y documento (libro) sobre vulnerabilidad a la sequía (IITEJ)\r\nshp de zonas prioritarias de incendios forestales (CONAFOR)\r\nligas a 3 wms del RAN,15,47
727,Jalisco,16,47
728,PACMUN y PACREG,17,47
729,' Producto cartográfico ,18,47
730,Email,19,47
731,1,20,47
732,7.5 Mb,21,47
733,Sin certificación,22,47
734,https://www.dropbox.com/s/8algi7xl337q87d/SEMADET_oficio134.zip?dl=0,23,47
735,10-09-2014,4,65
736,000281,13,65
737,Email,2,65
738,10-09-2014,12,65
739,Biol.Rodrigo Sandoval Esquives ,6,65
740,Biologo ,7,65
741,Particular,1,65
742,rsandovale@yahoo.com.mx ,10,65
743,Contacto IIEG,14,65
744,10-09-2014,4,66
745,000280,13,66
746,Email,2,66
747,10-09-2014,12,66
748,Mtra. María Elena Peyro Beltran,6,66
749,Maestra ,7,66
750,Ineser ,8,66
751,Academia,1,66
752,377-03-300 ext. 25229 o 25240,9,66
753,elenapeyro@gmail.com /revista.cartaeconomica@gmail.com ,10,66
754,Contacto IIEG,14,66
755,10-09-2014,4,67
756,000281,13,67
757,Email,2,67
758,10-09-2014,12,67
759,Biol. Rodrigo Sandoval Esquives,6,67
760,Particular,1,67
761,rsandovale@yahoo.com.mx ,10,67
762,Contacto IIEG,14,67
763,11-09-2014,4,68
764,000283,13,68
765,Email,2,68
766,11-09-2014,12,68
767,Ing. José Luis Castillo Puga ,6,68
768,Director de Construcción de Carreteras ,7,68
769,Secretaria de Infraestructura Carretera ,8,68
770,Gobierno Estatal,1,68
771,3819-23-00 ext. 47683 y 47680,9,68
772,luis.castillo@jalisco.gob.mx ,10,68
773,Contacto IIEG,14,68
774,31-07-2014,4,69
775,OF:PFPA/21.5/2C.27.2/3144-14,5,69
776,000284,13,69
777,Oficio,2,69
778,11-09-2014,12,69
779,Xóchitl Yin Hernández ,6,69
780,Delegada ,7,69
781,Secretaria de Medio Ambiente y Recursos Naturales ,8,69
782,Gobierno Estatal,1,69
783,3824-65-08,9,69
784,Mto. Rogelio Campos,14,69
785,11-08-2014,4,70
786,OF:PFPA/21.5/2C.27.2/3347-14 007152,5,70
787,000285,13,70
788,Oficio,2,70
789,11-09-2014,12,70
790,Xóchitl Yin Hernandez ,6,70
791,Delegada ,7,70
792,Secretaria de Medio Ambiente y Recursos N.,8,70
793,Gobierno Estatal,1,70
794,3827-65-08,9,70
795,Mto. Rogelio Campos,14,70
796,15-09-2014,4,71
797,000286,13,71
798,Email,2,71
799,15-09-2014,12,71
800,David Hernández ,6,71
801,Particular,1,71
802,davidhernandez0643@gmail.com ,10,71
803,Contacto IIEG,14,71
804,19-09-2014,4,72
805,000287,13,72
806,Email,2,72
807,19-09-2014,12,72
808,Efrain Iván Flores Bustos ,6,72
809,Particular,1,72
810,efren.ivan.flores@ctgeconsultoria.com,10,72
811,Contacto IIEG,14,72
812,18-09-2014,4,73
813,000288,13,73
814,Email,2,73
815,23-09-2014,12,73
816,Arturo Pizano Portillo ,6,73
817,Director de la JIRA ,7,73
818,Gobierno Municipal,1,73
819,01317-381-18-63  01317-381-08-44,9,73
820,dirección@jira.org.mx ,10,73
821,www.jira.org.mx ,11,73
822,Contacto IIEG,14,73
823,23-09-2014,4,74
824,000289,13,74
825,Email,2,74
826,23-09-2014,12,74
827,Josue Ulises Carbajal Orozco,6,74
828,Estudiante ,7,74
829,Particular,1,74
830,juco_07@live.com,10,74
831,Contacto IIEG,14,74
832,17-09-2014,4,75
833,000290,13,75
834,Email,2,75
835,23-09-2014,12,75
836,Gerardo Martinez ,6,75
837,Particular,1,75
838,Contacto IIEG,14,75
839,22-09-2014,4,76
840,000291,13,76
841,Email,2,76
842,23-09-2014,12,76
843,Omar Chavez Fernandez ,6,76
844,Zapopan,8,76
845,Particular,1,76
846,ochavezf@zapopan.gob.mx,10,76
847,Contacto IIEG,14,76
848,24-09-2014,4,77
849,000292,13,77
850,Email,2,77
851,23-09-2014,12,77
852,Mirna Elena Carrillo Lacayo ,6,77
853,Academia,1,77
854,mirnaelenagdl@gmail.com ,10,77
855,23-09-2014,4,78
856,000293,13,78
857,Email,2,78
858,24-09-2014,12,78
859,Oscar Alejandro Nicolás Renteria,6,78
860,Director de Información Geográfica ,7,78
861,SEMADET ,8,78
862,Gobierno Estatal,1,78
863,30-30-82-50 ext. 55772,9,78
864,Contacto IIEG,14,78
865,23-09-2014,4,79
866,SEMADET/DGPOT/109/2014,5,79
867,000294,13,79
868,Oficio,2,79
869,25-09-2014,12,79
870,Dr. Rodolfo Montaño Salazar ,6,79
871,Director General de Planeación y Ordenamiento Territorial ,7,79
872,Semadet ,8,79
873,Gobierno Estatal,1,79
874,Mto. Rogelio Campos,14,79
875,25-09-2014,4,80
876,000295,13,80
877,Email,2,80
878,25-09-2014,12,80
879,Ramiro Corona ,6,80
880,Alumno ,7,80
881,Universidad de Guadalajara ,8,80
882,Academia,1,80
883,ramicorona@hotmail.com,10,80
884,Contacto IIEG,14,80
885,30-09-2014,4,81
886,000296,13,81
887,Email,2,81
888,30-09-2014,12,81
889,José Padrón Huiltrón ,6,81
890,Encargado del Proyecto ,7,81
891,Presidencia Mun. de Jilotlan de los Dolores ,8,81
892,Gobierno Municipal,1,81
893,01424-574-01-20 -01424-574-00-25,9,81
894,jph_libra87@hotmail.com ,10,81
895,Contacto IIEG,14,81
896,23-09-2014,4,82
897,000297,13,82
898,Email,2,82
899,30-09-2014,12,82
900,"DPI, Diseño y Planeación Integral, S.A. de C.V. ",6,82
901,Particular,1,82
902,3616-39-87/3123-94-76,9,82
903,dpimexico_planeación@yahoo.com.mx ,10,82
904,Contacto IIEG,14,82
905,30-09-2014,4,83
906,000298,13,83
907,Email,2,83
908,30-09-2014,12,83
909,Marina Pérez Ramos ,6,83
910,Academia,1,83
911,marina.perez@sems.udg.mx,10,83
912,Contacto IIEG,14,83
913,30-09-2014,4,84
914,000299,13,84
915,Email,2,84
916,30-09-2014,12,84
917,Leonardo Salazar ,6,84
918,Particular,1,84
919,0155-56-01-31-01,9,84
920,leonardo.salazar@asemh.com.mx ,10,84
921,Contacto IIEG,14,84
922,01-10-2014,4,85
923,000300,13,85
924,Email,2,85
925,01-10-2014,12,85
926,David Llerena Villalpando ,6,85
927,Particular,1,85
928,3813-09-00/3312-62-32-39 cel.,9,85
929,dllerena@prodigy.net.mx ,10,85
930,Contacto IIEG,14,85
931,02-10-2014,4,86
932,000302,13,86
933,Email,2,86
934,02-10-2014,12,86
935,Gabriela Andalón Becerra ,6,86
936,Diputada ,7,86
937,Congreso del Estado ,8,86
938,Gobierno Estatal,1,86
939,3679-15-38,9,86
940,Gabriela.andalon@congresojal.gob.mx ,10,86
941,Contacto IIEG,14,86
942,02-10-2014,4,87
943,000303,13,87
944,Email,2,87
945,02-10-2014,12,87
946,Miguel Garcia,6,87
947,Administración y Finanzas ,7,87
948,Grupo San Francisco ,8,87
949,Particular,1,87
950,3627-23-46,9,87
951,miguelgarcia@gsf.mx,10,87
952,Contacto IIEG,14,87
953,27-08-2014,4,88
954,JICOSUR-DG-127-2014,5,88
955,000307,13,88
956,Oficio,2,88
957,06-10-2014,12,88
958,Ing. Marduck Cruz Bustamante,6,88
959,Director de la junta inermunicipal de medio ambiente de la costa sur ,7,88
960,"JICOSUR/LA HUERTA,JALISCO ",8,88
961,Gobierno Municipal,1,88
962,01357-384-18-17,9,88
963,jicosur.jalisco@gmail.com ,10,88
964,Mto. Rogelio Campos,14,88
965,03-10-2014,4,89
966,SEMADET/DGPOT/120/2014,5,89
967,000308,13,89
968,06-10-2014,12,89
969,Dr. Rodolfo Montaño Salazar ,6,89
970,Director General de Planeación y Ordenamiento Territorial ,7,89
971,SEMADET ,8,89
972,Gobierno Estatal,1,89
973,Mto. Rogelio Campos,14,89
974,06-10-2014,4,90
975,000309,13,90
976,Email,2,90
977,07-10-2014,12,90
978,Carlos Suárez Plascencia ,6,90
979,Jefe del Departamento de Geografía y Ordenación Territorial ,7,90
980,Universidad de Guadalajara ,8,90
981,Academia,1,90
982,carlos.csuarez@gmail.com,10,90
983,Contacto IIEG,14,90
984,12-03-2015,4,91
985,000311,13,91
986,Oficio,2,91
987,12-03-2015,12,91
988,Dra. María Guadalupe Robles Linares Gándara ,6,91
989,Presidente del Consejo Directivo ,7,91
990,México Sustentable ,8,91
991,Gobierno Federal,1,91
992,52-55-12-53-71-26 /  27,9,91
993,contacto@fds.org.mx ,10,91
994,www.desarrollosustentable.org.mx ,11,91
995,Mto. Rogelio Campos,14,91
996,08-10-2014,4,92
997,000312,13,92
998,Vía Telefónica,2,92
999,08-10-2014,12,92
1000,Líc. Agustín Moreno ,6,92
1001,Secretario particular ,7,92
1002,Secretaria de Infraestructura y Obra Pública ,8,92
1003,Gobierno Estatal,1,92
1004,jurista09@gmail.com ,10,92
1005,Contacto IIEG,14,92
1006,24-07-2014,4,93
1007,000313,13,93
1008,Oficio,2,93
1009,09-10-2014,12,93
1010,M. en C. XÓCHITL YIN HERNÁNDEZ,6,93
1011,Delegada ,7,93
1012,Procuraduría Federal de Protección al Ambiente ,8,93
1013,Gobierno Estatal,1,93
1014,www.profepa.gob.mx ,11,93
1015,Mto. Rogelio Campos,14,93
1016,09-10-2014,4,94
1017,000315,13,94
1018,Email,2,94
1019,09-10-2014,12,94
1020,Mtra. Lucy,6,94
1021,Contacto IIEG,14,94
1022,09-10-2014,4,95
1023,000316,13,95
1024,Email,2,95
1025,09-10-2014,12,95
1026,Sugei,6,95
1027,Contacto IIEG,14,95
1028,09-10-2014,4,96
1029,000317,13,96
1030,Email,2,96
1031,09-10-2014,12,96
1032,Municipio de Tlaquepaque,6,96
1033,Gobierno Estatal,1,96
1034,Contacto IIEG,14,96
1035,09-10-2014,4,97
1036,000318,13,97
1037,Email,2,97
1038,09-10-2014,12,97
1039,Sugei de CEPE ,6,97
1040,Gobierno Estatal,1,97
1041,Contacto IIEG,14,97
1042,09-10-2014,4,98
1043,000319,13,98
1044,Email,2,98
1045,10-10-2014,12,98
1046,Francisco Villarruel Kineos ,6,98
1047,francisco.villarruel@kineos.mx,10,98
1048,Contacto IIEG,14,98
1049,09-10-2014,4,99
1050,000320,13,99
1051,Email,2,99
1052,09-10-2014,12,99
1053,Alfredo Toledo ,6,99
1054,Contacto IIEG,14,99
1055,09-10-2014,4,100
1056,000321,13,100
1057,Email,2,100
1058,09-10-2014,12,100
1059,Alfredo Toledo no. 2,6,100
1060,Contacto IIEG,14,100
1061,09-10-2014,4,101
1062,000322,13,101
1063,Email,2,101
1064,09-10-2014,12,101
1065,Alfredo Toledo Velázquez /folio 000322,6,101
1066,Coordinador de Comunicación Social ,7,101
1067,SEDECO ,8,101
1068,Gobierno Estatal,1,101
1069,Contacto IIEG,14,101
1070,10-10-2014,4,102
1071,000324,13,102
1072,Email,2,102
1073,10-10-2014,12,102
1074,Sergio Gomez Partida ,6,102
1075,Contacto IIEG,14,102
1076,14-10-2014,4,103
1077,000325,13,103
1078,Email,2,103
1079,14-10-2014,12,103
1080,Cornelio Buenrostro Rodríguez,6,103
1081,Director de Protección Civil y Bomberos Guadalajara ,7,103
1082,Unidad Estatal de Protección Civil y Bomberos de Jalisco,8,103
1083,Gobierno Estatal,1,103
1084,120-177-00 ext. 7792/120-177-03 Directo,9,103
1085,marosarioblanco15@hotmail.com,10,103
1086,Mto. Rogelio Campos,14,103
1087,16-01-2015,4,104
1088,000326,13,104
1089,Email,2,104
1090,16-01-2015,12,104
1091,Líc. Vanessa Rocha Garcia ,6,104
1092,Sec. Académica del Sist. de Edu. Media Superior,7,104
1093,Universidad de Guadalajara ,8,104
1094,Academia,1,104
1095,vanessa.rocha@sems.udg.mx ,10,104
1096,Contacto IIEG,14,104
1097,15-10-2014,4,105
1098,000327,13,105
1099,Email,2,105
1100,15-10-2014,12,105
1101,María Teresa Godoy Villanueva,6,105
1102,Coordinador de Proyectos ,7,105
1103,Secretaría de Desarrollo Económico ,8,105
1104,Gobierno Estatal,1,105
1105,3678-20-00 ext. 52282/3678-20-56,9,105
1106,maria.godoy@jalisco.gob.mx ,10,105
1107,Contacto IIEG,14,105
1108,15-10-2014,4,106
1109,000328,13,106
1110,Email,2,106
1111,15-10-2014,12,106
1112,ing. José Luis Sáenz Vergara,6,106
1113,Subdelegado de Dasarrollo Urbano y Vivienda ,7,106
1114,SEDATU ,8,106
1115,Gobierno Estatal,1,106
1116,jonsejero oselosv@gmail.com ,10,106
1117,Geográfica-Ambiental,14,106
1118,15-10-2014,4,107
1119,000329,13,107
1120,Email,2,107
1121,15-10-2014,12,107
1122,Franchesca Esquivel ,6,107
1123,natalia.esga@gmail.com ,10,107
1124,Contacto IIEG,14,107
1125,16-01-2015,4,108
1126,000330,13,108
1127,Email,2,108
1128,16-01-2015,12,108
1129,Mtra. Eiko Yoma Kiu Tenorio Acosta,6,108
1130,Jefe de Información Pública en INFEJAL,7,108
1131,INFEJAL ,8,108
1132,Gobierno Estatal,1,108
1133,3819-52-20/3854-97-01/3824-46-77 ext. 1704,9,108
1134,transparencia.infejal@red.jalisco.gob.mx ,10,108
1135,Contacto IIEG,14,108
1136,15-10-2014,4,109
1137,000332,13,109
1138,Email,2,109
1139,16-10-2014,12,109
1140,Fernanda Bringas ,6,109
1141,fernanda.bringas@jalisco.gob.mx ,10,109
1142,Contacto IIEG,14,109
1143,15-10-2014,4,110
1144,000333,13,110
1145,Email,2,110
1146,16-10-2014,12,110
1147,Mtro. José Antonio González Orozco ,6,110
1148,jonathan.wbs@gmail.com,10,110
1149,Geográfica-Ambiental,14,110
1150,16-10-2014,4,111
1151,000331,13,111
1152,16-10-2014,12,111
1153,16-10-2014,4,112
1154,000335,13,112
1155,Vía Telefónica,2,112
1156,16-01-2015,12,112
1157,Viviana Abundis Torres ,6,112
1158,Estudiante ,7,112
1159,Ciencias de la Salud,8,112
1160,Academia,1,112
1161,3313097858,9,112
1162,abundis_bat@hotmail.com ,10,112
1163,Contacto IIEG,14,112
1164,15-10-2014,4,113
1165,000336,13,113
1166,Email,2,113
1167,17-10-2014,12,113
1168,José Antonio Meneses González,6,113
1169,"La Huerta, Jalisco ",8,113
1170,Gobierno Municipal,1,113
1171,ameneses62@hotmail.com ,10,113
1172,Contacto IIEG,14,113
1173,17-10-2014,4,114
1174,000337,13,114
1175,Email,2,114
1176,17-10-2014,12,114
1177,Ruy Cervantes,6,114
1178,ruycer@gmail.com ,10,114
1179,Geográfica-Ambiental,14,114
1180,20-10-2014,4,115
1181,000338,13,115
1182,Email,2,115
1183,20-10-2014,12,115
1184,Líc. Jorge Alejandro Pérez Díaz ,6,115
1185,Coordinador de Fomento a Zonas Estratégicas ,7,115
1186,Secretaria de Turismo ,8,115
1187,Gobierno Estatal,1,115
1188,"3668-16-86 ext, 31488",9,115
1189,jorge.perez@jalisco.gob.mx,10,115
1190,visita.jalisco.gob.mx ,11,115
1191,Contacto IIEG,14,115
1192,20-10-2014,4,116
1193,000339,13,116
1194,Email,2,116
1195,20-10-2014,12,116
1196,Araceli Ramírez Gaytán ,6,116
1197,"Global Mapping Ingenieria, S.C. Topografía y Mecánica de Sueldos",8,116
1198,Particular,1,116
1199,3331-6294/1813-8576,9,116
1200,admon@topografiayconstruccion.com ,10,116
1201,Contacto IIEG,14,116
1202,20-10-2014,4,117
1203,000340,13,117
1204,Email,2,117
1205,20-10-2014,12,117
1206,Mtro. Osvaldo Delgado Iñiguez ,6,117
1207,Jefe de Proyecto Caminos y P,7,117
1208,Comisión Nacional del Agua ,8,117
1209,Gobierno Estatal,1,117
1210,32680200 Ext.1306,9,117
1211,osvaldo.delgado@conagua.gob.mx,10,117
1212,www.conagua.gob.mx ,11,117
1213,Contacto IIEG,14,117
1214,20-10-2014,4,118
1215,000341,13,118
1216,Email,2,118
1217,20-10-2014,12,118
1218,E. Gil Aranda R. ,6,118
1219,Delegado de Proyectos ,7,118
1220,"TECMED Técnicas Medioambientales de México, S.A. de C.V. ",8,118
1221,Particular,1,118
1222,52-1-55-5402-4040/52-1-55-2474-8890 ,9,118
1223,gil.aranda@tecmedmx.com ,10,118
1224,Mto. Rogelio Campos,14,118
1225,20-10-2014,4,119
1226,000342,13,119
1227,Email,2,119
1228,20-10-2014,12,119
1229,Diana Sarabia ,6,119
1230,Coordinador de Mercadotecnia y Ventas ,7,119
1231,Laing Manufacturing International S.A. de C.V.,8,119
1232,Particular,1,119
1233,01844-413-2782/844-869-02-36 cel. ,9,119
1234,dsarabia@laingmfg.com ,10,119
1235,Contacto IIEG,14,119
1236,24-10-2014,4,120
1237,000344,13,120
1238,Email,2,120
1239,24-10-2014,12,120
1240,Sabine Paritzky Mendiola ,6,120
1241,Dirección de Emprendurismo,7,120
1242,SEDECO ,8,120
1243,Gobierno Estatal,1,120
1244,30302000,9,120
1245,sabineparitzky@gmail.com /sabineparitzy@jalisco.gob.mx ,10,120
1246,Contacto IIEG,14,120
1247,24-10-2014,4,121
1248,000345,13,121
1249,Email,2,121
1250,24-10-2014,12,121
1251,Oscar Plascencia Peña ,6,121
1252,Secretaria Particular ,7,121
1253,SEDECO ,8,121
1254,oscar.plascencia@jalisco.gob./ Oscar Plascencia Peña/Desarrollo Economico/Jalisco@JALISCO  ,10,121
1255,Contacto IIEG,14,121
1256,24-10-2014,4,122
1257,000346,13,122
1258,Email,2,122
1259,24-10-2014,12,122
1260,Líc. Martha Teresita León Mejia ,6,122
1261,Directora de Cadenas Productivas ,7,122
1262,SEDECO ,8,122
1263,Gobierno Estatal,1,122
1264,3678-20-00 ext. 55079,9,122
1265,martha.leon@jalisco.gob.mx ,10,122
1266,Contacto IIEG,14,122
1267,24-10-2014,4,123
1268,000347,13,123
1269,Email,2,123
1270,24-10-2014,12,123
1271,Dr. Humberto Gutiérrez Pulido ,6,123
1272,SUBSEPLAN ,8,123
1273,Gobierno Estatal,1,123
1274,humberto.gutierrez@jalisco.gob.mx ,10,123
1275,Mto. Rogelio Campos,14,123
1276,24-10-2014,4,124
1277,000348,13,124
1278,Email,2,124
1279,24-10-2014,12,124
1280,Líc. Lorena Gutiérrez ,6,124
1281,lorena_gutierrez_jal@hotmail.com ,10,124
1282,Contacto IIEG,14,124
1283,24-10-2014,4,125
1284,000349,13,125
1285,Email,2,125
1286,24-10-2014,12,125
1287,Oscar Alejandro Nicolás Renteria,6,125
1288,Director de Información Geográfica ,7,125
1289,SEMADET ,8,125
1290,Gobierno Estatal,1,125
1291,3030-82-50 EXT. 55772,9,125
1292,oscar.nicolas@jalisco.gob.mx ,10,125
1293,Contacto IIEG,14,125
1294,24-10-2014,4,126
1295,000350,13,126
1296,Email,2,126
1297,24-10-2014,12,126
1298,Edgar Michel Durán Morales ,6,126
1299,Coordinador Estatal Jalisco ,7,126
1300,INEGI ,8,126
1301,Gobierno Estatal,1,126
1302,3942-61-00 ext. 8165,9,126
1303,edgar.duran@inegi.org.mx,10,126
1304,Contacto IIEG,14,126
1305,24-10-2014,4,127
1306,000351,13,127
1307,Email,2,127
1308,24-10-2014,12,127
1309,Líc. Alejandro Cortés Estrada,6,127
1310,Recursos Humanos ,7,127
1311,Particular,1,127
1312,3630-1416/3630-1544,9,127
1313,alejandrocoortes@gmail.com ,10,127
1314,Contacto IIEG,14,127
1315,24-10-2014,4,128
1316,000352,13,128
1317,Email,2,128
1318,24-10-2014,12,128
1319,Ing. Rigoberto A. Moreno V.,6,128
1320,Supervisor de Sitios y Trayectorias ,7,128
1321,CFE,8,128
1322,Gobierno Estatal,1,128
1323,3684-27-22 ext. 6838,9,128
1324,rigoberto.moreno@cfe.gob.mx ,10,128
1325,Contacto IIEG,14,128
1326,24-10-2014,4,129
1327,´000353,13,129
1328,Email,2,129
1329,24-10-2014,12,129
1330,Ing. Juan Francisco Cemeño López ,6,129
1331,Dirección General de Infraestructura Carretera /Dirección de Conservación y Maquinaria ,7,129
1332,SIOP,8,129
1333,Gobierno Estatal,1,129
1334,30-30-13-25,9,129
1335,juan.cermeno@jalisco.gob.mx ,10,129
1336,Contacto IIEG,14,129
1337,24-10-2014,4,130
1338,000354,13,130
1339,Email,2,130
1340,24-10-2014,12,130
1341,Eusebio Márquez ,6,130
1342,Particular,1,130
1343,amarquezv@live.com.mx ,10,130
1344,Contacto IIEG,14,130
1345,24-10-2014,4,131
1346,000355,13,131
1347,Email,2,131
1348,24-10-2014,12,131
1349,Cesar Carrillo ,6,131
1350,ccarrillo55@gmail.com ,10,131
1351,Contacto IIEG,14,131
1352,27-10-2014,4,132
1353,000356,13,132
1354,Email,2,132
1355,27-10-2014,12,132
1356,Carolina Llonardi ,6,132
1357,Particular,1,132
1358,3647-57-47/3333-629-030,9,132
1359,carolyna_1810@hotmail.com ,10,132
1360,Contacto IIEG,14,132
1361,31-10-2014,4,133
1362,OF.DREBP/1502/14,5,133
1363,000359,13,133
1364,Email,2,133
1365,31-10-2014,12,133
1366,Mtra. Laura Patricia Cortes Sahagún ,6,133
1367,Directora de la Red Estatal de Bibliotecas Públicas de Jalisco,7,133
1368,Secretaría de Cultura,8,133
1369,Gobierno Estatal,1,133
1370,3030-97-97 ext. 120 /01800-2242-546,9,133
1371,patricia.cortes@jalisco.gob.mx/oswaldo.benitez@jalisco.gob.mx ,10,133
1372,www.bibliotecas.jalisco.gob.mx,11,133
1373,Mto. Rogelio Campos,14,133
1374,31-10-2014,4,134
1375,000360,13,134
1376,Email,2,134
1377,31-10-2014,12,134
1378,Lic. Rafael Pineda ,6,134
1379,rafapine2@hotmail.com ,10,134
1380,Contacto IIEG,14,134
1381,31-10-2014,4,135
1382,000361,13,135
1383,Email,2,135
1384,31-10-2014,12,135
1385,Ing. Pablo Gutiérrez Rangel ,6,135
1386,Particular,1,135
1387,3617-17-73 cel 3311723811,9,135
1388,pablo_gt@hotmail.com,10,135
1389,Contacto IIEG,14,135
1390,31-10-2014,4,136
1391,000362,13,136
1392,Email,2,136
1393,31-10-2014,12,136
1394,Líc. Patricia Talavera Trejo ,6,136
1395,Coordinador de Proyectos ,7,136
1396,Secretaria de Desarrollo Económico ,8,136
1397,Gobierno Estatal,1,136
1398,3030-20-00 ext. 55111,9,136
1399,patricia.talavera@jalisco.gob.mx ,10,136
1400,Contacto IIEG,14,136
1401,20-11-2014,4,137
1402,OFICIO 563/2014,5,137
1403,000363,13,137
1404,Email,2,137
1405,20-11-2014,12,137
1406,Líc. Luis Alberto Navarrete Solis,6,137
1407,Director de Catastro Municipal,7,137
1408,Atotonilco el Alto Jalisco ,8,137
1409,Gobierno Municipal,1,137
1410,Contacto IIEG,14,137
1411,31-10-2014,4,138
1412,000364 ,13,138
1413,Email,2,138
1414,31-10-2014,12,138
1415,Sugei Mizoki Alejandro Palma ,6,138
1416,Consejo Estatal de Promoción Económica ,8,138
1417,Gobierno Estatal,1,138
1418,sugei.alejandro@red.jalisco.gob.mx ,10,138
1419,Contacto IIEG,14,138
1420,31-10-2014,4,139
1421,000365,13,139
1422,Email,2,139
1423,31-10-2014,12,139
1424,Mtra. Yara Hernández Hernández ,6,139
1425,Jefa del Depto. de Planeación ,7,139
1426,Lagos de Moreno ,8,139
1427,Academia,1,139
1428,planeacionitslagos@gmail.com,10,139
1429,Contacto IIEG,14,139
1430,31-10-2014,4,140
1431,000366,13,140
1432,Email,2,140
1433,31-10-2014,12,140
1434,Dr. Luis Felipe Siqueros F.,6,140
1435,Director ,7,140
1436,Taller  Acur S de RL de CV,8,140
1437,Particular,1,140
1438,3121-09-94/3121-16-30,9,140
1439,Ifs@icrgroup.org,10,140
1440,Contacto IIEG,14,140
1441,31-10-2014,4,141
1442,000367,13,141
1443,Email,2,141
1444,31-10-2014,12,141
1445,Chistian Rodríguez J. ,6,141
1446,Estudiante ,7,141
1447,Academia,1,141
1448,fayther@hotmail.com ,10,141
1449,Contacto IIEG,14,141
1450,03-11-2014,4,142
1451,008568 ,5,142
1452,000368,13,142
1453,Oficio,2,142
1454,03-11-2014,12,142
1455,M. en C. Xochitl Yin Hernández ,6,142
1456,Delegada ,7,142
1457,Procuraduría Federal de Protección al Ambiente ,8,142
1458,Gobierno Federal,1,142
1459,3824-65-08 ,9,142
1460,www.profepa.gob.mx ,11,142
1461,Mto. Rogelio Campos,14,142
1462,03-11-2014,4,143
1463,0008565,5,143
1464,000369,13,143
1465,Oficio,2,143
1466,03-11-2014,12,143
1467,M. en C. Xochitl Yin Hernández,6,143
1468,Delegada ,7,143
1469,Procuraduría Federal de Protección al Ambiente ,8,143
1470,Gobierno Federal,1,143
1471,3824-65-08 ,9,143
1472,www.profepa.gob.mx ,11,143
1473,Mto. Rogelio Campos,14,143
1474,06-11-2014,4,144
1475,000370 ,13,144
1476,Email,2,144
1477,06-11-2014,12,144
1478,Joel Esmeralda Padilla      ,6,144
1479,SEMADET ,8,144
1480,Gobierno Estatal,1,144
1481,joel.esmeralda@jalisco.gob.mx,10,144
1482,Contacto IIEG,14,144
1483,06-11-2014,4,145
1484,000371,13,145
1485,Email,2,145
1486,06-11-2014,12,145
1487,Joel Esmeralda Padilla  ,6,145
1488,SEMADET ,8,145
1489,Gobierno Estatal,1,145
1490,joel.esmeralda@jalisco.gob.mx,10,145
1491,Contacto IIEG,14,145
1492,04-11-2014,4,146
1493,000372,13,146
1494,Email,2,146
1495,05-11-2014,12,146
1496,Gizelle Guadalupe Macias González ,6,146
1497,"Doctora en Ciencias, Candidato a SNI ",7,146
1498,Universidad de Guadalajara ,8,146
1499,Academia,1,146
1500,"01378-782-80-33/01378-788-91-00 al 129, ext. 56983",9,146
1501,gmaciasg@cualtos.udg.mx,10,146
1502,htp://www.cualtos.udg.mx/,11,146
1503,Contacto IIEG,14,146
1504,04-11-2014,4,147
1505,000373,13,147
1506,Email,2,147
1507,04-11-2014,12,147
1508,Gizelle Guadalupe Macias González -,6,147
1509,"Doctora en Ciencias, Candidato a SNI ",7,147
1510,Universidad de Guadalajara ,8,147
1511,Academia,1,147
1512,"01378-782-80-33/01378-788-91-00 al 129, ext. 56983",9,147
1513,gmaciasg@cualtos.udg.mx                                                    ,10,147
1514,htp://www.cualtos.udg.mx/,11,147
1515,Contacto IIEG,14,147
1516,04-11-2014,4,148
1517,000374,13,148
1518,Email,2,148
1519,04-11-2014,12,148
1520,Ing. Oswaldo Benítez González ,6,148
1521,Coordinador General Administrativo de la Red Estatal ,7,148
1522,Bibliotecas Públicas de Jalisco ,8,148
1523,Gobierno Estatal,1,148
1524,3030-97-97 ext. 120 /01800-2242-546,9,148
1525,oswaldo.benitez@jalisco.gob.mx ,10,148
1526,www.bibliotecas.jalisco.gob.mx,11,148
1527,Contacto IIEG,14,148
1528,05-11-2014,4,149
1529,000376,13,149
1530,Email,2,149
1531,05-11-2014,12,149
1532,Líc. Juan Enrique Carrillo González ,6,149
1533,Director de Promoción Económica de Tepatitlán,7,149
1534,PROMOCIÓN ECONÓMICA DE TEPATITLAN,8,149
1535,Gobierno Estatal,1,149
1536,promocióneconomica@tepatitlan.gob.mx ,10,149
1537,Mto. Rogelio Campos,14,149
1538,05-11-2014,4,150
1539,SEJ/774/2014,5,150
1540,000375,13,150
1541,Oficio,2,150
1542,05-11-2014,12,150
1543,Líc. Miguel Angel Hernández Velázquez ,6,150
1544,Secretario Ejecutivo ,7,150
1545,ITEI ,8,150
1546,Gobierno Estatal,1,150
1547,3630-57-45,9,150
1548,www.itei.org.mx,11,150
1549,Asuntos Jurídicos,14,150
1550,05-11-2014,4,151
1551,000377,13,151
1552,Email,2,151
1553,05-11-2014,12,151
1554,Gizelle Guadalupe Macias González ,6,151
1555,"Doctora en Ciencias, Candidato a SNI ",7,151
1556,Universidad de Guadalajara ,8,151
1557,Academia,1,151
1558,"01378-782-80-33/01378-788-91-00 al 129, ext. 56983",9,151
1559,gmaciasg@cualtos.udg.mx,10,151
1560,Contacto IIEG,14,151
1561,Director de Ordenamiento Ecológico y Territorial ,7,144
1562,3030-82-50 EXT. 55719,9,144
1563,Director de Ordenamiento Ecológico y Territorial ,7,145
1564,3030-82-50 EXT. 55719,9,145
1565,03-11-2014,4,152
1566,1180/2014,5,152
1567,"S/N. se recibió hoy 07/11/ en físico, con fecha retroactiva 06/11/ el cual fue la Junta de Gobierno ",13,152
1568,Oficio,2,152
1569,06-11-2014,12,152
1570,Biol. Maria Magdalena Ruiz Mejia,6,152
1571,Secretario de Medio Ambiente y Desarrollo Territorial ,7,152
1572,SEMADET ,8,152
1573,Gobierno Estatal,1,152
1574,3030-82-50 EXT. 55775,9,152
1575,magdalena.ruiz@jalisco.gob.mx,10,152
1576,www.jalisco.gob.mx ,11,152
1577,Mto. Rogelio Campos,14,152
1578,07-11-2014,4,153
1579,DPCB07/3470/2014 ,5,153
1580,000378,13,153
1581,Oficio,2,153
1582,10-11-2014,12,153
1583,Cornelio Buenrostro Rodríguez,6,153
1584,Director de Protección Civil y Bomberos Guadalajara ,7,153
1585,Dirección de Protección Civil Y Bomberos de Guadalajara ,8,153
1586,Gobierno Estatal,1,153
1587,120-177-00 ext. 7792/120-177-03 Directo,9,153
1588,atlas.pcbomberosgdl@hotmail.com ,10,153
1589,Mto. Rogelio Campos,14,153
1602,06-11-2014,4,155
1603,PROY 06/11/2014,5,155
1604,000379,13,155
1605,Oficio,2,155
1606,11-11-2014,12,155
1607,Biol. Mónica Elizabeth Ureña Díaz                                                                                                                                                                                                                                                                                                                                                                                                                                                                                                                         ,6,155
1608,Jefe de Proyectos de la JISOC ,7,155
1609,JISOC,8,155
1610,Gobierno Municipal,1,155
1611,01388-386-12-29/ cel. 0453881013621,9,155
1612,jproyectosjisoc@hotmail.com ,10,155
1613,Mto. Rogelio Campos,14,155
1614,10-11-2014,4,156
1615,000380,13,156
1616,Email,2,156
1617,11-11-2014,12,156
1618,Eydi Yanet Garcia Sánchez ,6,156
1619,Academia,1,156
1620,egarcia@itstala.edu.mx                                                                                                                                                                                                                                                                                egarcia@itstala.educ.mx                                                   ,10,156
1621,Contacto IIEG,14,156
1622,10-11-2014,4,157
1623,000381,13,157
1624,Email,2,157
1625,11-11-2014,12,157
1626,Ma. de Lourdes Díaz Preciado,6,157
1627,Servidora Pública ,7,157
1628,Particular ,8,157
1629,Particular,1,157
1630,01392-92-594-84 ext. 55918,9,157
1631,diazlulu@hotmail.com ,10,157
1632,Mto. Rogelio Campos,14,157
1633,11-11-2014,4,158
1634,554/2014,5,158
1635,000382,13,158
1636,Oficio,2,158
1637,12-11-2014,12,158
1638,Lic. María Guadalupe Muñoz Noriega ,6,158
1639,Directora de Impuestos Inmobiliarios y Catastro,7,158
1640,"HUEJUQUILLA EL ALTO, JALISCO",8,158
1641,Gobierno Municipal,1,158
1642,01-457-983-73-27/ term. 7764- 7709-7344-7518-7148,9,158
1643,catastro_2012-2015@hotmail.com,10,158
1644,www.huejuquilla.gob.mx ,11,158
1645,Tecnologías de la Información,14,158
1646,11-11-2014,4,159
1647,000383,13,159
1648,Email,2,159
1649,12-11-2014,12,159
1650,Líc. Juan Enrique Carrillo González -,6,159
1651,Director de Promoción Económica de Tepatitlán,7,159
1652,PROMOCIÓN ECONÓMICA DE TEPATITLAN,8,159
1653,Gobierno Municipal,1,159
1654,promocióneconomica@tepatitlan.gob.mx ,10,159
1655,Mto. Rogelio Campos,14,159
1656,10-11-2014,4,160
1657,000384,13,160
1658,Oficio,2,160
1659,12-11-2014,12,160
1660,Ing. Fernando Sandoval Figueroa,6,160
1661,Perito Valuador de Bienes Inmuebles ,7,160
1662,Gobierno Municipal,1,160
1663,01341-413-58-13,9,160
1664,fernando_avaluos59@hotmail.com ,10,160
1665,Mto. Rogelio Campos,14,160
1673,11-11-2014,4,162
1674,000386,13,162
1675,Email,2,162
1676,12-11-2014,12,162
1677,Ing. Cecilio Santos V. ,6,162
1678,CONSULTORIA OBRAS Y SUPERVISION S.A. DE C.V. ,8,162
1679,Particular,1,162
1680,0133-3861-8339,9,162
1681,cossa_02@hotmail.com,10,162
1682,Contacto IIEG,14,162
1683,12-11-2014,4,163
1684,EXP. ADMVO. NÚM. PFPA/21.3//2C.27.5/079/14.OF:PFPA/21.5/2C.27.5/4912-14 -0008694,5,163
1685,000387,13,163
1686,Oficio,2,163
1687,12-11-2014,12,163
1688,M. en C. Xochitl Yin Hernández -,6,163
1689,Delegada ,7,163
1690,PROCURADURIA FEDERAL DE PROTECCIÓN AL AMBIENTE ,8,163
1691,Gobierno Estatal,1,163
1692,3824-65-08 ,9,163
1693,www.profepa.gob.mx ,11,163
1694,Mto. Rogelio Campos,14,163
1695,12-11-2014,4,164
1696,EXP. ADMVO. NÚM. PFPA/21.3//2C.27.5/080-14.OF:PFPA/21.5/2C.27.5/4915-14 -0008697,5,164
1697,000388,13,164
1698,Oficio,2,164
1699,12-11-2014,12,164
1700,M. en C. Xochitl Yin Hernández ,6,164
1701,Delegada ,7,164
1702,PROCURADURIA FEDERAL DE PROTECCIÓN AL AMBIENTE ,8,164
1703,Gobierno Estatal,1,164
1704,3824-65-08 ,9,164
1705,www.profepa.gob.mx ,11,164
1706,Mto. Rogelio Campos,14,164
1707,10-11-2014,4,165
1708,RG/MZO-539/14,5,165
1709,000389,13,165
1710,Oficio,2,165
1711,12-11-2014,12,165
1712,Ing. Arturo Guzmán Ruiz ,6,165
1713,Residente General ,7,165
1714,COMISIÓN FEDERAL DE ELECTRICIDAD ,8,165
1715,Gobierno Federal,1,165
1716,01314-33-76-412 ext. 101/ cel 045314-872-6109,9,165
1717,arturo.guzman03@cfe.gob.mx ,10,165
1718,Mto. Rogelio Campos,14,165
1719,11-11-2014,4,166
1720,000385,13,166
1721,Oficio,2,166
1722,18-11-2014,12,166
1723,Ing. Carlos Miguel González Magaña ,6,166
1724,Particular,1,166
1725,liebre311@gmail.com,10,166
1726,Mto. Rogelio Campos,14,166
1727,19-11-2014,4,167
1728,000390,13,167
1729,Email,2,167
1730,19-11-2014,12,167
1731,Karina Lamas Cevantes ,6,167
1732,Jefe Inteligencia de Negocios ,7,167
1733,Centro de Promoción Económica y Turismo ,8,167
1734,Gobierno Estatal,1,167
1735,3818-22-00 EXT. 1119,9,167
1736,klamas@zapopan.gob.mx,10,167
1737,Económico-Financiera,14,167
1738,19-11-2014,4,168
1739,000391,13,168
1740,Email,2,168
1741,19-11-2014,12,168
1742,Diego Espinosa ,6,168
1743,Encargado del área de sustentabilidad en el área de Jalisco,7,168
1744,Comercializadora de Berries Driscoll's,8,168
1745,Particular,1,168
1746,Diego.Serret@driscolls.com ,10,168
1747,Contacto IIEG,14,168
1748,19-11-2014,4,169
1749,JICOSUR-DG-146-2014,5,169
1750,000392,13,169
1751,Oficio,2,169
1752,19-11-2014,12,169
1753,Ing. Marduck Cruz Bustamante,6,169
1754,Director de la Junta Intermunicipal de Medio Ambiente de la Costa Sur,7,169
1755,JICOSUR ,8,169
1756,Gobierno Municipal,1,169
1757,01-357-384-18-17 ,9,169
1758,jicosur.jalisco@gmail.com ,10,169
1759,Mto. Rogelio Campos,14,169
1760,19-11-2014,4,170
1761,000393,13,170
1762,Email,2,170
1763,19-11-2014,12,170
1764,Gloria Rico Gomez ,6,170
1765,SEPROE,8,170
1766,Gobierno Estatal,1,170
1767,Gloria Rico Gomez/SEPROE/Jalisco@Jalisco,10,170
1768,Económico-Financiera,14,170
1769,Calculo de impuesto predial 2015,15,137
1770,Realizar el calculo del impuesto para el año 2015 de acuerdo a la ley de ingresos,17,137
1771,Oficio,19,137
1772,10,20,137
1773,Sin certificación,22,137
1774,#Análisis,18,137
1775,18-11-2014,4,171
1776,DGOT/215/2014,5,171
1777,000394,13,171
1778,Oficio,2,171
1779,21-11-2014,12,171
1780,M. en C. Carlos Suarez Plascencia ,6,171
1781,Jefe del Departamento ,7,171
1782,UNIVERSIDAD DE GUADALAJARA,8,171
1783,Academia,1,171
1784,3819-33-81 - 3819-33-86,9,171
1785,geografia.extension@csh.udg.mx/acmargarita@gmail.com,10,171
1786,www.geografia.cucsh.udg.mx ,11,171
1787,Mto. Rogelio Campos,14,171
1788,21-11-2014,4,172
1789,000395,13,172
1790,Email,2,172
1791,21-11-2014,12,172
1792,Victor Hugo Palomino Guzmán                                                   ,6,172
1793,Estudiante de Arquitectura ,7,172
1794,UNIVERSIDAD UTEG,8,172
1795,Academia,1,172
1796,ovituary84@hotmail.com,10,172
1797,Contacto IIEG,14,172
1798,21-11-2014,4,173
1799,000396,13,173
1800,Email,2,173
1801,21-11-2014,12,173
1802, Joel Esmeralda Padilla  ,6,173
1803,Director de Ordenamiento Ecológico y Territorial ,7,173
1804,SEMADET ,8,173
1805,Gobierno Estatal,1,173
1806,3030-82-50 EXT. 55719,9,173
1807,joel.esmeralda@jalisco.gob.mx,10,173
1808,Contacto IIEG,14,173
1809,24-11-2014,4,174
1810,000397,13,174
1811,Email,2,174
1812,24-11-2014,12,174
1813,Sugei Mizoki Alejandro Palma ,6,174
1814,Consejo Estatal de Promoción Económica ,8,174
1815,Gobierno Estatal,1,174
1816,sugei.alejandro@red.jalisco.gob.mx ,10,174
1817,Contacto IIEG,14,174
1818,24-11-2014,4,175
1819,000398,13,175
1820,Email,2,175
1821,25-11-2014,12,175
1822,Gloria Rico Gomez -,6,175
1823,SEPROE,8,175
1824,Gobierno Estatal,1,175
1825,Gloria Rico Gomez/SEPROE/Jalisco@Jalisco,10,175
1826,Contacto IIEG,14,175
1827,25-11-2014,4,176
1828,000399,13,176
1829,Email,2,176
1830,25-11-2014,12,176
1831,Mariana Espejo ,6,176
1832,mariana.sanchez.espejo@gmail.,10,176
1833,Contacto IIEG,14,176
1834,24-11-2014,4,177
1835,000400,13,177
1836,Email,2,177
1837,25-11-2014,12,177
1838,Comunicación Social-Sedeco-José Palacios ,6,177
1839,SEDECO ,8,177
1840,Gobierno Estatal,1,177
1841,3678-20-00 ext. 55003,9,177
1842,comunicaciónsocialsedeco@gmail.com ,10,177
1843,Contacto IIEG,14,177
1844,24-11-2014,4,178
1845,000401,13,178
1846,Email,2,178
1847,25-11-2014,12,178
1848,Juan Fernando Avila,6,178
1849,Estudiante ,7,178
1850,Universidad Autónoma de Guadalajara ,8,178
1851,Academia,1,178
1852,juaanfeer_26@hotmail.com,10,178
1853,Contacto IIEG,14,178
1854,26-11-2014,4,179
1855,000402,13,179
1856,Email,2,179
1857,26-11-2014,12,179
1858,David A. Gomez Gurrola ,6,179
1859,Coordinador de Incentivos ,7,179
1860,HEWLEN-PACKARD DE MÉXICO ,8,179
1861,Particular,1,179
1862,3678-97-85,9,179
1863,david.gomez.gurrola@hp.com ,10,179
1864,Contacto IIEG,14,179
1865,26-11-2014,4,180
1866,000403,13,180
1867,Email,2,180
1868,26-11-2014,12,180
1869,Omar Chavez Fernandez ,6,180
1870,"MUNICIPIO DE ZAPOPAN, JALISCO ",8,180
1871,Gobierno Estatal,1,180
1872,ochavezf@zapopan.gob.mx ,10,180
1873,Contacto IIEG,14,180
1874,26-11-2014,4,181
1875,000404,13,181
1876,Email,2,181
1877,26-11-2014,12,181
1878,Noemi Peña Rivera ,6,181
1879,Dirección de Fomento a la Inversión ,7,181
1880,Ayuntamiento de Guadalajara ,8,181
1881,Gobierno Estatal,1,181
1882,120-485-00,9,181
1883,npenar@guadalajara.com.mx /incubadorasw@yahoo.com.mx ,10,181
1884,Contacto IIEG,14,181
1885,26-11-2014,4,182
1886,000405,13,182
1887,Email,2,182
1888,26-11-2014,12,182
1889,Arq. José Leonardo Ortega Torres ,6,182
1890,responsable del área técnica del clim ,7,182
1891,DIRECCIÓN GENERAL DE DESARROLLO ECONÓMICO Y TURISMO ,8,182
1892,Gobierno Estatal,1,182
1893,3837-93-93 ext. 7179,9,182
1894,climtlaquepaque@hotmail.com/clim@tlaquepaque.gob.mx ,10,182
1895,Contacto IIEG,14,182
1896,26-11-2014,4,183
1897,000406,13,183
1898,Email,2,183
1899,27-11-2014,12,183
1900,Ricardo Padilla Mejia ,6,183
1901,Gerente de Ventas ,7,183
1902,MARCHINA Y COMPAÑIA S.A. DE C.V. ,8,183
1903,Particular,1,183
1904,3826-11-55,9,183
1905,ricardopadilla@marchina.com.mx ,10,183
1906,Contacto IIEG,14,183
1907,27-11-2014,4,184
1908,000407,13,184
1909,Email,2,184
1910,27-11-2014,12,184
1911,Aldo Javier Gil Pérez ,6,184
1912,Asistente Negociación Internacional ,7,184
1913,Comisión Nacional Forestal ,8,184
1914,Gobierno Federal,1,184
1915,3313100166,9,184
1916,aldo.jgp@gmail.com ,10,184
1917,Contacto IIEG,14,184
1918,27-11-2014,4,185
1919,000408,13,185
1920,Email,2,185
1921,27-11-2014,12,185
1922,Alfredo Toledo Velázquez ,6,185
1923,Secretaría de Desarrollo Económico ,8,185
1924,Gobierno Estatal,1,185
1925,alfredotoledov@gmail.com ,10,185
1926,Contacto IIEG,14,185
1927,27-11-2014,4,186
1928,Oficio:VIII/462/2014,5,186
1929,000409,13,186
1930,Oficio,2,186
1931,27-11-2014,12,186
1932,L.I. Reynalda de la Torre Salcedo ,6,186
1933,Directora de Catastro de Acatic ,7,186
1934,"AYUNTAMIENTO DE ACATIC, JALISCO ",8,186
1935,Gobierno Municipal,1,186
1936,0378-715-09-08 - term. 71-521-79,9,186
1937,reynalda_delatorre@yahoo.com.mx,10,186
1938,acatic@jalisco.gob.mx ,11,186
1939,Mto. Rogelio Campos,14,186
1940,02-12-2014,4,187
1941,000410,13,187
1942,Email,2,187
1943,02-12-2014,12,187
1944,José Palacios Jimenez ,6,187
1945,Secretario ,7,187
1946,SECRETARIA DE DESARROLLO ECONÓMICO ,8,187
1947,Gobierno Estatal,1,187
1948,jose.palaciosjimenez@jalisco.gob.mx,10,187
1949,Contacto IIEG,14,187
1950,02-12-2014,4,188
1951,000411,13,188
1952,Email,2,188
1953,02-12-2014,12,188
1954,Marco Tulio López López ,6,188
1955,Estudiante ,7,188
1956,CENTRO UNIVERSITARIO DE ARTE ARQUITECTURA Y DISEÑO ,8,188
1957,Academia,1,188
1958,marcolpzmx@gmail.com ,10,188
1959,Contacto IIEG,14,188
1960,08-12-2014,4,189
1961,Cesar Alfredo Jimenes Cruz ,13,189
1962,Email,2,189
1963,08-12-2014,12,189
1964,Cesar Alfredo Jimenes Cruz ,6,189
1965,sarce_2006@hotmail.com /monitoreodealarmas@hotmail.com,10,189
1966,Contacto IIEG,14,189
1967,24-10-2014,4,190
1968,000413,13,190
1969,Oficio,2,190
1970,02-12-2014,12,190
1971,M. en C. Leticia Loza Ramírez ,6,190
1972,Directora de Departamento de Fomento Agropecuario y Ecología ,7,190
1973,AYUNTAMIENTO DE IXTLAHUACÁN DEL RIÓ JALISCO ,8,190
1974,Gobierno Municipal,1,190
1975,01373-734-51-35/754-50-81/734-56-73 ,9,190
1976,ixtla_cmdrs@hotmail.com ,10,190
1977,Mto. Rogelio Campos,14,190
1978,02-12-2014,4,191
1979,000414,13,191
1980,Email,2,191
1981,02-12-2014,12,191
1982,Andrea Borrayo ,6,191
1983,Maestra de Geografía en Secundaria ,7,191
1984,INVESTIGACIÓN Y DESARROLLO EDUCATIVO DE OCCIDENTE (IDEO) A.C. ,8,191
1985,Academia,1,191
1986,04433-13-09-95-62,9,191
1987,nantzidenkaren@gmail.com,10,191
1988,Contacto IIEG,14,191
1989,25-02-2015,4,192
1990,000415,13,192
1991,Email,2,192
1992,25-02-2015,12,192
1993,Joel Esmeralda Padilla  ,6,192
1994,Encargado del Despacho de la Dirección de Ordenamiento Ecológico y Territorial,7,192
1995,SEMADET ,8,192
1996,Gobierno Estatal,1,192
1997,3030-82-50 EXT. 55719,9,192
1998,joel.esmeralda@jalisco.gob.mx,10,192
1999,Contacto IIEG,14,192
2000,02-12-2014,4,193
2001,000416,13,193
2002,Oficio,2,193
2003,02-12-2014,12,193
2004,Carlos Antonio Núñez Verdin ,6,193
2005,Analista de Desarrollo Estratégico ,7,193
2006,INSTITUTO JALISCIENSE DE LA JUVENTUD ,8,193
2007,Gobierno Estatal,1,193
2008,3658-32-72/01800-905-68-36,9,193
2009,carlosverdin@ijj.gob.mx ,10,193
2010,www.ijj.gob.mx ,11,193
2011,Económico-Financiera,14,193
2012,03-12-2014,4,194
2013,000417,13,194
2014,Email,2,194
2015,03-12-2014,12,194
2016,José Manuel Villanueva ,6,194
2017,COMUNIDAD DEL MUNICIPIO DE ATIZAPÁN EL ALTO RANCHO LAS CANOAS ,8,194
2018,Gobierno Municipal,1,194
2019,maricelaviva@hotmail.com ,10,194
2020,Contacto IIEG,14,194
2021,03-12-2014,4,195
2022,000418,13,195
2023,Oficio,2,195
2024,03-12-2014,12,195
2025,"LDGP, Humberto Omar Romero Blanco ",6,195
2026,Director de Catastro Municipal ,7,195
2027,AYUNTAMIENTO DE TOLIMÁN ,8,195
2028,Gobierno Estatal,1,195
2029,"01343-434-01-28/ term. 131, 204",9,195
2030,toliman.gobernarescompartir@hotmail.com /lomirsajo@hotmail.com ,10,195
2031,Tecnologías de la Información,14,195
2032,05-12-2014,4,196
2033,000421,13,196
2034,Email,2,196
2035,08-12-2014,12,196
2036,Hector Jimenez ,6,196
2037,Departamento de Comercio ,7,196
2038,CONSULADO AMERICANO ,8,196
2039,Particular,1,196
2040,3615-11-40 ext. 104,9,196
2041,"hector,jimenez@trade.gov",10,196
2042,Contacto IIEG,14,196
2043,04-11-2014,4,197
2044,000422,13,197
2045,Oficio,2,197
2046,08-12-2014,12,197
2047,Arq. Felipe de Jesús Rua Vazquez ,6,197
2048,Presidente ,7,197
2049,"AYUNTAMIENTO DE TUXPAN, JALISCO",8,197
2050,Gobierno Municipal,1,197
2051,01371-417-35-39/01371-417-754-08 ,9,197
2052,bggj69@hotmail.com,10,197
2053,www.tuxpan-jal.gob.mx ,11,197
2054,Tecnologías de la Información,14,197
2055,16-01-2015,4,198
2056,000423,13,198
2057,Email,2,198
2058,16-01-2015,12,198
2059,Mtra. Hilda Aurora Mariscal Uribe ,6,198
2060,Investigador Educativo ,7,198
2061,CENTRO DE INVESTIGACIONES PEDAGÓGICOS Y SOCIALES (SEJ),8,198
2062,Academia,1,198
2063,3630-32-81/85,9,198
2064,nayatzi1964@hotmail.com,10,198
2065,Contacto IIEG,14,198
2066,05-12-2014,4,199
2067,000424,13,199
2068,Email,2,199
2069,08-12-2014,12,199
2070,Comunicación Social-Sedeco-José Palacios -,6,199
2071,Secretario ,7,199
2072,SEDECO ,8,199
2073,Gobierno Estatal,1,199
2074,3678-20-00 ext. 55003,9,199
2075,jose.palaciosjimenez@jalisco.gob.mx,10,199
2076,http://sedeco.jalisco.gob.mx ,11,199
2077,Contacto IIEG,14,199
2078,08-12-2014,4,200
2079,08-12-2014,12,200
2080,José Manuel Villanueva Baldovinos,6,200
2081,Particular,1,200
2082,3639-08-37/ cel. 333-185-9837,9,200
2083,maricelaviva@hotmail.com ,10,200
2084,Contacto IIEG,14,200
2085,03-12-2014,4,201
2086,000426,13,201
2087,Oficio,2,201
2088,08-12-2014,12,201
2089,Líc. Manuel Alejandro Arriaga Jimenez ,6,201
2090,Jefe de la oficina de Impuestos Inmobiliarios,7,201
2091,"AYUNTAMIENTO DE ARANDAS, JALISCO ",8,201
2092,Gobierno Municipal,1,201
2093,01348-784-90-20/01348-783-00-73,9,201
2094,cecilia_alvizo@hotmail.com,10,201
2095,Tecnologías de la Información,14,201
2096,08-12-2014,4,202
2097,000427,13,202
2098,Email,2,202
2099,08-12-2014,12,202
2100,Gloria Rico Gomez --,6,202
2101,SECRETARIA DE PROMOCIÓN ECONÓMICA ,8,202
2102,Gobierno Estatal,1,202
2103,comunicaciónsocialsedeco@gmail.com -anny.alcarazf@gmail.com,10,202
2104,Contacto IIEG,14,202
2105,Encargado Area de Monitoreo,7,189
2106,Alarmas Pretorian ,8,189
2107,Particular,1,189
2108,3630-30-96/ cel 333-580-50-11,9,189
2109,000425,13,200
2110,Email,2,200
2111,Personal ,7,200
2112,Personal ,8,200
2113,08-12-2014,4,203
2114,000428,13,203
2115,Email,2,203
2116,08-12-2014,12,203
2117,Fidel Kalid Guzmán Pimentel ,6,203
2118,Ing. Topográfo Geomático ,7,203
2119,ITGA TOPOGRÁFIA Y GEOMÁTICA ,8,203
2120,Particular,1,203
2121,01312-415-79-83,9,203
2122,fkguzman@itga.com.mx ,10,203
2123,Contacto IIEG,14,203
2124,08-12-2014,4,204
2125,000429,13,204
2126,Email,2,204
2127,08-12-2014,12,204
2128,Mtra. Ana Eduwiges Ortiz Medina ,6,204
2129,Profesor Investigador del Depto. de Est. Políticos y Doctorante del Doctorado de Ciencias Sociales de la Univ. de Guadalajara ,7,204
2130,CUCSH UNIVERSIDAD DE GUADALAJARA ,8,204
2131,Academia,1,204
2132,3819-33-05,9,204
2133,anaeortiz@hotmail.com,10,204
2134,Contacto IIEG,14,204
2135,09-12-2014,4,205
2136,000430,13,205
2137,Email,2,205
2138,09-12-2014,12,205
2139,Ing. SofÍa Hernández Morales ,6,205
2140,Encargada del despacho de la Gerencia Ambiental y de Desarrollo Sustentable ,7,205
2141,COMISIÓN ESTATAL DEL AGUA JALISCO ,8,205
2142,Gobierno Estatal,1,205
2143,30-30-92-00 ext. 8150,9,205
2144,shernandezm@ceajalisco.gob.mx ,10,205
2145,www.ceajalisco.gob.mx ,11,205
2146,Contacto IIEG,14,205
2147,04-12-2014,4,206
2148,0486/2014,5,206
2149,000431,13,206
2150,Oficio,2,206
2151,09-12-2014,12,206
2152,Juan Ignacio Álvarez Pérez ,6,206
2153,"MUNICIPIO DE COLOTLÁN, JALISCO ",8,206
2154,Gobierno Municipal,1,206
2155,01-499-992-03-56 term. 992-02-09,9,206
2156,lozasol2002@yahoo.com.mx ,10,206
2157,Contacto IIEG,14,206
2158,09-12-2014,4,207
2159,000432,13,207
2160,Email,2,207
2161,09-12-2014,12,207
2162,Victor M. Ramírez ,6,207
2163,Gerente de Cadenas,7,207

