id,date,name,parent,owner,sequence,comment,folderList,defaultAccess,inheritAccess
1,1402429956,IIEG,0,1,0,Carpeta de solicitudes principal del Instituto de Información Estadística y Geográfica ,<blank>,1,0
2,1402501542,Solicitudes Pendientes,1,1,0,Solicitudes pendientes,:1:,1,0
4,1402667931,Solicitudes Para Entrega,1,1,1,Solicitudes con estatus para entregar,:1:,1,0
8,1406651342,Unidad Estadística Socio Demográfica,2,1,1,1,:1:2:,1,0
9,1406651361,Unidad Estadística Económico Financiera,2,1,2,<blank>,:1:2:,1,0
10,1406651378,Unidad Estadística Geográfica Ambiental,2,1,3,<blank>,:1:2:,1,0
11,1406651398,"Unidad de Gobierno, Seguridad y Justicia",2,1,4,<blank>,:1:2:,1,0
12,1406651423,Coordinación General de Tecnologías de Información,2,1,5,<blank>,:1:2:,1,0
13,1406651457,Coordinación General Jurídica,2,1,13,1,:1:2:,1,0
14,1406651471,Coordinación General de Administración,2,1,7,<blank>,:1:2:,1,0
18,1406658568,Ana,10,1,1,<blank>,:1:2:10:,1,0
19,1406658577,Ivan,10,1,2,<blank>,:1:2:10:,1,0
21,1406658604,Ale Blanco,10,1,4,<blank>,:1:2:10:,1,0
22,1406750328,Solicitudes Concluidas,1,1,2,Solicitudes concluidas de todas las unidades,:1:,1,0
23,1408386785,Proyectos Estrategicos,12,1,1,<blank>,:1:2:12:,2,1
24,1408386830,Proyectos Geomaticos,12,82,2,<blank>,:1:2:12:,2,1
25,1408386869,Redes y Telecomunicaciones,12,1,1,<blank>,:1:2:12:,2,1
26,1408386909,Desarrollo de Software,12,1,1,<blank>,:1:2:12:,1,0
27,1408386970,Solicitudes Rechazadas,1,4,3,Solicitudes rechazas porque el usuario no acepto la cotización o por otra causa,:1:,2,1
28,1409250306,Edgar,10,1,5,<blank>,:1:2:10:,1,0
29,1410285640,Jorge,10,4,6,<blank>,:1:2:10:,1,0
30,1410285649,Francisco,10,4,7,<blank>,:1:2:10:,1,0
31,1410291739,Unidad de Coordinación del Sistema,2,4,9,<blank>,:1:2:,1,0
42,1424965979,Comisario,2,1,11,<blank>,:1:2:,1,0
44,1453307573,Dirección General,2,1,12,Dirección,:1:2:,1,0
45,1455127774,Ninemi Espinosa,14,1,3,<blank>,:1:2:14:,1,0
48,1455127821,Roberto Torres,14,1,6,<blank>,:1:2:14:,1,0
49,1455127829,Raquel Robles,14,1,7,<blank>,:1:2:14:,1,0
50,1455127843,Minerva López,14,1,8,<blank>,:1:2:14:,1,0
51,1455127862,Enrique Gallegos,14,1,9,<blank>,:1:2:14:,1,0
64,1548096880,Coordinación General de Organización y Planeación,2,62,14,<blank>,:1:2:,1,0
65,1548274697,Unidad Estadística Socio Demográfica,2,62,15,<blank>,:1:2:,1,0
66,1548277700,CGOP,2,62,4,Coordinación General de Organización y Planeación,:1:2:,1,0
67,1548367573,CGA,2,62,16,Coordinación General de Administración,:1:2:,1,0
68,1548367837,CGJ,2,62,17,Coordinación General Jurídica,:1:2:,1,0
69,1548368010,CGTI,2,62,18,Coordinación General de Tecnologías de Información,:1:2:,1,0
70,1548368150,OIC,2,62,19,Órgano Interno de Control,:1:2:,1,0
71,1548368320,DCSI,2,62,20,Dirección de Coordinación del Sistema de Información,:1:2:,1,0
72,1548368458,DESD,2,62,21,Dirección de Información Estadística Demográfica y Social,:1:2:,1,0
73,1548368602,DEEF,2,62,22,Dirección de Información Estadística Económica y Financiera,:1:2:,1,0
74,1548368738,DEGA,2,62,23,Dirección de Información Estadística Geográfica y Ambiental,:1:2:,1,0
75,1548368873,DEGS,2,62,24,Dirección de Información de Gobierno Seguridad y Justicia,:1:2:,1,0
76,1551115815,DG,2,62,25,Dirección General,:1:2:,1,0

