id,pwd,email,login,quota,theme,role,hidden,disabled,fullName,comment,language,loginfailures,pwdExpiration
1,81dc9bdb52d04dc20036dbd8313ed055,NULL,admin,0,bootstrap,1,0,0,Administrator,<blank>,es_ES,0,0000-00-00 00:00:00
2,NULL,NULL,guest,0,bootstrap,2,0,0,Guest User,<blank>,es_ES,0,0000-00-00 00:00:00
4,534cc93e2eaa2d396abe4d3eb7cd0728,NULL,corozco,NULL,bootstrap,1,0,1,Carmen Orozco,<blank>,es_ES,0,2014-07-30 11:43:22
5,bc3e8ad39d15f5379370c23079943958,benjamin.mariscal@gmail.com,bmariscal,NULL,bootstrap,1,0,1,Benjamín Mariscal,<blank>,es_ES,0,0000-00-00 00:00:00
6,1a9ee9c19d77374c204aa58fa27ee944,dante.delgadillo@jalisco.gob.mx,ddelgadillo,NULL,bootstrap,1,0,1,Dante Delgadillo,<blank>,es_ES,0,0000-00-00 00:00:00
7,c5a1a98649a7874de0def093eb136262,NULL,mlopez,NULL,bootstrap,1,0,1,Miguel Lopez,<blank>,es_ES,0,0000-00-00 00:00:00
8,5791a3fc9b1f69f41591d2948d7255be, scardenas61@gmail.com,scardenas,NULL,bootstrap,1,0,1,Ing. Salvador Cárdenas,<blank>,es_ES,0,2015-01-13 11:24:36
9,1ad0ec05eeb57ad6a5853639c81b7984,montserrat.iieg@gmail.com,jaltamirano,NULL,bootstrap,1,0,1,Montserrat Guevara,<blank>,es_ES,0,0000-00-00 00:00:00
10,763b8741d9f1a6fb4e0b72865d993f33, coconuthelen@gmail.com,smachuca,NULL,bootstrap,0,0,1,Socorro Machuca,<blank>,es_ES,0,2014-09-15 10:59:50
11,827ccb0eea8a706c4c34a16891f84e7b,juan.deltoro@iieg.gob.mx,jdeltoro,NULL,bootstrap,0,0,0,Juan Jose del Toro,<blank>,es_ES,0,0000-00-00 00:00:00
12,da6fa909f1c0188c539feb08d4496eb7,fisivangomez@gmail.com,igomez,NULL,bootstrap,0,0,1,Iván Gómez,<blank>,es_ES,0,0000-00-00 00:00:00
13,e13d7065f3c86ef04ddaf9bdec4d747f,carlos.e1772@gmail.com ,cesquivel,NULL,bootstrap,1,0,1,Carlos Esquivel,<blank>,es_ES,0,0000-00-00 00:00:00
14,36182d6c0423fd89749b340e95f61937,sergio.zavala@iieg.gob.mx,szavala,NULL,bootstrap,0,0,0,Sergio Zavala Mercado,<blank>,es_ES,0,0000-00-00 00:00:00
15,81dc9bdb52d04dc20036dbd8313ed055,NULL,jgomez,NULL,bootstrap,0,0,1,Jorge Gómez,<blank>,es_ES,0,0000-00-00 00:00:00
16,fdcd4ac0dd5c454a5f3bcd57223e92ba,lupis3926@gmail.com,glarios,NULL,bootstrap,1,0,0,Guadalupe Larios,<blank>,es_ES,0,2021-03-23 16:30:02
17,767691b654c3259873dc1ea7a799a185,0,slopez,NULL,bootstrap,0,0,1,Sergio López,<blank>,es_ES,0,0000-00-00 00:00:00
18,3229bf45cb9d7b517edc4327c6a64f34,dd,glevine,NULL,bootstrap,0,0,1,Guillermo Levine,<blank>,es_ES,0,0000-00-00 00:00:00
19,25950f4e6ed9cba426093df43219536d,benjamin.mariscal@gmail.com,rogelio.campos,NULL,bootstrap,1,0,1,Mto. Rogelio Campos,<blank>,es_ES,0,0000-00-00 00:00:00
21,063f49f1ae74ec02ed2b924b5b99068b,NULL,fsaldaña,NULL,bootstrap,0,0,1,Francisco Saldaña,<blank>,es_ES,0,0000-00-00 00:00:00
22,e975b3ac018680e1268047843ac4d57c,alejandra.delatorre@iieg.gob.mx,adelatorre,NULL,bootstrap,0,0,0,Alejandra de la Torre,<blank>,es_ES,0,2019-10-23 17:06:01
23,082dd3179733e3e716a58eb90f418a78,NULL,jchavez,NULL,bootstrap,0,0,1,Julián Chavez Balderrama,<blank>,es_ES,0,0000-00-00 00:00:00
24,021bd32a43cbd0a5326d1ed9464ebed9,NULL,rcampos,NULL,bootstrap,0,0,1,José Ramón Campos,<blank>,es_ES,0,0000-00-00 00:00:00
25,81dc9bdb52d04dc20036dbd8313ed055,omare.soto.arteaga@gmail.com,osoto,NULL,bootstrap,0,0,1,Omar Soto,<blank>,es_ES,0,0000-00-00 00:00:00
26,848ffd503f98d2368d47abceb4821465,NULL,wcastro,NULL,bootstrap,0,0,1,Willaldo Castro,<blank>,es_ES,0,0000-00-00 00:00:00
27,6bf01625fb09cd84df66f8fcc9a38e2d,guadalupe.plascencia@iieg.gob.mx,gplascencia,NULL,bootstrap,0,0,0,Maria Guadalupe Plascencia,<blank>,es_ES,0,0000-00-00 00:00:00
28,a14c147048df7f5f4bc4c32762d32457,NULL,mguevara,NULL,bootstrap,0,0,1,Montserrat Guevara,<blank>,es_ES,0,0000-00-00 00:00:00
29,aa4d97ba8445606dc936cd5ed4bcd290,carlos.garibaldi@iieg.gob.mx,cgaribaldi,NULL,bootstrap,0,0,0,Carlos Garibaldi,<blank>,es_ES,0,2014-10-17 10:20:25
30,52f2f091c3628171f22c5ca0dea44375,conrado.romo@iieg.gob.mx,cromo,NULL,bootstrap,0,0,0,Conrado Romo,<blank>,es_ES,0,0000-00-00 00:00:00
32,63c5e79a89cf7336e25d68db0bfc4878,"cintia.garcia@iieg.gob.mx,javier.hernandez@iieg.gob.mx",cgarcia,NULL,bootstrap,0,0,0,Cintia García,<blank>,es_ES,0,0000-00-00 00:00:00
33,b50ac41ec20631c7b6be72f070d8ff67,NULL,htorres,NULL,bootstrap,0,0,1,Hermilio Torres,<blank>,es_ES,0,0000-00-00 00:00:00
34,5c3e6a760d2fa8eeac798e8ef95b4ef7,eaguilaj@gmail.com,jaguila,NULL,bootstrap,0,0,1,Javier Aguila,<blank>,es_ES,0,0000-00-00 00:00:00
35,b50ac41ec20631c7b6be72f070d8ff67,NULL,ftorres,NULL,bootstrap,0,0,1,Francisco Torres,<blank>,es_ES,0,0000-00-00 00:00:00
36,4c6aa22ff0ca8ef5faf7abe3e9716bdf,NULL,ralonso,NULL,bootstrap,0,0,1,José Raúl Alonso,<blank>,es_ES,0,0000-00-00 00:00:00
37,0858c0cf35f92e441a08f012761bbcf7,NULL,lcastellanos,NULL,bootstrap,0,0,1,Luis Daniel Castellanos,<blank>,es_ES,0,0000-00-00 00:00:00
38,ff76a211181c7cc0cd9def907f2ef043,octavio.garcia@iieg.gob.mx,ogarcia,NULL,bootstrap,1,0,0,Javier Octavio García Rangel,<blank>,es_ES,0,2020-05-06 17:11:34
39,150ed4b6a31180ad29718bab88dc3af6,ernesto.gaspar@iieg.gob.mx,egaspar,NULL,bootstrap,1,0,0,Ernesto Gaspar Cabrera,<blank>,es_ES,0,0000-00-00 00:00:00
40,aff94b2d344cb850c9c456e02f555c64,NULL,pcontreras,NULL,bootstrap,0,0,1,Paulina Contreras,<blank>,es_ES,0,0000-00-00 00:00:00
41,bdc9ef585ae773815768b3d6db954c9f,NULL,ppatiño,NULL,bootstrap,0,0,1,Patricia Patiño,<blank>,es_ES,0,0000-00-00 00:00:00
43,94f08392b433ef58e3c2c1c2e0e3cbdb,susana.galindo@iieg.gob.mx,sgalindo,NULL,bootstrap,0,0,0,Susana Galindo,<blank>,es_ES,0,0000-00-00 00:00:00
44,0d9e0475d41bf9b44e07121aea8a0585,NULL,bpeña,NULL,bootstrap,0,0,1,Bertha Oliva Peña,<blank>,es_ES,0,0000-00-00 00:00:00
45,fccfc3769cb2caa6958c2d3a8af2d358,NULL,ivazquez,NULL,bootstrap,0,0,1,Inés Vazquez,<blank>,es_ES,0,0000-00-00 00:00:00
46,ec8225af0776b3ee5a28678986159226,NULL,jandrade,NULL,bootstrap,0,0,1,José Andrade,<blank>,es_ES,0,0000-00-00 00:00:00
47,21ec6379d30e841a77ab321787a4ee0e,NULL,tmolina,NULL,bootstrap,0,0,1,Thelma Molina,<blank>,es_ES,0,0000-00-00 00:00:00
48,ebb3fe6806bfdaed1b5b0afc6de528b2,NULL,eaguirre,NULL,bootstrap,0,0,1,Enrique Aguirre,<blank>,es_ES,0,0000-00-00 00:00:00
49,bb56fcb6308c6f368f851ae6a29319fd,NULL,mquijas,NULL,bootstrap,0,0,1,Miguel Quijas,<blank>,es_ES,0,0000-00-00 00:00:00
50,e796e897b03dfa33388c5e26154376de,NULL,rgonzalez,NULL,bootstrap,0,0,1,Rodrigo Gonzalez,<blank>,es_ES,0,0000-00-00 00:00:00
51,0b4a7db11aaab6d963f000655d26bf3f,NULL,gsanchez,NULL,bootstrap,0,0,1,Gerardo Sánchez,<blank>,es_ES,0,0000-00-00 00:00:00
52,3a8e845d9e38a363a1bb1ea81c518f40,NULL,uviramontes,NULL,bootstrap,0,0,1,Ulises Viramontes,<blank>,es_ES,0,0000-00-00 00:00:00
53,c5bb5b006f97c84058f9f64d1c6c39df,santiago.ruiz@iieg.gob.mx,sruiz,NULL,bootstrap,1,0,0,Santiago Ruíz,<blank>,es_ES,0,0000-00-00 00:00:00
55,6f566a258e696bc454a217b861a9f270,gabriela.lara@iieg.gob.mx,glara,NULL,bootstrap,0,0,0,Gabriela Lara,<blank>,es_ES,0,2015-01-13 14:47:01
56,81dc9bdb52d04dc20036dbd8313ed055,NULL,vgama,NULL,bootstrap,0,0,1,Viviana Gama,<blank>,es_ES,0,0000-00-00 00:00:00
57,5e44852a0f2c5961bc84bbad151b7ace,francia.jimenez@iieg.gob.mx,fjimenez,NULL,bootstrap,0,0,0,Francia Edith Jimenez,<blank>,es_ES,0,0000-00-00 00:00:00
58,d7180fd20069768f3de9cbec6300c7eb,NULL,dgomez,NULL,bootstrap,0,0,1,Dolores Gómez,<blank>,es_ES,0,0000-00-00 00:00:00
59,7788b2bb7183fc9829b23cfc41861e35,NULL,aibarran,NULL,bootstrap,0,0,1,Adriana Ibarrán,<blank>,es_ES,0,0000-00-00 00:00:00
60,9713c934d8f5bafa4f3c89b49ea03b4e,martha.diaz@iieg.gob.mx,mdiaz,NULL,bootstrap,1,0,0,Martha Díaz,<blank>,es_ES,0,2021-04-28 20:34:29
61,ed146b49ccf1e8609c3974bda89d8467, m,mgarcia,NULL,bootstrap,0,0,1,Mario Gerardo García,<blank>,es_ES,0,0000-00-00 00:00:00
62,5422a4babd9ef5e18c9742924fb921be,edgar.cossio@iieg.gob.mx,ecossio,NULL,bootstrap,1,0,1,Edgar Gonzalo Cossio,<blank>,es_ES,0,2021-03-16 19:03:28
63,81dc9bdb52d04dc20036dbd8313ed055,palom,psanz,NULL,bootstrap,1,0,1,Paloma Anayansi Sanz,<blank>,es_ES,0,0000-00-00 00:00:00
64,e10adc3949ba59abbe56e057f20f883e,gabygarciarobles@gmail.com,ggarcia,NULL,bootstrap,0,0,1,Gabriela García,<blank>,es_ES,0,0000-00-00 00:00:00
65,c44c9e0b09501f374cfb64952e80eb2d,ninemie@gmail.com,nespinosa,NULL,bootstrap,0,0,1,Ninemi Espinosa,<blank>,es_ES,0,0000-00-00 00:00:00
66,a689a91b6a5e6c4eb4b618de6457bb7b,cristina.corona@iieg.gob.mx,rccorona,NULL,bootstrap,0,0,1,Rosa Cristina Corona,<blank>,es_ES,0,0000-00-00 00:00:00
67,81dc9bdb52d04dc20036dbd8313ed055,beto.piporro@gmail.com,rtorres,NULL,bootstrap,0,0,1,Roberto Torres,<blank>,es_ES,0,0000-00-00 00:00:00
68,81dc9bdb52d04dc20036dbd8313ed055,mrxmp014@gmail.com,jmejia,NULL,bootstrap,0,0,1,Javier Mejia,<blank>,es_ES,0,0000-00-00 00:00:00
69,3dcaa51aabb5a6d253a717aa28866494,NULL,madame,NULL,bootstrap,0,0,1,adame,<blank>,es_ES,0,0000-00-00 00:00:00
70,81dc9bdb52d04dc20036dbd8313ed055,raquelroblesbo@gmail.com,rrobles,NULL,bootstrap,0,0,1,Raquel Robles,<blank>,es_ES,0,0000-00-00 00:00:00
71,81dc9bdb52d04dc20036dbd8313ed055,lsusana.alvarez@gmail.com,lalvarez,NULL,bootstrap,0,0,1,Laura Susana Alvarez,<blank>,es_ES,0,2016-05-18 20:29:44
72,ca581fdbac455af6f3565d09351c2bb1,NULL,mpadilla,NULL,bootstrap,0,0,1,José Manuel Padilla,<blank>,es_ES,0,0000-00-00 00:00:00
74,ff1954dda5901e0ac21e85bc1906d41c,melendezgmiriam@gmail.com,mmelendez,NULL,bootstrap,1,0,1,Miriam Melendez,<blank>,es_ES,0,2015-06-25 14:37:51
75,fd39c8d07f31c47e4f7165421e6c798d,joaquin.gallegos@iieg.gob.mx,jgallegos,NULL,bootstrap,0,0,0,Joaquin Gallegos Tejeda,<blank>,es_ES,0,0000-00-00 00:00:00
77,e2312eb46c2bde0e6bd9f4c7f9699fd7,mireya.pasillas@iieg.gob.mx,mpasillas,NULL,bootstrap,0,0,0,Elvira Mireya Pasillas Torres,<blank>,es_ES,0,0000-00-00 00:00:00
78,81dc9bdb52d04dc20036dbd8313ed055,manuelpadillas@gmail.com,jpadilla,NULL,bootstrap,0,0,1,José Manuel Padilla Sánchez,<blank>,es_ES,0,0000-00-00 00:00:00
79,81dc9bdb52d04dc20036dbd8313ed055,manuelpadillas@gmail.com,jmpadilla,NULL,bootstrap,0,0,1,Jose Manuel Padilla Sanchez,<blank>,es_ES,0,0000-00-00 00:00:00
80,81dc9bdb52d04dc20036dbd8313ed055,manuelpadillas@gmail.com,jm_padilla,NULL,bootstrap,0,0,1,José Manuel Padilla Sánchez,<blank>,es_ES,0,0000-00-00 00:00:00
81,81dc9bdb52d04dc20036dbd8313ed055,enriquegallegoscastillo@gmail.com,egallegos,NULL,bootstrap,0,0,1,Enrique Gallegos,<blank>,es_ES,0,0000-00-00 00:00:00
82,30b35c88b576c2e5190c1e9c8dcf8eba,denissei80@gmail.com,Denisse ,NULL,bootstrap,1,0,1,Denisse Ibarra,<blank>,es_ES,0,0000-00-00 00:00:00
83,6e50f2b23fd1f08e5b0c52cce938a4c5,lourdes.espinosa1102@gmail.com,lespinosa,NULL,bootstrap,0,0,1,Lourdes Espinosa,<blank>,es_ES,0,0000-00-00 00:00:00
84,e10adc3949ba59abbe56e057f20f883e,abraham.gutierrez@gmail.com,agutierrez,NULL,bootstrap,1,0,1,Abraham Gutierrez,<blank>,es_ES,0,0000-00-00 00:00:00

