id,name
7,Asignar: Socio Demográfica
8,Procesar Geográfica Ambiental
9,Cotizar
10,Entregar
11,Asignar: Ivan
15,Generar respuesta Geográfica Ambiental
17,Rechazar
18,Asignar: Económico Financiera
19,Asignar: Unidad Estadística Geográfica Ambiental
20,Asignar: Gobierno Seguridad y Justicia
21,Asignar: Tecnologías de la Información
22,Asignar: Asuntos Jurídicos
23,Asignar: Administración
24,Asignar: Transparencia
25,Asignar: Ana
26,Asignar: Mayra
27,Asignar: Ale Blanco
28,Dar Vo.Bo. Asuntos Jurídicos
29,Asignar: Miriam
30,Asignar: Jorge
31,Asignar: Francisco S.
32,Completar información
33,Validar Pago solicitud Geográfica
34,Concluir
35,Enviar cotizacion
36,Asignar: Gabriela Lara
37,Procesar Sociodemografica
38,Asignar: Vinculación
39,Asignar: Susana
40,Procesar Economico-Financiera
41,Asignar: Paulina Contreras
42,Asignar: Omar Soto
43,Procesar Vinculación
44,Asignar: Desarrollo de Software
45,Procesar Sistemas
46,Asignar: Dante
47,Asignar: Erubio
48,Asignar: Sergio López
49,Procesar Asuntos Jurídicos
50,Asignar: Cristina Corona
51,Procesar Administración
52,Asignar: Ninemi Espinosa
53,Asignar: Montserrat
54,Procesar Planeación
55,Generar respuesta sociodemográfica
56,Asignar: Francia
57,Procesar Gobierno Seguridad y Justicia
58,Generar respuesta Gobierno Seguridad y Justicia
59,Asignar: Alvarez Barraza Laura Susana
60,Procesar Control y Vigilancia
61,Procesar Tecnologías de la Información
62,Generar respuesta Control y Vigilancia
63,Asignar: Control y Vigilancia
64,Asignar Dirección General
65,Asignar: Javier Mejía
66,Asignar: Roberto Torres
67,Asignar: Raquel Robles
68,Asignar: Minerva López
69,Asignar: Enrique Gallegos
70,Asignar Denisse
71,Asignar: Lourdes Espinosa
72,Asignar: Coordinación General de Organización y Planeación
73,Asignar: Coordinación General de Administración
74,Asignar: Coordinación General Jurídica
75,Asignar: Coordinación General de Tecnologías de Información
76,Asignar: Comisario
77,Asignar: Unidad de Coordinación del Sistema
78,Asignar: Unidad Estadística Socio Demográfica
79,Asignar: Unidad Estadística Económico Financiera
80,"Asignar: Unidad de Gobierno, Seguridad y Justicia"
81,Asignar: Javier Águila
82,Asignar: Carlos Garibaldi
83,Asignar: Alejandra de la Torre
84,Asignar: CGOP
85,Asignar: CGA
86,Asignar: CGJ
87,Asignar: CGTI
88,Asignar: OIC
89,Asignar: DCSI
90,Asignar: DESD
91,Asignar: DEEF
92,Asignar: DEGA
93,Asignar: DEGS
94,Asignar: DG

