idcat_areas,mapa,nombre,ubicacion,descripcion,publicacion
36,"<iframe src=\\""https://www.google.com/maps/embed?pb=!1m18!1m12!1m3!1d1303.1411895450683!2d-105.3561222500199!3d22.51018969424095!2m3!1f0!2f0!3f0!3m2!1i1024!2i768!4f13.1!3m3!1m2!1s0x869e66e31e8928cd:0x51405b5c9f8bfac5!2sSolidaridad,+Acaponeta,+Nay.!5e0!3m2!1ses-419!2smx!4v1536773684294\\"" width=\\""400\\"" height=\\""300\\"" frameborder=\\""0\\"" style=\\""border:0\\"" allowfullscreen></iframe>",ACAPONETA,2,Agencias Foraneas,1
37,"<iframe src=\\""https://www.google.com/maps/embed?pb=!1m18!1m12!1m3!1d1565.5636033664027!2d-104.48406946858533!3d21.050334351804675!2m3!1f0!2f0!3f0!3m2!1i1024!2i768!4f13.1!3m3!1m2!1s0x8426e55002b685b7:0x615bfcd94ebf02d8!2sCalle+Hidalgo+Ote.+67,+Centro,+63900+Ahuacatlán,+Nay.!5e0!3m2!1ses-419!2smx!4v1536776111085\\"" width=\\""400\\"" height=\\""300\\"" frameborder=\\""0\\"" style=\\""border:0\\"" allowfullscreen></iframe>",AHUACATLÁN,2,Agencias Foraneas,1
38,"<iframe src=\\""https://www.google.com/maps/embed?pb=!1m18!1m12!1m3!1d3729.544521397181!2d-104.40657778452629!3d20.809707000594848!2m3!1f0!2f0!3f0!3m2!1i1024!2i768!4f13.1!3m3!1m2!1s0x84268c5fb3258417:0x974948259d0aefa5!2sIgnacio+Allende+14,+Amatlán+de+Cañas,+Nay.!5e0!3m2!1ses-419!2smx!4v1536776401171\\"" width=\\""400\\"" height=\\""300\\"" frameborder=\\""0\\"" style=\\""border:0\\"" allowfullscreen></iframe>",AMATLÁN DE CAÑAS,2,Agencia Foranea,1
39,"<iframe src=\\""https://www.google.com/maps/embed?pb=!1m18!1m12!1m3!1d3730.9008037096755!2d-105.3400762845267!3d20.75481430244833!2m3!1f0!2f0!3f0!3m2!1i1024!2i768!4f13.1!3m3!1m2!1s0x8421409541ec02cd:0xcb599a9141b54581!2sJosé+María+Morelos+40,+Sin+Nombre+Loc.+Bucerias,+63732+Bucerías,+Nay.!5e0!3m2!1ses-419!2smx!4v1536777166893\\"" width=\\""400\\"" height=\\""300\\"" frameborder=\\""0\\"" style=\\""border:0\\"" allowfullscreen></iframe>",BUCERÍAS,2,Agencia Foranea,1
40,"<iframe src=\\""https://www.google.com/maps/embed?pb=!1m18!1m12!1m3!1d3127.0629608959457!2d-104.90267543311444!3d21.242730145607098!2m3!1f0!2f0!3f0!3m2!1i1024!2i768!4f13.1!3m3!1m2!1s0x8427290452d3922f:0x6a63c45f152f1d23!2sPolicia+Estatal!5e0!3m2!1ses-419!2smx!4v1536779397022\\"" width=\\""400\\"" height=\\""300\\"" frameborder=\\""0\\"" style=\\""border:0\\"" allowfullscreen></iframe>",COMPOSTELA,2,Agencia Foranea,1
42,"<iframe src=\\""https://www.google.com/maps/embed?pb=!1m14!1m8!1m3!1d927.5168413169772!2d-104.8215785!3d21.5832934!3m2!1i1024!2i768!4f13.1!3m3!1m2!1s0x8427479337a56865:0x23f0ba981eb8a398!2sGuerrero,+Sin+Nombre+Loc.+Francisco+I.+Madero,+63500+Francisco+I.+Madero,+Nay.!5e0!3m2!1ses-419!2smx!4v1536780153059\\"" width=\\""400\\"" height=\\""300\\"" frameborder=\\""0\\"" style=\\""border:0\\"" allowfullscreen></iframe>",FCO. I. MADERO,2,Agencia Foranea,1
43,"<iframe src=\\""https://www.google.com/maps/embed?pb=!1m18!1m12!1m3!1d1841.2154375998145!2d-105.32208059744909!3d22.637718328268573!2m3!1f0!2f0!3f0!3m2!1i1024!2i768!4f13.1!3m3!1m2!1s0x869e8a072ede2c15:0x5fdac41ef5c2b9c9!2sHuajicori,+Nay.!5e0!3m2!1ses-419!2smx!4v1536780433477\\"" width=\\""400\\"" height=\\""300\\"" frameborder=\\""0\\"" style=\\""border:0\\"" allowfullscreen></iframe>",HUAJICORI,2,Agencia Foranea,1
44,"<iframe src=\\""https://www.google.com/maps/embed?pb=!1m18!1m12!1m3!1d1107.1227322731847!2d-104.3771690295745!3d21.03660098534247!2m3!1f0!2f0!3f0!3m2!1i1024!2i768!4f13.1!3m3!1m2!1s0x8426f7529a94ef61:0x12be7d665978dd97!2sZaragoza+Pte.+440,+Everardo+Peña+Navarro,+63958+Ixtlán+del+Río,+Nay.!5e0!3m2!1ses-419!2smx!4v1536780656367\\"" width=\\""400\\"" height=\\""300\\"" frameborder=\\""0\\"" style=\\""border:0\\"" allowfullscreen></iframe>",IXTLÁN DEL RÍO,2,Agencia Foránea,1
45,"<iframe src=\\""https://www.google.com/maps/embed?pb=!1m18!1m12!1m3!1d1861.0570954267687!2d-104.43601257079624!3d21.108013150124687!2m3!1f0!2f0!3f0!3m2!1i1024!2i768!4f13.1!3m3!1m2!1s0x8426fb0dcbef6333:0xc8dc856fab638430!2sMorelia+211,+San+Juan,+Centro,+63892+Jala,+Nay.!5e0!3m2!1ses-419!2smx!4v1536781367255\\"" width=\\""400\\"" height=\\""300\\"" frameborder=\\""0\\"" style=\\""border:0\\"" allowfullscreen></iframe>",JALA,2,Agencia Foránea\\r\\n,1
46,"<iframe src=\\""https://www.google.com/maps/embed?pb=!1m18!1m12!1m3!1d803.3608593187146!2d-105.0951356754604!3d21.48183117344349!2m3!1f0!2f0!3f0!3m2!1i1024!2i768!4f13.1!3m3!1m2!1s0x8420cbbbb54e7cd3:0x3f9a2efc3d6dc49d!2sJalisco,+Jalcocotán,+Nay.!5e0!3m2!1ses-419!2smx!4v1536781981659\\"" width=\\""400\\"" height=\\""300\\"" frameborder=\\""0\\"" style=\\""border:0\\"" allowfullscreen></iframe>",JALCOCOTÁN,2,Agencia Foránea,1
47,"<iframe src=\\""https://www.google.com/maps/embed?pb=!1m14!1m8!1m3!1d1866.1792516448245!2d-105.2657356!3d20.6956618!3m2!1i1024!2i768!4f13.1!3m3!1m2!1s0x842146874cab83a1:0x27815ce124bdfc96!2sprocuraduria+general+de+justicia!5e0!3m2!1ses-419!2smx!4v1536782807370\\"" width=\\""400\\"" height=\\""300\\"" frameborder=\\""0\\"" style=\\""border:0\\"" allowfullscreen></iframe>",JARRETADERAS,2,Agencia Foránea,1
48,"<iframe src=\\""https://www.google.com/maps/embed?pb=!1m18!1m12!1m3!1d7385.375548929125!2d-104.52141272293817!3d22.251922171248665!2m3!1f0!2f0!3f0!3m2!1i1024!2i768!4f13.1!3m3!1m2!1s0x869d96dd222aaca7:0x14baf4a7ac3bb7ab!2zSmVzw7pzIE1hcsOtYSwgTmF5Lg!5e0!3m2!1ses-419!2smx!4v1536783142890\\"" width=\\""400\\"" height=\\""300\\"" frameborder=\\""0\\"" style=\\""border:0\\"" allowfullscreen></iframe>",JESÚS MARÍA,2,Agencia Foránea,1
49,"<iframe src=\\""https://www.google.com/maps/embed?pb=!1m18!1m12!1m3!1d2633.1602593597036!2d-105.2503790283504!3d21.038649027945578!2m3!1f0!2f0!3f0!3m2!1i1024!2i768!4f13.1!3m3!1m2!1s0x842125b8c05a5ef9:0xe47cfdf5f41f07b9!2sBahía+de+Banderas+Sur+11,+Centro,+63720+La+Peñita+de+Jaltemba,+Nay.!5e0!3m2!1ses-419!2smx!4v1536783609569\\"" width=\\""400\\"" height=\\""300\\"" frameborder=\\""0\\"" style=\\""border:0\\"" allowfullscreen></iframe>",LA PEÑITA DE JALTEMBA,2,Agencia Foránea,1
50,"<iframe src=\\""https://www.google.com/maps/embed?pb=!1m18!1m12!1m3!1d1106.0718875410441!2d-105.14150378681079!3d21.177553561336147!2m3!1f0!2f0!3f0!3m2!1i1024!2i768!4f13.1!3m3!1m2!1s0x8420d61a41c0a40b:0x2498438e71a057b5!2sMichoacán+Sur,+63715+Las+Varas,+Nay.!5e0!3m2!1ses-419!2smx!4v1537202767931\\"" width=\\""400\\"" height=\\""300\\"" frameborder=\\""0\\"" style=\\""border:0\\"" allowfullscreen></iframe>",LAS VARAS,2,Agencia Foránea,1
51,"<iframe src=\\""https://www.google.com/maps/embed?pb=!1m18!1m12!1m3!1d1102.1821792043522!2d-104.08057649999999!3d21.691686300000004!2m3!1f0!2f0!3f0!3m2!1i1024!2i768!4f13.1!3m3!1m2!1s0x8427976d906b39cd:0x158caaa69e9c51b9!2sPlaza+Progreso!5e0!3m2!1ses-419!2smx!4v1537203128397\\"" width=\\""400\\"" height=\\""300\\"" frameborder=\\""0\\"" style=\\""border:0\\"" allowfullscreen></iframe>",PUENTE DE CAMOTLÁN,2,Agencia Foránea,1
52,"<iframe src=\\""https://www.google.com/maps/embed?pb=!1m18!1m12!1m3!1d10539.888875365432!2d-105.26811070030175!3d21.02512596165525!2m3!1f0!2f0!3f0!3m2!1i1024!2i768!4f13.1!3m3!1m2!1s0x842125ad195d91f5:0x51a6c1bed56a9ae5!2sRincón+de+Guayabitos,+Nay.!5e0!3m2!1ses-419!2smx!4v1537203718915\\"" width=\\""400\\"" height=\\""300\\"" frameborder=\\""0\\"" style=\\""border:0\\"" allowfullscreen></iframe>",RINCÓN DE GUAYABITOS,2,Agencia Foránea,1
53,"<iframe src=\\""https://www.google.com/maps/embed?pb=!1m18!1m12!1m3!1d3482.4906475935495!2d-105.21037475394071!3d22.121441433780927!2m3!1f0!2f0!3f0!3m2!1i1024!2i768!4f13.1!3m3!1m2!1s0x869e0fdad7e45ab1:0xeae24411574494fd!2sQuerétaro,+Rosamorada,+Nay.!5e0!3m2!1ses-419!2smx!4v1537204033642\\"" width=\\""400\\"" height=\\""300\\"" frameborder=\\""0\\"" style=\\""border:0\\"" allowfullscreen></iframe>",ROSAMORADA,2,Agencia Foránea,1
54,"<iframe src=\\""https://www.google.com/maps/embed?pb=!1m18!1m12!1m3!1d3700.597044338384!2d-105.1458850737496!3d21.95003732007166!2m3!1f0!2f0!3f0!3m2!1i1024!2i768!4f13.1!3m3!1m2!1s0x869e0236815cd157:0xbcb2fd1c0f94b16f!2sMiguel+Hidalgo+48,+Centro,+63600+Ruiz,+Nay.!5e0!3m2!1ses-419!2smx!4v1537204246005\\"" width=\\""400\\"" height=\\""300\\"" frameborder=\\""0\\"" style=\\""border:0\\"" allowfullscreen></iframe>",RUIZ,2,Agencia Foránea,1
55,"<iframe src=\\""https://www.google.com/maps/embed?pb=!1m18!1m12!1m3!1d3073.858040543203!2d-105.21812617941278!3d21.809306543467084!2m3!1f0!2f0!3f0!3m2!1i1024!2i768!4f13.1!3m3!1m2!1s0x8420a8b2824a9843:0xc22112d053302bda!2sSantiago+Ixcuintla,+Nay.!5e0!3m2!1ses-419!2smx!4v1537204781610\\"" width=\\""400\\"" height=\\""300\\"" frameborder=\\""0\\"" style=\\""border:0\\"" allowfullscreen></iframe>",SANTIAGO IXCUINTLA,2,Agencia Foránea,1
56,"<iframe src=\\""https://www.google.com/maps/embed?pb=!1m18!1m12!1m3!1d551.6497013730251!2d-105.2842658873598!3d21.545211001545116!2m3!1f0!2f0!3f0!3m2!1i1024!2i768!4f13.1!3m3!1m2!1s0x8420b89480762fe7:0xd85e6324d80eebc3!2sNicolás+Bravo+&+Aviación,+Flores+Muñoz,+63742+San+Blas,+Nay.!5e0!3m2!1ses-419!2smx!4v1537205074145\\"" width=\\""400\\"" height=\\""300\\"" frameborder=\\""0\\"" style=\\""border:0\\"" allowfullscreen></iframe>",SAN BLAS,2,Agencia Foránea,1
57,"<iframe src=\\""https://www.google.com/maps/embed?pb=!1m18!1m12!1m3!1d1859.6117381799131!2d-104.7514717657813!3d21.222985041640964!2m3!1f0!2f0!3f0!3m2!1i1024!2i768!4f13.1!3m3!1m2!1s0x842720b53dace269:0xd0584a3ed2f25c9d!2sCuauhtémoc+22,+Arriba,+San+Pedro+Lagunillas,+Nay.!5e0!3m2!1ses-419!2smx!4v1537205464139\\"" width=\\""400\\"" height=\\""300\\"" frameborder=\\""0\\"" style=\\""border:0\\"" allowfullscreen></iframe>",SAN PEDRO LAGUNILLAS,2,Agencia Foránea,1
58,"<iframe src=\\""https://www.google.com/maps/embed?pb=!1m18!1m12!1m3!1d1858.1991042753004!2d-104.58921182425249!3d21.33478273875302!2m3!1f0!2f0!3f0!3m2!1i1024!2i768!4f13.1!3m3!1m2!1s0x8427196ad7335911:0xc4793df71f9df052!2sHidalgo+14,+Centro,+Santa+María+del+Oro,+Nay.!5e0!3m2!1ses-419!2smx!4v1537205680616\\"" width=\\""400\\"" height=\\""300\\"" frameborder=\\""0\\"" style=\\""border:0\\"" allowfullscreen></iframe>",SANTA MARÍA DEL ORO,2,Agencia Foránea,1
59,"<iframe src=\\""https://www.google.com/maps/embed?pb=!1m18!1m12!1m3!1d3728.0683457695914!2d-105.4404695845257!3d20.869295298577597!2m3!1f0!2f0!3f0!3m2!1i1024!2i768!4f13.1!3m3!1m2!1s0x84211671a7ba70a9:0x2bc28607ef561d41!2sAv+Revolución+&+Manuel+Rodriguez+Sanchez,+Sayulita,+Nay.!5e0!3m2!1ses-419!2smx!4v1537205905617\\"" width=\\""400\\"" height=\\""300\\"" frameborder=\\""0\\"" style=\\""border:0\\"" allowfullscreen></iframe>",SAYULITA,2,Agencia Foránea,1
60,"<iframe src=\\""https://www.google.com/maps/embed?pb=!1m18!1m12!1m3!1d3688.929833892828!2d-105.4619893845109!3d22.39400244514475!2m3!1f0!2f0!3f0!3m2!1i1024!2i768!4f13.1!3m3!1m2!1s0x869e4306d21035dd:0x68b306cecf4dba84!2sPuebla+Sur+202,+Centro,+63440+Tecuala,+Nay.!5e0!3m2!1ses-419!2smx!4v1537206086201\\"" width=\\""400\\"" height=\\""300\\"" frameborder=\\""0\\"" style=\\""border:0\\"" allowfullscreen></iframe>",TECUALA,2,Agencia Foránea,1
61,"<iframe src=\\""https://www.google.com/maps/embed?pb=!1m18!1m12!1m3!1d3700.731294118999!2d-105.30093478451538!3d21.944879161246618!2m3!1f0!2f0!3f0!3m2!1i1024!2i768!4f13.1!3m3!1m2!1s0x869e1c32535f9f79:0xd0799ccfefadc0a0!2sHidalgo+Ote.+115,+Centro,+63200+Tuxpan,+Nay.!5e0!3m2!1ses-419!2smx!4v1537206359777\\"" width=\\""400\\"" height=\\""300\\"" frameborder=\\""0\\"" style=\\""border:0\\"" allowfullscreen></iframe>",TUXPAN,2,Agencia Foránea,1
62,"<iframe src=\\""https://www.google.com/maps/embed?pb=!1m18!1m12!1m3!1d2217.7348103434565!2d-105.245368174575!3d20.80057043847365!2m3!1f0!2f0!3f0!3m2!1i1024!2i768!4f13.1!3m3!1m2!1s0x8421386cf3fa7783:0xe30b1d92733eb865!2sHidalgo+371,+Sin+Nombre+Loc.+Valle+de+Banderas,+63730+Valle+de+Banderas,+Nay.!5e0!3m2!1ses-419!2smx!4v1537206611191\\"" width=\\""400\\"" height=\\""300\\"" frameborder=\\""0\\"" style=\\""border:0\\"" allowfullscreen></iframe>",VALLE DE BANDERAS,2,Agencia Foránea,1
63,"<iframe src=\\""https://www.google.com/maps/embed?pb=!1m18!1m12!1m3!1d2620.5888584759723!2d-105.23463662358026!3d21.738722393136758!2m3!1f0!2f0!3f0!3m2!1i1024!2i768!4f13.1!3m3!1m2!1s0x8420a542784015cf:0x9aa3eb565b8f322a!2sNiños+Heroes+153,+Las+Colonias,+Centro,+63550+Villa+Hidalgo,+Nay.!5e0!3m2!1ses-419!2smx!4v1537206893665\\"" width=\\""400\\"" height=\\""300\\"" frameborder=\\""0\\"" style=\\""border:0\\"" allowfullscreen></iframe>",VILLA HIDALGO,2,Agencia Foránea,1
64,"<iframe src=\\""https://www.google.com/maps/embed?pb=!1m18!1m12!1m3!1d2625.8587973436543!2d-104.90217963845922!3d21.447902694914607!2m3!1f0!2f0!3f0!3m2!1i1024!2i768!4f13.1!3m3!1m2!1s0x84273123a7599737:0x57714c52ea6b20e8!2sDurango+86,+Xalisco+Centro,+63780+Xalisco,+Nay.!5e0!3m2!1ses-419!2smx!4v1537207128751\\"" width=\\""400\\"" height=\\""300\\"" frameborder=\\""0\\"" style=\\""border:0\\"" allowfullscreen></iframe>",XALISCO,2,Agencia Foránea,1

