idcat_apar,titulo,seccion,clasificado
1,<blank>,Ayudas y Subsidios,1
1,<blank>,Endeudamiento Neto,2
1,<blank>,Estado Analítico de Ingresos,3
1,<blank>,Estado Analítico de la Deuda y Otros Pasivos,4
1,<blank>,Estado Analítico del Activo,5
1,<blank>,Estado Analítico del Ejercicio del Presupuesto de Egresos Clasificación Económica,6
1,<blank>,Estado Analítico del Ejercicio del Presupuesto de Egresos Clasificación Funcional,7
1,<blank>,Estado Analítico del Ejercicio del Presupuesto de Egresos Clasificaciòn por Objeto del Gasto,8
1,<blank>,Estado Analítico del Ejercicio Presupuesto de Egresos Clasificación Administrativa,9
1,<blank>,Estado con Clasificacion de Gasto por Categoria Programatica,10
1,<blank>,Estado de Actividades,11
1,<blank>,Estado de Cambios en la Situacion Financiera ,12
1,<blank>,Estado de Flujo de Efectivo,13
1,<blank>,Estado de Situacion Financiera,14
1,<blank>,Estado de Variacion en la Hacienda Publica,15
1,<blank>,Indicadores de Resultados,16
1,<blank>,Intereses de la Deuda ,17
1,<blank>,Inventario de Bienes Muebles ,18
1,<blank>,Notas a los Estados Financieros,19
1,<blank>,Pasivos Contingentes,20
1,<blank>,Programas y Proyectos de Inversion,21
22,Estado Analítico de la Deuda y Otros Pasivos,2,1
23,Estado Analítico del Activo,2,1
24,Estado de Actividades,2,1
25,Estado de Cambios en la Situación Financiera,2,1
26,Estado de Flujos de Efectivo,2,1
27,Estado de Situación Financiera,2,1
28,Estado de Variación en la Hacienda Pública,2,1
29,Informe de Pasivos Contingentes,2,1
30,Endeudamiento Neto,2,2
31,Estado Analítico de Ingresos,2,2
32,Estado Analítico del Ejercicio del Presupuesto de Egresos Clasificación Económica,2,2
33,Estado Analítico del Ejercicio del Presupuesto de Egresos Clasificación Funcional,2,2
34,Estado Analítico del Ejercicio del Presupuesto de Egresos Clasificaciòn por Objeto del Gasto,2,2
35,Estado Analítico del Ejercicio Presupuesto de Egresos Clasificación Administrativa,2,2
36,Intereses de la Deuda,2,2
37,Gasto por Categoría Programática,2,3
38,Indicadores de Resultados,2,3
39,Programas y Proyectos de Inversión,2,3
3,<blank>,D.1.11 Ayudas y Subsidios,40
3,<blank>,D.5.1 Programa de Evaluación,41
3,<blank>,D.5.4 Relacion de bienes Muebles e Inmuebles que componen el inventario,42
4,<blank>,Ejercicio del Gasto,43
5,<blank>,Introducción y Contenido,48
5,<blank>,Estado de Situación Financiera,49
5,<blank>,Estado de Actividades,50
5,<blank>,Estado de Variación en la Hacienda Pública,51
5,<blank>,Estado de Cambios en la Situación Financiera,52
5,<blank>,Estado de Flujos de Efectivo,53
5,<blank>,Estado Analítico del Activo,54
5,<blank>,Estado Analítico de la Deuda y otros Pasivos,55
5,<blank>,Informe sobre Pasivos Contingentes,56
5,<blank>,Notas a los Estados Financieros,57
5,<blank>,Estado Analítico de Ingresos,58
5,<blank>,Estado Analítico del Ejercicio del Presupuesto de Egresos (Objeto del Gasto),59
5,<blank>,Estado Analítico del Ejercicio del Presupuesto de Egresos (Clasificación Económica),60
5,<blank>,Estado Analítico del Ejercicio del Presupuesto de Egresos (Clasificación Administrativa),61
5,<blank>,Estado Analítico del Ejercicio del Presupuesto de Egresos (Clasificación Funcional),62
5,<blank>,Endeudamiento Neto,63
5,<blank>,Intereses de la Deuda,64
5,<blank>,Indicadores de Postura Fiscal,65
5,<blank>,Gasto por Categoría Programática,66
5,<blank>,Programas y Proyectos de Inversión,67
5,<blank>,Indicadores de Resultados,68
5,<blank>,Relación de Bienes Muebles que Componen el Patrimonio,69
5,<blank>,Relación de Bienes Inmuebles que Componen el Patrimonio,70
5,<blank>,Relación de Cuentas Bancarias Productivas Específicas de los Recursos Federales,71
5,<blank>,Relación de Esquemas Bursátiles y de Coberturas Financieras,72
5,<blank>,Información Adicional que Dispongan otras Leyes,73
5,<blank>,"Formato 1, Estado de Situación Financiera Detallado",74
5,<blank>,"Formato 2, Informe Analítico de la Deuda Pública y Otros Pasivos",75
5,<blank>,"Formato 3, Informe Analítico de Obligaciones Diferentes de Financiamientos",76
5,<blank>,"Formato 4, Balance Presupuestario",77
5,<blank>,"Formato 5, Estado Analítico de Ingresos Detallado",78
5,<blank>,Formato 6 a) Estado Analítico del Ejercicio del Presupuesto de Egresos Detallado (Clasificación por Objeto del Gasto),79
5,<blank>,Formato 6 b) Estado Analítico del Ejercicio del Presupuesto de Egresos Detallado (Clasificación Administrativa),80
5,<blank>,Formato 6 c) Estado Analítico del Ejercicio del Presupuesto de Egresos Detallado (Clasificación Funcional),81
5,<blank>,Formato 6 d) Estado Analítico del Ejercicio del Presupuesto de Egresos Detallado (Clasificación Servicios Personales),82
5,<blank>,Guía de Cumplimiento de la Ley de Disciplina Financiera de las Entidades Federativas y Municipios,83
6,<blank>,FORMATO DE LA DECLARACIÓN DE INICIO,84
6,<blank>,FORMATO DE LA DECLARACIÓN DE MODIFICACIÓN,85
6,<blank>,FORMATO DE LA DECLARACIÓN DE CONCLUSIÓN,86

