idcon_areas,fkarea,titulo,contenido
56,36,UNIDAD DE INV. Y TRADICIONAL,M.P. Roberto González López\\r\\nM.P. Edilberto Ochoa Sánchez
57,36,U.S.A.P.,Lic. Cynthia Dynora Rodríguez Munguía
58,36,DOMICILIO,"Boulevard Solidaridad S/N. Entrada a Acaponeta, Nayarit."
59,37,UNIDAD DE INV. Y TRADICIONAL,M.P. Lic. Elia Guadalupe Llamas Becerra
61,38,UNIDAD DE INV. Y TRADICIONAL,M.P. Lic. Horacio Pérez Delgado
62,38,DOMICILIO,"Allende No. 14, Colonia Centro."
63,39,UNIDAD DE INV. Y TRADICIONAL,M.P. Lic. Erika Janeth Soledad Cruz Vargas\\r\\nM.P. Lic. Daniel Gilberto Hernández López\\r\\nM.P. Lic. Cecilia Paola Orozco Domínguez
64,39,U.S.A.P.,Lic. Sinforiana González Zepeda
66,40,UNIDAD DE INV. Y TRADICIONAL,M.P. Lic. Jorge Arturo López Gallo\\r\\nM.P. Lic. Cristian Omar González Ochoa
67,40,DIRECCION,"Hidalgo No. 275-B, colonia Santana."
68,42,UNIDAD DE INV. Y TRADICIONAL,M.P. Lic. María de la Luz Avila Ferrel
69,42,DOMICILIO,"Vicente Guerrero No. 27 esq. con Queretaro, Col. Centro."
70,43,UNIDAD DE INV. Y TRADICIONAL,M.P. Lic. José Luis Bautista Álvarez
72,44,UNIDAD DE INV. Y TRADICIONAL,M.P. Lic. Mario Villela Bonilla\\r\\nM.P. Lic. Janneth Peregrina Cambero Rodríguez\\r\\nM.P. Lic. Santiago Sifried Elías Cano\\r\\nM.P. Lic. Angélica Machuca Peña\\r\\nM.P. Lic. Fabiola León Ramírez
73,44,DOMICILIO,Zaragoza No. 440 pte. Col. Centro.
74,45,UNIDAD DE INV. Y TRADICIONAL,M.P. Lic. Rosa Isela Ventura López
76,46,UNIDAD DE INV. Y TRADICIONAL,M.P. Lic. Salvador González Carvajal
78,47,UNIDAD DE INV. Y TRADICIONAL,M.P. Lic. Francisco Zúñiga Salazar\\r\\nM.P. Lic. Sergio Virgen Pacheco\\r\\nM.P. Lic. Karina Elizabeth Carrillo Gómez
79,47,U.S.A.P.,Selene Madai Rentería López (Facilitador)
81,48,UNIDAD DE INV. Y TRADICIONAL,M.P. Lic. Edwin Usiel Soto Cruz
83,49,UNIDAD DE INV. Y TRADICIONAL,M.P. Lic. Jorge Alexis Arce Tiznado
85,50,UNIDAD DE INV. Y TRADICIONAL,M.P. Lic. Flavio Escobedo Diaz\\r\\nM.P. Lic. E. Omar Modesto Lopez
86,50,U.S.A.P.,Lic. Beatriz Fausto Ramos
88,50,DOMICILIO,"Michoacán esquina Hidalgo, Colonia San José."
89,51,UNIDAD DE INV. Y TRADICIONAL,M.P. Lic. Cruz Fabian García Díaz\\r\\n
91,52,UNIDAD DE INV. Y TRADICIONAL,M.P. Lic. Hector Andres Rangel
93,53,UNIDAD DE INV. Y TRADICIONAL,M.P. Lic. Leopoldo Vega Sillas\\r\\nM.P. Lic. Omar Lenin Hinojosa Fregoso
95,54,UNIDAD DE INV. Y TRADICIONAL,M.P. Lic. Azucena Esmeralda Franco Santoyo\\r\\nM.P. Lic. Ramón Karinkos Cabuto Hernández
97,55,ATENCION TEMPRANA,M.P. Lic. Osvaldo Alvarado Hernández
98,55,UNIDAD DE INV. Y TRADICIONAL,M.P. Lic. Doria Esther Fausto Ramos\\r\\nM.P. Lic. Luis Abel Ríos Constante\\r\\nM.P. Lic. Samuel Partida Benítez
99,55,U.S.A.P.,Lic. Evelyn Amairani Molina Rosas (Facilitadora)
100,56,UNIDAD DE INV. Y TRADICIONAL,M.P. Lic. Juan Arturo Corona del Toro\\r\\nM.P. Lic. Ricardo Saavedra Gómez\\r\\nM.P. Lic. Mariana Elizabeth Reynaga Jacobo
102,57,UNIDAD DE INV. Y TRADICIONAL,M.P. Lic. Emilio M. González Villa
104,58,UNIDAD DE INV. Y TRADICIONAL,M.P. Lic. Gilda María Casillas Barajas\\r\\nM.P. Lic. Adán Guillermo Ledezma Ortiz
105,58,DOMICILIO,"Hidalgo No. 14, Zona Centro."
106,59,UNIDAD DE INV. Y TRADICIONAL,M.P. Lic. Adolfo Vargas Ramos
107,59,DOMICILIO,Revolución s/n.esquina Manuel Plasencia.
108,60,UNIDAD DE INV. Y TRADICIONAL,M.P. Lic. José Ernesto Navarro Macias\\r\\nM.P. Lic. Cecilia de Jesús Rodríguez Munguia
109,60,U.S.A.P.,Lic. Cynthia Dynora Rodríguez Munguia
110,60,DOMICILIO,"Puebla No. 202 esq. con Hidalgo, colonia Centro."
111,61,UNIDAD DE INV. Y TRADICIONAL,M.P. Lic. Angelina Hernández Flores\\r\\nM.P. Lic. Santos Patricia Prado Cristerna
113,62,UNIDAD DE INV. Y TRADICIONAL,M.P. Lic. Kilpatrik N. Altamirano Santana\\r\\nM.P. Lic. Fabiola Eusebia Martínez Lerma
114,62,U.S.A.P.,Lic. Pisc. Ana Verónica Arvizu Partida
115,62,ATENCION TEMPRANA,M.P. Lic. Daniel Humberto Hermosillo López
116,62,DOMICILIO,Hidalgo No. 371 a un costado del DIF MUNICIPAL.
117,63,UNIDAD DE INV. Y TRADICIONAL,M.P. Lic. Rogelio Díaz Rodríguez\\r\\nM.P. Lic. Julio Cesar García Jiménez
119,64,UNIDAD DE INV. Y TRADICIONAL,M.P. Lic. Cesar Morales\\r\\nM.P. Lic. Patricia Elizabeth Román Hernández
120,64,U.S.A.P.,Lic. Elda Lucia Frausto Bañuelos
122,37,DOMICILIO,"Calle Oaxaca #89, Zona Centro, C.P 63900."
123,39,DOMICILIO,"Calle Morelos #40, segunda planta, colonia Las Palmas."
124,43,DOMICILIO,"Eugenio Guzmán #20, colonia Lindavista, C.P 63480"
125,45,DOMICILIO,"Calle Morelia #211 , Barrio San Juan, C.P63890"
126,46,DOMICILIO,"Calle Juárez #44, Barrio San Mateo, entre calle Tepic y San Luis."
127,47,DOMICILIO,"Carretera federal 200 Tepic-Puerto vallarta km 152+700, Jarretaderas. "
128,48,DOMICILIO,"Zona centro, s/n en contra esquina de la Primaria Anahuac"
129,49,DOMICILIO,"Bahía de Banderas #1, col Centro, C.P 63720"
130,51,DOMICILIO,"Calle Insurgentes S.N, esquina con Miguel Hidalgo (Portales de la Plaza Principal) "
131,52,DOMICILIO,"Calle Jaltemba #1, esquina con avenida sol nuevo, Zona Residencial, Rincón de Guayabitos, Nayarit."
132,53,DOMICILIO,Calle José Maria Mercado #19 esquina con Belizario Dominguez Rumbo al cerro de la Pila del Agua. Barrio del Rastro C.P. 63630
134,54,DOMICILIO,"Calle Mazatlán #5, Zona Centro, C.P 63600"
135,55,DOMICILIO,"Heroico Colegio militar s/n, a un costado del cereso Regional. Salida Carretera los corchos."
136,56,DOMICILIO,"Avenida aviación s/n, esquina con calle Bravo,Col. Flores Muñoz, C.P 63740"
137,57,DOMICILIO,"Guerrero #229, Bario Abajo, Código Postal 63800."
138,61,DOMICILIO,Calle México #72 colonia Centro esquina con independencia C.P. 73200.
139,63,DOMICILIO,"Calle Morelos #83, Col. Centro, C.P 63550"
140,64,DOMICILIO,"Calle Oro #1, esquina con niquel, Col. Bugambilias, C.P 63780\\r\\n"

