idamber,tez,alta,edad,foto,ojos,peso,sexo,tipo,foto2,hechos,nombre,rasgos,cabello,estatus,nombre2,denuncia,estatura,foliodes,municipio,complexion,nacimiento,vestimenta,consecutivo,edad_tiempo,publicacion,desaparicion,nacionalidad,actualizacion,observaciones,senas_particulares,consecutivo_prealerta
10,MORENO CLARA,2019-02-21 19:09:30,15,IMG_9205(1).jpg,"NEGROS,GRANDES.",47,0,AAN,NULL,"RESUMEN DE HECHOS: LA MENOR SALIÓ DEL DOMICILIO UBICADO DE LA COLONIA INDECO EN LA CIUDAD DE TEPIC, NAYARIT; VESTÍA BLUSA NEGRA, PANTALÓN AZUL MEZCLILLA, CHAMARRA NEGRA, BOTAS NEGRAS, SEÑA PARTICULAR TIENE UN LUNAR EN EL PECHO IZQUIERDO CAFÉ CLARO, SE CONSIDERA QUE LA INTEGRIDAD DE LA MENOR DE EDAD PUEDE ESTAR EN RIESGO, TODA VEZ QUE PUEDE SER VÍCTIMA DE LA COMISIÓN DE UN DELITO.                                                 ",JESSICA VIANEY ZAZUETA MACÍAS,NULL,"NEGRO,LARGO,LACIO.",0,NULL,2019-02-01,1.55,NULL,Tepic,DELGADA,2003-03-03,NULL,1,0,0,2019-02-01,MEXICANA,NULL,-,NULL,NULL
14,MORENO CLARA,2019-02-22 14:28:47,16,ALERTA AMBER NAYARIT.jpg,"CAFÉ OSCURO, CHICOS.",60,0,AAN,NULL,"                                                        RESUMEN DE HECHOS: LA MENOR SALIO DEL POBLADO GUADALUPE VICTORIA, MUNICIPIO DE SAN BLAS, NAYARIT; CON DIRECCIÓN A LA CIUDAD DE TEPIC, NAYARIT: Y YA NO REGRESO, VESTÍA BLUSA NEGRA DE TIRANTES, SHORT DE MEZCLILLA AZUL, TENIS BLANCOS, SEÑA PARTICULAR TIENE UN LUNAR NEGRO EN EL HOMBRO IZQUIERDO, HASTA EL DÍA DE HOY SE DESCONOCE SU PARADERO, SE CONSIDERA QUE LA INTEGRIDAD DE LA MENOR DE EDAD PUEDE ESTAR EN RIESGO, TODA VEZ QUE PUEDE SER VICTIMA DE LA COMISIÓN DE UN DELITO.                 ",JESSICA ARIANA MACÍAS CACHUA,NULL,"NEGRO,LARGO,RIZADO.",1,NULL,NULL,1.68,NULL,Tepic,DELGADA,2002-10-20,NULL,2,0,2,2019-01-11,MEXICANA,NULL,                                                        LA MENOR FUE LOCALIZADA EN EL ESTADO DE MICHOACÁN                                                      ,NULL,NULL
17,BLANCA,2019-02-23 18:07:40,5,04cdbf56-0444-4e62-b382-9e3f5ccf3346.JPG,"CAFÉS, MEDIANOS.",16,1,PRE,NULL,"                                                        RESUMEN DE LOS HECHOS: EL MENOR SALIÓ EN COMPAÑÍA DE SU PAPÁ DE LA CIUDAD DE TEPIC, NAYARIT Y YA NO REGRESARON.                                                    ",DHYLAN ALI ALCANZAR BECERRA,NULL,"CASTAÑO CLARO,CORTO,ONDULADO.",1,NULL,NULL,1.00,NULL,Tepic,DELGADA,2013-07-17,NULL,16,0,0,2018-12-17,MEXICANA,NULL,"                                                        BÚSQUEDA                                                      \\r\\nSE CONSIDERA QUE LA INTEGRIDAD DEL MENOR DE EDAD PUEDE ESTAR EN RIESGO, TODA VEZ QUE PUEDE SER VÍCTIMA DE LA COMISIÓN DE UN DELITO.   ",NULL,NULL
20,MORENO CLARO,2019-02-28 14:34:47,6,IMG_0590.JPG,"NEGROS, GRANDES",30,1,AAN,NULL,"RESUMEN DE HECHOS: EL MENOR SALIÓ DE SU DOMICILIO UBICADO EN XALISCO, NAYARIT; VESTÍA CAMISA NEGRA, PANTALÓN GRIS, TENIS GRIS CON NEGRO Y PORTABA UNA BOCINA CHICA COLOR ROJO COLGADA DEL CUELLO. TIENE LOS CUATRO DIENTES DEL FRENTE DE LA PARTE SUPERIOR CON CORONAS COLOR PLATA., SE CONSIDERA QUE LA INTEGRIDAD DEL MENOR DE EDAD PUEDE ESTAR EN RIESGO, TODA VEZ QUE PUEDE SER VÍCTIMA DE LA COMISIÓN DE UN DELITO.",FERNANDO GONZÁLEZ SORIA,NULL,"NEGRO, CORTO",1,NULL,NULL,1.20,NULL,Xalisco,DELGADO,2012-07-02,NULL,18,0,1,2019-02-21,MEXICANA,NULL,FUE LOCALIZADO CON BUEN ESTADO DE SALUD EL MISMO DÍA EN QUE SE EXTRAVIÓ.,NULL,NULL
22,MORENA CLARA,2019-02-28 14:47:38,11,IMG_0380.jpg,"CAFÉ, MEDIANOS",46,0,AAN,NULL,"RESUMEN DE HECHOS: LA MENOR SALIÓ DEL DOMICILIO UBICADO EN LA COLONIA EMILIO M. GONZÁLEZ, MUNICIPIO DE TEPIC, NAYARIT. VESTÍA BLUSA BLANCA, PANTS TINTO, TENIS BLANCOS Y PORTA UNA MOCHILA COLOR MORADO. COMO SEÑA PARTICULAR, TIENE UN LUNAR EN EL LADO IZQUIERDO DE LA BOCA., SE CONSIDERA QUE LA INTEGRIDAD DE LA MENOR DE EDAD PUEDE ESTAR EN RIESGO, TODA VEZ QUE PUEDE SER VÍCTIMA DE LA COMISIÓN DE UN DELITO.",NAHOMI ALEXANDRA GUZMÁN CAMARENA,NULL,"NEGRO, LARGO, LACIO",1,NULL,NULL,1.45,NULL,Tepic,DELGADA,2005-09-23,NULL,13,0,1,2019-02-12,MEXICANA,NULL,LA MENOR FUE LOCALIZADA CON BUEN ESTADO DE SALUD.,NULL,NULL

