id,boca,cara,edad,ojos,ropa,sexo,nariz,labios,cabello,estatus,estatura,registro,complexion,expediente,publicacion,localizacion
14,<blank>,<blank>,entre 20 y 35 años,<blank>,Playera de manga larga en color rojo ; pantalón de vestir en color beige.,MASCULINO,<blank>,<blank>,<blank>,1,1.72 mts.,2020-11-27 14:14:10,<blank>,2240/2020,1,"En el municipio de Valparaíso, Zacatecas."
15,<blank>,<blank>,<blank>,<blank>,"Pantalón de mezclilla deslavado, camisa azul",MASCULINO,<blank>,<blank>,Corto,1,<blank>,2020-12-04 14:09:43,Regular,NAY/COM-IV/CI/094/2020,1,"Carretera Federal 200, km 37; dentro de una parcela."
16,Grande,Ovalada,30 a 35 años,Café,"Pantalón de gabardina color crema, camiseta blanca",MASCULINO,Recta,Medianos,Con rastas crecidas,1,1.78 mts.,2020-12-04 14:14:41,Media,1038/2020,1,En el estado de Guanajuato
17,Mediana,Ovalada,16 a 20 años,Color café,"Sudadera marca F40, playera Levis, pantalón de mezclilla",MASCULINO,"Recta, base levantada",Medianos,Lacio,1,1.51 mts.,2020-12-04 14:18:38,Delgada,1039/2020,1,"Carretera Panamericana Celaya-Salamanca, Gto."
18,mediana,Ovalada,70 años aproximadamente,"Ovalados, color café obscuro","Suéter azul, pants azul, tenis negros",MASCULINO,"Triangular, punta caída",finos,"Lacio, corto y color cano",1,1.64 mts.,2020-12-04 14:24:10,Delgada,1040/2020,1,Estado de Guanajuato
19,Mediana,Ovalada,30 años aproximadamente,"Ovalados, color café","Pantalón de mezclilla azul, camisa azul, tenis blancos",MASCULINO,"Recta, base horizontal",Medianos,Corto negro,1,1.72 mts.,2020-12-04 14:27:36,Delgada,2376/2020,1,"Municipio Juventino Rosas, estado de Guanajuato"
20,Mediana,Ovalada,40 a 45 años de edad,Chicos color café,"Pantalón de mezclilla de color negro, playera tipo polo color negro y tenis negros",MASCULINO,Con dorso recto y base ancha,Medianos,Lacio y corto,1,1.65 mts.,2020-12-04 14:32:34,Delgada,2375/2020,1,Estado de Guanajuato
21,Mediana,Ovalada,17 a 22 años de edad,Color café oscuro,"Pantalón de mezclilla azul, playera verde, suéter rosa, short azul marino",MASCULINO,"Recta, base chica",Medianos,"Lacio, color castaño oscuro",1,<blank>,2020-12-04 14:36:18,Delgada,2377/2020,1,"Municipio Apaseo El Grande, estado de Guanajuato"
22,Pequeña,Ovalada,30 a 40 años aproximadamente,Color café,Playera desgarrada sin mangas en color gris y pans gris,MASCULINO,Pequeña,Medianos,Castaño oscuro y lacio,1,1.75 mts.,2020-12-08 12:05:24,atlética,2425/2020,1,En el estado de Guanajuato
23,Grande,Ovalada,30 A 35 años aproximádamente,Café,<blank>,MASCULINO,Convexa,Medianos,"Corto, crespo, color negro",1,1.60 mts.,2020-12-17 19:35:24,Robusto,2600/2020,0,En el estado de Veracruz
24,<blank>,Ovalada,70 años,<blank>,"Camisa negra, chamarra gris, pantalón verde",MASCULINO,<blank>,<blank>,<blank>,1,<blank>,2020-12-19 11:50:06,Delgado,NAY/TEP-III/RH-12606/2020,0,"Colonia Los Sauces, ciudad de Tepic"
25,Mediana,Ovalada,de 20 a 40 años,No valorables,"Playera negra manga larga, sudadera azul con capucha negra, pantalón de mezclilla azul.",MASCULINO,Convexa base chica,Medianos,No valorable,1,mediana,2021-01-04 11:48:59,Media,1034/2020,0,"municipio de Coroneo, estado de Guanajuato."
26,No valorable,No valorable,20 a 35 años,No valorables,"Tenis color azul, pantalón blanco",MASCULINO,No valorable,No valorables,No valorable,1,1.59 mts.,2021-01-20 12:56:16,Robusto,2660/2020,0,"Ciudad de León, Guanajuat8"
27,<blank>,<blank>,<blank>,<blank>,<blank>,MASCULINO,<blank>,<blank>,<blank>,1,<blank>,2021-01-20 13:08:39,<blank>,NAY/TEP-III/RH-00530/2020,0,Asilo nuevo aterdecer en Fracc. Cd. del Valle de Tepic
28,Mediana,Ovalada,30 años aproximadamente,Color café,Suéter color negro con capucha; vestido de color negro con tirantes,FEMENINO,Recta,Delgados,Castaño,1,1.69 mts.,2021-02-10 11:20:08,Delgada,187/2021,0,"León, Guanajuato."
29,Mediana,<blank>,30 a 40 años de edad,<blank>,"Playera de algodón cuello redondo de color negra, pantalón de mezclilla a la altura de la rodilla",MASCULINO,Mediana,<blank>,"Negro, lacio y corto",1,<blank>,2021-02-10 13:28:47,<blank>,NAY/RV-VBB/CI-778-2020,0,"Carretera a El Colomo, Bahía de Banderas"
30,regular,Ovalada,35 a 40 años,"regulares, color gris claro","chamarra azul, camisa manga corta azul, pantalón de mezclilla azul",MASCULINO,recta de base media,medianos,"mediano, castaño",1,1.78 mts.,2021-02-15 11:14:08,Degado,184/2021,0,"Carretera Tepic-Guadalajara km. 190, Santa María del Oro"
31,Mediana,Ovalada,35 a 40 años,"Medianos, color café","Pantalón de mezclilla azul, playera gris",MASCULINO,Recta y base mediana,Medianos,A rape,1,1.75 mts.,2021-02-22 12:27:17,Obeso,261/2021,0,Estado de Guanajuato
32,Grande,Ovalada,18 a 28 años,"Grandes, color café",<blank>,MASCULINO,"Recta, grande y base ancha",Gruesos,"Negro, corto y lacio",1,1.76 mts.,2021-02-22 12:31:37,Delgada,300/2021/1,0,Estado de Guanajuato
33,Grande,Ovalada,25 a 35 años,Color café,"Pantalón de mezclilla azul, playera negra",MASCULINO,"Recta, grande y base ancha",Gruesos,"Negro, corto y lacio",1,1.76 mts.,2021-02-22 12:33:30,Delgada,300/2021/2,0,Estado de Guanajuato
34,<blank>,<blank>,Desconocida,<blank>,"Pantalón de mezclilla oscuro, playera roja, chamarra de piel.",MASCULINO,<blank>,<blank>,"Corto, lacio y negro",1,Desconocida,2021-02-24 10:06:42,Desconocida,326/2020,0,Estado de Zacatecas
35,Mediana,Ovalada,60 años,Color café oscuro,"Playera color negro, pantalón de mezclilla amarrillo",MASCULINO,Recta y base mediana,Medianos,Lacio y entrecanoso,1,1.65 mts.,2021-02-24 10:13:47,Delgada,334/2021,0,"Atizapán de Zaragoza, Estado de México"
36,Mediana,Alargada,60 años,"Medianos, color café","Playera color azul, pantalón de mezclilla azul marino",MASCULINO,Dorso curvo base mediana,Medianos,Castaño oscuro,1,1.73 mts.,2021-02-26 13:33:37,Delgada,318/2021,0,Estado de Guanajuato
37,Mediana,Ovalada,30 a 35 años,Color café oscuro,"Playera color azul, pantalón de mezclilla gris",MASCULINO,Recta y base mediana,Medianos,"Negro, corto y lacio",1,1.77 mts.,2021-02-26 13:37:21,Delgada,316/2021,0,Estado de Guanajuato
38,Mediana,Ovalada,20 a 25 años,"Medianos, color café","Chamarra negra con la leyenda LAGOS DE MORENO, JALISCO",MASCULINO,Recta y base mediana,Medianos,"Negro, corto y lacio",1,1.75 mts.,2021-02-26 13:40:07,Robusta,319/2021,0,Estado de Guanajuato
39,Mediana,Ovalada,64 años,<blank>,"Pantalón gris, cinturón café tipo piel",MASCULINO,Aguileña,Medianos,Escaso entre cano,1,Desconocida,2021-03-12 12:19:00,Desnutrido,428/2021,0,Estado de Veracruz
40,<blank>,<blank>,45 a 50 años ,<blank>,Pantalón de mezclilla azul,MASCULINO,<blank>,<blank>,Negro,1,1.79 mts.,2021-03-22 12:20:49,<blank>,1412/2020,0,<blank>
41,Mediana,Redonda,35 a 40 años,<blank>,<blank>,MASCULINO,Recta y base mediana,Medianos,"Negro, corto y lacio",1,1.70 mts.,2021-04-05 12:50:03,"Exomorfo, endomorfico",620/2021,0,"Dolores Hidalgo, Guanajuato"
42,Mediana,Cuadrada,25 a 30 años,Color café,<blank>,MASCULINO,"Recta, grande y base ancha",Medianos,"Negro, corto y lacio",1,<blank>,2021-04-05 12:52:35,Delgada,622/2021,0,Estado de Guanajuato
43,Mediana,Ovalada,20 a 25 años,Café,"Pantalón de mezclilla azul, playera negra",MASCULINO,Recta con base ancha,Medianos,"Corto, ondulado y negro",1,180 centimetros,2021-04-09 18:46:09,Delgada,663/2021,0,Estado de Guanajuato
44,Mediana,Ovalada,Desconocida,Color café,"Pantalón de vestir color azul marino, sudadera",MASCULINO,"Grande, dorso recto",Medianos,Castaño claro,1,Desconocida,2021-04-28 10:18:46,Delgada,841/2021,0,Estado de Zacatecas
45,MEDIANA,OVALADA,53 años ,COLOR CAFÉ,SE DESCONOCE,MASCULINO,MEDIANA,MIXTOS,CORTO,1,1.59 metros,2021-06-29 09:56:28,REGULAR,1446/2021,0,"CULIACÁN, SINALOA"
46,MEDIANA,OVALADA,43 AÑOS,COLOR CAFÉ,SE DESCONOCE,MASCULINO,"MEDIA, DORSO RECTO",GRUESOS,"COLOR NEGRO, LACIO Y LARGO",1,1.56 METROS,2021-06-29 10:00:20,DELGADA,1445/2021,0,"CULIACÁN, SINALOA"
47,GRANDE,OVALADA,DE 35 A 40 AÑOS,"COLOR CAFÉ, DE FORMA ALARGADA",SE DESCONOCE,MASCULINO,"RAIZ GRANDE, DORSO SINUOSO",GRUESOS,RAPADO,1,1.77 METROS,2021-06-29 10:03:27,ROBUSTA,1444/2021,0,"CULIACÁN, SINALOA"
48,GRANDE,OVALADA,35 AÑOS,"CAFE, MEDIANOS",SE DESCONOCE,MASCULINO,"RAIZ MEDIANA, DORSO RECTO",GRUESOS,"NEGRO, CORTO ONDULADO",1,1.72 METROS,2021-06-29 10:06:14,DELGADA,1443/2021,0,"CULIACÁN, SINALOA"
49,DELGADA,REDONDA,41 AÑOS,"MEDIANOS, COLOR CAFÉ",SE DESCONOCE,MASCULINO,"CHICA, DORSO RECTO",GRUESOS,"CORTO, NEGRO",1,1.75 METROS,2021-06-29 10:09:04,ATLÉTICA,1442/2021,0,"CULIACÁN, SINALOA"
50,MEDIANA,OVALADA,43 AÑOS,"MEDIANOS, COLOR CAFÉ",SE DESCONOCE,MASCULINO,MEDIANA,GRUESOS,"LACIO, LARGO",1,1.66 METROS,2021-06-29 10:10:46,DELGADA,1441/2021,0,"CULIACÁN, SINALOA"
51,GRANDE,OVALADA,37 AÑOS,"MEDIANOS, COLOR CAFÉ",SE DESCONOCE,MASCULINO,"RAIZ GRANDE, DORSO CONVEXO",GRUESOS,"CORTO Y LACIO, COLOR NEGRO",1,1.56 METROS,2021-06-29 10:12:36,DELGADA,1440/2021,0,"CULIACÁN, SINALOA"
52,REGULAR,ALARGADA,40 AÑOS,COLOR CAFÉ,SE DESCONOCE,MASCULINO,"RAIZ MEDIANA, DORSO RECTO",REGULARES,"ONDULADO, NEGRO",1,1.70 METROS,2021-06-29 10:15:16,DELGADA,1439/2021,0,"CULIACÁN, SINALOA"
53,GRANDE,OVALADA,83 AÑOS,REGULARES,SE DESCONOCE,MASCULINO,"GRANDE, DORSO RECTO",MEDIANOS,"LACIO, LARGO, ENTRECANO",1,1.75 METROS,2021-06-29 10:17:05,DELGADA,1438/2021,0,"CULIACÁN, SINALOA"
54,NO IDENTIFICADA,REDONDA,30 A 35 AÑOS,NO IDENTIFICADOS,SE DESCONOCE,MASCULINO,NO IDENTIFICADOS,NO IDENTIFICADOS,"LARGO, LACIO, NEGRO",1,1.60 METROS,2021-06-29 10:19:45,MEDIANA,1437/2021,0,"CULIACÁN, SINALOA"
55,GRANDE,OVALADA,20 A 25 AÑOS,COLOR CAFÉ,SE DESCONOCE,MASCULINO,MEDIANA,GRUESOS,"CASTAÑO OSCURO, LACIO",1,1.58 METROS,2021-06-29 10:21:33,DELGADA,1436/2021,0,"CULIACÁN, SINALOA"
56,MEDIANA,OVALADA,60 AÑOS,"MEDIANOS, COLOR CAFÉ",SE DESCONOCE,MASCULINO,MEDIANA,DELGADOS,"ENTRECANO, SEMIONDULADO",1,1.74 METROS,2021-06-29 10:23:16,DELGADA,1435/2021,0,"CULIACÁN, SINALOA"
57,GRANDE,OVALADA,30 AÑOS,"GRANDES, COLOR CAFÉ",SE DESCONOCE,MASCULINO,GRANDE,GRUESOS,LACIO,1,1.65 METROS ,2021-06-29 10:26:23,MEDIANA,1434/2021,0,"CULIACÁN, SINALOA"
58,GRANDE,CUADRADA,35 A 40 AÑOS,"FORMA OVALES, COLOR CAFÉ",SE DESCONOCE,MASCULINO,"MEDIA, DORSO RECTO",MIXTOS,"LARGO, COLOR NEGRO",1,1.66 METROS,2021-06-29 10:27:53,ROBUSTA,1433/2021,0,"CULIACÁN, SINALOA"
59,MEDIANA,OVALADA,65 AÑOS,"FORMA OVALES, COLOR CAFÉ",SE DESCONOCE,MASCULINO,"MEDIA, DORSO RECTO",MEDIANOS,"REGULAR, LACIO",1,1.78 METROS,2021-06-29 10:29:41,DELGADA,1432/2021,0,"CULIACÁN, SINALOA"
60,MEDIANA,OVALADA,35 A 45 AÑOS,COLOR NEGRO,SE DESCONOCE,MASCULINO,"RAIZ GRANDE, DORSO CONVEXO",MEDIANOS,"CORTO, NEGRO",1,1.72 METROS,2021-06-29 10:31:33,DELGADA,1431/2021,0,"CULIACÁN, SINALOA"
61,MEDIANA,OVALADA,70 AÑOS,COLOR CAFÉ,SE DESCONOCE,MASCULINO,"MEDIA, DORSO RECTO",MEDIANOS,"CORTO, ENTRECANO",1,1.61 METROS,2021-06-29 10:33:06,DELGADA,1430/2021,0,"CULIACÁN, SINALOA"
62,MEDIANA,OVALADA,40 AÑOS,COLOR CAFÉ,SE DESCONOCE,MASCULINO,GRANDE,MEDIANOS,"ESCASO, LACIO",1,1.70 METROS,2021-06-29 10:34:59,DELGADA,1429/2021,0,"CULIACÁN, SINALOA"
63,MEDIANA,OVALADA,30 AÑOS,COLOR CAFÉ,SE DESCONOCE,MASCULINO,"MEDIANA, BASE ANCHA",GRUESOS,LACIO Y NEGRO,1,1.79 METROS,2021-07-01 19:13:37,DELGADA,1494/2011,0,"CULIACÁN, SINALOA"
64,MEDIANA,OVALADA,35 AÑOS,COLOR CAFÉ,SE DESCONOCE,MASCULINO,"RAIZ GRANDE, DORSO SINUOSO",REGULARES,"CORTO, NEGRO",1,1.72 METROS,2021-07-01 19:14:55,DELGADA,1495/2011,0,<blank>
65,GRANDE,OVALADA,55 AÑOS,COLOR CAFÉ,SE DESCONOCE,MASCULINO,"RAIZ GRANDE, DORSO CONVEXO",GRUESOS,ENTRECANO,1,1.72 METROS,2021-07-01 19:16:45,REGULAR,1492/2011,0,"CULIACÁN, SINALOA"
66,MEDIANA,OVALADA,55 a 60 años,MEDIANOS,"CHAMARRA DE MEZCLILLA NEGRA, PANTALON DE MEZCLILLA AZUL",MASCULINO,RECTA,MEDIANOS,INSERCIÓN DE PELO RECTANGULAR,0,DESCONOCIDA,2021-07-08 14:21:52,ROBUSTA,6905/2021,0,Estado de Guanajuato
67,GRANDE,OVALADA,25 A 30 AÑOS,COLOR CAFÉ,"PLAYERA BLANCA, PANTALÓN DE MEZCLILLA AZUL, ZAPATOS NEGROS",MASCULINO,"RECTA, GRANDE Y BASE ANCHA",GRUESOS,"COLOR NEGRO, LACIO Y CORTO",1,1.69 METROS,2021-08-16 11:45:20,DELGADA,1851/2021,0,"SAN MIGUEL DE ALLENDE, GUANAJUATO"
68,<blank>,<blank>,40 a 50 años,<blank>,<blank>,MASCULINO,<blank>,<blank>,<blank>,1,<blank>,2021-09-21 12:02:36,<blank>,2003/2021,0,ESTADO DE QUERETARO
69,<blank>,<blank>,30 A 40 AÑOS,<blank>,<blank>,MASCULINO,<blank>,<blank>,<blank>,1,<blank>,2021-09-21 12:03:27,<blank>,2003/2021,0,ESTADO DE QUERETARO
70,<blank>,<blank>,70 AÑOS,<blank>,<blank>,FEMENINO,<blank>,<blank>,<blank>,1,<blank>,2021-09-21 12:04:21,<blank>,2003/2021,0,ESTADO DE QUERETARO
71,<blank>,<blank>,40 a 45 años,CAFÉS,PANTS COLOR NEGRO,MASCULINO,<blank>,<blank>,"NEGRO, LARGO",1,1.60 METROS,2021-11-10 14:40:05,Mesomorfo,2778/2021,0,ESTADO DE QUERETARO
72,<blank>,<blank>,30 AÑOS,<blank>,"SUDADERA COLOR GRIS, PANTALÓN NEGRO, TENIS NEGROS",MASCULINO,<blank>,<blank>,OSCURO,1,1.80 METROS,2021-11-10 14:41:59,ROBUSTO,2778/2021,0,ESTADO DE QUERETARO
73,<blank>,<blank>,35 A 40 AÑOS,<blank>,<blank>,MASCULINO,RECTA DE BASE ANCHA,<blank>,"CORTO, ONDULADO, CASTAÑO",1,1.83 METROS,2021-11-10 14:43:36,ECTODÉRMICO,2778/2021,0,ESTADO DE QUERETARO
74,<blank>,<blank>,65 A 73 AÑOS,CAFÉS,"CAMISA A RAYAS MANGA LARGA GRIS, CHAMARRA NEGRA",MASCULINO,<blank>,<blank>,"ENTRECANO, CORTO",1,1.63 METROS,2021-11-10 14:45:22,ECTOMÓRFICA,2778/2021,0,ESTADO DE QUERETARO
75,MEDIANA,OVALADA,50 A 60 AÑOS,<blank>,"PANTALÓN  DE MEZCLILLA COLOR AAZUL, BOTAS VAQUERAS",MASCULINO,CON BASE ANCHA,DELGADOS,CALVO,1,1.70 METROS,2021-12-11 10:36:27,ROBUSTA,1719/2021,0,"LA LABOR, SANTA MARÍA DEL ORO"
76,"GRANDE, COMISURAS RECTAS",ALARGADA U OVAL,40 A 50 AÑOS,"REGULARES, IRIS COLOR CAFÉ OSCURO","FAJA NEGRA HOME DEPOT, SUDADERA GRIS, PLAYERA GRIS, PANTALÓN DE MEZCLILLA AZUL",MASCULINO,"RECTA, BASE REGULAR",REGULARES,LIGERAMENTE ENTRECANO,1,1.61 METROS,2022-02-10 12:41:54,MEDIA,2281/2022,0,CAMINO AL CERRO DE LA CRUZ DE LA CIUDAD DE TEPIC
77,MEDIANA,CORTA/ANCHA,30 A 35 AÑOS,"MEDIANOS, IRIS COLOR CAFÉ","POR PROVENIR DE UN HOSPITAL, EL CUERPO SE ENCONTRABA DESNUDO",MASCULINO,"MESORRINA, NARINAS HORIZONTALES",GRUESOS,"LACIO, POBLADO, CASTAÑO",1,1.66 METROS,2022-02-10 12:45:58,ECTOMORFO,2282/2022,0,HOSPITAL CIVIL DE TEPIC -EL CUERPO HABÍA SIDO RECOGIDO DE UNA CONSTRUCCIÓN.
78,MEDIANA,OVAL,35 A 40 AÑOS,FORMA ALMENDRADO CON IRIS CAFÉ,"PANTALÓN DE MEZCLILLA AZUL, SUDADERA ROJA, TENIS NEGROS",MASCULINO,CONVEXA DE SEPTO LARGO,DELGADOS,"LACIO, CORTO, CASTAÑO OSCURO",1,1.63 METROS,2022-05-17 11:58:34,ECTOMÓRFICA,QRO/23894/2021,0,EL MARQUÉS. QUERÉTARO
79,MEDIANA,OVAL,55 A 60 AÑOS,"TIPO ALMEDRADOS, IRIS CAFÉ","PANTALÓN NEGRO, PLAYERA BLANCA Y SOMBRERO CAFÉ",MASCULINO,CONVEXA DE BASE ANCHA,MEDIOS,"MEDIO, LACIO, CASTAÑO OBSCURO",1,1.66 METROS,2022-05-17 12:01:37,ECTODERMICO,QRO/15252/2021,0,"QUERÉTARO, QUERÉTARO"
80,MEDIANA,OVAL,30 AÑOS,CAFÉ,"SUDADERA AZUL MARINO, PLAYERA ROJA, PANTALÓN CAFÉ CLARO",MASCULINO,RECTA BASE MEDIA,MEDIOS,NEGRO,1,1.65 METOS,2022-05-17 12:04:14,REGULAR,SJR/6868/2021,0,"SAN JUAN DEL RÍO, QUERÉTARO"
81,MEDIANA,OVAL,72 AÑOS ,CAFÉ,<blank>,MASCULINO,RECTA BASE MEDIA,MEDIOS,CORTO ENTRECANO,1,1.75 METROS,2022-06-02 11:00:14,REGULAR,819/2022,0,"CULIACÁN, SINALOA"
82,MEDIANA,OVALADA,50 A 55 AÑOS,"MEDIANOS, IRIS COLOR CAFÉ",<blank>,MASCULINO,MEDIANA,MEDIOS,RECORTADO,1,1.63 METROS,2022-06-02 11:02:49,REGULAR,818/2022,0,"CULIACÁN, SINALOA"
83,MEDIANA,REDONDA,40 A 45 AÑOS,COLOR CAFÉ,<blank>,MASCULINO,MEDIANA,MEDIOS,"LARGO, COLOR CASTAÑO",1,1.76 METROA,2022-06-02 11:11:35,ROBUSTA,817/2022,0,"CULIACÁN, SINALOA"
84,<blank>,Ovalada,20 a 25 años,<blank>,"Camisa manga larga azul, pantalón de mezclilla azul deslavado",MASCULINO,<blank>,<blank>,"Corto, Castaño",0,1.70 mts,2022-07-23 11:14:25,Delgada,900/2022,0,Tecuala
85,grande,oval,51 años,redondos,<blank>,MASCULINO,"recta, base ancha",gruesos,"mediano, lacio y castaño oscuro",1,1.52 mts,2022-08-10 15:21:59,robusta,1267/2022,0,Estado de Guanajuato
86,NO VALORABLE,NO VALORABLE,60 A 70 AÑOS,NO VALORABLE,<blank>,MASCULINO,NO VALORABLE,NO VALORABLE,NO VALORABLE,1,1.60 METROS,2022-10-11 12:15:01,NO VALORABLE,1758/2022,0,"MUNICIPIO DE PAJAPAN, VERACRUZ"
87,Regular,<blank>,45 a 50 años,Regulares con iris café,<blank>,MASCULINO,Grande con dorso convexo,<blank>,"Lacio, castaño y oscuro",1,<blank>,2022-10-25 13:53:01,Regular,12821,0,Localidad 5 de mayo

