idrel,idarchivo,modulo,titulo,archivo,actualizacion
50,1,titulo de foto 1,<blank>,i1.jpg,2020-07-13 12:58:06
50,2,titulo de foto 2,<blank>,i2.jpg,2020-07-13 12:58:06
50,3,titulo de foto 3,<blank>,i3.jpg,2020-07-13 12:58:06
51,4,t foto 1,<blank>,t1.jpg,2020-07-13 12:58:06
51,5,t foto 2,<blank>,t2.jpg,2020-07-13 12:58:06
51,6,t foto 3,<blank>,t3.jpg,2020-07-13 12:58:06
<blank>,7,<blank>,<blank>,RELACION DE CORREOS INSTITUCIONALES.xls,2020-07-13 12:58:06
<blank>,8,<blank>,<blank>,CONFIG VESTA DNS.png,2020-07-13 12:58:06
11,21,kkkkkkkkkk,<blank>,066 MICROSITIO.docx,2020-07-13 12:58:06
10,22,PROBANDO ACTUALIZACION,<blank>,15sep.png,2020-07-13 12:58:06
10,23,DSDFSDF,<blank>,ascires-1920x540.jpg,2020-07-13 12:58:06
10,24,convocatorias,GGGGGGGGGGGG,fiscaliapor.jpg,2020-07-13 12:58:06
1,28,sevac,hhhhhhhhhhhhh,TMP.pdf,2020-07-13 12:58:06
2,29,sevac,Ayudas y Subsidios,AyudasySubsidios.pdf,2020-07-13 12:58:06
2,30,sevac,Endeudamiento Neto,EndeudamientoNeto.pdf,2020-07-13 12:58:06
2,31,sevac,Estado Analitico de Ingresos,EstadoAnaliticodeIngresos.pdf,2020-07-13 12:58:06
2,32,sevac,Estado Analitico de la Deuda y Otros Pasivos ,EstadoAnaliticodelaDeudayOtrosPasivos.pdf,2020-07-13 12:58:06
2,33,sevac,Estado Analitico del Activo,EstadoAnaliticodelActivo.pdf,2020-07-13 12:58:06
2,34,sevac,Estado Analitico del Ejercicio del Presupuesto de Egresos con Clasificacion Economica,EstadoAnaliticodelEjerciciodelPresupuestodeEgresosconClasificacionEconomica.pdf,2020-07-13 12:58:06
2,35,sevac,Estado Analitico del Ejercicio del Presupuesto de Egresos con Clasificacion Funcional ,EstadoAnaliticodelEjerciciodelPresupuestodeEgresosconClasificacionFuncional.pdf,2020-07-13 12:58:06
2,36,sevac,Estado Analitico del Ejercicio del Presupuesto de Egresos con Clasificacion por Objeto del Gasto,EstadoAnaliticodelEjerciciodelPresupuestodeEgresosconClasificacionporObjetodelGasto.pdf,2020-07-13 12:58:06
2,37,sevac,Estado Analitico del Ejercicio del Presupuesto de Egresos con Clasificación Administrativa ,EstadoAnaliticodelEjerciciodelPresupuestodeEgresosconClasificaciónAdministrativa.pdf,2020-07-13 12:58:06
2,38,sevac,Estado con Clasificacion de Gasto por Categoria Programatica,EstadoconClasificaciondeGastoporCategoriaProgramatica.pdf,2020-07-13 12:58:06
2,39,sevac,Estado de Actividades,EstadodeActividades.pdf,2020-07-13 12:58:06
2,40,sevac,Estado de Cambios en la Situacion Financiera ,EstadodeCambiosenlaSituacionFinanciera.pdf,2020-07-13 12:58:06
2,41,sevac,Estado de Flujo de Efectivo,EstadodeFlujodeEfectivo.pdf,2020-07-13 12:58:06
2,42,sevac,Estado de Situacion Financiera,EstadodeSituacionFinanciera.pdf,2020-07-13 12:58:06
2,43,sevac,Estado de Variacion en la Hacienda Publica,EstadodeVariacionenlaHaciendaPublica.pdf,2020-07-13 12:58:06
2,44,sevac,Indicadores de Resultados,IndicadoresdeResultados.pdf,2020-07-13 12:58:06
2,45,sevac,Intereses de la Deuda ,InteresesdelaDeuda.pdf,2020-07-13 12:58:06
2,46,sevac,Inventario de Bienes Muebles ,InventariodeBienesMuebles.pdf,2020-07-13 12:58:06
2,47,sevac,Notas a los Estados Financieros,NotasalosEstadosFinancieros.pdf,2020-07-13 12:58:06
2,48,sevac,Pasivos Contingentes,PasivosContingentes.pdf,2020-07-13 12:58:06
2,49,sevac,Programas y Proyectos de Inversion,ProgramasyProyectosdeInversion.pdf,2020-07-13 12:58:06
3,50,sevac,prueba de archivo,trans_paypal_id21543.pdf,2020-07-13 12:58:06
6,51,sevac,Ayudas y Subsidios,Ayudas y  Subsidios.pdf,2020-07-13 12:58:06
6,52,sevac,Estado de Actividades,Estado de Actividades.pdf,2020-07-13 12:58:06
6,53,sevac,Estado de Situación Financiera,Estado de Situacion Financiera.pdf,2020-07-13 12:58:06
6,54,sevac,Estado de Variación en la Hacienda Pública,Estado de Variacion en la Hacienda Publica.pdf,2020-07-13 12:58:06
6,55,sevac,Estado de Cambios en la Situación Financiera,Estado de Cambios en la Situacion Financiera.pdf,2020-07-13 12:58:06
6,56,sevac,Estado de Flujos de Efectivo,Estado de Flujos de Efectivo.pdf,2020-07-13 12:58:06
6,57,sevac,Pasivos Contingentes,Pasivos Contingentes.pdf,2020-07-13 12:58:06
6,58,sevac,Notas a los Estados Financieros,Notas a los Estados Financieros.pdf,2020-07-13 12:58:06
6,59,sevac,Estado Analítico del Activo,Estado Analitico del Activo.pdf,2020-07-13 12:58:06
6,60,sevac,Estado Analítico de la Deuda y Otros Pasivos,Estado Analitico de la Deuda y Otros Pasivos.pdf,2020-07-13 12:58:06
6,61,sevac,Estado Analítico de Ingresos,Estado Analitico de Ingresos Presupuestales.pdf,2020-07-13 12:58:06
6,62,sevac,Estado Analítico del Ejercicio del Presupuesto de Egresos con Clasificación Administrativa,Estado Analitico del Ejercicio del Presupuesto de Egresos con Clasificacion Administrativa.pdf,2020-07-13 12:58:06
6,63,sevac,Estado Analítico del Ejercicio del Presupuesto de Egresos con Clasificación Económica,Estado Analitico del Ejercicio del Presupuesto de Egresos con Clasificacion Economica.pdf,2020-07-13 12:58:06
6,64,sevac,Estado Analítico del Ejercicio del Presupuesto de Egresos con Clasificación por Objeto del Gasto,Estado Analitico del Ejercicio del Presupuesto de Egresos con Clasificacion por Objeto del Gasto.pdf,2020-07-13 12:58:06
6,65,sevac,Estado Analítico del Ejercicio del Presupuesto de Egresos con Clasificación Funcional,Estado Analitico del Ejercicio del Presupuesto de Egresos con Clasificacion Funcional.pdf,2020-07-13 12:58:06
6,66,sevac,Endeudamiento Neto,Endeudamiento Neto.pdf,2020-07-13 12:58:06
6,67,sevac,Intereses de la Deuda,Intereses de la Deuda.pdf,2020-07-13 12:58:06
6,68,sevac,Gasto por Categoría Programática,Gasto por Categoria Programatica.pdf,2020-07-13 12:58:06
6,69,sevac,Indicadores de Resultados,Indicadores de Resultados.pdf,2020-07-13 12:58:06
6,70,sevac,Programas y Proyectos de Inversión,Programas y Proyectos de Inversion.pdf,2020-07-13 12:58:06
501,71,convocatorias,convocatoria_04_2022,convocatoria_04_2022.pdf,2022-07-04 18:52:41
502,72,convocatorias,Convocatoria pública estatal No. 05/2022,convocatoria_05_2022.pdf,2022-07-04 19:07:26
503,73,convocatorias,Convocatoria pública estatal No. 06/2022,convocatoria_06_2022.pdf,2022-07-04 19:09:11
504,74,convocatorias,Convocatoria pública estatal No. 07/2022,convocatoria_07_2022.pdf,2022-07-04 19:10:29
506,76,convocatorias,Convocatoria pública estatal No. 01/2022,convocatoria_01_2022.pdf,2022-07-04 19:16:37
507,77,convocatorias,Convocatoria pública estatal No. 02/2022,convocatoria_02_2022.pdf,2022-07-04 19:17:40
508,78,convocatorias,Convocatoria pública estatal No. 03/2022,convocatoria_03_2022.pdf,2022-07-04 19:18:45
505,85,convocatorias,CONVOCATORIA PÚBLICA ESTATAL 08/2022,convocatoria_08_2022.pdf,2022-08-03 18:57:03
509,86,convocatorias,CONVOCATORIA PÚBLICA ESTATAL 09/2022,convocatoria_09_2022.pdf,2022-08-03 18:57:25
510,87,convocatorias,CONVOCATORIA PÚBLICA ESTATAL 10/2022,convocatoria_10_2022.pdf,2022-08-03 18:57:43
511,88,convocatorias,CONVOCATORIA PÚBLICA ESTATAL 11/2022,convocatoria_11_2022.pdf,2022-08-03 18:58:05
512,89,convocatorias,CONVOCATORIA PÚBLICA ESTATAL 12/2022,convocatoria_12_2022.pdf,2022-09-27 14:39:31
513,92,convocatorias,CONVOCATORIA PÚBLICA ESTATAL 13/2022,convocatoria_13_2022.pdf,2022-09-29 14:56:33
514,93,convocatorias,CONVOCATORIA PÚBLICA ESTATAL 14/2022,convocatoria_14_2022.pdf,2022-10-21 19:54:20
515,94,convocatorias,CONVOCATORIA PÚBLICA ESTATAL 15/2022,convocatoria_15_2022.pdf,2022-11-04 11:31:48
516,95,convocatorias,CONVOCATORIA PÚBLICA ESTATAL 01/2023,convocatoria_01_2023.pdf,2023-03-15 12:58:17
517,97,convocatorias,CONVOCATORIA PÚBLICA ESTATAL 02/2023,Convocatoria_2-2023.pdf,2023-07-14 14:57:21
518,98,convocatorias,CONVOCATORIA PÚBLICA ESTATAL 03/2023,Convocatoria_3-2023.pdf,2023-07-14 14:59:50
520,100,convocatorias,CONVOCATORIA PÚBLICA ESTATAL LI-1/2023,convocatoria_LI-1-2023.pdf,2023-08-22 13:41:48
519,102,<blank>,CONVOCATORIA PÚBLICA ESTATAL 004/23,Convocatoria_4-2023.pdf,2023-08-23 15:06:47

