idconv,autor,folio,file,activo,titulo,contenido,fecha_fin,fecha_ini,fecha_pub,destinatario
Convocatoria pública estatal No. 04/2022,CONVOCATORIA PÚBLICA ESTATAL,501,0,-,<blank>,-,2022-01-01,2022-07-04 18:51:52,04/2022,2022-12-31
Convocatoria pública estatal No. 05/2022,CONVOCATORIA PÚBLICA ESTATAL,502,0,-,<blank>,-,2022-07-04,2022-07-04 19:06:35,05/2022,2022-07-05
Convocatoria pública estatal No. 06/2022,CONVOCATORIA PÚBLICA ESTATAL,503,0,-,<blank>,-,2022-07-04,2022-07-04 19:08:32,06/2022,2022-07-04
Convocatoria pública estatal No. 07/2022,CONVOCATORIA PÚBLICA ESTATAL,504,0,-,<blank>,-,2022-07-04,2022-07-04 19:09:55,07/2022,2022-07-04
Convocatoria pública estatal No. 08/2022,CONVOCATORIA PÚBLICA ESTATAL,505,0,-,<blank>,-,2022-07-05,2022-07-04 19:14:25,08/2022,2022-07-04
Convocatoria pública estatal No. 01/2022,CONVOCATORIA PÚBLICA ESTATAL,506,0,-,<blank>,-,2022-07-04,2022-07-04 19:16:15,01/2022,2022-07-04
Convocatoria pública estatal No. 02/2022,CONVOCATORIA PÚBLICA ESTATAL,507,0,-,<blank>,-,2022-07-04,2022-07-04 19:17:11,02/2022,2022-07-04
Convocatoria pública estatal No. 03/2022,CONVOCATORIA PÚBLICA ESTATAL,508,0,-,<blank>,-,2022-07-04,2022-07-04 19:18:14,03/2022,2022-07-04
CONVOCATORIA PÚBLICA ESTATAL No. 09/2022,CONVOCATORIA PÚBLICA ESTATAL,509,0,-,<blank>,-,2022-07-14,2022-07-14 09:39:26,09/2022,2022-12-31
CONVOCATORIA PÚBLICA ESTATAL No. 10/2022,CONVOCATORIA PÚBLICA ESTATAL,510,0,-,<blank>,-,2022-07-14,2022-07-14 09:44:17,10/2022,2022-12-31
Convocatoria pública estatal No. 11/2022,CONVOCATORIA PÚBLICA ESTATAL,511,0,-,<blank>,-,2022-08-01,2022-08-01 19:37:24,11,2022-08-01
CONVOCATORIA PÚBLICA ESTATAL 12/2022,CONVOCATORIA PÚBLICA ESTATAL,512,0,-,<blank>,-,2022-09-27,2022-09-27 14:38:11,12,2022-12-08
CONVOCATORIA PÚBLICA ESTATAL No. 13/2022,CONVOCATORIA PÚBLICA ESTATAL ,513,0,-,<blank>,-,2022-09-29,2022-09-29 10:55:59,13/2022,2022-12-31
CONVOCATORIA PÚBLICA ESTATAL 14/2022,CONVOCATORIA PÚBLICA ESTATAL,514,0,-,<blank>,-,2022-10-21,2022-10-21 19:53:01,14/2022,2022-10-22
CONVOCATORIA PÚBLICA ESTATAL 15/2022,CONVOCATORIA PÚBLICA ESTATAL,515,0,-,<blank>,-,2022-11-04,2022-11-04 11:30:50,15/2022,2022-11-04
CONVOCATORIA PÚBLICA ESTATAL 01/2023,CONVOCATORIA PÚBLICA ESTATAL 01/2023,516,0,-,<blank>,-,2023-03-15,2023-03-15 12:57:41,01,2023-03-15
CONVOCATORIA PÚBLICA ESTATAL 02/2023,CONVOCATORIA PÚBLICA ESTATAL 02/2023,517,1,-,<blank>,-,2023-07-14,2023-07-14 14:53:58,02/2023,2023-12-31
CONVOCATORIA PÚBLICA ESTATAL 03/2023,CONVOCATORIA PÚBLICA ESTATAL 03/2023,518,1,-,<blank>,-,2023-07-14,2023-07-14 14:58:36,03/2023,2023-12-31
CONVOCATORIA PÚBLICA ESTATAL 004/23,CONVOCATORIA PÚBLICA ESTATAL,519,1,-,<blank>,-,2023-08-14,2023-08-14 14:45:42,004,2023-08-14
CONVOCATORIA PÚBLICA ESTATAL LI-1/2023,CONVOCATORIA PÚBLICA ESTATAL LI-1/2023,520,1,-,<blank>,-,2023-08-22,2023-08-22 13:41:23,5,2023-08-22

