idarea,id_directorio,ext,puesto,publicar,nombre_encargado
36,14,01-325-252-01-56,AGENCIA,0,OFICINAS
37,15,01-324-241-00-58,AGENCIA,0,OFICINAS
38,16,01-324-247-00-36,AGENCIA,0,OFICINAS
39,17,01-329-298-00-66,AGENCIA,0,OFICINAS
40,18,01-327-277-30-61,AGENCIA,0,OFICINAS
42,19,311-242-00-78,AGENCIA,0,OFICINAS
43,20,01-325-251-71-34,AGENCIA,0,OFICINAS
44,21,01-324-243-34-28,AGENCIA,0,OFICINAS
45,22,01-324-276-00-05,AGENCIA,0,OFICINAS
46,23,01-327-231-04-53,AGENCIA,0,OFICINAS
47,24,01-322-297-55-75,AGENCIA,0,OFICINAS
48,25,S/N,AGENCIA,0,OFICINAS
49,26,01-327-274-00-54,AGENCIA,0,OFICINAS
50,27,01-327-272-02-62,AGENCIA,0,OFICINAS
51,28,01-437-991-31-68,AGENCIA,0,OFICINAS
52,29,01-327-274-13-15,AGENCIA,0,OFICINAS
53,30,01-319-234-01-44,AGENCIA,0,OFICINAS
54,31,01-319-233-12-59,AGENCIA,0,OFICINAS
55,32,01-327-235-11-88,AGENCIA,0,OFICINAS
56,33,01-323-285-06-15,AGENCIA,0,OFICINAS
57,34,01-327-258-53-37,AGENCIA,0,OFICINAS
58,35,01-327-244-04-22,AGENCIA,0,OFICINAS
59,36,S/N,AGENCIA,0,OFICINAS
60,37,01-389-253-04-16,AGENCIA,0,OFICINAS
61,38,01-319-232-07-19,AGENCIA,0,OFICINAS
62,39,01-329-291-00-16,AGENCIA,0,OFICINAS
63,40,01-232-236-24-00,AGENCIA,0,OFICINAS
64,41,2112735,AGENCIA,0,OFICINAS

