id,alta,archivo,edicion,estatus,contenido,encabezado
5,2021-02-17 12:18:20,revista1.pdf,Volumen 1,1,TRANSFORMACIÓN DE FORMA Y FONDO EN FGE\\r\\nCOMPARECENCIA DEL FISCAL GENERAL DE NAYARIT ANTE LA TRIGÉSIMO SEGUNDA LEGISLATURA ESTATAL\\r\\nAsume Mtro. Rodrigo Benítez subFiscalía General de Nayarit\\r\\nConcluye con éxito el Reto Cien Días de combate a los delitos de robo y violencia\\r\\nLogra Fiscalía General avances importantes en materia de feminicidio\\r\\nFORTALECE FISCALÍA DE NAYARIT PROGRAMAS EN DEFENSA DE LA MUJER\\r\\nCJM DE TEPIC Y BADEBA TRABAJAN PARA ERRADICAR LA VIOLENCIA CONTRA LAS MUJERES,"“En Nayarit, ahora, la justicia no es selectiva ni es objeto de compraventas o de tratos perniciosos”."
6,2021-02-17 12:24:17,revista2.pdf,Volumen 2,1,"-Implementa Fiscalía de Nayarit Modelo de Distribución Estratégica de Casos\\r\\n-Colaboración y confianza entre FGR, FGE y Gobierno de Nayarit\\r\\n-Nayarit es el estado más seguro para vivir, revela estudio de Observatorio Nacional Ciudadano\\r\\n-Con inversión millonaria se rehabilitó subsede de Servicios Periciales\\r\\n-Gestiona Fiscalía equipo FINDAR para búsqueda rápida de evidencias en subsuelo\\r\\n-Gobierno Federal reconoce a Nayarit por sus resultados en materia de identificación y entrega de cuerpos a sus familiares ","Fiscalía de Nayarit, primer lugar en la Brooks Moot Court Competition"
7,2021-02-17 13:00:57,revista3.pdf,Volumen 3,1,"-Expone Fiscal General avances en materia de procuración de justicia\\r\\n-Propone Fiscal General creación de tres nuevas subsedes en Santiago, Acaponeta e Ixtlán\\r\\n-Registra Nayarit avance en combate y erradicación de delitos de alto impacto\\r\\n-Obtiene Fiscalía de Nayarit propiedades de exRector de la UAN\\r\\n-Fiscalía General del Estado continúa con labores de esterilización\\r\\n-Fiscalía General al margen de abusos; de existir denuncias, se castigará a responsables","Histórico convenio entre UIF, Gobierno del Estado y Fiscalía General"
8,2021-02-17 13:04:46,revista4.pdf,Volumen 4,1,-Devuelve Fiscalía de Nayarit 168 vehículos asegurados a OCRA\\r\\n-Asiste FGE al foro “Mejorar el Sistema de Justicia Penal Basado en Datos\\r\\n-Responde Fiscal de Nayarit a investigación de la ONU sobre desaparecidos\\r\\n-Firman convenio sanitario Nayarit y Sinaloa\\r\\n-Sostiene Fiscal teleconferencia con USAID y PROJUSTICIA,"Refuerzan con nuevas patrullas a FGE, Policía Estatal y municipios"
9,2021-02-17 13:12:07,revista5.pdf,Volumen 5,1,-Equipamiento para el fortalecimiento de capacidades para prevención y combate de delitos de alto impacto\\r\\n-Actualiza Fiscalía equipo de laboratorio en Servicio Médico Forense\\r\\n-Cuenta FGE con tecnología de punta en el Modelo Homologado de Unidades de Policía Cibernética\\r\\n-Promueve FGE capacitación especializada para instancias responsables de víctimas de personas,Moderniza y optimiza Fiscalía General instalaciones y servicios
10,2021-02-26 14:07:29,revista6.pdf,Volumen 6,1,-Avanza Nayarit en el combate al delito de robo\\r\\n-Reitera Fiscalía General del Estado su compromiso por esclarecer y llevar ante la justicia a quienes atenten contra la niñez de Nayarit\\r\\n-CUMPLIMIENTO DE MEDIDAS DE JUSTICIA DECRETADAS EN LA DECLARATORIA DE ALERTA DE VIOLENCIA DE GÉNERO EN EL ESTADO DE NAYARIT\\r\\n-La importancia de platicar con nuestros hijos adolescentes,NAYARIT CON ORDEN Y JUSTICIA
11,2021-03-16 13:19:31,revista7.pdf,Volumen 7,1,"-El mandatario estatal reconoció que las mejoras en instalaciones, equipo y capacitación a personal de Fiscalía son posibles, gracias a la honestidad con que se trabaja\\r\\n-MUJERES NOTABLES DE NAYARIT, Lic. Leticia Ramos Ruelas\\r\\n-Fiscalía Especializada en Investigación de Personas Desaparecidas, denodado esfuerzo y compromiso social\\r\\n-Corolario; logros y avances en materia de procuración de justicia\\r\\n-Área de Identificación Humana en SEMEFO de FGE\\r\\n","La de Nayarit, una Fiscalía moderna y eficaz"
13,2021-03-30 12:03:09,revista8.pdf,Volumen 8,1,•Mediante Operativo de Prevención se realizan filtros aleatorios de control en carreteras importantes de la entidad\\r\\n-Participan Gobernador y Fiscal en videoconferencia de USAID\\r\\n-Promueve FGE curso-taller sobre casos que involucren orientación sexual e identidad de género\\r\\n-Logra FGE histórica sentencia condenatoria de 31 años de prisión,Mantiene Fiscalía General orden en carreteras de Nayarit
14,2021-06-16 20:02:31,revista9.pdf,Volumen 9,1,"-Fiscalía Especializada en Investigación de Personas Desaparecidas logra vincular a proceso a todos los implicados en carpetas de investigación\\r\\n-Fiscalía de Nayarit opera bajo los más altos estándares a nivel nacional\\r\\n-Fiscalía Especializada en Combate a la Corrupción, efectivo control institucional\\r\\n","Nayarit, entre los 10  estados con menor impunidad del país"
15,2021-07-05 13:40:15,revista10.pdf,Volumen 10,1,"-El Gobernador hizo entrega de armamento, uniformes y motocicletas para corporaciones policiacas del estado\\r\\n-Nayarit, uno de los estados con menor incidencia delictiva\\r\\n-Integran grupo interinstitucional para fortalecer sistema de justicia penal de Nayarit","Nayarit, segundo lugar nacional en materia de seguridad: AEG"
16,2021-08-06 10:30:09,REVISTA 11.pdf,Volumen 11,1,-Concluye con éxito capacitación a elementos de la Agencia de Investigación Criminal de FGE\\r\\n-Persiste en Nayarit fraude genérico en compra de vehículos a través de redes sociales\\r\\n-Nuevas instalaciones para Fiscalía Especializada en Investigación de Personas Desaparecidas\\r\\n-Condena de 50 años para quien mató y enterró a su expareja en Tepic\\r\\n-Logra FGE vinculación a proceso de presunto doble homicida de colonia López Mateos,Reconoce Coparmex Nayarit labor del Fiscal General
17,2021-08-23 10:18:42,REVISTA 12.pdf,Volumen 12,1,-Recupera Fiscalía General 1427 autos en menos de cuatro años de gestión\\r\\n-Conforman Coordinación Nacional Técnica del Protocolo Alba; presente FGE de Nayarit\\r\\n-Asiste Fiscal General a sesión de instalación de Trigésima Tercera Legislatura\\r\\n-Detecta FGE nuevo modus operandi utilizado para robar autos usados\\r\\n-Sentencian a 35 años de cárcel a quien asesinó y robó a hombre en Tepic,Irá Nayarit por primer lugar nacional  en seguridad: MANQ
18,2022-01-22 10:02:52,REVISTA 13.pdf,Volumen 13,1,COMUNICADO DÍA INTERNACIONAL DE LA NO VIOLENCIA CONTRA LAS MUJERES\\r\\nReconoce Gobierno Federal destacado trabajo de Fiscalía de Nayarit en combate a pornografía infantil\\r\\nInstituye FGE Fiscalía Especializada en Asuntos de la Mujer,Recibe Fiscalía General a Comité Internacional contra Desaparición Forzada de la ONU
20,2022-06-23 20:02:51,REVISTA 15.pdf,Volumen 15 ,1,-LA INCLUSIÓN EN EL LENGUAJE ES UNA AGENDA EMERGENTE EN MATERIA DE IGUALDAD DE GÉNERO \\r\\n-Se actualiza personal de Fiscalía en materia de identificación y recuperación de vehículos y equipos comerciales robados\\r\\n-Ofrece Fiscal General apertura institucional a transportistas nayaritas, Evalúa FGE a policías de investigación en armamento y tiro policial
21,2022-07-17 14:03:39,FISCALIA 16-2.pdf,Volumen 16,1,INSTAURA FGE COORDINACIÓN GENERAL DE INVESTIGACIÓN DE DELITOS DE ALTO IMPACTO VIOLENTOS,REINSTALA FGE COMISIÓN DE COORDINACIÓN INTERINSTITUCIONAL PARA LA CONSOLIDACIÓN DEL SISTEMA DE JUSTICIA PENAL
22,2022-08-16 19:59:24,REVISTA17.pdf,Volumen 17,1,-PARTICIPA FGE EN CAMPAÑA “ENCUENTRO CIUDADANO PARA LA CONSTRUCCIÓN DEL DIÁLOGO Y LA PAZ”\\r\\n-COORDINAN FISCALÍA GENERAL E INMUNAY ACCIONES EN DEFENSA DE LA MUJER NAYARITA\\r\\n-Acreditan 14 elementos de la AIC curso para instructor evaluador en competencias básicas de la función policial\\r\\n-PRESENTAN EN FISCALÍA GENERAL PROYECTO LABORATORIO MEXICANO PARA LA INNOVACIÓN DE LA JUSTICIA PENAL\\r\\n-ASISTE FGE AL 13o ENCUENTRO NACIONAL DE SERVICIOS MÉDICOS FORENSES,"\\""EL NUEVO SISTEMA PENAL ACUSATORIO NO ES INVENCIÓN PROCESAL, SINO TRANSFORMACIÓN CONSTITUCIONAL DE CORTE GARANTISTA\\"": PDPM"
23,2022-09-07 10:15:04,REVISTA_18.pdf,Volumen 18,1,-Asiste Fiscal General a reunión de trabajo de COPARMEX delegación Nayarit\\r\\n-Ofrecen curso de capacitación “Derechos Humanos y trato digno” en el municipio de Compostela\\r\\n-Presentes Fiscal y subFiscal en conferencia “Bases sobre la articulación de las jurisdicciones constitucionales ordinaria y electoral del Estado mexicano”\\r\\n-Primera Reunión de la Zona Occidente de la Conferencia Nacional de Secretarios de Seguridad Pública,Organiza Fiscalía General curso  “Desahogo y valoración probatoria”
24,2022-10-07 12:04:16,REVISTA_19.pdf,Volumen 19,1,"-Instala Fiscalía General Comité de Seguimiento y Evaluación de la Política de Persecución Penal (COSEP) del estado de Nayarit\\r\\n-Atestiguan Fiscal y subFiscal Generales evento “Conmutación de la condena, una oportunidad de reinserción social”\\r\\n-Refuerzan cooperación contra delincuencia Fiscalías de Nayarit y Chihuahua", PRESENTA FISCALÍA GENERAL POLÍTICA CIUDADANA DE PERSECUCIÓN PENAL PARA EL ESTADO DE NAYARIT
25,2022-11-28 12:08:55,REVISTA 20-2.pdf,Volumen 20,1,"-ENTREGA GOBERNADOR VEHÍCULOS A FISCALÍA GENERAL\\r\\n-Recibe Fiscal General a integrantes del Bureau International Narcotics and Enforcement Affairs\\r\\n-EXPIDE FISCAL GENERAL ACUERDO ADMINISTRATIVO DE IMPLEMENTACIÓN DEL CÓDIGO VIOLETA\\r\\n-ATIENDE FISCALÍA QUEJA DE BURÓCRATAS SOBRE ABUSO DE EMPRESA MUEBLERA\\r\\n-25 DE OCTUBRE, DÍA NARANJA “CERO TOLERANCIA CONTRA LA VIOLENCIA DE GÉNERO”",PRESENTA FISCAL GENERAL IMPORTANTESAVANCES DESU GESTIÓN EN EL PRESENTE AÑO
26,2023-01-06 09:34:59,REVISTA21.pdf,Volumen 21,1,-Obtiene Fiscalía General bicampeonato en Torneo Intersecretarial de Basquetbol Varonil\\r\\n-EVALÚA FGE A POLICÍAS DE INVESTIGACIÓN EN ARMAMENTO Y TIRO POLICIAL\\r\\n-Reinstala FGE Comisión de Coordinación Interinstitucional para la Consolidación del Sistema de Justicia Penal,RECONOCE GOBERNADOR MIGUEL ÁNGEL NAVARRO ESFUERZOS DE ÁREAS ESTRATÉGICAS DE FGE
27,2023-02-08 09:26:47,REVISTA22.pdf,Volumen 22,1,-SE EJECUTARON 217 ÓRDENES DE APREHENSIÓN EN ENERO\\r\\n-IDENTIFICA FISCALÍA GENERAL NUEVAS MODALIDADES DE EXTORSIÓN TELEFÓNICA\\r\\n-LOGRA FISCALÍA VINCULAC IÓN A PROCESO POR FEMINICID IO AGRAVAD O EN BAHÍA DE BANDERA S\\r\\n-RESCATA FISCALÍA GENERAL A TRES PERSONAS VÍCTIMAS DE SECUESTRO VIRTUAL EN RUIZ\\r\\n-LOCALIZADAS 33 PERSON AS DURANT E EL MES DE \\r\\n,AVANZAN FGR Y FGE EN IMPLEMENTACIÓN DEL BANCO NACIONAL DE DATOS FORENSES
28,2023-03-22 13:30:19,Revista_FGE23.pdf,Volumen 23,1,"Participa FGE en Tercer Encuentro de la Coordinación Nacional Técnica de Armonización y Aplicación del Protocolo Alba\\r\\nLlevan voluntarias de FGE obsequios a niños del área de Cancerología del Hospital Civil de Tepic\\r\\nAlerta FGE sobre aumento de robo de catalizadores a camionetas en Tepic\\r\\nAlertan FGE y SSyPC sobre falsificación de documentos, firmas y usurpación de identidad de funcionario estatal",Resguarda Fiscalía a dos MENORES desaparecidas
29,2023-05-16 18:38:09,REVISTA_FISCALIA_24.pdf,Volumen 24 ,1,"-Participa Fiscal de Nayarit en Primera sesión ordinaria 2023 de la zona occidente, de la Conferencia Nacional de Procuración de Justicia\\r\\n-Evalúan FGEN y ConJusticia avances en materia de procuración de justicia\\r\\n-CONMEMORA FISCALÍA GENERAL DÍA INTERNACIONAL DE LA MUJER\\r\\n-DESPLIEG A CANINO ENFISCALÍA GENERA L AL EQUIPO FOSA CLANDESTINA DE TEPIC\\r\\n-LOCAL IZADO S 50 PERSO NAS EN NAYAR IT DURAN TE MARZ O\\r\\n-VINCULADO A PROCESO EXSÍNDICO DE COMPOSTELA Y SU SOBRINO POR SECUESTRO AGRAVADA\\r\\n-LOGRA FGEN MODIFICACIÓN DE SENTENCIA EN SEGUNDA INSTANCIA",RECONOCEN A FISCALÍA GENERAL DE NAYARIT EN SEXTO SIMPOSIO INTERNACIONAL DE CIENCIAS FORENSES
30,2023-08-16 10:08:34,FISCALIA 25-2.pdf,Volumen 25,1,"-Recibe reconocimiento niña Fiscal 2023, por parte del titular de la FGEN\\r\\n-Recibe personal de la AIC curso de capacitación sobre competencias básicas\\r\\n-GARANTIZA FISCALÍA GENERAL DE NAYARIT ATENCIÓN A MUJERES VIOLENTADAS",FIRMAN CONVENIO FISCALÍA GENERAL Y SECRETARÍA EJECUTIVA DEL SISTEMA LOCAL ANTICORRUPCIÓN DE NAYARIT
31,2023-08-16 10:11:22,REVISTA_FISCALIA 26.pdf,Volumen 26,1,"-Realizan conversatorio para afianzar trámite de medidas cautelares\\r\\n-Brinda FGEN capacitación a Agentes y Auxiliares del Ministerio Público\\r\\n-REALIZA FGEN CICLO DE CONFERENCIAS SOBRE LA PROTECCIÓN DE NIÑOS, NIÑAS Y ADOLESCENTES",REFUERZAN COLABORACIÓN FISCALÍA GENERAL Y PODER JUDICIAL DE NAYARIT
32,2023-08-16 10:13:15,27.pdf,Volumen 27,1,-Abocadas instituciones del Estado a frenar violencia contra mujeres\\r\\n-Refuerzan colaboración Fiscalía General y Poder Judicial de Nayarit\\r\\n-ORGANIZA USAP DE FISCALÍA GENERAL CURSO “IGUALDAD Y EQUIDAD DE GÉNERO”,AMPLÍA HORARIO DE  ATENCIÓN CJM DE TEPIC; ATESTIGUAN EL EVENTO EL GOBERNADOR Y LA PRESIDENTA DEL DIF ESTATAL

