idtitulos,titulo,subtitulo
1,UNIDADES DE INVESTIGACIÓN,Con sede en..
2,SEVAC,"Bajo protesta de decir verdad, declaramos que los Estados Financieros y sus notas, son razonablemente correctos y son responsabilidad del emisor."
3,COMUNICACIÓN SOCIAL,Encuentre toda la información oficial publicada.
5,Ley General de Contabilidad Gubernamental,Listado..
6,ITAI,Sistema de Formato Único
21,Acciones en materia de Alerta de Género,Medidas que está implementando la Fiscalía General del Estado de Nayarit para restaurar la Declaratoria de Alerta de Violencia de Género contra la Mujer en el Estado.
22,SRFT,Sistema de Recursos Federales Transferidos
23,Programa Nacional Alerta AMBER México ,.
24,Introducción y Contenido,<blank>
25,DECLARACIÓN PATRIMONIAL,Formatos Para la Presentación de la Declaración Patrimonial y de Interés
26,Integración de la Cuenta Pública,"Atendiendo a las obligaciones que marca la Ley de Transparencia y Acceso a la Información Pública del Estado de Nayarit, dando cumplimiento a la publicación de la Cuenta Publica, se muestra el siguiente apartado."
27,CONAVIM,Recibe personal de Fiscalía permanente capacitación y actualización.
29,CADAVER NO IDENTIFICADO,Buscamos a sus familiares.
30,NAYARIT CON ORDEN Y JUSTICIA,Revista de la Fiscalía General del Estado
31,PERSONAS DESAPARECIDAS,Buscamos a sus familiares.
32,FISCALIA ESPECIALIZADA EN ASUNTOS DE LA MUJER,FGEM
33,<blank>,<blank>

