idtrans,idcat_rel,file,year,periodo
<blank>,<blank>,owncloud_usuarios.txt,1,<blank>
54,28,rptEstadoVariacionHacienda.pdf,2018,3
68,40,subsidios y ayudas 1er.pdf,2018,1
70,42,InventariodeBienesMuebles 2DO TRIM 2018.pdf,2018,2
114,43,INFORME FINANCIERO TERCER TRIMESTRE -SRFT.xlsx,2018,3
121,22,rptEstadoAnaliticoDeudaYPasivos4.pdf,2018,4
122,22,rptEstadoAnaliticoDeudaYPasivos1.pdf,2018,1
123,22,rptEstadoAnaliticoDeudaYPasivos2.pdf,2018,2
124,22,rptEstadoAnaliticoDeudaYPasivos3.pdf,2018,3
128,23,rptEstadoAnaliticoDeActivosYPasivos_R2.pdf,2018,2
129,23,rptEstadoAnaliticoDeActivosYPasivos_R3.pdf,2018,3
130,23,rptEstadoAnaliticoDeActivosYPasivos_R4.pdf,2018,4
131,23,rptEstadoAnaliticoDeActivosYPasivos1.pdf,2018,1
132,24,rptEstadoActividades1.pdf,2018,1
133,24,rptEstadoActividades2.pdf,2018,2
134,24,rptEstadoActividades3.pdf,2018,3
135,24,rptEstadoActividades4.pdf,2018,4
136,25,rptEstadoCambiosSituacionFinanciera1.pdf,2018,1
138,25,rptEstadoCambiosSituacionFinanciera2.pdf,2018,2
139,25,rptEstadoCambiosSituacionFinanciera3.pdf,2018,3
140,25,rptEstadoCambiosSituacionFinanciera4.pdf,2018,4
141,26,rptEstadoFlujosEfectivo1.pdf,2018,1
142,26,rptEstadoFlujosEfectivo2.pdf,2018,2
143,26,rptEstadoFlujosEfectivo3.pdf,2018,3
144,26,rptEstadoFlujosEfectivo4.pdf,2018,4
145,27,rptEstadoSituacionFinanciera1.pdf,2018,1
146,27,rptEstadoSituacionFinanciera2.pdf,2018,2
147,27,rptEstadoSituacionFinanciera3.pdf,2018,3
148,27,rptEstadoSituacionFinanciera4.pdf,2018,4
149,43,INFORME FINANCIERO CUARTO TRIMESTRE.xlsx,2018,4
150,28,rptEstadoVariacionHacienda1.pdf,2018,1
151,28,rptEstadoVariacionHacienda2.pdf,2018,2
152,28,rptEstadoVariacionHacienda4.pdf,2018,4
153,30,rptEndeudamientoNeto1.pdf,2018,1
154,30,rptEndeudamientoNeto2.pdf,2018,2
155,30,rptEndeudamientoNeto3.pdf,2018,3
156,30,rptEndeudamientoNeto4.pdf,2018,4
158,31,rptEstadoPresupuestoIngresosRB_CP2.pdf,2018,2
159,31,rptEstadoPresupuestoIngresosRB_CP3.pdf,2018,3
160,31,rptEstadoPresupuestoIngresosRB_CP4.pdf,2018,4
177,36,rptInteresesdelaDeuda1.pdf,2018,1
178,36,rptInteresesdelaDeuda2.pdf,2018,2
179,36,rptInteresesdelaDeuda3.pdf,2018,3
180,36,rptInteresesdelaDeuda4.pdf,2018,4
184,37,rptEstadoPresupuestoEgresos_PC4.pdf,2018,4
185,40,Sin ayudas y subsidios04.pdf,2018,4
186,40,D.1.11 Ayudas y subsidios2do.pdf,2018,2
207,34,rptEstadoPresupuestoEgresos_CP_CTO11.pdf,2018,1
208,35,rptEstadoPresupuestoEgresos_UA311.pdf,2018,1
209,33,rptEstadoPresupuestoEgresos_FN311.pdf,2018,1
210,32,rptEstadoPresupuestoEgresos_CL211.pdf,2018,1
211,37,rptEstadoPresupuestoEgresos_PC11.pdf,2018,1
215,37,rptEstadoPresupuestoEgresos_PC22.pdf,2018,2
221,37,rptEstadoPresupuestoEgresos_PC33.pdf,2018,3
232,38,INDICADORES 4TO.pdf,2018,4
233,34,rptEstadoPresupuestoEgresos_CP_CTO222.pdf,2018,2
234,35,rptEstadoPresupuestoEgresos_UA3222.pdf,2018,2
235,33,rptEstadoPresupuestoEgresos_FN3222.pdf,2018,2
236,32,rptEstadoPresupuestoEgresos_CL2222.pdf,2018,2
237,34,rptEstadoPresupuestoEgresos_CP_CTO3333.pdf,2018,3
238,35,rptEstadoPresupuestoEgresos_UA3333.pdf,2018,3
239,33,rptEstadoPresupuestoEgresos_FN3333.pdf,2018,3
240,32,rptEstadoPresupuestoEgresos_CL23333.pdf,2018,3
241,35,rptEstadoPresupuestoEgresos_UA34444.pdf,2018,4
242,34,rptEstadoPresupuestoEgresos_CP_CTO4444.pdf,2018,4
243,33,rptEstadoPresupuestoEgresos_FN34444.pdf,2018,4
244,32,rptEstadoPresupuestoEgresos_CL24444.pdf,2018,4
246,48,1.-INTRODUCCION Y CONTENIDO.pdf,2018,0
247,49,2.-ESTADO DE SITUACION FINANCIERA.pdf,2018,0
248,50,3.-ESTADO DE ACTIVIDADES.pdf,2018,0
249,51,4.-ESTADO DE VARIACION EN LA HACIENDA PUBLICA.pdf,2018,0
250,52,5.-ESTADO DE CAMBIOS EN LA SITUACION FINANCIERA.pdf,2018,0
251,54,7.-ESTADO ANALITICO DEL ACTIVO.pdf,2018,0
253,56,9.-INFORME SOBRE PASIVOS CONTINGENTES.pdf,2018,0
254,58,11.-ESTADO ANALITICO DE INGRESOS.pdf,2018,0
255,59,12.-ESTADO ANALITICO DEL EJERCICIO DEL PRESUPUESTO DE EGRESOS (OBJETO DEL GASTO).pdf,2018,0
256,60,13.-ESTADO ANALITICO DEL EJERCICIO DEL PRESUPUESTO DE EGRESOS (CLASIFICACION ECONOMICA).pdf,2018,0
257,61,14.-ESTADO ANALITICO DEL EJERCICIO DEL PRESUPUESTO DE EGRESOS (CLASIFICACION ADMINISTRATIVA).pdf,2018,0
258,62,15.-ESTADO ANALITICO DEL EJERCICIO DEL PRESUPUESTO DE EGRESOS (CLASIFICACION FUNCIONAL).pdf,2018,0
259,63,16.-ENDEUDAMIENTO NETO.pdf,2018,0
260,64,17.-INTERESES DE LA DEUDA.pdf,2018,0
261,65,18.-INDICADORES DE POSTURA FISCAL.pdf,2018,0
262,66,19.-GASTO POR CATEGORIA PROGRAMATICA.pdf,2018,0
263,67,20.-PROGRAMAS Y PROYECTOS DE INVERSION.pdf,2018,0
264,70,23.-RELACION DE BIENES INMUEBLES QUE COMPONEN EL PATRIMONIO.pdf,2018,0
265,71,24.-RELACION DE CUENTAS BANCARIAS PRODUCTIVAS ESPECIFICAS DE LOS RECURSOS FEDERALES.pdf,2018,0
266,72,25.-RELACION DE ESQUEMAS BURSATILES Y DE COBERTURAS FINANCIERAS.pdf,2018,0
267,73,26.-INFORMACION ADICIONAL QUE DISPONGAN OTRAS LEYES.pdf,2018,0
268,74,27.-FORMATO 1 ESTADO DE SITUACION FINANCIERA DETALLADO.pdf,2018,0
269,75,28.-FORMATO 2 INFORME ANALITICO DE LA DEUDA PUBLICA Y OTROS PASIVOS.pdf,2018,0
270,76,29.-FORMATO 3 INFORME ANALITICO DE OBLIGACIONES DIFERENTES DE FINANCIAMIENTOS.pdf,2018,0
271,77,30.-FORMATO 4 BALANCE PRESUPUESTARIO.pdf,2018,0
272,78,31.-FORMATO 5 ESTADO ANALITICO DE INGRESOS DETALLADO.pdf,2018,0
273,79,32.-FORMATO 6 a) ESTADO ANALITICO DEL EJERCICIO DEL PRESUPUESTO DE EGRESOS DETALLADO (CLASIFICACION POR OBJETO DEL GASTO).pdf,2018,0
274,80,33.-FORMATO 6 b) ESTADO ANALITICO EL EJERCICIO DEL PRESUPUESTO DE EGRESOS DETALLADO  (CLASIFICACION ADMINISTRATIVA).pdf,2018,0
275,81,34.-FORMATO 6 c)  ESTADO ANALITICO DEL EJERCICIO DEL PRESUPUESTO DE EGRESOS DETALLADO (CLASIFICACION FUNCIONAL).pdf,2018,0
276,82,35.-FORMATO 6 d)ESTADO ANALITICO DEL EJERCICIO DEL PRESUPUESTO DE EGRESOS DETALLADO (CLASIFICACION SERVICIOS PERSONALES).pdf,2018,0
277,83,36.-GUIA DE CUMPLIMIENTO DE LA LEY DE DISCIPLINA FINANCIERA DE LAS ENTIDADES FEDERATIVAS Y MUNICIPIOS.pdf,2018,0
<blank>,278,CONCLUSION_SIMPLIFICADO.pdf,86,<blank>
<blank>,279,INICIAL SIMPLIFICADO.pdf,84,<blank>
<blank>,280,MODIFICACION COMPLETO.pdf,85,<blank>
281,22,rptEstadoAnaliticoDeudaYPasivos.pdf,2019,1
282,53,6.-ESTADO DE FLUJOS DE EFECTIVO.pdf,2018,0
283,24,rptEstadoActividades.pdf,2019,1
284,25,rptEstadoCambiosSituacionFinanciera.pdf,2019,1
285,26,rptEstadoFlujosEfectivo.pdf,2019,1
286,28,rptEstadoVariacionHacienda.pdf,2019,1
287,27,rptEstadoSituacionFinanciera.pdf,2019,1
288,30,rptEndeudamientoNeto.pdf,2019,1
289,31,rptEstadoPresupuestoIngresosRB_CP_2019.pdf,2019,1
290,32,rptEstadoPresupuestoEgresos_CL2.pdf,2019,1
291,33,rptEstadoPresupuestoEgresos_FN3.pdf,2019,1
292,57,10.-NOTAS A LOS ESTADOS FINANCIEROS.pdf,2018,0
293,68,21.-INDICADORES DE RESULTADOS.pdf,2018,0
294,69,22.-RELACION DE BIENES MUEBLES QUE COMPONEN EL PATRIMONIO.pdf,2018,0
295,34,rptEstadoPresupuestoEgresos_CP_CTO.pdf,2019,1
296,35,rptEstadoPresupuestoEgresos_UA3.pdf,2019,1
297,36,rptInteresesdelaDeuda.pdf,2019,1
298,37,rptEstadoPresupuestoEgresos_PC.pdf,2019,1
320,23,rptEstadoAnaliticoDeActivosYPasivos_R.pdf,2019,1
345,22,rptEstadoAnaliticoDeudaYPasivos222019.pdf,2019,2
354,30,rptEndeudamientoNeto222019.pdf,2019,2
355,31,rptEstadoPresupuestoIngresosRB_CP_2019222019.pdf,2019,2
360,36,rptInteresesdelaDeuda222019.pdf,2019,2
369,42,Relacion de bienes2dotrim.pdf,2019,2
371,34,rptEstadoPresupuestoEgresos_CP_CTO2222019.pdf,2019,2
374,32,rptEstadoPresupuestoEgresos_CL22220119.pdf,2019,2
378,35,rptEstadoPresupuestoEgresos_UA3220119.pdf,2019,2
380,33,rptEstadoPresupuestoEgresos_FN32220119.pdf,2019,2
381,37,rptEstadoPresupuestoEgresos_PC2220119.pdf,2019,2
382,23,rptEstadoAnaliticoDeActivosYPasivos_R22019.pdf,2019,2
384,24,rptEstadoActividades22019.pdf,2019,2
385,25,rptEstadoCambiosSituacionFinanciera222019.pdf,2019,2
386,26,rptEstadoFlujosEfectivo22019.pdf,2019,2
387,27,rptEstadoSituacionFinanciera22019.pdf,2019,2
388,28,rptEstadoVariacionHacienda22019.pdf,2019,2
392,23,rptEstadoAnaliticoDeActivosYPasivos_R3er.pdf,2019,3
393,24,rptEstadoActividades3er.pdf,2019,3
394,25,rptEstadoCambiosSituacionFinanciera3er.pdf,2019,3
395,26,rptEstadoFlujosEfectivo3er.pdf,2019,3
396,27,rptEstadoSituacionFinanciera3er.pdf,2019,3
397,28,rptEstadoVariacionHacienda3er.pdf,2019,3
398,30,rptEndeudamientoNeto3er.pdf,2019,3
399,31,rptEstadoPresupuestoIngresosRB_CP_20193er.pdf,2019,3
400,32,rptEstadoPresupuestoEgresos_CL23er.pdf,2019,3
401,33,rptEstadoPresupuestoEgresos_FN33er.pdf,2019,3
402,34,rptEstadoPresupuestoEgresos_CP_CTO3er.pdf,2019,3
403,35,rptEstadoPresupuestoEgresos_UA33er.pdf,2019,3
404,36,rptInteresesdelaDeuda3er.pdf,2019,3
405,37,rptEstadoPresupuestoEgresos_PC3er.pdf,2019,3
406,22,rptEstadoAnaliticoDeudaYPasivos3er.pdf,2019,3
430,22,rptEstadoAnaliticoDeudaYPasivos4tri19.pdf,2019,4
436,23,rptEstadoAnaliticoDeActivosYPasivos_R4tri191.pdf,2019,4
437,24,rptEstadoActividades4tri19.pdf,2019,4
438,25,rptEstadoCambiosSituacionFinanciera4tri19.pdf,2019,4
439,26,rptEstadoFlujosEfectivo4tri19.pdf,2019,4
440,27,rptEstadoSituacionFinanciera4tri19.pdf,2019,4
441,28,rptEstadoVariacionHacienda4tri19.pdf,2019,4
442,29,rptPasivosContingentes4tri19.pdf,2019,4
443,30,rptEndeudamientoNeto4tri19.pdf,2019,4
444,31,rptEstadoPresupuestoIngresosRB_CP_20194tri19.pdf,2019,4
445,32,rptEstadoPresupuestoEgresos_CL24tri19.pdf,2019,4
446,33,rptEstadoPresupuestoEgresos_FN34tri19.pdf,2019,4
447,34,rptEstadoPresupuestoEgresos_CP_CTO4tri19.pdf,2019,4
448,35,rptEstadoPresupuestoEgresos_UA34tri19.pdf,2019,4
449,36,rptInteresesdelaDeuda4tri19.pdf,2019,4
450,37,rptEstadoPresupuestoEgresos_PC4tri19.pdf,2019,4
477,43,informe financiero 4to trimestre.xlsx,2019,4
479,48,1. INTRODUCCION Y CONTENIDO 19.pdf,2019,0
480,49,2. ESTADO DE SITUACION FINANCIERA 19.pdf,2019,0
481,50,3. ESTADO DE ACTIVIDADES 19.pdf,2019,0
482,51,4. ESTADO DE VARIACION EN LA HACIENDA PUBLICA 19.pdf,2019,0
483,52,5. ESTADO DE CAMBIOS EN LA SITUACION FINANCIERA 19.pdf,2019,0
484,53,6. ESTADO DE FLUJOS DE EFECTIVO 19.pdf,2019,0
485,54,7. ESTADO ANALITICO DEL ACTIVO 19.pdf,2019,0
487,56,9. INFORME DE PASIVOS CONTIGENTES 19.pdf,2019,0
488,57,10. NOTAS A LOS ESTADOS FINANCIEROS 19.pdf,2019,0
489,58,11. ESTADO ANALITICO DE INGRESOS 19.pdf,2019,0
490,59,12. CLASIFICACION POR OBJETO DEL GASTO (CAPITULO Y CONCEPTO) 19.pdf,2019,0
491,60,13. CLASIFICACION ECONOMICA (POR TIPO DE GASTO) 19.pdf,2019,0
492,61,14. CLASIFICACION ADMINISTRATIVA 19.pdf,2019,0
493,62,15. CLASIFICACION FUNCIONAL (FINALIDAD Y FUNCION) 19.pdf,2019,0
494,63,16. ENDUDAMIENTO NETO 19.pdf,2019,0
495,64,17. INTERESES DE LA DEUDA 19.pdf,2019,0
496,65,18. FLUJO DE FONDOS QUE RESUMA TODAS LAS OPERACIONES Y LOS INDICADORES DE LA POSTURA FISCAL 19.pdf,2019,0
497,66,19. GASTO POR CATEGORIA PROGRAMATICA 19.pdf,2019,0
498,67,20. PROGRAMAS Y PROYECTOS DE INVERSION 19.pdf,2019,0
499,68,21. INDICADORES DE RESULTADOS 19.pdf,2019,0
500,69,22. RELACION DE BIENES MUEBLES QUE COMPONEN SU PATRIMONIO 19.pdf,2019,0
501,70,23. RELACION DE BIENES INMUEBLES QUE COMPONEN EL PATRIMONIO 19.pdf,2019,0
502,71,24. RELACION DE CUENTAS BANCARIAS PRODUCTIVAS ESPECIFICAS DE LOS RECURSOS FEDERALES 19.pdf,2019,0
503,72,25. RELACION DE ESQUEMAS BURSATILES Y DE COBERTURAS FINANCIERAS 19.pdf,2019,0
504,73,26. INFORMACION ADICIONAL QUE DISPONGAN OTRAS LEYES 19.pdf,2019,0
505,74,27. ESTADO DE SITUACION FINANCIERA DETALLADO 19.pdf,2019,0
506,75,28. INFORME ANALITICO DE LA DEUDA PUBLICA Y OTROS PASIVOS 19.pdf,2019,0
507,76,29. INFORME ANALITICO DE OBLIGACIONES DIFERENTES DE FINANCIAMIENTOS 19.pdf,2019,0
508,77,30. BALANCE PRESUPUESTARIO 19.pdf,2019,0
509,78,31. ESTADO ANALITICO DE INGRESOS DETALLADOS 19.pdf,2019,0
510,79,32. ESTADO ANALITICO DEL EJERCICIO DEL PRESUPUESTO DE EGRESOS DETALLADOS. (CLASIFICACION POR OBJETO DEL GASTO) 19.pdf,2019,0
511,80,33. ESTADO ANALITICO DEL EJERCICIO DEL PRESUPUESTO DE EGRESOS DETALLADO. (CLASIFICACION ADMINISTRATIVA) 19.pdf,2019,0
512,81,34. ESTADO ANALITICO DEL EJERCICIO PRESUPUESTARIO DE EGRESOS DETALLADO. (CLASIFICACION FUNCIONAL) 19.pdf,2019,0
513,82,35. ESTADO ANALITICO DEL EJERCICIO DEL PRESUPUESTO DE EGRESOS DETALLADOS. (CLASIFICACION DE SERVICIOS PERSONALES POR CATEGORIA) 19.pdf,2019,0
514,83,36. GUIA DE CUMPLIMIENTO DE LA LEY DE DISCIPLINA FINANCIERA DE LAS ENTIDADES FEDERATIVAS Y MUNICIPIOS 19.pdf,2019,0
548,22,rptEstadoAnaliticoDeudaYPasivos1ertrim20.pdf,2020,1
549,23,rptEstadoAnaliticoDeActivosYPasivos_R1ertrim20.pdf,2020,1
550,24,rptEstadoActividades1ertrim20.pdf,2020,1
551,25,rptEstadoCambiosSituacionFinanciera1ertrim20.pdf,2020,1
552,26,rptEstadoFlujosEfectivo1ertrim20.pdf,2020,1
553,27,rptEstadoSituacionFinanciera1ertrim20.pdf,2020,1
554,28,rptEstadoVariacionHacienda1ertrim20.pdf,2020,1
555,29,rptPasivosContingentes1ertrim20.pdf,2020,1
556,30,rptEndeudamientoNeto1ertrim20.pdf,2020,1
557,31,rptEstadoPresupuestoIngresosRB_CP_20191ertrim20.pdf,2020,1
558,32,rptEstadoPresupuestoEgresos_CL21ertrim20.pdf,2020,1
559,33,rptEstadoPresupuestoEgresos_FN31ertrim20.pdf,2020,1
561,35,rptEstadoPresupuestoEgresos_UA31ertrim20.pdf,2020,1
562,36,rptInteresesdelaDeuda1ertrim20.pdf,2020,1
563,37,rptEstadoPresupuestoEgresos_PC1ertrim.20.pdf,2020,1
583,34,rptEstadoPresupuestoEgresos_CP_CTO2dotrim20.pdf,2020,2
584,22,rptEstadoAnaliticoDeudaYPasivos2dotrim20.pdf,2020,2
585,23,rptEstadoAnaliticoDeActivosYPasivos_R2dotrim20.pdf,2020,2
586,34,rptEstadoPresupuestoEgresos_CP_CTO1ertrim.20.pdf,2020,1
587,24,rptEstadoActividades2dotrim20.pdf,2020,2
588,25,rptEstadoCambiosSituacionFinanciera2dotrim20.pdf,2020,2
589,26,rptEstadoFlujosEfectivo2dotrim20.pdf,2020,2
590,27,rptEstadoSituacionFinanciera2dotrim20.pdf,2020,2
591,28,rptEstadoVariacionHacienda2dotrim20.pdf,2020,2
592,29,rptPasivosContingentes2dotrim20.pdf,2020,2
593,30,rptEndeudamientoNeto2dotrim20.pdf,2020,2
594,31,rptEstadoPresupuestoIngresosRB_CP_201920trim20.pdf,2020,2
595,32,rptEstadoPresupuestoEgresos_CL22dotrim20.pdf,2020,2
596,33,rptEstadoPresupuestoEgresos_FN32dotrim20.pdf,2020,2
597,35,rptEstadoPresupuestoEgresos_UA32dotrim20.pdf,2020,2
598,36,rptInteresesdelaDeuda2dotrim20.pdf,2020,2
599,37,rptEstadoPresupuestoEgresos_PC2dotrim 20.pdf,2020,2
600,38,Avance de Gestión Financiera 1er trimestre de 2020.pdf,2020,1
601,38,Avance de Gestión Financiera 2do trimestre de 2020.pdf,2020,2
644,22,rptEstadoAnaliticoDeudaYPasivos3ertrim20.pdf,2020,3
645,23,rptEstadoAnaliticoDeActivosYPasivos_R3ertrim20.pdf,2020,3
646,24,rptEstadoActividades3ertrim20.pdf,2020,3
647,25,rptEstadoCambiosSituacionFinanciera3ertrim20.pdf,2020,3
648,26,rptEstadoFlujosEfectivo3ertrim20.pdf,2020,3
649,27,rptEstadoSituacionFinanciera3ertrim20.pdf,2020,3
650,28,rptEstadoVariacionHacienda3ertrim20.pdf,2020,3
651,29,rptPasivosContingentes3ertrim20.pdf,2020,3
652,30,rptEndeudamientoNeto3ertrim20.pdf,2020,3
653,31,rptEstadoPresupuestoIngresosRB_CP_20193ertrim20.pdf,2020,3
654,32,rptEstadoPresupuestoEgresos_CL23ertrim20.pdf,2020,3
655,33,rptEstadoPresupuestoEgresos_FN33ertrim20.pdf,2020,3
656,34,rptEstadoPresupuestoEgresos_CP_CTO3ertrim20.pdf,2020,3
657,35,rptEstadoPresupuestoEgresos_UA33rtrim20.pdf,2020,3
658,36,rptInteresesdelaDeuda3ertrim20.pdf,2020,3
659,37,rptEstadoPresupuestoEgresos_PC3ertrim20.pdf,2020,3
660,38,Indicadores 3er trimestre 2020.pdf,2020,3
663,22,rptEstadoAnaliticoDeudaYPasivos.pdf,2020,4
664,23,rptEstadoAnaliticoDeActivosYPasivos_R4to20.pdf,2020,4
666,24,rptEstadoActividades4to20.pdf,2020,4
667,27,rptEstadoSituacionFinanciera4to20.pdf,2020,4
668,25,rptEstadoCambiosSituacionFinanciera4to20.pdf,2020,4
669,26,rptEstadoFlujosEfectivo4to20.pdf,2020,4
670,28,rptEstadoVariacionHacienda4to20.pdf,2020,4
671,29,rptPasivosContingentes4to20.pdf,2020,4
672,30,rptEndeudamientoNeto4to20.pdf,2020,4
673,31,rptEstadoPresupuestoIngresosRB_CP_20194to20.pdf,2020,4
680,36,rptInteresesdelaDeuda4to20.pdf,2020,4
681,37,rptEstadoPresupuestoEgresos_PC.pdf,2020,4
682,34,rptEstadoPresupuestoEgresos_CP_CTO4to20.pdf,2020,4
683,32,rptEstadoPresupuestoEgresos_CL2to200..pdf,2020,4
684,35,rptEstadoPresupuestoEgresos_UA34to200..pdf,2020,4
685,33,rptEstadoPresupuestoEgresos_FN34to20..pdf,2020,4
686,38,Indicadores 4to trimestre 2020.pdf,2020,4
711,48,1. INTRODUCCION Y CONTENIDO 20.pdf,2020,0
712,49,2. ESTADO DE SITUACION FINANCIERA 20.pdf,2020,0
713,50,3. ESTADO DE ACTIVIDADES 20.pdf,2020,0
714,51,4. ESTADO DE VARIACION EN LA HACIENDA PUBLICA 20.pdf,2020,0
715,52,5. ESTADO DE CAMBIOS EN LA SITUACION FINANCIERA 20.pdf,2020,0
716,53,6. ESTADO DE FLUJOS DE EFECTIVO 20.pdf,2020,0
717,54,7. ESTADO ANALITICO DEL ACTIVO 20.pdf,2020,0
719,56,9. INFORME DE PASIVOS CONTINGENTES 20.pdf,2020,0
720,57,10. NOTAS A LOS ESTADOS FINANCIEROS 20.pdf,2020,0
721,58,11. ESTADO ANALITICO DE INGRESOS 20.pdf,2020,0
722,59,12. ESTADO ANALITICO DEL PRESUPUESTO DE EGRESOS CLASIFICACION POR OBJETO DEL GASTO (CAPITULO Y CONCEPTO) 20.pdf,2020,0
723,60,13. ESTADO ANALITICO DEL PRESUPUESTO DE EGRESOS CLASIFICACION ECONOMICA (POR TIPO DE GASTOS) 20.pdf,2020,0
724,61,14. ESTADO ANALITICO DEL PRESUPUESTO DE EGRESOS CLASIFICACION ADMINISTRATIVA 20.pdf,2020,0
725,62,15. ESTADO ANALITICO DEL PRESUPUESTO DE EGRESOS CLASIFICACION FUNCIONAL (FINALIDAD Y FUNCION) 20.pdf,2020,0
726,63,16. ENDEUDAMIENTO NETO 20.pdf,2020,0
727,64,17. INTERESES DE LA DEUDA 20.pdf,2020,0
728,65,18. FLUJO DE FONDOS QUE RESUMA TODAS LAS OPERACIONES Y LOS INDICADORES DE POSTURA FISCAL 20.pdf,2020,0
729,66,19. GASTO POR CATEGORIA PROGRAMATICA 20.pdf,2020,0
730,67,20. PROGRAMAS Y PROYECTOS DE INVERSION 20.pdf,2020,0
731,68,21. INDICADORES DE RESULTADOS 20.pdf,2020,0
732,69,22. RELACION DE BIENES MUEBLES QUE COMPONEN SU PATRIMONIO 20.pdf,2020,0
733,70,23. RELACION DE BIENES INMUEBLES QUE COMPONEN SU PATRIMONIO 20.pdf,2020,0
734,71,24. RELACION DE CUENTAS BANCARIAS PRODUCTIVAS ESPECIFICAS DE LOS RECURSOS FEDERALES 20.pdf,2020,0
735,72,25. RELACION DE ESQUEMAS BURSATILES Y DE COBERTURAS FINANCIERAS 20.pdf,2020,0
736,73,26. INFORMACION ADICIONAL QUE DISPONGAN OTRAS LEYES 20.pdf,2020,0
737,74,27. ESTADO DE SITUACION FINANCIERA DETALLADO 20.pdf,2020,0
738,75,28. INFORME ANALITICO DE LA DEUDA PUBLICA Y OTROS PASIVOS 20.pdf,2020,0
739,76,29. INFORME ANALITICO DE OBLIGACIONES DIFERENTES DE FINANCIAMIENTOS 20.pdf,2020,0
740,77,30. BALANCE PRESUPUESTARIO 20.pdf,2020,0
741,78,31. ESTADO ANALITICO DE INGRESOS DETALLADO 20.pdf,2020,0
742,79,32. ESTADO ANALITICO DEL EJERCICIO DE PRESUPUESTO DE EGRESOS DETALLADO (CLASIFICACION POR OBJETO DEL GASTO) 20.pdf,2020,0
743,80,33. ESTADO ANALITICO DEL EJERCICIO DE PRESUPUESTO DE EGRESOS CLASIFICACION ADMINISTRATIVA 20.pdf,2020,0
744,81,34. ESTADO ANALITICO DEL EJERCICIO DE PRESUPUESTO DE EGRESOS CLASIFICACION FUNCIONAL (FINALIDAD Y FUNCION) 20.pdf,2020,0
745,82,35. ESTADO ANALITICO DEL EJERCICIO DE PRESUPUESTO DE EGRESOS CLASIFICACION DE SERVICIOS PERSONALES POR CATEGORIA 20.pdf,2020,0
746,83,36. GUIA DE CUMPLIMIENTO DE LA LEY DE DISCIPLINA FINANCIERA DE LAS ENTIDADES FEDERATIVAS Y MUNICIPIOS 20.pdf,2020,0
768,34,rptEstadoPresupuestoEgresos_CP_CTO1ER21.pdf,2021,1
769,31,rptEstadoPresupuestoIngresosRB_CP_20191ER21.pdf,2021,1
770,22,rptEstadoAnaliticoDeudaYPasivos1ER21.pdf,2021,1
771,23,rptEstadoAnaliticoDeActivosYPasivos_R1ER21.pdf,2021,1
772,24,rptEstadoActividades1ER21.pdf,2021,1
773,25,rptEstadoCambiosSituacionFinanciera1ER21.pdf,2021,1
774,26,rptEstadoFlujosEfectivo1ER21.pdf,2021,1
775,27,rptEstadoSituacionFinanciera1ER21.pdf,2021,1
776,28,rptEstadoVariacionHacienda1ER21.pdf,2021,1
777,29,rptPasivosContingentes1ER21.pdf,2021,1
778,30,rptEndeudamientoNeto1ER21.pdf,2021,1
779,32,rptEstadoPresupuestoEgresos_CL21ER21.pdf,2021,1
780,33,rptEstadoPresupuestoEgresos_FN31ER21.pdf,2021,1
781,35,rptEstadoPresupuestoEgresos_UA31ER21.pdf,2021,1
782,36,rptInteresesdelaDeuda1ER21.pdf,2021,1
783,37,rptEstadoPresupuestoEgresos_PC1ER21.pdf,2021,1
<blank>,785,MODIFICACION SIMPLIFICADO.pdf,85,<blank>
<blank>,786,INICIAL COMPLETO.pdf,84,<blank>
<blank>,787,CONCLUSION_COMPLETO.pdf,86,<blank>
788,22,rptEstadoAnaliticoDeudaYPasivos2dotrim21.pdf,2021,2
789,23,rptEstadoAnaliticoDeActivosYPasivos_R2dotrim21.pdf,2021,2
790,24,rptEstadoActividades2dotrim21.pdf,2021,2
791,25,rptEstadoCambiosSituacionFinanciera2dotrim21.pdf,2021,2
792,26,rptEstadoFlujosEfectivo2dotrim21.pdf,2021,2
793,27,rptEstadoSituacionFinanciera2dotrim21.pdf,2021,2
794,28,rptEstadoVariacionHacienda2dotrim21.pdf,2021,2
795,29,rptPasivosContingentes2dotrim21.pdf,2021,2
796,30,rptEndeudamientoNeto2dotrim21.pdf,2021,2
797,31,rptEstadoPresupuestoIngresosRB_CP_20192dotrim21.pdf,2021,2
802,36,rptInteresesdelaDeuda2dotrim21.pdf,2021,2
803,37,rptEstadoPresupuestoEgresos_PC2dotrim21.pdf,2021,2
809,32,rptEstadoPresupuestoEgresos_CL22trim21...pdf,2021,2
810,33,rptEstadoPresupuestoEgresos_FN32trim21...pdf,2021,2
811,34,rptEstadoPresupuestoEgresos_CP_CTO2dotrim21...pdf,2021,2
812,35,rptEstadoPresupuestoEgresos_UA32dotrim21...pdf,2021,2
836,22,rptEstadoAnaliticoDeudaYPasivos3ertrim21.pdf,2021,3
837,23,rptEstadoAnaliticoDeActivosYPasivos_R3ertrim21.pdf,2021,3
838,25,rptEstadoCambiosSituacionFinanciera3ertrim21.pdf,2021,3
839,26,rptEstadoFlujosEfectivo3ertrim21.pdf,2021,3
840,27,rptEstadoSituacionFinanciera3ertrim21.pdf,2021,3
841,28,rptEstadoVariacionHacienda3ertrim21.pdf,2021,3
842,29,rptPasivosContingentes3ertrim21.pdf,2021,3
843,30,rptEndeudamientoNeto3ertrim21.pdf,2021,3
845,32,rptEstadoPresupuestoEgresos_CL23ertrim21.pdf,2021,3
846,33,rptEstadoPresupuestoEgresos_FN33ertrim21.pdf,2021,3
847,34,rptEstadoPresupuestoEgresos_CP_CTO3ertrim21.pdf,2021,3
848,35,rptEstadoPresupuestoEgresos_UA33ertrim21.pdf,2021,3
849,36,rptInteresesdelaDeuda3ertrim21.pdf,2021,3
850,37,rptEstadoPresupuestoEgresos_PC3ertrim21.pdf,2021,3
851,24,rptEstadoActividades3ertim21.pdf,2021,3
874,31,rptEstadoPresupuestoIngresosRB_CP_2019M3ERTRIM21MODIF.pdf,2021,3
876,22,rptEstadoAnaliticoDeudaYPasivos4TRIM21.pdf,2021,4
897,38,INDICADORE4TRIM21.pdf,2021,4
898,22,rptEstadoAnaliticoDeudaYPasivos1ERTRIM2022.pdf,2022,1
899,23,rptEstadoAnaliticoDeActivosYPasivos_R1ERTRIM2022.pdf,2022,1
900,24,rptEstadoActividades1ERTRIM2022.pdf,2022,1
901,25,rptEstadoCambiosSituacionFinanciera1ERTRIM2022.pdf,2022,1
902,26,rptEstadoFlujosEfectivo1ERTRIM2022.pdf,2022,1
903,27,rptEstadoSituacionFinanciera1ERTRIM2022.pdf,2022,1
904,28,rptEstadoVariacionHacienda1ERTRIM2022.pdf,2022,1
905,29,rptPasivosContingentes1ERTRIM2022.pdf,2022,1
906,30,rptEndeudamientoNeto1ERTRIM2022.pdf,2022,1
907,31,rptEstadoPresupuestoIngresosRB_CP_20191ERTRIM2022.pdf,2022,1
908,32,rptEstadoPresupuestoEgresos_CL21ERTRIM2022.pdf,2022,1
909,33,rptEstadoPresupuestoEgresos_FN31ERTRIM2022.pdf,2022,1
910,34,rptEstadoPresupuestoEgresos_CP_CTO1ERTRIM2022.pdf,2022,1
911,35,rptEstadoPresupuestoEgresos_UA31ERTRIM2022.pdf,2022,1
912,36,rptInteresesdelaDeuda1ERTRIM2022.pdf,2022,1
913,37,rptEstadoPresupuestoEgresos_PC1ERTRIM2022.pdf,2022,1
914,23,rptEstadoAnaliticoDeActivosYPasivos_RTRIM21.pdf,2021,4
915,24,rptEstadoActividades4TOTRIM21.pdf,2021,4
916,25,rptEstadoCambiosSituacionFinanciera4TRIM21.pdf,2021,4
917,26,rptEstadoFlujosEfectivo4TRIM21.pdf,2021,4
918,27,rptEstadoSituacionFinanciera4TRIM21.pdf,2021,4
919,28,rptEstadoVariacionHacienda4TRIM21.pdf,2021,4
920,29,rptPasivosContingentes4TRIM21.pdf,2021,4
921,30,rptEndeudamientoNeto4TRIM21.pdf,2021,4
922,31,rptEstadoPresupuestoIngresosRB_CP_20194TRIM21.pdf,2021,4
923,32,rptEstadoPresupuestoEgresos_CL24TRIM21.pdf,2021,4
924,33,rptEstadoPresupuestoEgresos_FN34TRIM21.pdf,2021,4
925,34,rptEstadoPresupuestoEgresos_CP_CTO4TRIM21.pdf,2021,4
926,35,rptEstadoPresupuestoEgresos_UA34TRIM21.pdf,2021,4
927,36,rptInteresesdelaDeuda4TRIM21.pdf,2021,4
928,37,rptEstadoPresupuestoEgresos_PC4TRIM21.pdf,2021,4
930,48,A) INTRODUCCION Y CONTENIDO.pdf,2021,0
931,49,a) Estado_de_situación_financiera_31122021.pdf,2021,0
932,50,b) Estado_de_actividades_2019_31122021.pdf,2021,0
933,51,c) Estado_de_variación_en_la_hacienda_pública_31122021.pdf,2021,0
934,52,d) Estado_de_cambios_en_la_situación_financiera_31122021.pdf,2021,0
935,53,e) Estado_de_flujos_de_efectivo_2019_31122021.pdf,2021,0
936,54,f) Estado_analítico_del_activo_31122021.pdf,2021,0
937,55,g) Estado_analitico_de_la_deuda_y_otros_pasivos_31122021.pdf,2021,0
938,56,h) Informe_de_pasivos_contingentes_31122021.pdf,2021,0
939,58,a) Estado_analítico_de_ingresos_2019_31122021.pdf,2021,0
940,59,b) 1 Egresos_por_clasificación_por_objeto_del_gasto_31122021.pdf,2021,0
941,1,AYUDAS Y SUBSIDIOS 4TO 2021.pdf,2021,4
942,60,b) 2 Egresos_por_clasificación_económica_por_tipo_de_gasto_31122021.pdf,2021,0
943,61,b) 3 Egresos_por_clasificación_administrativa_31122021.pdf,2021,0
944,2,ENDEUDAMIENTO NETO 4TO 2021.pdf,2021,4
945,62,b) 4 Egresos_por_clasificación_funcional_31122021.pdf,2021,0
946,3,ESTADO ANALITICO DE INGRESOS 4TO 2021.pdf,2021,4
947,4,ESTADO ANALITICO DE LA DEUDA Y OTROS PASIVOS 4TO 2021.pdf,2021,4
948,63,c) Endeudamiento_neto_31122021.pdf,2021,0
949,5,ESTADO ANALITICO DEL ACTIVO 4TO 2021.pdf,2021,4
950,6,ESTADO ANALITICO DEL EJERCICIO DEL PRESUPUESTO DE EGRESOS CLASIFICACION ECONOMICA 4TO 2021.pdf,2021,4
951,7,ESTADO ANALITICO DEL EJERCICIO DEL PRESUPUESTO DE EGRESOS CLASIFICACION FUNCIONAL 4TO 2021.pdf,2021,4
952,64,d) Intereses_de_la_deuda_31122021.pdf,2021,0
953,8,ESTADO ANALITICO DEL EJERCICIO DEL PRESUPUESTO DE EGRESOS CLASIFICACION POR OBJETO DEL GASTO 4TO 2021.pdf,2021,4
954,9,ESTADO ANALITICO DEL EJERCICIO DEL PRESUPUESTO DE EGRESOS CLASIFICACION ADMINISTRATIVA 4TO 2021.pdf,2021,4
955,65,e) Indicadores_de_postura_fiscal_31122021.pdf,2021,0
956,66,a) Gasto_por_categoría_programática_31122021.pdf,2021,0
957,10,GASTO POR CATEGORIA PROGRAMATICA 4TO 2021.pdf,2021,4
958,67,b) Programas y proyectos de inversion_31122021.pdf,2021,0
959,11,ESTADO DE ACTIVIDADES 4TO 2021.pdf,2021,4
960,12,ESTADO DE CAMBIOS EN LA SITUACION FINANCIERA 4TO 2021.pdf,2021,4
961,13,ESTADO DE FLUJOS DE EFECTIVO 4TO 2021.pdf,2021,4
962,14,ESTADO DE SITUACION FINANCIERA 4TO 2021.pdf,2021,4
963,15,ESTADO DE VARIACION EN LA HACIENDA PUBLICA 4TO 2021.pdf,2021,4
964,16,INDICADORES DE RESULTADOS 4TO 2021.pdf,2021,4
965,17,INTERESES DE LA DEUDA 4TO 2021.pdf,2021,4
966,70,b) Relación de bienes inmuebles que componen el patrimonio_31122021.pdf,2021,0
967,71,c) Relación de cuentas bancarias productivas específicas de los recursos federales 2020_31122021.pdf,2021,0
968,20,PASIVOS CONTINGENTES 4TO 2021.pdf,2021,4
969,72,d) Relación de esquemas bursátiles y de coberturas financieras_31122021.pdf,2021,0
970,21,PROGRAMAS Y PROYECTOS DE INVERSION 4TO 2021.pdf,2021,4
971,73,e) Información adicional que dispongan otras leyes_31122021.pdf,2021,0
972,74,a) Estado de situacion financiera detallado F1_ESF_31122021.pdf,2021,0
973,75,b) Informe Analítico de la Deuda Pública y Otros Pasivos  F2_IADPOP_31122021.pdf,2021,0
974,76,c) Informe Analítico de Obligaciones Diferentes de FinanciamientosF3_IAODF_31122021.pdf,2021,0
975,77,d) Balance PresupuestarioF4_BP_31122021.pdf,2021,0
976,78,e) Estado Analítico de Ingresos Detallado F5_EAID_31122021.pdf,2021,0
977,1,AYUDAS Y SUBSIDIOS 3RO 2021.pdf,2021,3
978,2,ENDEUDAMIENTO NETO 3RO 2021.pdf,2021,3
979,79,f) 1 Estado Analítico del Ejercicio del Presupuesto de Egresos DetalladoF6a_EAEPED_COG_31122021.pdf,2021,0
980,80,f) 2 Estado Analítico del Ejercicio del Presupuesto de Egresos DetalladoF6b_EAEPED_CA_31122021.pdf,2021,0
981,81,f) 3 Estado Analítico del Ejercicio del Presupuesto de Egresos DetalladoF6c_EAEPED_CF_31122021.pdf,2021,0
982,82,f) 4 Estado Analítico del Ejercicio del Presupuesto de Egresos DetalladoF6d_EAEPED_CSP_31122021.pdf,2021,0
983,83,g) GuiaCumplimientoLDF_31122021.pdf,2021,0
984,3,ESTADO ANALITICO DE INGRESOS 3RO 2021.pdf,2021,3
985,4,ESTADO ANALITICO DE LA DEUDA Y OTROS PASIVOS 3RO 2021.pdf,2021,3
986,5,ESTADO ANALITICO DEL ACTIVO 3RO 2021.pdf,2021,3
987,6,ESTADO ANALITICO DEL EJERCICIO DEL PRESUPUESTO DE EGRESOS CLASIFICACION ECONOMICA 3RO 2021.pdf,2021,3
988,7,ESTADO ANALITICO DEL EJERCICIO DEL PRESUPUESTO DE EGRESOS CLASIFICACION FUNCIONAL 3RO 2021.pdf,2021,3
989,8,ESTADO ANALITICO DEL EJERCICIO DEL PRESUPUESTO DE EGRESOS CLASIFICACION POR OBJETO DEL GASTO 3RO 2021.pdf,2021,3
990,9,ESTADO ANALITICO DEL EJERCICIO DEL PRESUPUESTO DE EGRESOS CLASIFICACION ADMINISTRATIVA 3RO 2021.pdf,2021,3
991,10,GASTO POR CATEGORIA PROGRAMATICA 3RO 2021.pdf,2021,3
992,11,ESTADO DE ACTIVIDADES 3RO 2021.pdf,2021,3
993,12,ESTADO DE CAMBIOS EN LA SITUACION FINANCIERA 3RO 2021.pdf,2021,3
994,13,ESTADO DE FLUJO DE EFECTIVO 3RO 2021.pdf,2021,3
995,14,ESTADO DE SITUACION FINANCIERA 3RO 2021.pdf,2021,3
996,15,ESTADO DE VARIACION EN LA HACIENDA PUBLICA 3RO 2021.pdf,2021,3
997,16,INDICADORES DE RESULTADOS 3RO 2021.pdf,2021,3
998,17,INTERESES DE LA DEUDA 3RO 2021.pdf,2021,3
999,20,PASIVOS CONTINGENTES 3RO 2021.pdf,2021,3
1000,21,PROGRAMAS Y PROYECTOS DE INVERSION 3RO 2021.pdf,2021,3
1001,1,AYUDAS Y SUBSIDIOS 2DO 2021.pdf,2021,2
1002,2,ENDEUDAMIENTO NETO 2DO 2021.pdf,2021,2
1003,3,ESTADO ANALITICO DE INGRESOS 2DO 2021.pdf,2021,2
1004,4,ESTADO ANALITICO DE LA DEUDA Y OTROS PASIVOS 2DO 2021.pdf,2021,2
1005,5,ESTADO ANALITICO DEL ACTIVO 2DO 2021.pdf,2021,2
1006,6,ESTADO ANALITICO DEL EJERCICIO DEL PRESUPUESTO DE EGRESOS CLASIFICACION ECONOMICA 2DO 2021.pdf,2021,2
1007,7,ESTADO ANALITICO DEL EJERCICIO DEL PRESUPUESTO DE EGRESOS CLASIFICACION FUNCIONAL 2DO 2021.pdf,2021,2
1008,8,ESTADO ANALITICO DEL EJERCICIO DEL PRESUPUESTO DE EGRESOS CLASIFICACION POR OBJETO DEL GASTO 2DO 2021.pdf,2021,2
1009,9,ESTADO ANALITICO DEL EJERCICIO DEL PRESUPUESTO DE EGRESOS CLASIFICACION ADMINISTRATIVA 2DO 2021.pdf,2021,2
1010,10,GASTO POR CATEGORIA PROGRAMATICA 2DO 2021.pdf,2021,2
1011,11,ESTADO DE ACTIVIDADES 2DO 2021.pdf,2021,2
1012,12,ESTADO DE CAMBIOS EN LA SITUACION FINANCIERA 2DO 2021.pdf,2021,2
1013,13,ESTADO DE FLUJOS DE EFECTIVO 2DO 2021.pdf,2021,2
1014,14,ESTADO DE SITUACION FINANCIERA 2DO 2021.pdf,2021,2
1015,15,ESTADO DE VARIACION EN LA HACIENDA PUBLICA 2DO 2021.pdf,2021,2
1016,16,INDICADORES DE RESULTADOS 2DO 2021.pdf,2021,2
1017,17,INTERESES DE LA DEUDA 2DO 2021.pdf,2021,2
1018,20,PASIVOS CONTINGENTES 2DO 2021.pdf,2021,2
1019,21,PROGRAMAS Y PROYECTOS DE INVERSION 2DO 2021.pdf,2021,2
1020,1,AYUDAS Y SUBSIDIOS 1RO 2021.pdf,2021,1
1021,2,ENDEUDAMIENTO NETO 1RO 2021.pdf,2021,1
1022,3,ESTADO ANALITICO DE INGRESOS 1RO 2021.pdf,2021,1
1023,4,ESTADO ANALITICO DE LA DEUDA Y OTROS PASIVOS 1RO 2021.pdf,2021,1
1024,5,ESTADO ANALITICO DEL ACTIVO 1RO 2021.pdf,2021,1
1025,6,ESTADO ANALITICO DEL EJERCICIO DEL PRESUPUESTO DE EGRESOS CLASIFICACION ECONOMICA 1RO 2021.pdf,2021,1
1026,7,ESTADO ANALITICO DEL EJERCICIO DEL PRESUPUESTO DE EGRESOS CLASIFICACION FUNCIONAL 1RO 2021.pdf,2021,1
1027,8,ESTADO ANALITICO DEL EJERCICIO DEL PRESUPUESTO DE EGRESOS CLASIFICACION POR OBJETO DEL GASTO 1RO 2021.pdf,2021,1
1028,9,ESTADO ANALITICO DEL EJERCICIO DEL PRESUPUESTO DE EGRESOS CLASIFICACION ADMINISTRATIVA 1RO 2021.pdf,2021,1
1029,10,GASTO POR CATEGORIA PROGRAMATICA 1RO 2021.pdf,2021,1
1030,11,ESTADO DE ACTIVIDADES 1RO 2021.pdf,2021,1
1031,12,ESTADO DE CAMBIOS EN LA SITUACION FINANCIERA 1RO 2021.pdf,2021,1
1032,13,ESTADO DE FLUJOS DE EFECTIVO 1RO 2021.pdf,2021,1
1033,14,ESTADO DE SITUACION FINANCIERA 1RO 2021.pdf,2021,1
1034,15,ESTADO DE VARIACION EN LA HACIENDA PUBLICA 1RO 2021.pdf,2021,1
1035,16,INDICADORES DE RESULTADOS 1RO 2021.pdf,2021,1
1036,17,INTERESES DE LA DEUDA 1RO 2021.pdf,2021,1
1037,20,PASIVOS CONTINGENTES 1RO 2021.pdf,2021,1
1038,21,PROGRAMAS Y PROYECTOS DE INVERSION 1RO 2021.pdf,2021,1
1039,1,AYUDAS Y SUBSIDIOS 1RO 2020.pdf,2020,1
1040,2,ENDEUDAMIENTO NETO 1RO 2020.pdf,2020,1
1041,3,ESTADO ANALITICO DE INGRESOS 1RO 2020.pdf,2020,1
1042,4,ESTADO ANALITICO DE LA DEUDA Y OTROS PASIVOS 1RO 2020.pdf,2020,1
1043,5,ESTADO ANALITICO DEL ACTIVO 1RO 2020.pdf,2020,1
1044,6,ESTADO ANALITICO DEL PRESUPUESTO DE EGRESOS ECONOMICA 1RO 2020.pdf,2020,1
1045,7,ESTADO ANALITICO DEL PRESUPUESTO DE EGRESOS EN FORMA FUNCIONAL 1RO 2020.pdf,2020,1
1046,8,ESTADO ANALITICO DEL PRESUPUESTO DE EGRESOS POR OBJETO DEL GASTO 1RO 2020.pdf,2020,1
1047,9,ESTADO ANALITICO DEL PRESUPUESTO DE EGRESOS ADMINISTRATIVA 1RO 2020.pdf,2020,1
1048,10,GASTO POR CATEGORIA PROGRAMATICA 1RO 2020.pdf,2020,1
1049,11,ESTADO DE ACTIVIDADES 1RO 2020.pdf,2020,1
1050,12,ESTADO DE CAMBIOS EN LA SITUACION FINANCIERA 1RO 2020.pdf,2020,1
1051,13,ESTADO DE FLUJOS DE EFECTIVO 1RO 2020.pdf,2020,1
1052,14,ESTADO DE SITUACION FINANCIERA 1RO 2020.pdf,2020,1
1053,15,ESTADO DE VARIACION EN LA HACIENDA PUBLICA 1RO 2020.pdf,2020,1
1054,16,INDICADORES DE RESULTADOS 1RO 2020.pdf,2020,1
1055,17,INTERESES DE LA DEUDA 1RO 2020.pdf,2020,1
1056,20,PASIVOS CONTINGENTES 1RO 2020.pdf,2020,1
1057,21,PROGRAMAS Y PROYECTOS DE INVERSION 1RO 2020.pdf,2020,1
1058,1,AYUDAS Y SUBSIDIOS 2DO 2020.pdf,2020,2
1059,2,ENDEUDAMIENTO NETO 2DO 2020.pdf,2020,2
1060,3,ESTADO ANALITICO DE INGRESOS 2DO 2020.pdf,2020,2
1061,4,ESTADO ANALITICO DE LA DEUDA Y OTROS PASIVOS 2DO 2020.pdf,2020,2
1062,5,ESTADO ANALITICO DEL ACTIVO 2DO 2020.pdf,2020,2
1063,6,ESTADO ANALITICO DEL EJERC DEL PPTO DE EGRESOS CLASIF ECONOMICA 2DO 2020.pdf,2020,2
1064,7,ESTADO ANALITICO DEL EJERC DEL PPTO DE EGRESOS CLASIF FUNCIONAL 2DO 2020.pdf,2020,2
1065,8,ESTADO ANALITICO DEL EJERC DEL PPTO DE EGRESOS CLASIF OBJETO DEL GASTO 2DO 2020.pdf,2020,2
1066,9,ESTADO ANALITICO DEL EJERC DEL PPTO DE EGRESOS CLASIF ADMINISTRATIVA 2DO 2020.pdf,2020,2
1067,10,GASTO POR CATEGORIA PROGRAMATICA 2DO 2020.pdf,2020,2
1068,11,ESTADO DE ACTIVIDADES 2DO 2020.pdf,2020,2
1069,12,ESTADO DE CAMBIOS EN LA SITUACION FINANCIERA 2DO 2020.pdf,2020,2
1070,13,ESTADO DE FLUJOS DE EFECTIVO 2DO 2020.pdf,2020,2
1071,14,ESTADO DE SITUACION FINANCIERA 2DO 2020.pdf,2020,2
1072,15,ESTADO DE VARIACION EN LA HACIENDA PUBLICA 2DO 2020.pdf,2020,2
1073,16,INDICADORES DE RESULTADOS 2DO 2020.pdf,2020,2
1074,17,INTERESES DE LA DEUDA 2DO 2020.pdf,2020,2
1075,20,PASIVOS CONTINGENTES 2DO 2020.pdf,2020,2
1076,21,PROGRAMAS Y PROYECTOS DE INVERSION 2DO 2020.pdf,2020,2
1077,1,AYUDAS Y SUBSIDIOS 3RO 2020.pdf,2020,3
1078,2,ENDEUDAMIENTO NETO 3RO 2020.pdf,2020,3
1079,3,ESTADO ANALITICO DE INGRESOS 3RO 2020.pdf,2020,3
1080,4,ESTADO ANALITICO DE LA DEUDA Y OTROS PASIVOS 3RO 2020.pdf,2020,3
1081,5,ESTADO ANALITICO DEL ACTIVO 3RO 2020.pdf,2020,3
1082,6,ESTADO ANALITICO DEL EJERCICIO DEL PPTO DE EGRESOS CLASIFICACION ECONOMICA 3RO 2020.pdf,2020,3
1083,7,ESTADO ANALITICO DEL EJERCICIO DEL PPTO DE EGRESOS CLASIFICACION FUNCIONAL 3RO 2020.pdf,2020,3
1084,8,ESTADO ANALITICO DEL EJERCICIO DEL PPTO DE EGRESOS CLASIFICACION POR OBJETO DEL GASTO 3RO 2020.pdf,2020,3
1085,9,ESTADO ANALITICO DEL EJERCICIO DEL PPTO DE EGRESOS CLASIFICACION ADMINISTRATIVA 3RO 2020.pdf,2020,3
1086,10,GASTO POR CATEGORIA PROGRAMATICA 3RO 2020.pdf,2020,3
1087,11,ESTADO DE ACTIVIDADES 3RO 2020.pdf,2020,3
1088,12,ESTADO DE CAMBIOS EN LA SITUACION FINANCIERA 3RO 2020.pdf,2020,3
1089,13,ESTADO DE FLUJOS DE EFECTIVO 3RO 2020.pdf,2020,3
1090,14,ESTADO DE SITUACION FINANCIERA 3RO 2020.pdf,2020,3
1091,15,ESTADO DE VARIACION EN LA HACIENDA PUBLICA 3RO 2020.pdf,2020,3
1092,16,INDICADORES DE RESULTADOS 3RO 2020.pdf,2020,3
1093,17,INTERESES DE LA DEUDA 3RO 2020.pdf,2020,3
1094,20,PASIVOS CONTINGENTES 3RO 2020.pdf,2020,3
1095,21,PROGRAMAS Y PROYECTOS DE INVERSION 3RO 2020.pdf,2020,3
1096,1,AYUDAS Y SUBSIDIOS 4TO 2020.pdf,2020,4
1097,2,ENDEUDAMIENTO NETO 4TO 2020.pdf,2020,4
1098,3,ESTADO ANALITICO DE INGRESOS 4TO 2020.pdf,2020,4
1099,4,ESTADO ANALITICO DE LA DEUDA Y OTROS PASIVOS 4TO 2020.pdf,2020,4
1100,5,ESTADO ANALITICO DEL ACTIVO 4TO 2020.pdf,2020,4
1101,6,ESTADO ANALITICO EJERCICIO PPTO EGR CLASIF ECONOMICA 4TO 2020.pdf,2020,4
1102,7,ESTADO ANALITICO EJERCICIO PPTO EGR CLASIF FUNCIONAL 4TO 2020.pdf,2020,4
1103,8,ESTADO ANALITICO EJERCICIO PPTO EGR CLASIF OBJETO DEL GASTO 4TO 2020.pdf,2020,4
1104,9,ESTADO ANALITICO EJERCICIO PPTO EGR CLASIF ADMINISTRATIVA 4TO 2020.pdf,2020,4
1105,10,GASTO POR CATEGORIA PROGRAMATICA 4TO 2020.pdf,2020,4
1106,11,ESTADO DE ACTIVIDADES 4TO 2020.pdf,2020,4
1107,12,ESTADO DE CAMBIOS EN LA SITUACION FINANCIERA 4TO 2020.pdf,2020,4
1108,13,ESTADO DE FLUJOS DE EFETIVO 4TO 2020.pdf,2020,4
1109,14,ESTADO DE SITUACION FINANCIERA 4TO 2020.pdf,2020,4
1110,15,ESTADO DE VARIACION EN LA HACIENDA PUBLICA 4TO 2020.pdf,2020,4
1111,17,INTERESES DE LA DEUDA 4TO 2020.pdf,2020,4
1112,20,PASIVOS CONTINGENTES 4TO 2020.pdf,2020,4
1113,21,PROGRAMAS Y PROYECTOS DE INVERSION 4TO 2020.pdf,2020,4
1114,1,AYUDAS Y SUBSIDIOS 1RO 2019.pdf,2019,1
1115,2,ENDEUDAMIENTO NETO 1RO 2019.pdf,2019,1
1116,3,ESTADO ANALITICO DE INGRESOS 1RO 2019.pdf,2019,1
1117,4,ESTADO ANALITICO DE LA DEUDA Y OTROS PASIVOS 1RO 2019.pdf,2019,1
1118,5,ESTADO ANALITICO DEL ACTIVO 1RO 2019.pdf,2019,1
1119,6,ESTADO ANALITICO DEL EJERCICIO DE PRESUPUESTO DE EGRESOS CON CLASIFICACION ECONOMICA 1RO 2019.pdf,2019,1
1120,7,ESTADO ANALITICO DEL EJERCICIO DE PRESUPUESTO DE EGRESOS CON CLASIFICACION FUNCIONAL 1RO 2019.pdf,2019,1
1121,8,ESTADO ANALITICO DEL EJERCICIO DE PRESUPUESTO DE EGRESOS CON CLASIFICACION POR OBJETO DEL GASTO 1RO 2019.pdf,2019,1
1122,9,ESTADO ANALITICO DEL EJERCICIO DE PRESUPUESTO DE EGRESOS CON CLASIFICACION ADMINISTRATIVA 1RO 2019.pdf,2019,1
1123,10,GASTO POR CATEGORIA PROGRAMATICA 1RO 2019.pdf,2019,1
1124,11,ESTADO DE ACTIVIDADES 1RO 2019.pdf,2019,1
1125,12,ESTADO DE CAMBIOS EN LA SITUACION FINANCIERA 1RO 2019.pdf,2019,1
1126,13,ESTADO DE FLUJOS DE EFECTIVO 1RO 2019.pdf,2019,1
1127,14,ESTADO DE SITUACION FINANCIERA 1RO 2019.pdf,2019,1
1128,15,ESTADO DE VARIACION EN LA HACIENDA PUBLICA 1RO 2019.pdf,2019,1
1129,17,INTERESES DE LA DEUDA 1RO 2019.pdf,2019,1
1130,20,PASIVOS CONTINGENTES 1RO 2019.pdf,2019,1
1131,21,PROGRAMAS Y PROYECTOS DE INVERSION 1RO 2019.pdf,2019,1
1132,1,AYUDAS Y SUBSIDIOS 2DO 2019.pdf,2019,2
1133,2,ENDEUDAMIENTO NETO 2DO 2019.pdf,2019,2
1134,3,ESTADO ANALITICO DE INGRESOS 2DO 2019.pdf,2019,2
1135,4,ESTADO ANALITICO DE LA DEUDA Y OTROS PASIVOS 2DO 2019.pdf,2019,2
1136,5,ESTADO ANALITICO DEL ACTIVO 2DO 2019.pdf,2019,2
1137,6,ESTADO ANALITICO DEL EJERCICIO DEL PPTO DE EGRESOS CLASIFICACION ECONOMICA 2DO 2019.pdf,2019,2
1138,7,ESTADO ANALITICO DEL EJERCICIO DEL PPTO DE EGRESOS CLASIFICACION FUNCIONAL 2DO 2019.pdf,2019,2
1139,8,ESTADO ANALITICO DEL EJERCICIO DEL PPTO DE EGRESOS CLASIFICACION POR OBJETO DEL GASTO 2DO 2019.pdf,2019,2
1140,9,ESTADO ANALITICO DEL EJERCICIO DEL PPTO DE EGRESOS CLASIFICACION ADMINISTRATIVA 2DO 2019.pdf,2019,2
1141,10,GASTO POR CATEGORIA PROGRAMATICA 2DO 2019.pdf,2019,2
1142,11,ESTADO DE ACTIVIDADES 2DO 2019.pdf,2019,2
1143,12,ESTADO DE CAMBIOS EN LA SITUACION FINANCIERA 2DO 2019.pdf,2019,2
1144,13,ESTADO DE FLUJOS DE EFECTIVO 2DO 2019.pdf,2019,2
1145,14,ESTADO DE SITUACION FINANCIERA 2DO 2019.pdf,2019,2
1146,15,ESTADO DE VARIACION EN LA HACIENDA PUBLICA 2DO 2019.pdf,2019,2
1147,17,INTERESES DE LA DEUDA 2DO 2019.pdf,2019,2
1148,20,PASIVOS CONTINGENTES 2DO 2019.pdf,2019,2
1149,21,PROGRAMAS Y PROYECTOS DE INVERSION 2DO 2019.pdf,2019,2
1150,1,AYUDAS Y SUBSIDIOS 3RO 2019.pdf,2019,3
1151,2,ENDEUDAMIENTO NETO 3RO 2019.pdf,2019,3
1152,3,ESTADO ANALITICO DE INGRESOS 3RO 2019.pdf,2019,3
1153,4,ESTADO ANALITICO DE LA DEUDA Y OTROS PASIVOS 3RO 2019.pdf,2019,3
1154,5,ESTADO ANALITICO DEL ACTIVO 3RO 2019.pdf,2019,3
1155,6,ESTADO ANALITICO DEL EJERCICIO DE PRESUPUESTO DE EGRESOS CLASIFICACION ECONOMICA 3RO 2019.pdf,2019,3
1156,7,ESTADO ANALITICO DEL EJERCICIO DE PRESUPUESTO DE EGRESOS CLASIFICACION FUNCIONAL 3RO 2019.pdf,2019,3
1157,8,ESTADO ANALITICO DEL EJERCICIO DE PRESUPUESTO DE EGRESOS POR OBJETO DEL GASTO 3RO 2019.pdf,2019,3
1158,9,ESTADO ANALITICO DEL EJERCICIO DE PRESUPUESTO DE EGRESOS CLASIFICACION ADMINISTRATIVA 3RO 2019.pdf,2019,3
1159,10,GASTO POR CATEGORIA PROGRAMATICA 3RO 2019.pdf,2019,3
1160,11,ESTADO DE ACTIVIDADES 3RO 2019.pdf,2019,3
1161,12,ESTADO DE CAMBIOS EN LA SITUACION FINANCIERA 3RO 2019.pdf,2019,3
1162,13,ESTADO DE FLUJOS DE EFECTIVO 3RO 2019.pdf,2019,3
1163,14,ESTADO DE SITUACION FINANCIERA 3RO 2019.pdf,2019,3
1164,15,ESTADO DE VARIACIONES EN LA HACIENDA PUBLICA 3RO 2019.pdf,2019,3
1165,17,INTERESES DE LA DEUDA 3RO 2019.pdf,2019,3
1166,20,PASIVOS CONTINGENTES 3RO 2019.pdf,2019,3
1167,21,PROGRAMAS Y PROYECTOS DE INVERSION 3RO 2019.pdf,2019,3
1168,1,AYUDAS Y SUBSIDIOS 4TO 2019.pdf,2019,4
1169,2,ENDEUDAMIENTO NETO 4TO 2019.pdf,2019,4
1170,3,ESTADO ANALITICO DE INGRESOS 4TO 2019.pdf,2019,4
1171,4,ESTADO ANALITICO DE LA DEUDA Y OTROS PASIVOS 4TO 2019.pdf,2019,4
1172,5,ESTADO ANALITICO DEL ACTIVO 4TO 2019.pdf,2019,4
1173,6,ESTADO ANALITICO DEL EJERCICIO DEL PRESUPUESTO DE EGRESOS CLASIFICACION ECONOMICA 4TO 2019.pdf,2019,4
1174,7,ESTADO ANALITICO DEL EJERCICIO DEL PRESUPUESTO DE EGRESOS CLASIFICACION FUNCIONAL 4TO 2019.pdf,2019,4
1175,8,ESTADO ANALITICO DEL EJERCICIO DEL PRESUPUESTO DE EGRESOS CLASIFICACION OBJETO DEL GASTO 4TO 2019.pdf,2019,4
1176,9,ESTADO ANALITICO DEL EJERCICIO DEL PRESUPUESTO DE EGRESOS CLASIFICACION ADMINISTRATIVA 4TO 2019.pdf,2019,4
1177,10,GASTO POR CATEGORIA PROGRAMATICA 4TO 2019.pdf,2019,4
1178,11,ESTADO DE ACTIVIDADES 4TO 2019.pdf,2019,4
1179,12,ESTADO DE CAMBIOS EN LA SITUACION FINANCIERA 4TO 2019.pdf,2019,4
1180,13,ESTADO DE FLUJOS DE EFECTIVO 4TO 2019.pdf,2019,4
1181,14,ESTADO DE SITUACION FINANCIERA 4TO 2019.pdf,2019,4
1182,15,ESTADO DE VARIACION EN LA HACIENDA PUBLICA 4TO 2019.pdf,2019,4
1183,17,INTERESES DE LA DEUDA 4TO 2019.pdf,2019,4
1184,20,PASIVOS CONTINGENTES 4TO 2019.pdf,2019,4
1185,21,PROGRAMAS Y PROYECTOS DE INVERSION 4TO 2019.pdf,2019,4
1186,38,Avance Indicadores1ERTRIM2022.pdf,2022,1
1187,19,NOTAS A LOS ESTADOS FINANCIEROS 2DO 2019.pdf,2019,2
1188,19,NOTAS A LOS ESTADOS FINANCIEROS 4TO 2019.pdf,2019,4
1189,19,NOTAS A LOS ESTADOS FINANCIEROS 2DO 2020.pdf,2020,2
1190,19,NOTAS A LOS ESTADOS FINANCIEROS 4TO 2020.pdf,2020,4
1191,19,NOTAS A LOS ESTADOS FINANCIEROS 2DO 2021.pdf,2021,2
1192,19,NOTAS A LOS ESTADOS FINANCIEROS 4TO 2021.pdf,2021,4
1193,18,INVENTARIO DE BIENES MUEBLES 4TO 2021.pdf,2021,4
1194,1,AYUDAS Y SUBSIDIOS 1RO 2022.pdf,2022,1
1195,2,ENDEUDAMIENTO NETO 1RO 2022.pdf,2022,1
1196,3,ESTADO ANALITICO DE INGRESOS 1RO 2022.pdf,2022,1
1197,4,ESTADO ANALITICO DE LA DEUDA Y OTROS PASIVOS 1RO 2022.pdf,2022,1
1198,5,ESTADO ANALITICO DEL ACTIVO 1RO 2022.pdf,2022,1
1199,6,ESTADO ANALITICO DEL EJERCICIO DEL PPTO DE EGRESOS CLASIFICACION ECONOMICA 1RO 2022.pdf,2022,1
1200,7,ESTADO ANALITICO DEL EJERCICIO DEL PPTO DE EGRESOS CLASIFICACION FUNCIONAL 1RO 2022.pdf,2022,1
1201,8,ESTADO ANALITICO DEL EJERCICIO DEL PPTO DE EGRESOS CLASIFICACION POR OBJETO DEL GASTO 1RO 2022.pdf,2022,1
1202,9,ESTADO ANALITICO DEL EJERCICIO DEL PPTO DE EGRESOS CLASIFICACION ADMINISTRATIVA 1RO 2022.pdf,2022,1
1203,10,GASTO POR CATEGORIA PROGRAMATICA 1RO 2022.pdf,2022,1
1204,12,ESTADO DE CAMBIOS EN LA SITUACION FINANCIERA 1RO 2022.pdf,2022,1
1205,14,ESTADO DE SITUACION FINANCIERA 1RO 2022.pdf,2022,1
1206,17,INTERESES DE LA DEUDA 1RO 2022.pdf,2022,1
1207,20,PASIVOS CONTINGENTES 1RO 2022.pdf,2022,1
1208,21,PROGRAMAS Y PROYECTOS DE INVERSION 1RO 2022.pdf,2022,1
1209,11,ESTADO DE ACTIVIDADES 1RO 2022.pdf,2022,1
1210,13,ESTADO DE FLUJOS DE EFECTIVO 1RO 2022.pdf,2022,1
1211,15,ESTADO DE VARIACION EN LA HACIENDA PUBLICA 1RO 2022.pdf,2022,1
1212,16,INDICADORES DE RESULTADOS 1RO 2022.pdf,2022,1
1213,19,NOTAS A LOS ESTADOS FINANCIEROS 1RO 2022.pdf,2022,1
1214,22,rptEstadoAnaliticoDeudaYPasivos2DOTRIM22.pdf,2022,2
1215,23,rptEstadoAnaliticoDeActivosYPasivos_R2DOTRIM22.pdf,2022,2
1216,24,rptEstadoActividades2DOTRIM22.pdf,2022,2
1217,25,rptEstadoCambiosSituacionFinanciera2DOTRIM22.pdf,2022,2
1218,26,rptEstadoFlujosEfectivo2DOTRIM22.pdf,2022,2
1219,27,rptEstadoSituacionFinanciera2DOTRIM22.pdf,2022,2
1220,28,rptEstadoVariacionHacienda2DOTRIM22.pdf,2022,2
1221,29,rptPasivosContingentes2DOTRIM22.pdf,2022,2
1222,30,rptEndeudamientoNeto2DOTRIM22.pdf,2022,2
1223,31,rptEstadoPresupuestoIngresosRB_CP_20192DOTRIM22.pdf,2022,2
1224,32,rptEstadoPresupuestoEgresos_CL22DOTRIM22.pdf,2022,2
1225,33,rptEstadoPresupuestoEgresos_FN32DOTRIM22.pdf,2022,2
1226,34,rptEstadoPresupuestoEgresos_CP_CTO2DOTRIM22.pdf,2022,2
1227,35,rptEstadoPresupuestoEgresos_UA32DOTRIM22.pdf,2022,2
1228,36,rptInteresesdelaDeuda2DOTRIM22.pdf,2022,2
1229,37,rptEstadoPresupuestoEgresos_PC2DOTRIM22.pdf,2022,2
1230,38,INDICADORES DE RESULTADOS2TRIM22.pdf,2022,2
1231,1,AYUDAS Y SUBSIDIOS 2DO TRIM 2022.pdf,2022,2
1232,2,ENDEUDAMIENTO NETO 2DO TRIM 2022.pdf,2022,2
1233,3,ESTADO ANALITICO DEL INGRESOS 2DO TRIM 2022.pdf,2022,2
1234,4,ESTADO ANALITICO DE LA DEUDA Y OTROS PASIVOS 2DO TRIM 2022.pdf,2022,2
1235,5,ESTADO ANALITICO DEL ACTIVO 2DO TRIM 2022.pdf,2022,2
1236,6,ESTADO ANALITICO DEL EJERCICIO DEL PRESUPUESTO CLASIFICACION ECONOMICA 2DO TRIM 2022.pdf,2022,2
1237,7,ESTADO ANALITICO DEL EJERCICIO DEL PRESUPUESTO CLASIFICACION FUNCIONAL 2DO TRIM 2022.pdf,2022,2
1238,8,ESTADO ANALITICO DEL EJERCICIO DEL PRESUPUESTO OBJETO DEL GASTO 2DO TRIM 2022.pdf,2022,2
1239,9,ESTADO ANALITICO DEL EJERCICIO DEL PRESUPUESTO CLASIFICACION ADMINISTRATIVA 2DO TRIM 2022.pdf,2022,2
1240,10,GASTO POR CATEGORIA PROGRAMATICA 2DO TRIM 2022.pdf,2022,2
1241,11,ESTADO DE ACTIVIDADES 2DO TRIM 2022.pdf,2022,2
1242,12,ESTADO DE CAMBIOS EN LA SITUACION FINANCIERA 2DO TRIM 2022.pdf,2022,2
1243,13,ESTADO DE FLUJOS DE EFECTIVO 2DO TRIM 2022.pdf,2022,2
1244,14,ESTADO DE SITUACION FINANCIERA 2DO TRIM 2022.pdf,2022,2
1245,15,ESTADO DE VARIACION EN LA HACIENDA PUBLICA 2DO TRIM 2022.pdf,2022,2
1246,16,INDICADORES DE RESULTADOS 2DO TRIM 2022.pdf,2022,2
1247,17,INTERESES DE LA DEUDA 2DO TRIM 2022.pdf,2022,2
1248,19,NOTAS A ESTADOS FINANCIEROS 2DO TRIM 2022.pdf,2022,2
1249,20,PASIVOS CONTINGENTES 2DO TRIM 2022.pdf,2022,2
1250,21,PROGRAMAS Y PROYECTOS DE INVERSION 2DO TRIM 2022.pdf,2022,2
1251,18,INVENTARIO DE BIENES MUEBLES 2DO TRIM 2022.pdf,2022,2
1252,1,AYUDAS Y SUBSIDIOS 3ER TRIM 2022.pdf,2022,3
1253,2,ENDEUDAMIENTO NETO 3ER TRIM 2022.pdf,2022,3
1254,3,ESTADO ANALITICO DE INGRESOS 3ER TRIM 2022.pdf,2022,3
1255,4,ESTADO ANALITICO DE LA DEUDA Y OTROS PASIVOS 3ER TRIM 2022.pdf,2022,3
1256,5,ESTADO ANALITICO DEL ACTIVO 3ER TRIM 2022.pdf,2022,3
1257,6,ESTADO ANALITICO DEL EJERCICIO DEL PRESUPUESTO DE EGRESOS CLASIFICACION ECONOMICA 3ER TRIM 2022.pdf,2022,3
1258,7,ESTADO ANALITICO DEL EJERCICIO DEL PRESUPUESTO DE EGRESOS CLASIFICACION FUNCIONAL 3ER TRIM 2022.pdf,2022,3
1259,8,ESTADO ANALITICO DEL EJERCICIO DEL PRESUPUESTO DE EGRESOS CLASIFICACION POR OBJETO DEL GASTO 3ER TRIM 2022.pdf,2022,3
1260,9,ESTADO ANALITICO DEL EJERCICIO DEL PRESUPUESTO DE EGRESOS CLASIFICACION ADMINISTRATIVA 3ER TRIM 2022.pdf,2022,3
1261,10,GASTO POR CATEGORIA PROGRAMATICA.pdf,2022,3
1262,11,ESTADO DE ACTIVIDADES 3ER TRIM 2022.pdf,2022,3
1263,13,ESTADO DE FLUJOS DE EFECTIVO 3ER TRIM 2022.pdf,2022,3
1264,14,ESTADO DE SITUACION FINANCIERA 3ER TRIM 2022.pdf,2022,3
1265,15,ESTADO DE VARIACION EN LA HACIENDA PUBLICA 3ER TRIM 2022.pdf,2022,3
1266,16,MIR 3ER TRIM 2022.pdf,2022,3
1267,17,INTERESES DE LA DEUDA 3ER TRIM 2022.pdf,2022,3
1268,20,INFORME DE PASIVOS CONTINGENTES 3ER TRIM 2022.pdf,2022,3
1269,21,PROGRAMAS Y PROYECTOS DE INVERSION 3ER TRIM 2022.pdf,2022,3
1270,22,rptEstadoAnaliticoDeudaYPasivos3ERTRIM22.pdf,2022,3
1271,23,rptEstadoAnaliticoDeActivosYPasivos_R3ERTRIM22.pdf,2022,3
1272,24,rptEstadoActividades3ERTRIM2022.pdf,2022,3
1273,25,rptEstadoCambiosSituacionFinanciera3ERTRIM2022.pdf,2022,3
1274,26,rptEstadoFlujosEfectivo3ERTRIM2022.pdf,2022,3
1275,27,rptEstadoSituacionFinanciera3ERTRIM2022.pdf,2022,3
1276,28,rptEstadoVariacionHacienda3ERTRIM2022.pdf,2022,3
1277,29,rptPasivosContingentes3ERTRIM2022.pdf,2022,3
1278,30,rptEndeudamientoNeto3ERTRIM2022.pdf,2022,3
1279,31,rptEstadoPresupuestoIngresosRB_CP_20193ERTRM2022.pdf,2022,3
1280,32,rptEstadoPresupuestoEgresos_CL23ERTRIM2022.pdf,2022,3
1281,33,rptEstadoPresupuestoEgresos_FN3ERTRIM2022.pdf,2022,3
1282,34,rptEstadoPresupuestoEgresos_CP_CTO3ERTRIM2022.pdf,2022,3
1283,35,rptEstadoPresupuestoEgresos_UA3ERTRIM2022.pdf,2022,3
1284,36,rptInteresesdelaDeuda3ERTRIM2022.pdf,2022,3
1287,38,MIR 3ER TRIM 2022.pdf,2022,3
1288,37,rptEstadoPresupuestoEgresos_PC33ERTRIM2022.pdf,2022,3
1289,12,ESTADO DE CAMBIOS EN LA SITUACION FINANCIERA 3ER TRIM 2022.pdf,2022,3
1290,19,NOTAS A LOS ESTADOS FINANCIEROS 3ER TRIM 2022.pdf,2022,3
1291,22,rptEstadoAnaliticoDeudaYPasivos4TOTRIM22.pdf,2022,4
1292,23,rptEstadoAnaliticoDeActivosYPasivos_R4TOTRIM22.pdf,2022,4
1293,24,rptEstadoActividades4TOTRIM22.pdf,2022,4
1294,25,rptEstadoCambiosSituacionFinanciera4TOTRIM22.pdf,2022,4
1295,26,rptEstadoFlujosEfectivo4TOTRIM22.pdf,2022,4
1296,27,rptEstadoSituacionFinanciera4TOTRIM22.pdf,2022,4
1297,28,rptEstadoVariacionHacienda4TOTRIM22.pdf,2022,4
1298,29,rptPasivosContingentes4TOTRIM22.pdf,2022,4
1299,30,rptEndeudamientoNeto4TOTRIM22.pdf,2022,4
1300,31,rptEstadoPresupuestoIngresosRB_CP_20194TOTRIM22.pdf,2022,4
1301,32,rptEstadoPresupuestoEgresos_CL24TOTRIM22.pdf,2022,4
1302,33,rptEstadoPresupuestoEgresos_FN34TOTRIM22.pdf,2022,4
1303,34,rptEstadoPresupuestoEgresos_CP_CTO4TOTRIM22.pdf,2022,4
1304,35,rptEstadoPresupuestoEgresos_UA34TOTRIM22.pdf,2022,4
1305,36,rptInteresesdelaDeuda4TOTRIM22.pdf,2022,4
1306,37,rptEstadoPresupuestoEgresos_PC4TOTRIM22.pdf,2022,4
1307,1,AYUDAS Y SUBSIDIOS 4TO TRIM 2022.pdf,2022,4
1308,2,ENDEUDAMIENTO NETO 4TO TRIM 2022.pdf,2022,4
1309,3,ESTADO ANALITICO DE INGRESOS 4TO TRIM 2022.pdf,2022,4
1310,4,ESTADO ANALITICO DE LA DEUDA Y OTROS PASIVOS 4TO TRIM 2022.pdf,2022,4
1311,5,ESTADO ANALITICO DEL ACTIVO 4TO TRIM 2022.pdf,2022,4
1312,6,ESTADO ANALITICO DEL PRESUPUESTO DE EGRESOS POR CLASIFICACION ECONOMICA 4TO TRIM 2022.pdf,2022,4
1313,7,ESTADO ANALITICO DEL PRESUPUESTO DE EGRESOS CLASIFICACION FUNCIONAL 4TO TRIM 2022.pdf,2022,4
1314,8,ESTADO ANALITICO DEL PRESUPUESTO DE EGRESOS CLASIFICACION DEL OBJETO DEL GASTO 4TO TRIM 2022.pdf,2022,4
1315,9,ESTADO ANALITICO DEL PRESUPUESTO DE EGRESOS CLASIFICACION ADMINISTRATIVA 4TO TRIM 2022.pdf,2022,4
1316,10,ESTADO CON CLASIFICACION DEL GASTO CATEGORIA PROGRAMATICA 4TO TRIM 2022.pdf,2022,4
1317,11,ESTADO DE ACTIVIDADES 4TO TRIM 2022.pdf,2022,4
1318,12,ESTADO DE CAMBIOS EN LA SITUACION FINANCIERA 4TO TRIM 2022.pdf,2022,4
1319,15,ESTADO DE VARIACION EN LA HACIENDA PUBLICA 4TO TRIM.pdf,2022,4
1320,17,INTERESES DE LA DEUDA 4TO TRIM 2022.pdf,2022,4
1321,20,PASIVOS CONTINGENTES 4TO TRIM 2022.pdf,2022,4
1322,21,PROGRAMAS Y PROYECTOS DE INVERSION 4TO TRIM 2022.pdf,2022,4
1323,16,MIR 4to trimestre 2022.pdf,2022,4
1324,19,NOTAS DE LOS ESTADOS FINANCIEROS 4TO TRIM 2022.pdf,2022,4
1325,18,LIBRO DE INVENTARIO DE BIENES MUEBLES AL 31 DIC 2022 4TO TRIM.pdf,2022,4
1326,48,A) INTRODUCCION.pdf,2022,0
1327,49,a) Estado_de_situación_financiera_31122022.pdf,2022,0
1328,50,b) Estado_de_actividades_31122022.pdf,2022,0
1329,51,c) Estado_de_variación_en_la_hacienda_pública_31122022.pdf,2022,0
1330,52,d) Estado_de_cambios_en_la_situación_financiera_31122022.pdf,2022,0
1331,53,e) Estado_de_flujos_de_efectivo_31122022.pdf,2022,0
1332,54,f) Estado_analítico_del_activo_31122022.pdf,2022,0
1333,55,g) Estado_analitico_de_la_deuda_y_otros_pasivos_31122022.pdf,2022,0
1334,56,h) Informe_sobre_pasivos_contingentes_31122022.pdf,2022,0
1335,57,i) Notas a los estados financieros.pdf,2022,0
1336,58,a) Estado_analítico_de_ingresos_2019_31122022.pdf,2022,0
1337,59,b) 1 Egresos_por_clasificación_por_objeto_del_gasto_31122022.pdf,2022,0
1338,60,b) 2 Egresos_por_clasificación_económica_por_tipo_de_gasto_31122022.pdf,2022,0
1339,61,b) 3 Egresos_por_clasificación_administrativa_31122022.pdf,2022,0
1340,62,b) 4Egresos_por_clasificación_funcional_31122022.pdf,2022,0
1341,63,c) Endeudamiento_neto_31122022.pdf,2022,0
1342,64,d) Intereses_de_la_deuda_31122022.pdf,2022,0
1343,65,e) Indicadores_de_postura_fiscal_31122022.pdf,2022,0
1344,66,a) Gasto_por_categoría_programática_31122022.pdf,2022,0
1345,67,b) Programas y proyectos de inversion_31122022.pdf,2022,0
1346,68,c) Indicadores de resultados.pdf,2022,0
1347,69,a) Relacion de bienes muebles que componen su patrimonio_31122022.pdf,2022,0
1348,70,b) Relación de bienes inmuebles que componen el patrimonio_31122022.pdf,2022,0
1349,71,c) Relación de cuentas bancarias productivas específicas de los recursos federales 2022_31122022.pdf,2022,0
1350,72,d) Relación de esquemas bursátiles y de coberturas financieras_31122022.pdf,2022,0
1351,73,e) Información adicional que dispongan otras leyes_31122022.pdf,2022,0
1352,74,a) F1_ESF_31122022 Estado Situacion Financiera LDF.pdf,2022,0
1354,75,b) F2_IADPOP_31122022 Informe Analitico de Deuda y Otros Pasivos LFD.pdf,2022,0
1355,76,c) F3_IAODF_31122022 Informe de Obligaciones Diferente de Financiamiento LDF.pdf,2022,0
1356,77,d) F4_BP_31122022 Balance Presupuestario LDF.pdf,2022,0
1357,78,e) F5_EAID_31122022 Analitico de Ingresos Detallados LDF.pdf,2022,0
1358,79,f) F6a_EAEPED_COG_31122022 Clasificacion por Objeto del Gasto LDF.pdf,2022,0
1359,80,f) F6b_EAEPED_CA_31122022 Clasificacion Administrativa LDF.pdf,2022,0
1360,81,f) F6c_EAEPED_CF_31122022 Clasificacion Funcional LDF.pdf,2022,0
1361,82,f) F6d_EAEPED_CSP_31122022 Clasificacion de Servicios Personales por Catergoria.pdf,2022,0
1362,83,g) GuiaCumplimientoLDF_31122022.pdf,2022,0
1363,55,8. ESTADO ANALITICO DE LA DEUDA Y OTROS PASIVOS 20.pdf,2020,0
1364,22,rptEstadoAnaliticoDeudaYPasivos1ERTRIM23.pdf,2023,1
1365,23,rptEstadoAnaliticoDeActivosYPasivos_R1ERTRIM23.pdf,2023,1
1366,24,rptEstadoActividades1ERTRIM23.pdf,2023,1
1367,25,rptEstadoCambiosSituacionFinanciera1ERTRIM23.pdf,2023,1
1368,26,rptEstadoFlujosEfectivo1ERTRIM23.pdf,2023,1
1369,27,rptEstadoSituacionFinanciera1ERTRIM23.pdf,2023,1
1370,28,rptEstadoVariacionHacienda1ERTRIM23.pdf,2023,1
1371,29,rptPasivosContingentes1ERTRIM23.pdf,2023,1
1372,30,rptEndeudamientoNeto1ERTRIM23.pdf,2023,1
1373,31,rptEstadoPresupuestoIngresosRB_CP_20191ERTRIM23.pdf,2023,1
1374,32,rptEstadoPresupuestoEgresos_CL21ERTRIM23.pdf,2023,1
1375,33,rptEstadoPresupuestoEgresos_FN31ERTRIM23.pdf,2023,1
1376,34,rptEstadoPresupuestoEgresos_CP_CTO1ERTRIM23.pdf,2023,1
1377,35,rptEstadoPresupuestoEgresos_UA31ERTRIM23.pdf,2023,1
1378,36,rptInteresesdelaDeuda1ERTRIM23.pdf,2023,1
1379,37,rptEstadoPresupuestoEgresos_PC1ERTRIM23.pdf,2023,1
1380,38,INDIRADORES1ERTRIM23.pdf,2023,1
1381,1,AYUDAS Y SUBSIDIOS 1ER TRIM 2023.pdf,2023,1
1382,2,ENDEUDAMIENTO NETO 1ER TRIM 2023.pdf,2023,1
1384,4,ESTADO ANALITICO DE LA DEUDA Y OTROS PASIVOS 1ER TRIM 2023.pdf,2023,1
1385,5,ESTADO ANALITICO DEL ACTIVO 1ER TRIM 2023.pdf,2023,1
1386,6,ESTADO ANALITICO DEL EJERCICIO DEL PRESUPUESTO DE EGRESOS CLASIFICACION ECONOMICA POR TIPO DE GASTO 1ER TRIM 2023.pdf,2023,1
1387,7,ESTADO ANALITICO DEL EJERCICIO DEL PRESUPUESTO DE EGRESOS CLASIFICACION FUNCIONAL FINALIDAD Y FUNCIONAL 1ER TRIM 2023.pdf,2023,1
1388,8,ESTADO ANALITICO DEL EJERCICIO DEL PRESUPUESTO DE EGRESOS CLASIFICACION POR OBJETO DEL GASTO POR CAPITULO Y CONCEPTO 1ER TRIM 2023.pdf,2023,1
1389,9,ESTADO ANALITICO DEL EJERCICIO DEL PRESUPUESTO DE EGRESOS CLASIFICACION ADMINISTRATIVA 1ER TRIM 2023.pdf,2023,1
1390,10,GASTO POR CATEGORIA PROGRAMATICA 1ER TRIM 2023.pdf,2023,1
1391,11,ESTADO DE ACTIVIDADES 1ER TRIM 2023.pdf,2023,1
1392,13,ESTADO DE FLUJOS DE EFECTIVO 1ER TRIM 2023.pdf,2023,1
1393,14,ESTADO DE SITUACION FINANCIERA 1ER TRIM 2023.pdf,2023,1
1394,16,MATRIZ DE INDICADORES PARA RESULTADOS 1ER TRIM 2023.pdf,2023,1
1395,17,INTERESES DE LA DEUDA 1ER TRIM 2023.pdf,2023,1
1396,19,NOTAS A LOS ESTADOS FINANCIEROS.pdf,2023,1
1397,20,INFORME SOBRE PASIVOS CONTINGENTES 1ER TRIM 2023.pdf,2023,1
1398,21,PROGRAMAS Y PROYECTOS DE INVERSION 1ER TRIM 2023.pdf,2023,1
1406,12,ESTADO DE CAMBIOS EN LA SITUACION FINANCIERA 1ER TRIM 2023.pdf,2023,1
1407,15,ESTADO DE VARIACION EN LA HACIENDA PUBLICA 1ER TRIM 2023.pdf,2023,1
1408,3,ESTADO ANALITICO DE INGRESOS 1ER TRIM 2023.pdf,2023,1
1410,22,rptEstadoAnaliticoDeudaYPasivos2DOTRIM23.pdf,2023,2
1411,23,rptEstadoAnaliticoDeActivosYPasivos_R2DOTRIM23.pdf,2023,2
1412,24,rptEstadoActividades2DOTRIM23.pdf,2023,2
1413,25,rptEstadoCambiosSituacionFinanciera2DOTRIM23.pdf,2023,2
1414,26,rptEstadoFlujosEfectivo2DOTRIM23.pdf,2023,2
1415,27,rptEstadoSituacionFinanciera2DOTRIM23.pdf,2023,2
1416,28,rptEstadoVariacionHacienda2DOTRIM23.pdf,2023,2
1417,29,rptPasivosContingentes2DOTRIM23.pdf,2023,2
1418,30,rptEndeudamientoNeto2DOTRIM23.pdf,2023,2
1420,32,rptEstadoPresupuestoEgresos_CL22DOTRIM23.pdf,2023,2
1421,33,rptEstadoPresupuestoEgresos_FN32DOTRIM23.pdf,2023,2
1422,34,rptEstadoPresupuestoEgresos_CP_CTO2DOTRIM23.pdf,2023,2
1423,35,rptEstadoPresupuestoEgresos_UA32DOTRIM23.pdf,2023,2
1424,36,rptInteresesdelaDeuda2DOTRIM23.pdf,2023,2
1425,37,rptEstadoPresupuestoEgresos_PC2DOTRIM23.pdf,2023,2
1426,31,rptEstadoPresupuestoIngresosRB_CP_20192DOTRIM203.pdf,2023,2
1427,1,AYUDAS Y SUBSIDIOS 2DO TRIM 2023.pdf,2023,2
1428,2,ENDEUDAMIENTO NETO 2DO TRIM 2023.pdf,2023,2
1429,3,ESTADO ANALITICO DE INGRESOS 2DO TRIM 2023.pdf,2023,2
1430,4,ESTADO ANALITICO DE LA DEUDA Y OTROS PASIVOS 2DO TRIM 2023.pdf,2023,2
1431,5,ESTADO ANALITICO DEL ACTIVO 2DO TRIM 2023.pdf,2023,2
1432,6,ESTADO ANALITICO DEL EJERCICIO DEL PRESUPUESTO DE EGRESOS CLASIFICACION ECONOMICA POR TIPO DE GASTO 2DO TRIM 2023.pdf,2023,2
1433,7,ESTADO ANALITICO DEL EJERCICIO DEL PRESUPUESTO DE EGRESOS CLASIFICACION FUNCIONAL FINALIDAD Y FUNCIONAL 2DO TRIM 2023.pdf,2023,2
1434,8,ESTADO ANALITICO DEL EJERCICIO DEL PRESUPUESTO DE EGRESOS CLASIFICACION POR OBJETO DEL GASTO POR CAPITULO Y CONCEPTO 2DO TRIM 2023.pdf,2023,2
1435,9,ESTADO ANALITICO DEL EJERCICIO DEL PRESUPUESTO DE EGRESOS CLASIFICACION ADMINISTRATIVA 2DO TRIM 2023.pdf,2023,2
1436,10,GASTO POR CATEGORIA PROGRAMATICA 2DO TRIM 2023.pdf,2023,2
1437,11,ESTADO DE ACTIVIDADES 2DO TRIM 2023.pdf,2023,2
1438,12,ESTADO DE CAMBIOS EN LA SITUACION FINANCIERA 2DO TRIM 2023.pdf,2023,2
1439,13,ESTADO DE FLUJO DE EFECTIVO 2DO TRIM 2023.pdf,2023,2
1440,14,ESTADO DE SITUACION FINANCIERA 2DO TRIM 2023.pdf,2023,2
1441,15,ESTADO DE VARIACION EN LA HACIENDA PUBLICA 2DO TRIM 2023.pdf,2023,2
1443,17,INTERESES DE LA DEUDA 2DO TRIM 2023.pdf,2023,2
1445,20,INFORME SOBRE PASIVOS CONTINGENTES 2DO TRIM 2023.pdf,2023,2
1446,21,PROGRAMAS Y PROYECTOS DE INVERSION 2DO TRIM 2023.pdf,2023,2
1447,19,NOTAS A LOS ESTADOS FINANCIEROS 2DO TRIM 2023.pdf,2023,2
1448,16,INDICADORES DE RESULTADOS 2DO TRIM 2023.pdf,2023,2
1449,38,INDICADORES DE RESULTADOS 2DO TRIM 2023..pdf,2023,2
1450,18,LIBRO DE INVENTARIO DE BIENES 30 JUN 2023 2DO TRIM 2023.pdf,2023,2

