id,id_tipo,phone,token,adress,avatar,correo,usuario,terminos,password,activacion,date_register,token_password,password_request
2,0,d7fea2ec841448dc77edd4f0e34df08e,<blank>,default.png,difusion@fiscaliageneral.nayarit.gob.mx,2018-07-10 11:57:30,<blank>,difusion,$2y$10$DARceVsFLw3m7fhjd/0tQ.ym/S4wTk/niSGT60enxpzMgiuqNjEDO,1,325,<blank>,1
1,0,b4f29abae16651a7126223a4840790f8,<blank>,default.png,webmaster@fiscaliageneral.nayarit.gob.mx,2018-08-16 13:24:44,<blank>,admin,$2y$10$VFXIYp73JLZN66j8BQNmF.ZDHorcCtgHg21mCzUX8NlLKNeAGprUS,1,326,<blank>,1
3,0,d708b16d59709acd15bd1459d720617f,<blank>,default.png,dgim@fiscaliageneral.nayarit.gob.mx,2018-10-11 11:52:41,<blank>,DGIM,$2y$10$DMvrbGlWgVFtlxBqHaRwx.pkY/hoUueKmEMMEWHX.tOC9z..pHL0C,1,327,<blank>,1
4,0,ae2bf21fe8204b9337305b210b375b0a,<blank>,default.png,financieros@fiscaliageneral.nayarit.gob.mx,2018-11-01 09:22:31,<blank>,rfinancieros,$2y$10$XsCWgska/Wtiit1TLhWw5ueQMnbRV/z1pQqdNi.Y8xVdouuyTy/46,1,328,<blank>,1
5,0,f278d23ec28dad6f0f7e4bd7a4a6c14a,<blank>,default.png,contacto@fiscaliageneral.nayarit.gob.mx,2018-11-09 11:02:42,<blank>,contacto,$2y$10$C/OdDVLQn3/t7FNFMXFJJezlR46a14mpZjB0UBzIqsDRz3rJlU7w.,1,329,<blank>,1
6,0,67352a1270c5e4dff48ba7b3915b9a4e,<blank>,default.png,amber@fiscaliageneral.nayarit.gob.mx,2019-02-21 13:13:04,<blank>,brissia,$2y$10$g2yxj3gSGORMNwM14tICwOmENgbwS.5sRMDbjAW0PWJZ7G7dj/ik6,1,330,<blank>,1
7,0,212aaec941f1cdde2b9c6dfdaa7174ef,<blank>,default.png,informatica@fiscaliageneral.nayarit.gob.mx,2019-10-15 13:45:36,<blank>,informatica,$2y$10$an8rsxCqB8uXPs53kkQc5OINOMClrFroWJBh5bYzOxNzDz9L5cwyC,1,331,<blank>,1
8,0,237b9a1dbb4ac92a31713325d27c1442,<blank>,default.png,recursoshumanos@fiscaliageneral.nayarit.gob.mx,2020-07-13 11:44:44,<blank>,Recursos Humanos,$2y$10$jy6CBd2/GBR0hZICsxAy1uY4C6lJG4FVZ8ZcxwEmIGnB9e2IZRdwq,1,332,<blank>,1
9,0,ec41842e07ceea9d23b43730294b6d63,<blank>,default.png,uidesaparecidos@fiscaliageneral.nayarit.gob.mx,2021-06-08 13:36:07,<blank>,desaparecidos,$2y$10$8CgQ4Mwb83NNMaIDVlNzxePNfKpZW7A7fraQ3DtU9mCt4n5R8yuJ2,1,333,<blank>,1
10,0,ad0fe50a3016a3cd757c9cd2c592903b,<blank>,default.png,recursosmateriales@fiscaliageneral.nayarit.gob.mx,2023-08-22 13:50:30,<blank>,recursosmateriales,$2y$10$GubOz3Pxl87GtyYrvYssRe19QNW9CyODDN.cFFNQdlhr891z8Zmyu,1,335,<blank>,1

